Company Name,Year,Category,Subcategory,Metric,Value,Unit,Scope,Country,Data Source
Academic Literature Review,2021,Governance,Academic Research Output,"Total ESG/CSR-related publications (Tsang et al. study, 1978-2021)",132,publications,Not Applicable,Global,article_433682_c9fe37ac13c150ac2635d421812a26c0.pdf
Academic Literature Review,2022,Governance,Academic Research Output,Total sustainability publications (current study),19,publications,Not Applicable,Global,article_433682_c9fe37ac13c150ac2635d421812a26c0.pdf
Academic Literature Review,2023,Governance,Academic Research Output,Total sustainability publications (current study),38,publications,Not Applicable,Global,article_433682_c9fe37ac13c150ac2635d421812a26c0.pdf
Academic Literature Review,2023,Governance,Academic Research Output,"Total sustainability publications (current study, 2022-2023)",57,publications,Not Applicable,Global,article_433682_c9fe37ac13c150ac2635d421812a26c0.pdf
Academic Literature Review,2022,Governance,British Accounting Review (BAR) Publications,Number of sustainability publications in BAR,6,publications,Not Applicable,Global,article_433682_c9fe37ac13c150ac2635d421812a26c0.pdf
Academic Literature Review,2023,Governance,British Accounting Review (BAR) Publications,Number of sustainability publications in BAR,11,publications,Not Applicable,Global,article_433682_c9fe37ac13c150ac2635d421812a26c0.pdf
Academic Literature Review,2023,Governance,British Accounting Review (BAR) Publications,Total sustainability publications in BAR (2022-2023),17,publications,Not Applicable,Global,article_433682_c9fe37ac13c150ac2635d421812a26c0.pdf
Academic Literature Review,2023,Governance,British Accounting Review (BAR) Publications,Share of total sustainability publications in BAR (2022-2023),30,%,Not Applicable,Global,article_433682_c9fe37ac13c150ac2635d421812a26c0.pdf
Academic Literature Review,2022,Governance,Review of Accounting Studies (RAS) Publications,Number of sustainability publications in RAS,6,publications,Not Applicable,Global,article_433682_c9fe37ac13c150ac2635d421812a26c0.pdf
Academic Literature Review,2023,Governance,Review of Accounting Studies (RAS) Publications,Number of sustainability publications in RAS,8,publications,Not Applicable,Global,article_433682_c9fe37ac13c150ac2635d421812a26c0.pdf
Academic Literature Review,2023,Governance,Review of Accounting Studies (RAS) Publications,Total sustainability publications in RAS (2022-2023),14,publications,Not Applicable,Global,article_433682_c9fe37ac13c150ac2635d421812a26c0.pdf
Academic Literature Review,2023,Governance,Review of Accounting Studies (RAS) Publications,Share of total sustainability publications in RAS (2022-2023),25,%,Not Applicable,Global,article_433682_c9fe37ac13c150ac2635d421812a26c0.pdf
Academic Literature Review,2023,Governance,Academic Research Output,Percentage of sustainability studies published by British Accounting Review (BAR) and Review of Accounting Studies (RAS) combined (2022-2023),55,%,Not Applicable,Global,article_433682_c9fe37ac13c150ac2635d421812a26c0.pdf
Academic Literature Review,2022,Governance,Journal of Accounting Research (JAR) Publications,Number of sustainability publications in JAR,1,publications,Not Applicable,Global,article_433682_c9fe37ac13c150ac2635d421812a26c0.pdf
Academic Literature Review,2023,Governance,Journal of Accounting Research (JAR) Publications,Number of sustainability publications in JAR,6,publications,Not Applicable,Global,article_433682_c9fe37ac13c150ac2635d421812a26c0.pdf
Academic Literature Review,2023,Governance,Journal of Accounting Research (JAR) Publications,Total sustainability publications in JAR (2022-2023),7,publications,Not Applicable,Global,article_433682_c9fe37ac13c150ac2635d421812a26c0.pdf
Academic Literature Review,2023,Governance,Journal of Accounting Research (JAR) Publications,Share of total sustainability publications in JAR (2022-2023),12,%,Not Applicable,Global,article_433682_c9fe37ac13c150ac2635d421812a26c0.pdf
Academic Literature Review,2022,Governance,"Accounting, Organizations and Society (AOS) Publications",Number of sustainability publications in AOS,1,publications,Not Applicable,Global,article_433682_c9fe37ac13c150ac2635d421812a26c0.pdf
Academic Literature Review,2023,Governance,"Accounting, Organizations and Society (AOS) Publications",Number of sustainability publications in AOS,6,publications,Not Applicable,Global,article_433682_c9fe37ac13c150ac2635d421812a26c0.pdf
Academic Literature Review,2023,Governance,"Accounting, Organizations and Society (AOS) Publications",Total sustainability publications in AOS (2022-2023),7,publications,Not Applicable,Global,article_433682_c9fe37ac13c150ac2635d421812a26c0.pdf
Academic Literature Review,2023,Governance,"Accounting, Organizations and Society (AOS) Publications",Share of total sustainability publications in AOS (2022-2023),12,%,Not Applicable,Global,article_433682_c9fe37ac13c150ac2635d421812a26c0.pdf
Academic Literature Review,2022,Governance,The Accounting Review (TAR) Publications,Number of sustainability publications in TAR,3,publications,Not Applicable,Global,article_433682_c9fe37ac13c150ac2635d421812a26c0.pdf
Academic Literature Review,2023,Governance,The Accounting Review (TAR) Publications,Number of sustainability publications in TAR,2,publications,Not Applicable,Global,article_433682_c9fe37ac13c150ac2635d421812a26c0.pdf
Academic Literature Review,2023,Governance,The Accounting Review (TAR) Publications,Total sustainability publications in TAR (2022-2023),5,publications,Not Applicable,Global,article_433682_c9fe37ac13c150ac2635d421812a26c0.pdf
Academic Literature Review,2023,Governance,The Accounting Review (TAR) Publications,Share of total sustainability publications in TAR (2022-2023),9,%,Not Applicable,Global,article_433682_c9fe37ac13c150ac2635d421812a26c0.pdf
Academic Literature Review,2022,Governance,Journal of Accounting and Economics (JAE) Publications,Number of sustainability publications in JAE,2,publications,Not Applicable,Global,article_433682_c9fe37ac13c150ac2635d421812a26c0.pdf
Academic Literature Review,2023,Governance,Journal of Accounting and Economics (JAE) Publications,Number of sustainability publications in JAE,2,publications,Not Applicable,Global,article_433682_c9fe37ac13c150ac2635d421812a26c0.pdf
Academic Literature Review,2023,Governance,Journal of Accounting and Economics (JAE) Publications,Total sustainability publications in JAE (2022-2023),4,publications,Not Applicable,Global,article_433682_c9fe37ac13c150ac2635d421812a26c0.pdf
Academic Literature Review,2023,Governance,Journal of Accounting and Economics (JAE) Publications,Share of total sustainability publications in JAE (2022-2023),7,%,Not Applicable,Global,article_433682_c9fe37ac13c150ac2635d421812a26c0.pdf
Academic Literature Review,2022,Governance,Contemporary Accounting Research (CAR) Publications,Number of sustainability publications in CAR,0,publications,Not Applicable,Global,article_433682_c9fe37ac13c150ac2635d421812a26c0.pdf
Academic Literature Review,2023,Governance,Contemporary Accounting Research (CAR) Publications,Number of sustainability publications in CAR,3,publications,Not Applicable,Global,article_433682_c9fe37ac13c150ac2635d421812a26c0.pdf
Academic Literature Review,2023,Governance,Contemporary Accounting Research (CAR) Publications,Total sustainability publications in CAR (2022-2023),3,publications,Not Applicable,Global,article_433682_c9fe37ac13c150ac2635d421812a26c0.pdf
Academic Literature Review,2023,Governance,Contemporary Accounting Research (CAR) Publications,Share of total sustainability publications in CAR (2022-2023),5,%,Not Applicable,Global,article_433682_c9fe37ac13c150ac2635d421812a26c0.pdf
Kafrelsheikh University,2018,Governance,Policy Adoption Rates,Development of strategic sustainability pillars,2018,year,,Egypt,141020231933919.pdf
Kafrelsheikh University,2021,Environmental,Infrastructure,Main campus area,887286.83,m2,,Egypt,141020231933919.pdf
Kafrelsheikh University,2021,Environmental,Infrastructure,Other campus area,37923.13,m2,,Egypt,141020231933919.pdf
Kafrelsheikh University,2021,Social,Total Employees and Workforce,Undergraduate students,71000,students,,Egypt,141020231933919.pdf
Kafrelsheikh University,2021,Social,Total Employees and Workforce,Graduate and professional students,11000,students,,Egypt,141020231933919.pdf
Kafrelsheikh University,2021,Environmental,Green Space,Area covered with forest vegetation/green space on campus,594887,m2,,Egypt,141020231933919.pdf
Kafrelsheikh University,2021,Environmental,Green Space,Ratio of open space towards total area on campus,64.3,%,,Egypt,141020231933919.pdf
Kafrelsheikh University,2021,Environmental,Biodiversity,Number of trees on campus,5000,trees,,Egypt,141020231933919.pdf
Kafrelsheikh University,2021,Environmental,Infrastructure,Percentage of buildings under construction and maintenance,40,%,,Egypt,141020231933919.pdf
Kafrelsheikh University,2021,Social,Health and Safety Metrics,Emergency hospital bed capacity,400,beds,,Egypt,141020231933919.pdf
Kafrelsheikh University,2020,Environmental,Environmental Ranking,Ranking in green universities classification (Egyptian universities),1,place,,Egypt,141020231933919.pdf
Kafrelsheikh University,2021,Environmental,Environmental Ranking,Ranking in Eco-friendly University Competition (Egypt),2,place,,Egypt,141020231933919.pdf
Kafrelsheikh University,2021,Environmental,Carbon Footprint and Intensity,Decrease in total CO2 emissions compared to 2019-2020,71,%,Total,Egypt,141020231933919.pdf
Kafrelsheikh University,2021,Environmental,Energy Consumption,Renewable energy produced on campus,2,kWh,,Egypt,141020231933919.pdf
Kafrelsheikh University,2021,Financial,Cost Savings from Sustainability Initiatives,Estimated annual energy cost savings from lighting retrofit projects,40,%,,Egypt,141020231933919.pdf
Kafrelsheikh University,2021,Environmental,Energy Consumption,Portion of high-efficiency lighting appliances on campus,80,%,,Egypt,141020231933919.pdf
Kafrelsheikh University,2021,Environmental,Waste Generation and Recycling,Rice straw produced at university farm annually,120,tons,,Egypt,141020231933919.pdf
Kafrelsheikh University,2021,Environmental,Transportation,University-managed cars,100,vehicles,,Egypt,141020231933919.pdf
Kafrelsheikh University,2021,Environmental,Transportation,Cars entering university campus,400,vehicles,,Egypt,141020231933919.pdf
Kafrelsheikh University,2021,Environmental,Transportation,Motorcycles entering university campus,100,vehicles,,Egypt,141020231933919.pdf
Kafrelsheikh University,2021,Environmental,Transportation,Total vehicles entering university campus,600,vehicles,,Egypt,141020231933919.pdf
Kafrelsheikh University,2021,Social,Education,Number of sustainability-related courses offered,10027,courses,,Egypt,141020231933919.pdf
Kafrelsheikh University,2021,Social,Education,Max percentage of sustainability-related courses in a program,90,%,,Egypt,141020231933919.pdf
Kafrelsheikh University,2021,Social,Research,Average annual scholarly publications on sustainability,950,publications,,Egypt,141020231933919.pdf
Kafrelsheikh University,2021,Financial,Sustainability Investments,New sustainability-related projects implemented annually on campus,10,projects,,Egypt,141020231933919.pdf
Kafrelsheikh University,2021,Governance,Stakeholder Engagement,Total memorandums of understanding with other universities (cumulative),80,agreements,,Egypt,141020231933919.pdf
Kafrelsheikh University,2021,Governance,Stakeholder Engagement,New memorandums of understanding with other universities,12,agreements,,Egypt,141020231933919.pdf
Kafrelsheikh University,2021,Social,Cultural Activities,Ranking in theater and expressive arts (Egyptian universities),1,place,,Egypt,141020231933919.pdf
Kafrelsheikh University,2021,Social,Cultural Activities,Ranking in choir competition (university level),5,place,,Egypt,141020231933919.pdf
Kafrelsheikh University,2021,Social,Community Investment and Donations,Beneficiaries of medical convoys,11862,persons,,Egypt,141020231933919.pdf
Kafrelsheikh University,2021,Social,Community Investment and Donations,Beneficiaries of adult education and literacy programs,5075,persons,,Egypt,141020231933919.pdf
Attijariwafa bank Egypt,2019,Social,Employee Count,Total number of employees,1421,employees,,Egypt,1623924321_328_60837036_awbegyptsustainabilityreport.pdf
Attijariwafa bank Egypt,2020,Social,Employee Count,Total number of employees,1304,employees,,Egypt,1623924321_328_60837036_awbegyptsustainabilityreport.pdf
Attijariwafa bank Egypt,2020,Social,Employee Diversity,Women in the workforce,35,%,,Egypt,1623924321_328_60837036_awbegyptsustainabilityreport.pdf
Attijariwafa bank Egypt,2020,Financial,Customer Deposits,Growth in customer deposits,45,%,,Egypt,1623924321_328_60837036_awbegyptsustainabilityreport.pdf
Attijariwafa bank Egypt,2020,Financial,Customer Deposits,Total customer deposits,31000000000,EGP,,Egypt,1623924321_328_60837036_awbegyptsustainabilityreport.pdf
Attijariwafa bank Egypt,2020,Financial,Treasury Bonds,Growth in treasury bonds,66,%,,Egypt,1623924321_328_60837036_awbegyptsustainabilityreport.pdf
Attijariwafa bank Egypt,2020,Financial,Treasury Bonds,Total treasury bonds,5400000000,EGP,,Egypt,1623924321_328_60837036_awbegyptsustainabilityreport.pdf
Attijariwafa bank Egypt,2020,Financial,Treasury Bills,Growth in treasury bills,32,%,,Egypt,1623924321_328_60837036_awbegyptsustainabilityreport.pdf
Attijariwafa bank Egypt,2020,Financial,Treasury Bills,Total treasury bills,4900000000,EGP,,Egypt,1623924321_328_60837036_awbegyptsustainabilityreport.pdf
Attijariwafa bank Egypt,2020,Financial,Net Loans and Advances,Growth in net loans and advances to customers,25,%,,Egypt,1623924321_328_60837036_awbegyptsustainabilityreport.pdf
Attijariwafa bank Egypt,2020,Financial,Net Loans and Advances,Total net loans and advances to customers,23600000000,EGP,,Egypt,1623924321_328_60837036_awbegyptsustainabilityreport.pdf
Attijariwafa bank Egypt,2017,Governance,Corporate Strategy,Corporate strategy start year,2017,year,,Egypt,1623924321_328_60837036_awbegyptsustainabilityreport.pdf
Attijariwafa bank Egypt,2022,Governance,Corporate Strategy,Corporate strategy end year,2022,year,,Egypt,1623924321_328_60837036_awbegyptsustainabilityreport.pdf
Attijariwafa bank Egypt,2019,Social,Branch Network,New branches opened,6,branches,,Egypt,1623924321_328_60837036_awbegyptsustainabilityreport.pdf
Attijariwafa bank Egypt,2020,Social,ATM Network,Total ATMs,79,ATMs,,Egypt,1623924321_328_60837036_awbegyptsustainabilityreport.pdf
Attijariwafa bank Egypt,2021,Social,ATM Network,Target for total ATMs,98,ATMs,,Egypt,1623924321_328_60837036_awbegyptsustainabilityreport.pdf
Attijariwafa bank Egypt,2019,Social,Accessibility,Branches with ramps and accessible for PWDs,3,branches,,Egypt,1623924321_328_60837036_awbegyptsustainabilityreport.pdf
Attijariwafa bank Egypt,2019,Social,Accessibility,Branches with toilets for PWDs customers,2,branches,,Egypt,1623924321_328_60837036_awbegyptsustainabilityreport.pdf
Attijariwafa bank Egypt,2020,Social,SME Support,Interest rate cut by Central Bank of Egypt,400,basis points,,Egypt,1623924321_328_60837036_awbegyptsustainabilityreport.pdf
Attijariwafa bank Egypt,2020,Social,SME Support,Credit dues deferral period,6,months,,Egypt,1623924321_328_60837036_awbegyptsustainabilityreport.pdf
Attijariwafa bank Egypt,2020,Social,SME Support,Adjusted interest rates for initiatives,5,%,,Egypt,1623924321_328_60837036_awbegyptsustainabilityreport.pdf
Attijariwafa bank Egypt,2020,Social,SME Support,Adjusted interest rates for initiatives,8,%,,Egypt,1623924321_328_60837036_awbegyptsustainabilityreport.pdf
Attijariwafa bank Egypt,2020,Social,SME Support,Maximum outstanding debt balance for non-performing companies initiative,10000000,EGP,,Egypt,1623924321_328_60837036_awbegyptsustainabilityreport.pdf
Attijariwafa bank Egypt,2020,Social,SME Support,"Allocation for industrial, agricultural, and construction private sector initiative",100000000000,EGP,,Egypt,1623924321_328_60837036_awbegyptsustainabilityreport.pdf
Attijariwafa bank Egypt,2020,Social,SME Support,"Interest rate for industrial, agricultural, and construction private sector initiative",8,%,,Egypt,1623924321_328_60837036_awbegyptsustainabilityreport.pdf
Attijariwafa bank Egypt,2020,Social,SME Support,"Minimum annual turnover for industrial, agricultural, and construction private sector initiative",50000000,EGP,,Egypt,1623924321_328_60837036_awbegyptsustainabilityreport.pdf
Attijariwafa bank Egypt,2020,Social,SME Support,Threshold for removing data on non-performing individuals,1000,EGP,,Egypt,1623924321_328_60837036_awbegyptsustainabilityreport.pdf
Attijariwafa bank Egypt,2020,Social,SME Support,Customers served by Fast-Track Lending Program,45,customers,,Egypt,1623924321_328_60837036_awbegyptsustainabilityreport.pdf
Attijariwafa bank Egypt,2019,Social,Business Development Services (BDS),Number of services offered,130,services,,Egypt,1623924321_328_60837036_awbegyptsustainabilityreport.pdf
Attijariwafa bank Egypt,2020,Social,Business Development Services (BDS),Number of services offered,3600,services,,Egypt,1623924321_328_60837036_awbegyptsustainabilityreport.pdf
Attijariwafa bank Egypt,2019,Social,Business Development Services (BDS),Customers serviced through BDS hubs,192,customers,,Egypt,1623924321_328_60837036_awbegyptsustainabilityreport.pdf
Attijariwafa bank Egypt,2020,Social,Business Development Services (BDS),Customers serviced through BDS hubs,460,customers,,Egypt,1623924321_328_60837036_awbegyptsustainabilityreport.pdf
Attijariwafa bank Egypt,2020,Social,Business Development Services (BDS),Female customers serviced through BDS hubs,29,%,,Egypt,1623924321_328_60837036_awbegyptsustainabilityreport.pdf
Attijariwafa bank Egypt,2020,Social,Business Development Services (BDS),Male customers serviced through BDS hubs,71,%,,Egypt,1623924321_328_60837036_awbegyptsustainabilityreport.pdf
Attijariwafa bank Egypt,2020,Social,Business Development Services (BDS),NTB business accounts opened through BDS hubs,76,accounts,,Egypt,1623924321_328_60837036_awbegyptsustainabilityreport.pdf
Attijariwafa bank Egypt,2020,Financial,Business Development Services (BDS),Total balance of NTB business accounts opened through BDS hubs,7000000,EGP,,Egypt,1623924321_328_60837036_awbegyptsustainabilityreport.pdf
Attijariwafa bank Egypt,2020,Financial,Business Development Services (BDS),Asset cases booked through BDS,10000000,EGP,,Egypt,1623924321_328_60837036_awbegyptsustainabilityreport.pdf
Attijariwafa bank Egypt,2020,Social,Business Development Services (BDS),New SME customers from asset cases booked through BDS,7,customers,,Egypt,1623924321_328_60837036_awbegyptsustainabilityreport.pdf
Attijariwafa bank Egypt,2020,Social,Business Development Services (BDS),New trade customers attracted through BDS,33,customers,,Egypt,1623924321_328_60837036_awbegyptsustainabilityreport.pdf
Attijariwafa bank Egypt,2020,Financial,Business Development Services (BDS),Income generated from new trade customers through BDS,2000000,EGP,,Egypt,1623924321_328_60837036_awbegyptsustainabilityreport.pdf
Attijariwafa bank Egypt,2020,Social,Business Development Services (BDS),Projects financed through BDS,43,projects,,Egypt,1623924321_328_60837036_awbegyptsustainabilityreport.pdf
Attijariwafa bank Egypt,2020,Financial,Business Development Services (BDS),Total finance facilitated for projects through BDS,44000000,EGP,,Egypt,1623924321_328_60837036_awbegyptsustainabilityreport.pdf
Attijariwafa bank Egypt,2020,Social,SME Support,Growth rate of total SMEs and Mid-Corp clients,19,%,,Egypt,1623924321_328_60837036_awbegyptsustainabilityreport.pdf
Attijariwafa bank Egypt,2020,Financial,SME Loans,Growth rate of total SME loans,31,%,,Egypt,1623924321_328_60837036_awbegyptsustainabilityreport.pdf
Attijariwafa bank Egypt,2020,Financial,Small Enterprise Loans,Growth rate of total loans to small enterprises,26,%,,Egypt,1623924321_328_60837036_awbegyptsustainabilityreport.pdf
Attijariwafa bank Egypt,2020,Financial,Medium Enterprise Loans,Growth rate of total loans to medium enterprises,30,%,,Egypt,1623924321_328_60837036_awbegyptsustainabilityreport.pdf
Attijariwafa bank Egypt,2020,Financial,Mid-Corp Client Loans,Growth rate of lending to mid-corp clients,39,%,,Egypt,1623924321_328_60837036_awbegyptsustainabilityreport.pdf
Attijariwafa bank Egypt,2019,Social,Financial Literacy,Youth trained in Injaz Personal Economics program,2000,students,,Egypt,1623924321_328_60837036_awbegyptsustainabilityreport.pdf
Attijariwafa bank Egypt,2020,Social,Financial Literacy,Women trained in She Leads program,50,girls,,Egypt,1623924321_328_60837036_awbegyptsustainabilityreport.pdf
Attijariwafa bank Egypt,2020,Social,Financial Literacy,Views for webinar with Egyptian African Businessmen,3400,views,,Egypt,1623924321_328_60837036_awbegyptsustainabilityreport.pdf
Attijariwafa bank Egypt,2019,Social,Retail Loans Diversity,Percentage of total retail loans value for customers under 30 years old,4,%,,Egypt,1623924321_328_60837036_awbegyptsustainabilityreport.pdf
Attijariwafa bank Egypt,2020,Social,Retail Loans Diversity,Percentage of total retail loans value for customers under 30 years old,5,%,,Egypt,1623924321_328_60837036_awbegyptsustainabilityreport.pdf
Attijariwafa bank Egypt,2019,Social,Retail Loans Diversity,Percentage of total retail loans value for customers aged 30-50 years old,46,%,,Egypt,1623924321_328_60837036_awbegyptsustainabilityreport.pdf
Attijariwafa bank Egypt,2020,Social,Retail Loans Diversity,Percentage of total retail loans value for customers aged 30-50 years old,49,%,,Egypt,1623924321_328_60837036_awbegyptsustainabilityreport.pdf
Attijariwafa bank Egypt,2019,Social,Retail Loans Diversity,Percentage of total retail loans value for customers above 50 years old,50,%,,Egypt,1623924321_328_60837036_awbegyptsustainabilityreport.pdf
Attijariwafa bank Egypt,2020,Social,Retail Loans Diversity,Percentage of total retail loans value for customers above 50 years old,47,%,,Egypt,1623924321_328_60837036_awbegyptsustainabilityreport.pdf
Attijariwafa bank Egypt,2019,Social,Retail Loans Diversity,Percentage of total retail loans value for female customers,12,%,,Egypt,1623924321_328_60837036_awbegyptsustainabilityreport.pdf
Attijariwafa bank Egypt,2020,Social,Retail Loans Diversity,Percentage of total retail loans value for female customers,13,%,,Egypt,1623924321_328_60837036_awbegyptsustainabilityreport.pdf
Attijariwafa bank Egypt,2019,Social,Retail Loans Diversity,Percentage of total retail loans value for male customers,88,%,,Egypt,1623924321_328_60837036_awbegyptsustainabilityreport.pdf
Attijariwafa bank Egypt,2020,Social,Retail Loans Diversity,Percentage of total retail loans value for male customers,87,%,,Egypt,1623924321_328_60837036_awbegyptsustainabilityreport.pdf
Attijariwafa bank Egypt,2019,Social,Loans by Phone,Total requested phone loans (individuals),3278,loans,,Egypt,1623924321_328_60837036_awbegyptsustainabilityreport.pdf
Attijariwafa bank Egypt,2020,Social,Loans by Phone,Total requested phone loans (individuals),6388,loans,,Egypt,1623924321_328_60837036_awbegyptsustainabilityreport.pdf
Attijariwafa bank Egypt,2019,Social,Loans by Phone,Percentage of approved phone loans (individuals),40,%,,Egypt,1623924321_328_60837036_awbegyptsustainabilityreport.pdf
Attijariwafa bank Egypt,2020,Social,Loans by Phone,Percentage of approved phone loans (individuals),33,%,,Egypt,1623924321_328_60837036_awbegyptsustainabilityreport.pdf
Attijariwafa bank Egypt,2020,Social,Digital Services,Growth rate in total number of customers using digital services,224,%,,Egypt,1623924321_328_60837036_awbegyptsustainabilityreport.pdf
Attijariwafa bank Egypt,2020,Social,Digital Services,Total customers using digital services,34595,customers,,Egypt,1623924321_328_60837036_awbegyptsustainabilityreport.pdf
Attijariwafa bank Egypt,2020,Social,Digital Services,Total volume of digital transactions,36695,transactions,,Egypt,1623924321_328_60837036_awbegyptsustainabilityreport.pdf
Attijariwafa bank Egypt,2020,Financial,Digital Services,Total value of digital transactions,621676916.24,EGP,,Egypt,1623924321_328_60837036_awbegyptsustainabilityreport.pdf
Attijariwafa bank Egypt,2020,Financial,Cost Savings,Percentage of credit card payments and inter-account transfers migrated to Internet/Mobile banking (compared to 2019),3,%,,Egypt,1623924321_328_60837036_awbegyptsustainabilityreport.pdf
Attijariwafa bank Egypt,2020,Financial,Cost Savings,Percentage of inter-account transfers done through internet/mobile banking,20,%,,Egypt,1623924321_328_60837036_awbegyptsustainabilityreport.pdf
Attijariwafa bank Egypt,2020,Financial,Cost Savings,Percentage of credit card payments done through internet/mobile banking,76,%,,Egypt,1623924321_328_60837036_awbegyptsustainabilityreport.pdf
Attijariwafa bank Egypt,2020,Financial,Cost Savings,Average transaction teller cost per call,14,EGP,,Egypt,1623924321_328_60837036_awbegyptsustainabilityreport.pdf
Attijariwafa bank Egypt,2020,Financial,Cost Savings,Total cost saved from digital transactions,513730,EGP,,Egypt,1623924321_328_60837036_awbegyptsustainabilityreport.pdf
Attijariwafa bank Egypt,2019,Social,Digital Services Users,Growth rate in female clients using internet/mobile banking,243,%,,Egypt,1623924321_328_60837036_awbegyptsustainabilityreport.pdf
Attijariwafa bank Egypt,2019,Social,Digital Services Users,Female clients using internet/mobile banking,1850,women,,Egypt,1623924321_328_60837036_awbegyptsustainabilityreport.pdf
Attijariwafa bank Egypt,2019,Social,Digital Services Users,Growth rate in youth clients using internet/mobile banking,857,%,,Egypt,1623924321_328_60837036_awbegyptsustainabilityreport.pdf
Attijariwafa bank Egypt,2019,Social,Digital Services Users,Youth clients using internet/mobile banking,409,youth,,Egypt,1623924321_328_60837036_awbegyptsustainabilityreport.pdf
Attijariwafa bank Egypt,2020,Social,Digital Services Users,SMEs accounts registered for corporate internet banking,392,accounts,,Egypt,1623924321_328_60837036_awbegyptsustainabilityreport.pdf
Attijariwafa bank Egypt,2020,Social,Digital Achievements,Increase in volume of digital transactions compared to 2019,40,%,,Egypt,1623924321_328_60837036_awbegyptsustainabilityreport.pdf
Attijariwafa bank Egypt,2020,Social,Digital Achievements,Online sessions opened,163120,sessions,,Egypt,1623924321_328_60837036_awbegyptsustainabilityreport.pdf
Attijariwafa bank Egypt,2020,Social,Digital Achievements,Increase in number of digital transactions compared to 2019,44,%,,Egypt,1623924321_328_60837036_awbegyptsustainabilityreport.pdf
Attijariwafa bank Egypt,2020,Financial,Cost Savings,Estimated cost reduction from CRM upgrade,1000000,USD,,Egypt,1623924321_328_60837036_awbegyptsustainabilityreport.pdf
Attijariwafa bank Egypt,2020,Financial,Corporate Loans,Total volume of corporate loans,17100000000,EGP,,Egypt,1623924321_328_60837036_awbegyptsustainabilityreport.pdf
Attijariwafa bank Egypt,2020,Financial,Corporate Loans,Growth in total volume of corporate loans compared to 2019,9,%,,Egypt,1623924321_328_60837036_awbegyptsustainabilityreport.pdf
Attijariwafa bank Egypt,2019,Financial,Securitized Bond Offerings,Number of securitized bond offerings participated in,5,offerings,,Egypt,1623924321_328_60837036_awbegyptsustainabilityreport.pdf
Attijariwafa bank Egypt,2020,Financial,Green Finance,Tanmeyah Company for Microfinancing Services bond overall value,545000000,EGP,,Egypt,1623924321_328_60837036_awbegyptsustainabilityreport.pdf
Attijariwafa bank Egypt,2020,Financial,Green Finance,Attijariwafa bank Egypt contribution to Tanmeyah bond,100000000,EGP,,Egypt,1623924321_328_60837036_awbegyptsustainabilityreport.pdf
Attijariwafa bank Egypt,2020,Financial,Green Finance,Raya Holding group securitized bond offering value,562000000,EGP,,Egypt,1623924321_328_60837036_awbegyptsustainabilityreport.pdf
Attijariwafa bank Egypt,2020,Financial,Green Finance,Attijariwafa bank Egypt share of Raya Holding group offering,85000000,EGP,,Egypt,1623924321_328_60837036_awbegyptsustainabilityreport.pdf
Attijariwafa bank Egypt,2020,Financial,Green Finance,Attijariwafa bank Egypt ticket in El Taamir Securitization Company bond,320000000,EGP,,Egypt,1623924321_328_60837036_awbegyptsustainabilityreport.pdf
Attijariwafa bank Egypt,2020,Financial,Project Finance,Final hold in NBFI finance leasing contracts,100000000,EGP,,Egypt,1623924321_328_60837036_awbegyptsustainabilityreport.pdf
Attijariwafa bank Egypt,2020,Financial,Project Finance,Final hold in F&B debt restructuring,224500000,EGP,,Egypt,1623924321_328_60837036_awbegyptsustainabilityreport.pdf
Attijariwafa bank Egypt,2019,Financial,Project Finance,Final hold in Oil & Gas finance purchase,400000000,EGP,,Egypt,1623924321_328_60837036_awbegyptsustainabilityreport.pdf
Attijariwafa bank Egypt,2018,Financial,Project Finance,Final hold in Oil & Gas finance importing crude oil,25000000,USD,,Egypt,1623924321_328_60837036_awbegyptsustainabilityreport.pdf
Attijariwafa bank Egypt,2018,Financial,Project Finance,Final hold in Oil & Gas finance purchase,10000000,USD,,Egypt,1623924321_328_60837036_awbegyptsustainabilityreport.pdf
Attijariwafa bank Egypt,2018,Financial,Project Finance,Final hold in Oil & Gas finance purchase,8500000,USD,,Egypt,1623924321_328_60837036_awbegyptsustainabilityreport.pdf
Attijariwafa bank Egypt,2018,Financial,Project Finance,Final hold in Oil & Gas finance proceeds collected,150000000,EGP,,Egypt,1623924321_328_60837036_awbegyptsustainabilityreport.pdf
Attijariwafa bank Egypt,2018,Financial,Project Finance,Final hold in Telecom debt restructuring and CAPEX & OPEX finance,200000000,EGP,,Egypt,1623924321_328_60837036_awbegyptsustainabilityreport.pdf
Attijariwafa bank Egypt,2018,Financial,Project Finance,Final hold in RE investment cost finance,290000000,EGP,,Egypt,1623924321_328_60837036_awbegyptsustainabilityreport.pdf
Attijariwafa bank Egypt,2017,Financial,Project Finance,Final hold in Power finance liability,760000000,EGP,,Egypt,1623924321_328_60837036_awbegyptsustainabilityreport.pdf
Attijariwafa bank Egypt,2016,Financial,Project Finance,Final hold in Oil & Gas finance proceeds collected,200500000,EGP,,Egypt,1623924321_328_60837036_awbegyptsustainabilityreport.pdf
Attijariwafa bank Egypt,2019,Financial,Sustainable Finance,GCF accreditation for large projects exceeding,250000000,USD,,Egypt,1623924321_328_60837036_awbegyptsustainabilityreport.pdf
Attijariwafa bank Egypt,2020,Financial,Sustainable Finance,Financing for renewable energy companies (direct lending or guarantees),50000000,EGP,,Egypt,1623924321_328_60837036_awbegyptsustainabilityreport.pdf
Attijariwafa bank Egypt,2020,Financial,Sustainable Finance,Limits for financing solar energy projects,50000000,EGP,,Egypt,1623924321_328_60837036_awbegyptsustainabilityreport.pdf
Attijariwafa bank Egypt,2020,Financial,Sustainable Finance,Limits for financing micro finance companies or debt securitization deals,320000000,EGP,,Egypt,1623924321_328_60837036_awbegyptsustainabilityreport.pdf
Attijariwafa bank Egypt,2019,Social,Export Volumes,Increase in export volumes to African countries (compared to 2019),48,%,,Egypt,1623924321_328_60837036_awbegyptsustainabilityreport.pdf
Attijariwafa bank Egypt,2020,Social,Export Volumes,Increase in export volumes to African countries (compared to 2019),48,%,,Egypt,1623924321_328_60837036_awbegyptsustainabilityreport.pdf
Attijariwafa bank Egypt,2020,Social,Customer Satisfaction,Percentage of service requests resolved on the same day (November),57,%,,Egypt,1623924321_328_60837036_awbegyptsustainabilityreport.pdf
Attijariwafa bank Egypt,2019,Social,Customer Satisfaction,CRM requests TAT adherence,93,%,,Egypt,1623924321_328_60837036_awbegyptsustainabilityreport.pdf
Attijariwafa bank Egypt,2020,Social,Customer Satisfaction,CRM requests TAT adherence,95,%,,Egypt,1623924321_328_60837036_awbegyptsustainabilityreport.pdf
Attijariwafa bank Egypt,2020,Social,Customer Satisfaction,SMEs average TAT (June),45,days,,Egypt,1623924321_328_60837036_awbegyptsustainabilityreport.pdf
Attijariwafa bank Egypt,2020,Social,Customer Satisfaction,SMEs average TAT (November),9,days,,Egypt,1623924321_328_60837036_awbegyptsustainabilityreport.pdf
Attijariwafa bank Egypt,2020,Social,Customer Satisfaction,Branches Mystery Shopping Overall Score,74,%,,Egypt,1623924321_328_60837036_awbegyptsustainabilityreport.pdf
Attijariwafa bank Egypt,2020,Social,Customer Complaints,Average complaints handled per month,540,complaints,,Egypt,1623924321_328_60837036_awbegyptsustainabilityreport.pdf
Attijariwafa bank Egypt,2020,Social,Customer Complaints,Ratio of complaints to accounts,15.5,cases per 1000 accounts,,Egypt,1623924321_328_60837036_awbegyptsustainabilityreport.pdf
Attijariwafa bank Egypt,2020,Social,Customer Complaints,Ratio of complaints to accounts,1.5,%,,Egypt,1623924321_328_60837036_awbegyptsustainabilityreport.pdf
Attijariwafa bank Egypt,2019,Environmental,Energy Consumption,Total energy consumption,12594210.06,kWh,Total,Egypt,1623924321_328_60837036_awbegyptsustainabilityreport.pdf
Attijariwafa bank Egypt,2020,Environmental,Energy Consumption,Total energy consumption,11331946.33,kWh,Total,Egypt,1623924321_328_60837036_awbegyptsustainabilityreport.pdf
Attijariwafa bank Egypt,2019,Environmental,Water Usage,Total water consumption,38718.77,m3,Total,Egypt,1623924321_328_60837036_awbegyptsustainabilityreport.pdf
Attijariwafa bank Egypt,2020,Environmental,Water Usage,Total water consumption,39934.60,m3,Total,Egypt,1623924321_328_60837036_awbegyptsustainabilityreport.pdf
Attijariwafa bank Egypt,2019,Environmental,Paper Consumption,Total paper consumption,83.61,Tons,Total,Egypt,1623924321_328_60837036_awbegyptsustainabilityreport.pdf
Attijariwafa bank Egypt,2020,Environmental,Paper Consumption,Total paper consumption (Jan-Nov),57.56,Tons,Total,Egypt,1623924321_328_60837036_awbegyptsustainabilityreport.pdf
Attijariwafa bank Egypt,2018,Financial,Cost Savings from Energy Efficiency,Cost savings from LED lighting system replacement (2018-2020),4801004.29,EGP,,Egypt,1623924321_328_60837036_awbegyptsustainabilityreport.pdf
Attijariwafa bank Egypt,2018,Environmental,Energy Savings from Energy Efficiency,Energy savings from LED lighting system replacement (2018-2020),3055410.40,KW,,Egypt,1623924321_328_60837036_awbegyptsustainabilityreport.pdf
Attijariwafa bank Egypt,2019,Environmental,Waste Recycling,Non-organic waste donated for recycling,1843.35,KG,,Egypt,1623924321_328_60837036_awbegyptsustainabilityreport.pdf
Attijariwafa bank Egypt,2019,Governance,Board Diversity,Female representation in Executive Senior Management,2,members,,Egypt,1623924321_328_60837036_awbegyptsustainabilityreport.pdf
Attijariwafa bank Egypt,2019,Governance,Board Diversity,Male representation in Executive Senior Management,8,members,,Egypt,1623924321_328_60837036_awbegyptsustainabilityreport.pdf
Attijariwafa bank Egypt,2020,Governance,Board Diversity,Female representation in Executive Senior Management,3,members,,Egypt,1623924321_328_60837036_awbegyptsustainabilityreport.pdf
Attijariwafa bank Egypt,2020,Governance,Board Diversity,Women representation in Executive Senior Management,27,%,,Egypt,1623924321_328_60837036_awbegyptsustainabilityreport.pdf
Attijariwafa bank Egypt,2020,Governance,Board Composition,Board members below 50 years old,73,%,,Egypt,1623924321_328_60837036_awbegyptsustainabilityreport.pdf
Attijariwafa bank Egypt,2019,Governance,Ethics and Compliance,High risk KYC update frequency,2,years,,Egypt,1623924321_328_60837036_awbegyptsustainabilityreport.pdf
Attijariwafa bank Egypt,2019,Governance,Ethics and Compliance,Medium risk KYC update frequency,3.5,years,,Egypt,1623924321_328_60837036_awbegyptsustainabilityreport.pdf
Attijariwafa bank Egypt,2019,Governance,Ethics and Compliance,Low risk KYC update frequency,4.5,years,,Egypt,1623924321_328_60837036_awbegyptsustainabilityreport.pdf
Attijariwafa bank Egypt,2019,Social,Employee Training,Employees trained on Financial Crime (AML),1304,employees,,Egypt,1623924321_328_60837036_awbegyptsustainabilityreport.pdf
Attijariwafa bank Egypt,2020,Social,Employee Diversity,Percentage of newly hired employees under 30 years old,62,%,,Egypt,1623924321_328_60837036_awbegyptsustainabilityreport.pdf
Attijariwafa bank Egypt,2019,Social,Employee Diversity (Age),Percentage of employees under 30 years old,28,%,,Egypt,1623924321_328_60837036_awbegyptsustainabilityreport.pdf
Attijariwafa bank Egypt,2019,Social,Employee Diversity (Age),Percentage of employees aged 31-50 years old,67,%,,Egypt,1623924321_328_60837036_awbegyptsustainabilityreport.pdf
Attijariwafa bank Egypt,2019,Social,Employee Diversity (Age),Percentage of employees over 50 years old,5,%,,Egypt,1623924321_328_60837036_awbegyptsustainabilityreport.pdf
Attijariwafa bank Egypt,2019,Social,Employee Diversity (Gender),Percentage of male employees,65,%,,Egypt,1623924321_328_60837036_awbegyptsustainabilityreport.pdf
Attijariwafa bank Egypt,2019,Social,Employee Diversity (Gender),Percentage of female employees,35,%,,Egypt,1623924321_328_60837036_awbegyptsustainabilityreport.pdf
Attijariwafa bank Egypt,2020,Social,Employee Diversity (Age),Percentage of employees under 30 years old,27,%,,Egypt,1623924321_328_60837036_awbegyptsustainabilityreport.pdf
Attijariwafa bank Egypt,2020,Social,Employee Diversity (Age),Percentage of employees aged 31-50 years old,67,%,,Egypt,1623924321_328_60837036_awbegyptsustainabilityreport.pdf
Attijariwafa bank Egypt,2020,Social,Employee Diversity (Age),Percentage of employees over 50 years old,6,%,,Egypt,1623924321_328_60837036_awbegyptsustainabilityreport.pdf
Attijariwafa bank Egypt,2020,Social,Employee Diversity (Gender),Percentage of male employees,65,%,,Egypt,1623924321_328_60837036_awbegyptsustainabilityreport.pdf
Attijariwafa bank Egypt,2020,Social,Employee Diversity (Gender),Percentage of female employees,35,%,,Egypt,1623924321_328_60837036_awbegyptsustainabilityreport.pdf
Attijariwafa bank Egypt,2019,Social,New Hires,Total number of new hires,251,employees,,Egypt,1623924321_328_60837036_awbegyptsustainabilityreport.pdf
Attijariwafa bank Egypt,2019,Social,New Hires Diversity (Age),Percentage of new hires under 30 years old,66,%,,Egypt,1623924321_328_60837036_awbegyptsustainabilityreport.pdf
Attijariwafa bank Egypt,2019,Social,New Hires Diversity (Age),Percentage of new hires aged 31-50 years old,33,%,,Egypt,1623924321_328_60837036_awbegyptsustainabilityreport.pdf
Attijariwafa bank Egypt,2019,Social,New Hires Diversity (Age),Percentage of new hires over 50 years old,1,%,,Egypt,1623924321_328_60837036_awbegyptsustainabilityreport.pdf
Attijariwafa bank Egypt,2019,Social,New Hires Diversity (Gender),Percentage of male new hires,65,%,,Egypt,1623924321_328_60837036_awbegyptsustainabilityreport.pdf
Attijariwafa bank Egypt,2019,Social,New Hires Diversity (Gender),Percentage of female new hires,35,%,,Egypt,1623924321_328_60837036_awbegyptsustainabilityreport.pdf
Attijariwafa bank Egypt,2020,Social,New Hires,Total number of new hires,141,employees,,Egypt,1623924321_328_60837036_awbegyptsustainabilityreport.pdf
Attijariwafa bank Egypt,2020,Social,New Hires Diversity (Age),Percentage of new hires under 30 years old,62,%,,Egypt,1623924321_328_60837036_awbegyptsustainabilityreport.pdf
Attijariwafa bank Egypt,2020,Social,New Hires Diversity (Age),Percentage of new hires aged 31-50 years old,38,%,,Egypt,1623924321_328_60837036_awbegyptsustainabilityreport.pdf
Attijariwafa bank Egypt,2020,Social,New Hires Diversity (Age),Percentage of new hires over 50 years old,0,%,,Egypt,1623924321_328_60837036_awbegyptsustainabilityreport.pdf
Attijariwafa bank Egypt,2020,Social,New Hires Diversity (Gender),Percentage of male new hires,62,%,,Egypt,1623924321_328_60837036_awbegyptsustainabilityreport.pdf
Attijariwafa bank Egypt,2020,Social,New Hires Diversity (Gender),Percentage of female new hires,38,%,,Egypt,1623924321_328_60837036_awbegyptsustainabilityreport.pdf
Attijariwafa bank Egypt,2019,Social,Employee Training Hours,Total training hours provided to employees,85677,hours,,Egypt,1623924321_328_60837036_awbegyptsustainabilityreport.pdf
Attijariwafa bank Egypt,2020,Social,Employee Training Hours,Total training hours provided to employees,35077,hours,,Egypt,1623924321_328_60837036_awbegyptsustainabilityreport.pdf
Attijariwafa bank Egypt,2019,Social,Employee Training,Employees participated in Leadership Academy,400,employees,,Egypt,1623924321_328_60837036_awbegyptsustainabilityreport.pdf
Attijariwafa bank Egypt,2019,Social,Employee Training,Employees participated in Branch Managers Academy,20,employees,,Egypt,1623924321_328_60837036_awbegyptsustainabilityreport.pdf
Attijariwafa bank Egypt,2019,Social,Employee Training,Employees participated in SMEs Academy,15,employees,,Egypt,1623924321_328_60837036_awbegyptsustainabilityreport.pdf
Attijariwafa bank Egypt,2019,Social,Employee Training,Employees participated in Corporate Academy,15,employees,,Egypt,1623924321_328_60837036_awbegyptsustainabilityreport.pdf
Attijariwafa bank Egypt,2019,Social,Employee Recruitment,Summer internships assigned,250,internships,,Egypt,1623924321_328_60837036_awbegyptsustainabilityreport.pdf
Attijariwafa bank Egypt,2019,Social,Employee Promotions,Number of promoted employees,214,employees,,Egypt,1623924321_328_60837036_awbegyptsustainabilityreport.pdf
Attijariwafa bank Egypt,2019,Social,Employee Performance Review,Employees assessed for performance,1252,employees,,Egypt,1623924321_328_60837036_awbegyptsustainabilityreport.pdf
Attijariwafa bank Egypt,2020,Social,Employee Performance Review,Employees assessed for performance,1279,employees,,Egypt,1623924321_328_60837036_awbegyptsustainabilityreport.pdf
Attijariwafa bank Egypt,2019,Social,Employee Performance Review Diversity,Percentage of male employees receiving regular performance and career development reviews,66.30,%,,Egypt,1623924321_328_60837036_awbegyptsustainabilityreport.pdf
Attijariwafa bank Egypt,2020,Social,Employee Performance Review Diversity,Percentage of male employees receiving regular performance and career development reviews,66.30,%,,Egypt,1623924321_328_60837036_awbegyptsustainabilityreport.pdf
Attijariwafa bank Egypt,2019,Social,Employee Performance Review Diversity,Percentage of female employees receiving regular performance and career development reviews,33.7,%,,Egypt,1623924321_328_60837036_awbegyptsustainabilityreport.pdf
Attijariwafa bank Egypt,2020,Social,Employee Performance Review Diversity,Percentage of female employees receiving regular performance and career development reviews,33.7,%,,Egypt,1623924321_328_60837036_awbegyptsustainabilityreport.pdf
Attijariwafa bank Egypt,2019,Social,Health and Safety,Number of accidents,0,incidents,,Egypt,1623924321_328_60837036_awbegyptsustainabilityreport.pdf
Attijariwafa bank Egypt,2020,Social,Health and Safety,Number of accidents,0,incidents,,Egypt,1623924321_328_60837036_awbegyptsustainabilityreport.pdf
Attijariwafa bank Egypt,2019,Governance,Supply Chain,Percentage of spending on local suppliers,99,%,,Egypt,1623924321_328_60837036_awbegyptsustainabilityreport.pdf
Attijariwafa bank Egypt,2020,Governance,Supply Chain,Percentage of supplier base located in Egypt,97,%,,Egypt,1623924321_328_60837036_awbegyptsustainabilityreport.pdf
Attijariwafa bank Egypt,2020,Governance,Supply Chain,Number of suppliers with Purchase Orders on the system,274,suppliers,,Egypt,1623924321_328_60837036_awbegyptsustainabilityreport.pdf
Attijariwafa bank Egypt,2020,Financial,Procurement Spending,Estimated spending with contracted vendors,120000000,EGP,,Egypt,1623924321_328_60837036_awbegyptsustainabilityreport.pdf
Attijariwafa bank Egypt,2020,Governance,Supply Chain,Number of contracted suppliers,65,suppliers,,Egypt,1623924321_328_60837036_awbegyptsustainabilityreport.pdf
Attijariwafa bank Egypt,2020,Governance,Procurement Policy,Purchase request range managed by Sourcing & Procurement teams (lower bound),8000,USD,,Egypt,1623924321_328_60837036_awbegyptsustainabilityreport.pdf
Attijariwafa bank Egypt,2020,Governance,Procurement Policy,Purchase request range managed by Sourcing & Procurement teams (upper bound),200000,USD,,Egypt,1623924321_328_60837036_awbegyptsustainabilityreport.pdf
Attijariwafa bank Egypt,2020,Governance,Procurement Policy,Spend threshold for AWB group management,200000,USD,,Egypt,1623924321_328_60837036_awbegyptsustainabilityreport.pdf
Attijariwafa bank Egypt,2020,Governance,Procurement Policy,Demand threshold for sealed envelopes,50000,USD,,Egypt,1623924321_328_60837036_awbegyptsustainabilityreport.pdf
Attijariwafa bank Egypt,2020,Governance,Procurement Policy,Spend threshold managed by business stakeholders,8000,USD,,Egypt,1623924321_328_60837036_awbegyptsustainabilityreport.pdf
Attijariwafa bank Egypt,2019,Social,Community Investment,Number of community projects,14,projects,,Egypt,1623924321_328_60837036_awbegyptsustainabilityreport.pdf
Attijariwafa bank Egypt,2019,Social,Community Investment,Number of beneficiaries from community projects,22584,beneficiaries,,Egypt,1623924321_328_60837036_awbegyptsustainabilityreport.pdf
Attijariwafa bank Egypt,2019,Financial,Community Investment,Total investment in community projects,10427864,EGP,,Egypt,1623924321_328_60837036_awbegyptsustainabilityreport.pdf
Attijariwafa bank Egypt,2020,Social,Community Investment,Number of community projects,10,projects,,Egypt,1623924321_328_60837036_awbegyptsustainabilityreport.pdf
Attijariwafa bank Egypt,2020,Social,Community Investment,Number of beneficiaries from community projects,15006,beneficiaries,,Egypt,1623924321_328_60837036_awbegyptsustainabilityreport.pdf
Attijariwafa bank Egypt,2020,Financial,Community Investment,Total investment in community projects,1667768,EGP,,Egypt,1623924321_328_60837036_awbegyptsustainabilityreport.pdf
Attijariwafa bank Egypt,2019,Social,Community Investment (Women Empowerment),Beneficiaries from Masr El Kheir program (Women in Debt),21,beneficiaries,,Egypt,1623924321_328_60837036_awbegyptsustainabilityreport.pdf
Attijariwafa bank Egypt,2019,Financial,Community Investment (Women Empowerment),Investment in Masr El Kheir program (Women in Debt),200000,EGP,,Egypt,1623924321_328_60837036_awbegyptsustainabilityreport.pdf
Attijariwafa bank Egypt,2019,Social,Community Investment (Youth & Women Empowerment),Beneficiaries from Youth Leadership Foundation program,50,beneficiaries,,Egypt,1623924321_328_60837036_awbegyptsustainabilityreport.pdf
Attijariwafa bank Egypt,2019,Financial,Community Investment (Youth & Women Empowerment),Investment in Youth Leadership Foundation program,350000,EGP,,Egypt,1623924321_328_60837036_awbegyptsustainabilityreport.pdf
Attijariwafa bank Egypt,2019,Financial,Community Investment (National Campaign),Investment in Tahya Masr Government National Campaign,5000000,EGP,,Egypt,1623924321_328_60837036_awbegyptsustainabilityreport.pdf
Attijariwafa bank Egypt,2020,Social,Community Investment (Women Empowerment),Beneficiaries from Gozour Foundation Salil project,80,beneficiaries,,Egypt,1623924321_328_60837036_awbegyptsustainabilityreport.pdf
Attijariwafa bank Egypt,2020,Financial,Community Investment (Women Empowerment),Investment in Gozour Foundation Salil project,280000,EGP,,Egypt,1623924321_328_60837036_awbegyptsustainabilityreport.pdf
Attijariwafa bank Egypt,2020,Social,Community Investment (Women Empowerment),Beneficiaries from Masr El Kheir program (Women in Debt),17,beneficiaries,,Egypt,1623924321_328_60837036_awbegyptsustainabilityreport.pdf
Attijariwafa bank Egypt,2020,Financial,Community Investment (Women Empowerment),Investment in Masr El Kheir program (Women in Debt),251568,EGP,,Egypt,1623924321_328_60837036_awbegyptsustainabilityreport.pdf
Attijariwafa bank Egypt,2020,Social,Community Investment (Education),Students supported in primary education (Back to School Campaign),400,students,,Egypt,1623924321_328_60837036_awbegyptsustainabilityreport.pdf
Attijariwafa bank Egypt,2019,Social,Community Investment (PWDs),Beneficiaries from Ministry of Social Solidarity program (expected),3000000,PWDs,,Egypt,1623924321_328_60837036_awbegyptsustainabilityreport.pdf
Attijariwafa bank Egypt,2019,Financial,Community Investment (PWDs),Investment in Ministry of Social Solidarity program,1000000,EGP,,Egypt,1623924321_328_60837036_awbegyptsustainabilityreport.pdf
Attijariwafa bank Egypt,2019,Social,Community Investment (PWDs),Beneficiaries from Helm Foundation program,2000,beneficiaries,,Egypt,1623924321_328_60837036_awbegyptsustainabilityreport.pdf
Attijariwafa bank Egypt,2019,Financial,Community Investment (PWDs),Investment in Helm Foundation program,1000000,EGP,,Egypt,1623924321_328_60837036_awbegyptsustainabilityreport.pdf
Attijariwafa bank Egypt,2019,Social,Community Investment (PWDs/Women Empowerment),Beneficiaries from AUC scholarship,1,student,,Egypt,1623924321_328_60837036_awbegyptsustainabilityreport.pdf
Attijariwafa bank Egypt,2019,Financial,Community Investment (PWDs/Women Empowerment),Investment in AUC scholarship,491840,EGP,,Egypt,1623924321_328_60837036_awbegyptsustainabilityreport.pdf
Attijariwafa bank Egypt,2020,Social,Community Investment (PWDs/Women Empowerment),Beneficiaries from AUC scholarship (2nd-year tuition),1,student,,Egypt,1623924321_328_60837036_awbegyptsustainabilityreport.pdf
Attijariwafa bank Egypt,2020,Financial,Community Investment (PWDs/Women Empowerment),Investment in AUC scholarship (2nd-year tuition),440000,EGP,,Egypt,1623924321_328_60837036_awbegyptsustainabilityreport.pdf
Attijariwafa bank Egypt,2019,Social,Community Investment (Education),Beneficiaries from Egyptian Clothing Bank & Educate Me Foundation campaign,1300,students,,Egypt,1623924321_328_60837036_awbegyptsustainabilityreport.pdf
Attijariwafa bank Egypt,2019,Financial,Community Investment (Education),Investment in Egyptian Clothing Bank & Educate Me Foundation campaign,160000,EGP,,Egypt,1623924321_328_60837036_awbegyptsustainabilityreport.pdf
Attijariwafa bank Egypt,2019,Social,Community Investment (Financial Literacy),Beneficiaries from Injaz Egypt Personal Economics Project,2000,students,,Egypt,1623924321_328_60837036_awbegyptsustainabilityreport.pdf
Attijariwafa bank Egypt,2019,Financial,Community Investment (Financial Literacy),Investment in Injaz Egypt Personal Economics Project,165000,EGP,,Egypt,1623924321_328_60837036_awbegyptsustainabilityreport.pdf
Attijariwafa bank Egypt,2020,Social,Community Investment (Financial Literacy),Beneficiaries from Injaz Egypt Personal Economics Project (2nd & last installment),2000,students,,Egypt,1623924321_328_60837036_awbegyptsustainabilityreport.pdf
Attijariwafa bank Egypt,2020,Financial,Community Investment (Financial Literacy),Investment in Injaz Egypt Personal Economics Project (2nd & last installment),165000,EGP,,Egypt,1623924321_328_60837036_awbegyptsustainabilityreport.pdf
Attijariwafa bank Egypt,2019,Environmental,Environmental Investments,Total investment in environmental projects (Bassita/VeryNile),208374,EGP,,Egypt,1623924321_328_60837036_awbegyptsustainabilityreport.pdf
Attijariwafa bank Egypt,2019,Environmental,Waste Recycling,Plastic waste extracted from Nile,1,ton,,Egypt,1623924321_328_60837036_awbegyptsustainabilityreport.pdf
Attijariwafa bank Egypt,2019,Environmental,Waste Reduction,Cotton bags provided for banning plastic bag use,4500,bags,,Egypt,1623924321_328_60837036_awbegyptsustainabilityreport.pdf
Attijariwafa bank Egypt,2020,Environmental,Waste Recycling,Paper recycled,1.32,tons,,Egypt,1623924321_328_60837036_awbegyptsustainabilityreport.pdf
Attijariwafa bank Egypt,2019,Social,Community Investment (Health),Beneficiaries from Ahl Masr (burnt children),50,children,,Egypt,1623924321_328_60837036_awbegyptsustainabilityreport.pdf
Attijariwafa bank Egypt,2019,Financial,Community Investment (Health),Investment in Ahl Masr (burnt children),100000,EGP,,Egypt,1623924321_328_60837036_awbegyptsustainabilityreport.pdf
Attijariwafa bank Egypt,2019,Social,Community Investment (Ramadan Food Packages),Beneficiaries from Masr El Kheir Ramadan Food Packages,12000,beneficiaries,,Egypt,1623924321_328_60837036_awbegyptsustainabilityreport.pdf
Attijariwafa bank Egypt,2019,Financial,Community Investment (Ramadan Food Packages),Investment in Masr El Kheir Ramadan Food Packages,500000,EGP,,Egypt,1623924321_328_60837036_awbegyptsustainabilityreport.pdf
Attijariwafa bank Egypt,2019,Social,Community Investment (Housing),Families benefiting from Masr El Kheir Hayah Kareema,12,families,,Egypt,1623924321_328_60837036_awbegyptsustainabilityreport.pdf
Attijariwafa bank Egypt,2019,Financial,Community Investment (Housing),Investment in Masr El Kheir Hayah Kareema,1047650,EGP,,Egypt,1623924321_328_60837036_awbegyptsustainabilityreport.pdf
Attijariwafa bank Egypt,2020,Social,Community Investment (COVID-19 Support),Beneficiaries from Egyptian Food Bank campaign,7500,beneficiaries,,Egypt,1623924321_328_60837036_awbegyptsustainabilityreport.pdf
Attijariwafa bank Egypt,2020,Financial,Community Investment (COVID-19 Support),Investment in Egyptian Food Bank campaign,240000,EGP,,Egypt,1623924321_328_60837036_awbegyptsustainabilityreport.pdf
Attijariwafa bank Egypt,2020,Social,Community Investment (COVID-19 Support),Beneficiaries from Masr El Kheir Food Boxes Distribution,5000,beneficiaries,,Egypt,1623924321_328_60837036_awbegyptsustainabilityreport.pdf
Attijariwafa bank Egypt,2020,Financial,Community Investment (COVID-19 Support),Investment in Masr El Kheir Food Boxes Distribution,200000,EGP,,Egypt,1623924321_328_60837036_awbegyptsustainabilityreport.pdf
Attijariwafa bank Egypt,2020,Social,Community Investment (COVID-19 Support),Beneficiaries from Educate Me Foundation Back to School Campaign,400,students,,Egypt,1623924321_328_60837036_awbegyptsustainabilityreport.pdf
Attijariwafa bank Egypt,2020,Financial,Community Investment (COVID-19 Support),Investment in Educate Me Foundation Back to School Campaign,70300,EGP,,Egypt,1623924321_328_60837036_awbegyptsustainabilityreport.pdf
Attijariwafa bank Egypt,2019,Social,Employee Volunteerism,Staff members participated in CSR volunteering programs,200,staff members,,Egypt,1623924321_328_60837036_awbegyptsustainabilityreport.pdf
Attijariwafa bank Egypt,2019,Social,Employee Volunteerism,Blood bags donated,40,blood bags,,Egypt,1623924321_328_60837036_awbegyptsustainabilityreport.pdf
Attijariwafa bank Egypt,2019,Social,Employee Volunteerism,People saved by blood donations,120,people,,Egypt,1623924321_328_60837036_awbegyptsustainabilityreport.pdf
Attijariwafa bank Egypt,2019,Social,Employee Volunteerism,Clothes donated to unprivileged families,200,items,,Egypt,1623924321_328_60837036_awbegyptsustainabilityreport.pdf
Attijariwafa bank Egypt,2019,Social,Employee Volunteerism,Staff members participated in winter CSR activities with Masr El Kheir,45,staff members,,Egypt,1623924321_328_60837036_awbegyptsustainabilityreport.pdf
Attijariwafa bank Egypt,2019,Social,Employee Volunteerism,Staff members participated in VeryNile Clean Event,40,staff members,,Egypt,1623924321_328_60837036_awbegyptsustainabilityreport.pdf
Attijariwafa bank Egypt,2019,Environmental,Waste Recycling,Plastic waste extracted by staff volunteers,1,Ton,,Egypt,1623924321_328_60837036_awbegyptsustainabilityreport.pdf
Attijariwafa bank Egypt,2019,Social,Employee Volunteerism,Staff members provided training in Injaz volunteering event,14,staff members,,Egypt,1623924321_328_60837036_awbegyptsustainabilityreport.pdf
Attijariwafa bank Egypt,2019,Social,Employee Volunteerism,Students trained in Injaz volunteering event,2000,students,,Egypt,1623924321_328_60837036_awbegyptsustainabilityreport.pdf
Attijariwafa bank Egypt,2019,Financial,Employee Donations,Staff direct donations for Sek Adheya & Winter Campaign,6000,EGP,,Egypt,1623924321_328_60837036_awbegyptsustainabilityreport.pdf
Attijariwafa bank Egypt,2019,Social,Employee Volunteerism,Staff members distributed and served in Masr El Kheir Ramadan Tent,40,staff members,,Egypt,1623924321_328_60837036_awbegyptsustainabilityreport.pdf
Attijariwafa bank Egypt,2019,Financial,Community Donations,Amount raised for Man Ahyaha Foundation Ramadan Food packages,100000,EGP,,Egypt,1623924321_328_60837036_awbegyptsustainabilityreport.pdf
Attijariwafa bank Egypt,2019,Social,Community Donations,Ramadan Food packages packed for underprivileged families,1550,packages,,Egypt,1623924321_328_60837036_awbegyptsustainabilityreport.pdf
Attijariwafa bank Egypt,2019,Social,Employee Training (PWDs),Staff members trained on Disability Equality Training (DET),15,staff members,,Egypt,1623924321_328_60837036_awbegyptsustainabilityreport.pdf
Attijariwafa bank Egypt,2020,Social,Employee Volunteerism,Blood bags donated,56,blood bags,,Egypt,1623924321_328_60837036_awbegyptsustainabilityreport.pdf
Attijariwafa bank Egypt,2020,Social,Employee Volunteerism,People saved by blood donations,168,people,,Egypt,1623924321_328_60837036_awbegyptsustainabilityreport.pdf
Attijariwafa bank Egypt,2020,Social,Employee Volunteerism,Staff members participated in Leaders League Judging panels,7,staff members,,Egypt,1623924321_328_60837036_awbegyptsustainabilityreport.pdf
Attijariwafa bank Egypt,2020,Social,Employee Engagement,Winners of eco-friendly challenges,4,winners,,Egypt,1623924321_328_60837036_awbegyptsustainabilityreport.pdf
Attijariwafa bank Egypt,2020,Financial,Employee Engagement,Value of eco-friendly giveaways,900,EGP,,Egypt,1623924321_328_60837036_awbegyptsustainabilityreport.pdf
Attijariwafa bank Egypt,2020,Social,Community Support,Girls empowered by buying medical masks from El Nidaa Foundation,110,girls,,Egypt,1623924321_328_60837036_awbegyptsustainabilityreport.pdf
Attijariwafa bank Egypt,2020,Financial,Employee Donations,Staff direct donations for Sek Adheya,10000,EGP,,Egypt,1623924321_328_60837036_awbegyptsustainabilityreport.pdf
Attijariwafa bank Group,2024,Financial,Net Banking Income,Consolidated Net Banking Income,34500000000,MAD,Total,Morocco,1755079026_230_6761280_sustainabilityreport2024.pdf
Attijariwafa bank Group,2024,Financial,Net Banking Income Growth,Consolidated Net Banking Income growth from previous year,15,%,Total,Morocco,1755079026_230_6761280_sustainabilityreport2024.pdf
Attijariwafa bank Group,2024,Financial,Consolidated Deposits,Consolidated deposits,480500000000,MAD,Total,Morocco,1755079026_230_6761280_sustainabilityreport2024.pdf
Attijariwafa bank Group,2023,Financial,Consolidated Deposits,Consolidated deposits,435500000000,MAD,Total,Morocco,1755079026_230_6761280_sustainabilityreport2024.pdf
Attijariwafa bank Group,2024,Financial,Consolidated Deposits Growth,Consolidated deposits growth from previous year,10,%,Total,Morocco,1755079026_230_6761280_sustainabilityreport2024.pdf
Attijariwafa bank Group,2024,Financial,Consolidated Loans,Consolidated loans,413600000000,MAD,Total,Morocco,1755079026_230_6761280_sustainabilityreport2024.pdf
Attijariwafa bank Group,2023,Financial,Consolidated Loans,Consolidated loans,392600000000,MAD,Total,Morocco,1755079026_230_6761280_sustainabilityreport2024.pdf
Attijariwafa bank Group,2024,Financial,Consolidated Loans Growth,Consolidated loans growth from previous year,5,%,Total,Morocco,1755079026_230_6761280_sustainabilityreport2024.pdf
Attijariwafa bank Group,2024,Financial,International Retail Banking Contribution to Net Banking Income,International Retail Banking segment contribution to Group's net banking income,32.8,%,Total,Morocco,1755079026_230_6761280_sustainabilityreport2024.pdf
Attijariwafa bank Group,2024,Financial,International Retail Banking Contribution to Net Profit,International Retail Banking segment contribution to Group's net profit,29.3,%,Total,Morocco,1755079026_230_6761280_sustainabilityreport2024.pdf
Attijariwafa bank Group,2024,Social,Employee Count,Total number of employees,21293,employees,Total,Morocco,1755079026_230_6761280_sustainabilityreport2024.pdf
Attijariwafa bank Group,2024,Social,Client Count,Total number of clients served,12000000,clients,Total,Morocco,1755079026_230_6761280_sustainabilityreport2024.pdf
Attijariwafa bank Group,2024,Social,Branches,Total number of branches,7417,branches,Total,Morocco,1755079026_230_6761280_sustainabilityreport2024.pdf
Attijariwafa bank Egypt,2024,Social,Branches,Number of branches,64,branches,Total,Egypt,1755079026_230_6761280_sustainabilityreport2024.pdf
Attijariwafa bank Egypt,2024,Social,ATMs,Number of ATMs,114,ATMs,Total,Egypt,1755079026_230_6761280_sustainabilityreport2024.pdf
Attijariwafa bank Egypt,2024,Social,Customer Count,Total number of customers,201000,customers,Total,Egypt,1755079026_230_6761280_sustainabilityreport2024.pdf
Attijariwafa bank Egypt,2024,Social,Employee Count,Total number of employees,1463,employees,Total,Egypt,1755079026_230_6761280_sustainabilityreport2024.pdf
Attijariwafa bank Egypt,2024,Financial,Total Deposits,Total deposits,104187,EGP Million,Total,Egypt,1755079026_230_6761280_sustainabilityreport2024.pdf
Attijariwafa bank Egypt,2023,Financial,Total Deposits,Total deposits,76377,EGP Million,Total,Egypt,1755079026_230_6761280_sustainabilityreport2024.pdf
Attijariwafa bank Egypt,2022,Financial,Total Deposits,Total deposits,52511,EGP Million,Total,Egypt,1755079026_230_6761280_sustainabilityreport2024.pdf
Attijariwafa bank Egypt,2024,Financial,Total Loans,Total loans,57628,EGP Million,Total,Egypt,1755079026_230_6761280_sustainabilityreport2024.pdf
Attijariwafa bank Egypt,2023,Financial,Total Loans,Total loans,42658,EGP Million,Total,Egypt,1755079026_230_6761280_sustainabilityreport2024.pdf
Attijariwafa bank Egypt,2022,Financial,Total Loans,Total loans,30943,EGP Million,Total,Egypt,1755079026_230_6761280_sustainabilityreport2024.pdf
Attijariwafa bank Egypt,2024,Financial,Total Assets,Total assets,124758,EGP Million,Total,Egypt,1755079026_230_6761280_sustainabilityreport2024.pdf
Attijariwafa bank Egypt,2023,Financial,Total Assets,Total assets,88662,EGP Million,Total,Egypt,1755079026_230_6761280_sustainabilityreport2024.pdf
Attijariwafa bank Egypt,2022,Financial,Total Assets,Total assets,61705,EGP Million,Total,Egypt,1755079026_230_6761280_sustainabilityreport2024.pdf
Attijariwafa bank Egypt,2024,Financial,Net Interest Income,Net interest income,6341,EGP Million,Total,Egypt,1755079026_230_6761280_sustainabilityreport2024.pdf
Attijariwafa bank Egypt,2023,Financial,Net Interest Income,Net interest income,4245,EGP Million,Total,Egypt,1755079026_230_6761280_sustainabilityreport2024.pdf
Attijariwafa bank Egypt,2022,Financial,Net Interest Income,Net interest income,2621,EGP Million,Total,Egypt,1755079026_230_6761280_sustainabilityreport2024.pdf
Attijariwafa bank Egypt,2024,Financial,Net Fees & Commission Income,Net fees & commission income,1286,EGP Million,Total,Egypt,1755079026_230_6761280_sustainabilityreport2024.pdf
Attijariwafa bank Egypt,2023,Financial,Net Fees & Commission Income,Net fees & commission income,831,EGP Million,Total,Egypt,1755079026_230_6761280_sustainabilityreport2024.pdf
Attijariwafa bank Egypt,2022,Financial,Net Fees & Commission Income,Net fees & commission income,494,EGP Million,Total,Egypt,1755079026_230_6761280_sustainabilityreport2024.pdf
Attijariwafa bank Egypt,2024,Financial,Net Banking Income (Gross Operating Income),Net Banking Income (Gross Operating Income),5565,EGP Million,Total,Egypt,1755079026_230_6761280_sustainabilityreport2024.pdf
Attijariwafa bank Egypt,2023,Financial,Net Banking Income (Gross Operating Income),Net Banking Income (Gross Operating Income),3595,EGP Million,Total,Egypt,1755079026_230_6761280_sustainabilityreport2024.pdf
Attijariwafa bank Egypt,2022,Financial,Net Banking Income (Gross Operating Income),Net Banking Income (Gross Operating Income),1956,EGP Million,Total,Egypt,1755079026_230_6761280_sustainabilityreport2024.pdf
Attijariwafa bank Egypt,2024,Financial,Profit Before Tax,Profit before tax,5151,EGP Million,Total,Egypt,1755079026_230_6761280_sustainabilityreport2024.pdf
Attijariwafa bank Egypt,2023,Financial,Profit Before Tax,Profit before tax,2887,EGP Million,Total,Egypt,1755079026_230_6761280_sustainabilityreport2024.pdf
Attijariwafa bank Egypt,2022,Financial,Profit Before Tax,Profit before tax,1616,EGP Million,Total,Egypt,1755079026_230_6761280_sustainabilityreport2024.pdf
Attijariwafa bank Egypt,2024,Financial,Net Profit After Tax,Net profit after tax,3684,EGP Million,Total,Egypt,1755079026_230_6761280_sustainabilityreport2024.pdf
Attijariwafa bank Egypt,2023,Financial,Net Profit After Tax,Net profit after tax,2005,EGP Million,Total,Egypt,1755079026_230_6761280_sustainabilityreport2024.pdf
Attijariwafa bank Egypt,2022,Financial,Net Profit After Tax,Net profit after tax,1038,EGP Million,Total,Egypt,1755079026_230_6761280_sustainabilityreport2024.pdf
Attijariwafa bank Egypt,2024,Financial,Revenue from Sale of Assets,Revenues from sale of assets,365.7,EGP Million,Total,Egypt,1755079026_230_6761280_sustainabilityreport2024.pdf
Attijariwafa bank Egypt,2024,Financial,Tax on Profits,Tax on profits,674667,EGP Million,Total,Egypt,1755079026_230_6761280_sustainabilityreport2024.pdf
Attijariwafa bank Egypt,2023,Financial,Tax on Profits,Tax on profits,377665,EGP Million,Total,Egypt,1755079026_230_6761280_sustainabilityreport2024.pdf
Attijariwafa bank Egypt,2024,Financial,With Holding Tax,With Holding tax,792383,EGP Million,Total,Egypt,1755079026_230_6761280_sustainabilityreport2024.pdf
Attijariwafa bank Egypt,2023,Financial,With Holding Tax,With Holding tax,504489,EGP Million,Total,Egypt,1755079026_230_6761280_sustainabilityreport2024.pdf
Attijariwafa bank Egypt,2024,Financial,Salary Tax,Salary tax,141425,EGP Million,Total,Egypt,1755079026_230_6761280_sustainabilityreport2024.pdf
Attijariwafa bank Egypt,2023,Financial,Salary Tax,Salary tax,102921,EGP Million,Total,Egypt,1755079026_230_6761280_sustainabilityreport2024.pdf
Attijariwafa bank Egypt,2024,Financial,Stamp Tax,Stamp tax,224796,EGP Million,Total,Egypt,1755079026_230_6761280_sustainabilityreport2024.pdf
Attijariwafa bank Egypt,2023,Financial,Stamp Tax,Stamp tax,169686,EGP Million,Total,Egypt,1755079026_230_6761280_sustainabilityreport2024.pdf
Attijariwafa bank Egypt,2024,Financial,Irrecoverable Tax,Irrecoverable tax,13397,EGP Million,Total,Egypt,1755079026_230_6761280_sustainabilityreport2024.pdf
Attijariwafa bank Egypt,2023,Financial,Irrecoverable Tax,Irrecoverable tax,7363,EGP Million,Total,Egypt,1755079026_230_6761280_sustainabilityreport2024.pdf
Attijariwafa bank Egypt,2024,Financial,Real Estate Tax,Real estate tax,1168,EGP Million,Total,Egypt,1755079026_230_6761280_sustainabilityreport2024.pdf
Attijariwafa bank Egypt,2023,Financial,Real Estate Tax,Real estate tax,794,EGP Million,Total,Egypt,1755079026_230_6761280_sustainabilityreport2024.pdf
Attijariwafa bank Egypt,2024,Social,Total Customers,Total number of customers,201000,customers,Total,Egypt,1755079026_230_6761280_sustainabilityreport2024.pdf
Attijariwafa bank Egypt,2023,Social,Total Customers,Total number of customers,176000,customers,Total,Egypt,1755079026_230_6761280_sustainabilityreport2024.pdf
Attijariwafa bank Egypt,2024,Social,ATMs,Number of ATMs,114,ATMs,Total,Egypt,1755079026_230_6761280_sustainabilityreport2024.pdf
Attijariwafa bank Egypt,2023,Social,ATMs,Number of ATMs,101,ATMs,Total,Egypt,1755079026_230_6761280_sustainabilityreport2024.pdf
Attijariwafa bank Egypt,2024,Financial,Corporate and SMEs Portfolio,Corporate and SMEs portfolio value,46000000000,EGP,Total,Egypt,1755079026_230_6761280_sustainabilityreport2024.pdf
Attijariwafa bank Egypt,2023,Financial,Corporate and SMEs Portfolio,Corporate and SMEs portfolio value,34000000000,EGP,Total,Egypt,1755079026_230_6761280_sustainabilityreport2024.pdf
Attijariwafa bank Egypt,2024,Social,Branches,Number of branches,64,branches,Total,Egypt,1755079026_230_6761280_sustainabilityreport2024.pdf
Attijariwafa bank Egypt,2023,Social,Branches,Number of branches,63,branches,Total,Egypt,1755079026_230_6761280_sustainabilityreport2024.pdf
Attijariwafa bank Egypt,2024,Financial,Asset Retail Portfolio,Asset Retail Portfolio value,10700000000,EGP,Total,Egypt,1755079026_230_6761280_sustainabilityreport2024.pdf
Attijariwafa bank Egypt,2023,Financial,Asset Retail Portfolio,Asset Retail Portfolio value,8600000000,EGP,Total,Egypt,1755079026_230_6761280_sustainabilityreport2024.pdf
Attijariwafa bank Egypt,2024,Financial,Micro Finance Portfolio,Micro Finance Portfolio value,739000000,EGP,Total,Egypt,1755079026_230_6761280_sustainabilityreport2024.pdf
Attijariwafa bank Egypt,2023,Financial,Micro Finance Portfolio,Micro Finance Portfolio value,644000000,EGP,Total,Egypt,1755079026_230_6761280_sustainabilityreport2024.pdf
Attijariwafa bank Egypt,2024,Social,Internet Banking Customers,Number of Internet Banking Customers,51535,customers,Total,Egypt,1755079026_230_6761280_sustainabilityreport2024.pdf
Attijariwafa bank Egypt,2023,Social,Internet Banking Customers,Number of Internet Banking Customers,42519,customers,Total,Egypt,1755079026_230_6761280_sustainabilityreport2024.pdf
Attijariwafa bank Egypt,2024,Financial,Public Sector Portfolio Percentage,Public Sector % of the Portfolio,13,%,Total,Egypt,1755079026_230_6761280_sustainabilityreport2024.pdf
Attijariwafa bank Egypt,2023,Financial,Public Sector Portfolio Percentage,Public Sector % of the Portfolio,11,%,Total,Egypt,1755079026_230_6761280_sustainabilityreport2024.pdf
Attijariwafa bank Egypt,2024,Financial,Sector Concentration - Food & Beverage,Percentage of portfolio net limits in Food & Beverage sector,16.51,%,Total,Egypt,1755079026_230_6761280_sustainabilityreport2024.pdf
Attijariwafa bank Egypt,2023,Financial,Sector Concentration - Food & Beverage,Percentage of portfolio net limits in Food & Beverage sector,15.37,%,Total,Egypt,1755079026_230_6761280_sustainabilityreport2024.pdf
Attijariwafa bank Egypt,2024,Financial,Sector Concentration - Construction,Percentage of portfolio net limits in Construction sector (including water treatment & drainage),10.90,%,Total,Egypt,1755079026_230_6761280_sustainabilityreport2024.pdf
Attijariwafa bank Egypt,2023,Financial,Sector Concentration - Construction,Percentage of portfolio net limits in Construction sector (including water treatment & drainage),11.78,%,Total,Egypt,1755079026_230_6761280_sustainabilityreport2024.pdf
Attijariwafa bank Egypt,2024,Financial,Sector Concentration - Building Materials,Percentage of portfolio net limits in Building Materials sector,9.98,%,Total,Egypt,1755079026_230_6761280_sustainabilityreport2024.pdf
Attijariwafa bank Egypt,2023,Financial,Sector Concentration - Building Materials,Percentage of portfolio net limits in Building Materials sector,8.93,%,Total,Egypt,1755079026_230_6761280_sustainabilityreport2024.pdf
Attijariwafa bank Egypt,2024,Financial,Sector Concentration - Non-Bank Financial Institutions,Percentage of portfolio net limits in Non-Bank Financial Institutions sector,9.71,%,Total,Egypt,1755079026_230_6761280_sustainabilityreport2024.pdf
Attijariwafa bank Egypt,2023,Financial,Sector Concentration - Non-Bank Financial Institutions,Percentage of portfolio net limits in Non-Bank Financial Institutions sector,12.97,%,Total,Egypt,1755079026_230_6761280_sustainabilityreport2024.pdf
Attijariwafa bank Egypt,2024,Financial,Sector Concentration - Pharmaceutical and Health Care,Percentage of portfolio net limits in Pharmaceutical and Health Care sector,8.88,%,Total,Egypt,1755079026_230_6761280_sustainabilityreport2024.pdf
Attijariwafa bank Egypt,2023,Financial,Sector Concentration - Pharmaceutical and Health Care,Percentage of portfolio net limits in Pharmaceutical and Health Care sector,9.78,%,Total,Egypt,1755079026_230_6761280_sustainabilityreport2024.pdf
Attijariwafa bank Egypt,2024,Financial,Sector Concentration - Telecommunication,Percentage of portfolio net limits in Telecommunication sector,7.16,%,Total,Egypt,1755079026_230_6761280_sustainabilityreport2024.pdf
Attijariwafa bank Egypt,2023,Financial,Sector Concentration - Telecommunication,Percentage of portfolio net limits in Telecommunication sector,5.26,%,Total,Egypt,1755079026_230_6761280_sustainabilityreport2024.pdf
Attijariwafa bank Egypt,2024,Financial,"Sector Concentration - Cables, Lighting Equipment, and Transformers","Percentage of portfolio net limits in Cables, Lighting Equipment, and Transformers sector",6.21,%,Total,Egypt,1755079026_230_6761280_sustainabilityreport2024.pdf
Attijariwafa bank Egypt,2023,Financial,"Sector Concentration - Cables, Lighting Equipment, and Transformers","Percentage of portfolio net limits in Cables, Lighting Equipment, and Transformers sector",6.49,%,Total,Egypt,1755079026_230_6761280_sustainabilityreport2024.pdf
Attijariwafa bank Egypt,2024,Financial,Sector Concentration - Oil and Gas,Percentage of portfolio net limits in Oil and Gas sector,4.47,%,Total,Egypt,1755079026_230_6761280_sustainabilityreport2024.pdf
Attijariwafa bank Egypt,2023,Financial,Sector Concentration - Oil and Gas,Percentage of portfolio net limits in Oil and Gas sector,3.18,%,Total,Egypt,1755079026_230_6761280_sustainabilityreport2024.pdf
Attijariwafa bank Egypt,2024,Financial,Sector Concentration - Textiles and Garments,Percentage of portfolio net limits in Textiles and Garments sector,3.66,%,Total,Egypt,1755079026_230_6761280_sustainabilityreport2024.pdf
Attijariwafa bank Egypt,2023,Financial,Sector Concentration - Textiles and Garments,Percentage of portfolio net limits in Textiles and Garments sector,3.79,%,Total,Egypt,1755079026_230_6761280_sustainabilityreport2024.pdf
Attijariwafa bank Egypt,2024,Financial,"Sector Concentration - Paper, Printing and Packaging","Percentage of portfolio net limits in Paper, Printing and Packaging sector",2.97,%,Total,Egypt,1755079026_230_6761280_sustainabilityreport2024.pdf
Attijariwafa bank Egypt,2023,Financial,"Sector Concentration - Paper, Printing and Packaging","Percentage of portfolio net limits in Paper, Printing and Packaging sector",3.29,%,Total,Egypt,1755079026_230_6761280_sustainabilityreport2024.pdf
Attijariwafa bank Egypt,2024,Social,Community Investment,Children supported through Man Ahyaha Association,50,children,Total,Egypt,1755079026_230_6761280_sustainabilityreport2024.pdf
Attijariwafa bank Egypt,2024,Social,Community Investment,Students covered through Takatof Association for Imbaba Community School,35,students,Total,Egypt,1755079026_230_6761280_sustainabilityreport2024.pdf
Attijariwafa bank Egypt,2024,Social,Community Investment,Beneficiaries supported through Community Development Center of Takatof Association,123,beneficiaries,Total,Egypt,1755079026_230_6761280_sustainabilityreport2024.pdf
Attijariwafa bank Egypt,2024,Social,Community Investment,Micro projects financed for beneficiaries with El Orman Association,100,beneficiaries,Total,Egypt,1755079026_230_6761280_sustainabilityreport2024.pdf
Attijariwafa bank Egypt,2024,Social,Community Investment,Fishermen supported in Kafr El Sheik through Sonaa ElKheir Association,12,fishermen,Total,Egypt,1755079026_230_6761280_sustainabilityreport2024.pdf
Attijariwafa bank Egypt,2024,Social,Community Investment,PWDs supported with customized industrial prosthetic limbs through Hand in Hand Association,54,PWDs,Total,Egypt,1755079026_230_6761280_sustainabilityreport2024.pdf
Attijariwafa bank Egypt,2024,Social,Community Investment,Sustainable Workshops provided for beneficiaries in Ezbet Khairallah,6,workshops,Total,Egypt,1755079026_230_6761280_sustainabilityreport2024.pdf
Attijariwafa bank Egypt,2024,Social,Community Investment,Beneficiaries of Sustainable Workshops in Ezbet Khairallah,80,beneficiaries,Total,Egypt,1755079026_230_6761280_sustainabilityreport2024.pdf
Attijariwafa bank Egypt,2024,Financial,SME Lending Program Limit,Fast Track Lending Program credit facility limit for SMEs,6,EGP Million,Total,Egypt,1755079026_230_6761280_sustainabilityreport2024.pdf
Attijariwafa bank Egypt,2024,Financial,SME Lending Program Limit,Business Loan limit for SMEs,10,EGP Million,Total,Egypt,1755079026_230_6761280_sustainabilityreport2024.pdf
Attijariwafa bank Egypt,2024,Financial,SME Lending Program Sales Turnover,Accelerator credit facility target sales turnover for small enterprises,1,EGP Million,Min,Egypt,1755079026_230_6761280_sustainabilityreport2024.pdf
Attijariwafa bank Egypt,2024,Financial,SME Lending Program Sales Turnover,Accelerator credit facility target sales turnover for small enterprises,2,EGP Million,Max,Egypt,1755079026_230_6761280_sustainabilityreport2024.pdf
Attijariwafa bank Egypt,2024,Financial,Doctors Loan Limit,Doctors Loan limit for clinic equipment finance,2,EGP Million,Total,Egypt,1755079026_230_6761280_sustainabilityreport2024.pdf
Attijariwafa bank Egypt,2024,Financial,Doctors Loan Tenor,Doctors Loan tenor,120,monthly installments,Total,Egypt,1755079026_230_6761280_sustainabilityreport2024.pdf
Attijariwafa bank Egypt,2024,Financial,Doctors Loan Interest Rate,Doctors Loan interest rate (CBE initiative rate),5,%,Total,Egypt,1755079026_230_6761280_sustainabilityreport2024.pdf
Attijariwafa bank Egypt,2024,Social,NilePreneurs Program Client Base,NilePreneurs program client base,1564,customers,Total,Egypt,1755079026_230_6761280_sustainabilityreport2024.pdf
Attijariwafa bank Egypt,2023,Social,NilePreneurs Program Client Base,NilePreneurs program client base,1311,customers,Total,Egypt,1755079026_230_6761280_sustainabilityreport2024.pdf
Attijariwafa bank Egypt,2024,Financial,NilePreneurs Program Loans Extended,Loans extended to NilePreneurs segment,56.5,EGP Million,Total,Egypt,1755079026_230_6761280_sustainabilityreport2024.pdf
Attijariwafa bank Egypt,2024,Social,NilePreneurs Program Advisory Services,Advisory services provided through NilePreneurs program,3058,services,Total,Egypt,1755079026_230_6761280_sustainabilityreport2024.pdf
Attijariwafa bank Egypt,2024,Social,Customer Engagement,Customers attended CBAM orientation event,54,customers,Total,Egypt,1755079026_230_6761280_sustainabilityreport2024.pdf
Attijariwafa bank Egypt,2024,Social,Customer Engagement,Companies represented at CBAM orientation event,41,companies,Total,Egypt,1755079026_230_6761280_sustainabilityreport2024.pdf
Attijariwafa bank Egypt,2024,Social,Customer Engagement,Egyptian participants in Egypt-Cote D’Ivoire Business Bridge,31,participants,Total,Egypt,1755079026_230_6761280_sustainabilityreport2024.pdf
Attijariwafa bank Egypt,2024,Social,Customer Engagement,Egyptian enterprises in Egypt-Cote D’Ivoire Business Bridge,22,enterprises,Total,Egypt,1755079026_230_6761280_sustainabilityreport2024.pdf
Attijariwafa bank Group,2024,Social,Customer Engagement,B2B Matchmaking events facilitated at International Africa Development Forum,4000,events,Total,Morocco,1755079026_230_6761280_sustainabilityreport2024.pdf
Attijariwafa bank Group,2024,Social,Customer Engagement,Countries participating in B2B Matchmaking events at International Africa Development Forum,30,countries,Total,Morocco,1755079026_230_6761280_sustainabilityreport2024.pdf
Attijariwafa bank Group,2024,Social,Customer Engagement,Participants at International Africa Development Forum,2000,participants,Total,Morocco,1755079026_230_6761280_sustainabilityreport2024.pdf
Attijariwafa bank Group,2024,Social,Customer Engagement,African countries with delegation at Investment Marketplace,11,countries,Total,Morocco,1755079026_230_6761280_sustainabilityreport2024.pdf
Attijariwafa bank Egypt,2024,Social,Customer Onboarding,Companies onboarded during International Africa Development Forum,131,companies,Total,Egypt,1755079026_230_6761280_sustainabilityreport2024.pdf
Attijariwafa bank Egypt,2024,Social,Customer Onboarding,Customers onboarded during International Africa Development Forum,184,customers,Total,Egypt,1755079026_230_6761280_sustainabilityreport2024.pdf
Attijariwafa bank Egypt,2024,Social,Customer Engagement,Egyptian participants in Multi Sectoral Mission (June),183,participants,Total,Egypt,1755079026_230_6761280_sustainabilityreport2024.pdf
Attijariwafa bank Egypt,2024,Social,Customer Engagement,Egyptian enterprises in Multi Sectoral Mission (June),131,enterprises,Total,Egypt,1755079026_230_6761280_sustainabilityreport2024.pdf
Attijariwafa bank Egypt,2024,Financial,Green Finance,IFC Tier 2 qualifying subordinated debt,20000000,USD,Total,Egypt,1755079026_230_6761280_sustainabilityreport2024.pdf
Attijariwafa bank Egypt,2024,Social,Customer Satisfaction (CSAT),Overall CSAT scores compared to H2 2023,8,points,H2,Egypt,1755079026_230_6761280_sustainabilityreport2024.pdf
Attijariwafa bank Egypt,2024,Social,Customer Satisfaction (CSAT),Premier segment satisfaction increase,4,%,Total,Egypt,1755079026_230_6761280_sustainabilityreport2024.pdf
Attijariwafa bank Egypt,2023,Social,Net Promoter Score (NPS),NPS for H2 2023 compared to H2 2022,13,points,H2,Egypt,1755079026_230_6761280_sustainabilityreport2024.pdf
Attijariwafa bank Egypt,2023,Social,Mystery Shopping Score Improvement,Average mystery shopping visit scores improvement compared to 2022,3,%,Total,Egypt,1755079026_230_6761280_sustainabilityreport2024.pdf
Attijariwafa bank Egypt,2023,Social,Mystery Shopping Score Improvement,Mystery shopping scores improvement for H1 2023 over H2 2022,6,%,H1,Egypt,1755079026_230_6761280_sustainabilityreport2024.pdf
Attijariwafa bank Egypt,2024,Social,Mystery Shopping Score Range,Mystery shopping scores range,87,%,Min,Egypt,1755079026_230_6761280_sustainabilityreport2024.pdf
Attijariwafa bank Egypt,2024,Social,Mystery Shopping Score Range,Mystery shopping scores range,89,%,Max,Egypt,1755079026_230_6761280_sustainabilityreport2024.pdf
Attijariwafa bank Egypt,2024,Social,Mystery Shopping Score Improvement,Mystery shopping scores improvement for H2 2024 over H1 2024,2,%,H2,Egypt,1755079026_230_6761280_sustainabilityreport2024.pdf
Attijariwafa bank Egypt,2024,Social,Employee Training,Employees received customer protection training,508,employees,Total,Egypt,1755079026_230_6761280_sustainabilityreport2024.pdf
Attijariwafa bank Egypt,2024,Social,Complaint Management,Number of complaints per 1000 customers,33,complaints/1000 customers,Total,Egypt,1755079026_230_6761280_sustainabilityreport2024.pdf
Attijariwafa bank Egypt,2023,Social,Complaint Management,Number of complaints per 1000 customers,51,complaints/1000 customers,Total,Egypt,1755079026_230_6761280_sustainabilityreport2024.pdf
Attijariwafa bank Group,2024,Financial,Sustainability Investments,Investment in Casablanca’s desalinization plant,189,MAD Million,Total,Morocco,1755079026_230_6761280_sustainabilityreport2024.pdf
Attijariwafa bank Group,2024,Financial,Sustainability Investments,Total investment required for Casablanca’s desalinization plant,6.5,MAD Billion,Total,Morocco,1755079026_230_6761280_sustainabilityreport2024.pdf
Attijariwafa bank Group,2024,Environmental,Water Production Capacity,Casablanca’s desalinization plant production capacity,300000000,m3 per year,Total,Morocco,1755079026_230_6761280_sustainabilityreport2024.pdf
Attijariwafa bank Group,2024,Social,Population Served,Population served by Casablanca’s desalinization plant,7.5,million people,Total,Morocco,1755079026_230_6761280_sustainabilityreport2024.pdf
Attijariwafa bank Egypt,2024,Social,Employee Training,Employees trained on critical sustainability topics,984,employees,Total,Egypt,1755079026_230_6761280_sustainabilityreport2024.pdf
Attijariwafa bank Egypt,2024,Social,Financial Inclusion,Increase in financially included customers compared to 2023,32,%,Total,Egypt,1755079026_230_6761280_sustainabilityreport2024.pdf
Attijariwafa bank Egypt,2024,Social,Financial Inclusion,External sessions conducted by Financial Inclusion team,43,sessions,Total,Egypt,1755079026_230_6761280_sustainabilityreport2024.pdf
Attijariwafa bank Egypt,2024,Social,Financial Inclusion,Increase in external sessions compared to 2023,38,%,Total,Egypt,1755079026_230_6761280_sustainabilityreport2024.pdf
Attijariwafa bank Egypt,2024,Social,Financial Inclusion,Attendees at external sessions,2544,attendees,Total,Egypt,1755079026_230_6761280_sustainabilityreport2024.pdf
Attijariwafa bank Egypt,2023,Social,Financial Inclusion,Attendees at external sessions,1587,attendees,Total,Egypt,1755079026_230_6761280_sustainabilityreport2024.pdf
Attijariwafa bank Egypt,2024,Social,Financial Inclusion,Internal awareness conference calls for staff,17,calls,Total,Egypt,1755079026_230_6761280_sustainabilityreport2024.pdf
Attijariwafa bank Egypt,2024,Social,Financial Inclusion,Participants in internal awareness conference calls,653,participants,Total,Egypt,1755079026_230_6761280_sustainabilityreport2024.pdf
Attijariwafa bank Egypt,2024,Financial,Microfinancing,Total microloans extended through NBFIs under Hayah Karima initiative,1.5,EGP Billion,Total,Egypt,1755079026_230_6761280_sustainabilityreport2024.pdf
Attijariwafa bank Egypt,2024,Social,Microfinancing,Residents benefiting from microloans under Hayah Karima initiative,35000,residents,Total,Egypt,1755079026_230_6761280_sustainabilityreport2024.pdf
Attijariwafa bank Egypt,2024,Social,Microfinancing,Governorates covered by Hayah Karima initiative efforts,25,governorates,Total,Egypt,1755079026_230_6761280_sustainabilityreport2024.pdf
Attijariwafa bank Egypt,2024,Social,PWD Services,Branches equipped to serve PWD customers,17,branches,Total,Egypt,1755079026_230_6761280_sustainabilityreport2024.pdf
Attijariwafa bank Egypt,2024,Social,PWD Services,Staff members trained in sign language per PWD-equipped branch (minimum),2,staff,Total,Egypt,1755079026_230_6761280_sustainabilityreport2024.pdf
Attijariwafa bank Egypt,2024,Social,PWD Services,Number of PWD-friendly ATMs,59,ATMs,Total,Egypt,1755079026_230_6761280_sustainabilityreport2024.pdf
Attijariwafa bank Egypt,2024,Social,SME Business Network,Number of SME & Midcap Business Network centers,22,centers,Total,Egypt,1755079026_230_6761280_sustainabilityreport2024.pdf
Attijariwafa bank Egypt,2024,Governance,Board Composition,Total number of Board of Directors members,10,members,Total,Egypt,1755079026_230_6761280_sustainabilityreport2024.pdf
Attijariwafa bank Egypt,2023,Governance,Board Composition,Total number of Board of Directors members,9,members,Total,Egypt,1755079026_230_6761280_sustainabilityreport2024.pdf
Attijariwafa bank Egypt,2024,Governance,Board Diversity - Women,Number of women on Board of Directors,3,women,Total,Egypt,1755079026_230_6761280_sustainabilityreport2024.pdf
Attijariwafa bank Egypt,2023,Governance,Board Diversity - Women,Number of women on Board of Directors,3,women,Total,Egypt,1755079026_230_6761280_sustainabilityreport2024.pdf
Attijariwafa bank Egypt,2024,Governance,Board Diversity - Women Percentage,Percentage of women on Board of Directors,30,%,Total,Egypt,1755079026_230_6761280_sustainabilityreport2024.pdf
Attijariwafa bank Egypt,2023,Governance,Board Diversity - Women Percentage,Percentage of women on Board of Directors,33,%,Total,Egypt,1755079026_230_6761280_sustainabilityreport2024.pdf
Attijariwafa bank Egypt,2024,Governance,Board Diversity - Age Group,Percentage of BOD members under the age of 35,0,%,Total,Egypt,1755079026_230_6761280_sustainabilityreport2024.pdf
Attijariwafa bank Egypt,2023,Governance,Board Diversity - Age Group,Percentage of BOD members under the age of 35,0,%,Total,Egypt,1755079026_230_6761280_sustainabilityreport2024.pdf
Attijariwafa bank Egypt,2024,Governance,Board Diversity - Age Group,Percentage of BOD members between the age of 36 and 55,50,%,Total,Egypt,1755079026_230_6761280_sustainabilityreport2024.pdf
Attijariwafa bank Egypt,2023,Governance,Board Diversity - Age Group,Percentage of BOD members between the age of 36 and 55,44,%,Total,Egypt,1755079026_230_6761280_sustainabilityreport2024.pdf
Attijariwafa bank Egypt,2024,Governance,Board Diversity - Age Group,Percentage of BOD members above the age of 55,50,%,Total,Egypt,1755079026_230_6761280_sustainabilityreport2024.pdf
Attijariwafa bank Egypt,2023,Governance,Board Diversity - Age Group,Percentage of BOD members above the age of 55,56,%,Total,Egypt,1755079026_230_6761280_sustainabilityreport2024.pdf
Attijariwafa bank Egypt,2024,Governance,Board Meetings,Number of Board of Directors meetings,6,meetings,Total,Egypt,1755079026_230_6761280_sustainabilityreport2024.pdf
Attijariwafa bank Egypt,2024,Governance,Board Committee Meetings,Number of Board Risk Committee meetings,4,meetings,Total,Egypt,1755079026_230_6761280_sustainabilityreport2024.pdf
Attijariwafa bank Egypt,2024,Governance,Board Committee Meetings,Number of Subsidiary Audit Committee meetings,4,meetings,Total,Egypt,1755079026_230_6761280_sustainabilityreport2024.pdf
Attijariwafa bank Egypt,2024,Governance,Board Committee Meetings,Number of Remuneration Committee meetings,2,meetings,Total,Egypt,1755079026_230_6761280_sustainabilityreport2024.pdf
Attijariwafa bank Egypt,2024,Governance,Board Committee Meetings,Number of Governance & Nomination Committee meetings,2,meetings,Total,Egypt,1755079026_230_6761280_sustainabilityreport2024.pdf
Attijariwafa bank Egypt,2024,Social,Training Hours,Total training hours delivered,53499,hours,Total,Egypt,1755079026_230_6761280_sustainabilityreport2024.pdf
Attijariwafa bank Egypt,2024,Social,Training Hours,Face-to-face training hours,50220,hours,Total,Egypt,1755079026_230_6761280_sustainabilityreport2024.pdf
Attijariwafa bank Egypt,2024,Social,Training Hours,Online training hours,3279,hours,Total,Egypt,1755079026_230_6761280_sustainabilityreport2024.pdf
Attijariwafa bank Egypt,2024,Social,Employee Training,"Employees trained through Corporate, RM, and Ops Academies",45,employees,Total,Egypt,1755079026_230_6761280_sustainabilityreport2024.pdf
Attijariwafa bank Egypt,2024,Social,Employee Training Programs,Number of self-learning programs available,10000,programs,Total,Egypt,1755079026_230_6761280_sustainabilityreport2024.pdf
Attijariwafa bank Egypt,2024,Governance,Anti-Corruption Training,New joiners received anti-corruption training during induction,252,employees,Total,Egypt,1755079026_230_6761280_sustainabilityreport2024.pdf
Attijariwafa bank Egypt,2024,Governance,Anti-Corruption Training,Existing employees completed online anti-corruption training,1104,employees,Total,Egypt,1755079026_230_6761280_sustainabilityreport2024.pdf
Attijariwafa bank Egypt,2024,Social,Health and Safety Metrics,Number of First Aid Champions,131,champions,Total,Egypt,1755079026_230_6761280_sustainabilityreport2024.pdf
Attijariwafa bank Egypt,2024,Social,Health and Safety Metrics,Number of Fire Fighters Champions,394,champions,Total,Egypt,1755079026_230_6761280_sustainabilityreport2024.pdf
Attijariwafa bank Egypt,2024,Social,Health and Safety Metrics,Number of Evacuation and Transportation Team Champions,168,champions,Total,Egypt,1755079026_230_6761280_sustainabilityreport2024.pdf
Attijariwafa bank Egypt,2024,Social,Health and Safety Metrics,Number of Security & Searching Team Champions,162,champions,Total,Egypt,1755079026_230_6761280_sustainabilityreport2024.pdf
Attijariwafa bank Egypt,2024,Social,Workforce,Total workforce,1463,employees,Total,Egypt,1755079026_230_6761280_sustainabilityreport2024.pdf
Attijariwafa bank Egypt,2023,Social,Workforce,Total workforce,1392,employees,Total,Egypt,1755079026_230_6761280_sustainabilityreport2024.pdf
Attijariwafa bank Egypt,2022,Social,Workforce,Total workforce,1325,employees,Total,Egypt,1755079026_230_6761280_sustainabilityreport2024.pdf
Attijariwafa bank Egypt,2024,Social,Employee Diversity - Gender,Number of women in total workforce,573,women,Total,Egypt,1755079026_230_6761280_sustainabilityreport2024.pdf
Attijariwafa bank Egypt,2023,Social,Employee Diversity - Gender,Number of women in total workforce,531,women,Total,Egypt,1755079026_230_6761280_sustainabilityreport2024.pdf
Attijariwafa bank Egypt,2022,Social,Employee Diversity - Gender,Number of women in total workforce,517,women,Total,Egypt,1755079026_230_6761280_sustainabilityreport2024.pdf
Attijariwafa bank Egypt,2024,Social,Employee Diversity - Gender Percentage,Percentage of women in total workforce,39,%,Total,Egypt,1755079026_230_6761280_sustainabilityreport2024.pdf
Attijariwafa bank Egypt,2023,Social,Employee Diversity - Gender Percentage,Percentage of women in total workforce,38,%,Total,Egypt,1755079026_230_6761280_sustainabilityreport2024.pdf
Attijariwafa bank Egypt,2022,Social,Employee Diversity - Gender Percentage,Percentage of women in total workforce,39,%,Total,Egypt,1755079026_230_6761280_sustainabilityreport2024.pdf
Attijariwafa bank Egypt,2024,Social,Summer Interns,Number of summer interns,200,interns,Total,Egypt,1755079026_230_6761280_sustainabilityreport2024.pdf
Attijariwafa bank Egypt,2023,Social,Summer Interns,Number of summer interns,159,interns,Total,Egypt,1755079026_230_6761280_sustainabilityreport2024.pdf
Attijariwafa bank Egypt,2022,Social,Summer Interns,Number of summer interns,116,interns,Total,Egypt,1755079026_230_6761280_sustainabilityreport2024.pdf
Attijariwafa bank Egypt,2024,Social,Contract Type,Percentage of open ended contracts,44,%,Total,Egypt,1755079026_230_6761280_sustainabilityreport2024.pdf
Attijariwafa bank Egypt,2023,Social,Contract Type,Percentage of open ended contracts,45,%,Total,Egypt,1755079026_230_6761280_sustainabilityreport2024.pdf
Attijariwafa bank Egypt,2022,Social,Contract Type,Percentage of open ended contracts,46,%,Total,Egypt,1755079026_230_6761280_sustainabilityreport2024.pdf
Attijariwafa bank Egypt,2024,Social,Contract Type,Percentage of temporary contracts,56,%,Total,Egypt,1755079026_230_6761280_sustainabilityreport2024.pdf
Attijariwafa bank Egypt,2023,Social,Contract Type,Percentage of temporary contracts,55,%,Total,Egypt,1755079026_230_6761280_sustainabilityreport2024.pdf
Attijariwafa bank Egypt,2022,Social,Contract Type,Percentage of temporary contracts,54,%,Total,Egypt,1755079026_230_6761280_sustainabilityreport2024.pdf
Attijariwafa bank Egypt,2024,Social,New Hires,Number of new hires,293,employees,Total,Egypt,1755079026_230_6761280_sustainabilityreport2024.pdf
Attijariwafa bank Egypt,2023,Social,New Hires,Number of new hires,226,employees,Total,Egypt,1755079026_230_6761280_sustainabilityreport2024.pdf
Attijariwafa bank Egypt,2022,Social,New Hires,Number of new hires,280,employees,Total,Egypt,1755079026_230_6761280_sustainabilityreport2024.pdf
Attijariwafa bank Egypt,2024,Social,New Hires - Women,Number of women new hires,128,women,Total,Egypt,1755079026_230_6761280_sustainabilityreport2024.pdf
Attijariwafa bank Egypt,2023,Social,New Hires - Women,Number of women new hires,83,women,Total,Egypt,1755079026_230_6761280_sustainabilityreport2024.pdf
Attijariwafa bank Egypt,2022,Social,New Hires - Women,Number of women new hires,122,women,Total,Egypt,1755079026_230_6761280_sustainabilityreport2024.pdf
Attijariwafa bank Egypt,2024,Social,New Hires - Women Percentage,Percentage of women new hires,44,%,Total,Egypt,1755079026_230_6761280_sustainabilityreport2024.pdf
Attijariwafa bank Egypt,2023,Social,New Hires - Women Percentage,Percentage of women new hires,37,%,Total,Egypt,1755079026_230_6761280_sustainabilityreport2024.pdf
Attijariwafa bank Egypt,2022,Social,New Hires - Women Percentage,Percentage of women new hires,44,%,Total,Egypt,1755079026_230_6761280_sustainabilityreport2024.pdf
Attijariwafa bank Egypt,2024,Social,Layoffs,Number of layoffs,0,employees,Total,Egypt,1755079026_230_6761280_sustainabilityreport2024.pdf
Attijariwafa bank Egypt,2023,Social,Layoffs,Number of layoffs,0,employees,Total,Egypt,1755079026_230_6761280_sustainabilityreport2024.pdf
Attijariwafa bank Egypt,2022,Social,Layoffs,Number of layoffs,0,employees,Total,Egypt,1755079026_230_6761280_sustainabilityreport2024.pdf
Attijariwafa bank Egypt,2024,Social,Resignation Rate,Resignation rate (number of employees),204,employees,Total,Egypt,1755079026_230_6761280_sustainabilityreport2024.pdf
Attijariwafa bank Egypt,2023,Social,Resignation Rate,Resignation rate (number of employees),140,employees,Total,Egypt,1755079026_230_6761280_sustainabilityreport2024.pdf
Attijariwafa bank Egypt,2022,Social,Resignation Rate,Resignation rate (number of employees),262,employees,Total,Egypt,1755079026_230_6761280_sustainabilityreport2024.pdf
Attijariwafa bank Egypt,2024,Social,Resignation Rate Percentage,Resignation rate,13,%,Total,Egypt,1755079026_230_6761280_sustainabilityreport2024.pdf
Attijariwafa bank Egypt,2023,Social,Resignation Rate Percentage,Resignation rate,10,%,Total,Egypt,1755079026_230_6761280_sustainabilityreport2024.pdf
Attijariwafa bank Egypt,2022,Social,Resignation Rate Percentage,Resignation rate,20,%,Total,Egypt,1755079026_230_6761280_sustainabilityreport2024.pdf
Attijariwafa bank Egypt,2024,Social,Female Resignations Percentage,Percentage of female resignations,38,%,Total,Egypt,1755079026_230_6761280_sustainabilityreport2024.pdf
Attijariwafa bank Egypt,2023,Social,Female Resignations Percentage,Percentage of female resignations,45,%,Total,Egypt,1755079026_230_6761280_sustainabilityreport2024.pdf
Attijariwafa bank Egypt,2022,Social,Female Resignations Percentage,Percentage of female resignations,36,%,Total,Egypt,1755079026_230_6761280_sustainabilityreport2024.pdf
Attijariwafa bank Egypt,2024,Social,Employee Diversity - Age Group,Percentage of employees under the age of 35,54,%,Total,Egypt,1755079026_230_6761280_sustainabilityreport2024.pdf
Attijariwafa bank Egypt,2023,Social,Employee Diversity - Age Group,Percentage of employees under the age of 35,50,%,Total,Egypt,1755079026_230_6761280_sustainabilityreport2024.pdf
Attijariwafa bank Egypt,2022,Social,Employee Diversity - Age Group,Percentage of employees under the age of 35,54,%,Total,Egypt,1755079026_230_6761280_sustainabilityreport2024.pdf
Attijariwafa bank Egypt,2024,Social,Employee Diversity - Age Group,Percentage of employees between the age of 36 and 55,44,%,Total,Egypt,1755079026_230_6761280_sustainabilityreport2024.pdf
Attijariwafa bank Egypt,2023,Social,Employee Diversity - Age Group,Percentage of employees between the age of 36 and 55,48,%,Total,Egypt,1755079026_230_6761280_sustainabilityreport2024.pdf
Attijariwafa bank Egypt,2022,Social,Employee Diversity - Age Group,Percentage of employees between the age of 36 and 55,43,%,Total,Egypt,1755079026_230_6761280_sustainabilityreport2024.pdf
Attijariwafa bank Egypt,2024,Social,Employee Diversity - Age Group,Percentage of employees above the age of 55,2,%,Total,Egypt,1755079026_230_6761280_sustainabilityreport2024.pdf
Attijariwafa bank Egypt,2023,Social,Employee Diversity - Age Group,Percentage of employees above the age of 55,2,%,Total,Egypt,1755079026_230_6761280_sustainabilityreport2024.pdf
Attijariwafa bank Egypt,2022,Social,Employee Diversity - Age Group,Percentage of employees above the age of 55,2,%,Total,Egypt,1755079026_230_6761280_sustainabilityreport2024.pdf
Attijariwafa bank Egypt,2024,Governance,Senior Executives (CEC members),Percentage of senior executives (CEC members),1,%,Total,Egypt,1755079026_230_6761280_sustainabilityreport2024.pdf
Attijariwafa bank Egypt,2023,Governance,Senior Executives (CEC members),Percentage of senior executives (CEC members),1,%,Total,Egypt,1755079026_230_6761280_sustainabilityreport2024.pdf
Attijariwafa bank Egypt,2022,Governance,Senior Executives (CEC members),Percentage of senior executives (CEC members),1,%,Total,Egypt,1755079026_230_6761280_sustainabilityreport2024.pdf
Attijariwafa bank Egypt,2024,Governance,Senior Executives - Women Percentage,Percentage of women senior executives (CEC members),23,%,Total,Egypt,1755079026_230_6761280_sustainabilityreport2024.pdf
Attijariwafa bank Egypt,2023,Governance,Senior Executives - Women Percentage,Percentage of women senior executives (CEC members),19,%,Total,Egypt,1755079026_230_6761280_sustainabilityreport2024.pdf
Attijariwafa bank Egypt,2022,Governance,Senior Executives - Women Percentage,Percentage of women senior executives (CEC members),18,%,Total,Egypt,1755079026_230_6761280_sustainabilityreport2024.pdf
Attijariwafa bank Egypt,2024,Social,Senior Management Percentage,Percentage of senior management,4,%,Total,Egypt,1755079026_230_6761280_sustainabilityreport2024.pdf
Attijariwafa bank Egypt,2023,Social,Senior Management Percentage,Percentage of senior management,5,%,Total,Egypt,1755079026_230_6761280_sustainabilityreport2024.pdf
Attijariwafa bank Egypt,2022,Social,Senior Management Percentage,Percentage of senior management,5,%,Total,Egypt,1755079026_230_6761280_sustainabilityreport2024.pdf
Attijariwafa bank Egypt,2024,Social,Senior Management - Women Percentage,Percentage of women in senior management,31,%,Total,Egypt,1755079026_230_6761280_sustainabilityreport2024.pdf
Attijariwafa bank Egypt,2023,Social,Senior Management - Women Percentage,Percentage of women in senior management,35,%,Total,Egypt,1755079026_230_6761280_sustainabilityreport2024.pdf
Attijariwafa bank Egypt,2022,Social,Senior Management - Women Percentage,Percentage of women in senior management,34,%,Total,Egypt,1755079026_230_6761280_sustainabilityreport2024.pdf
Attijariwafa bank Egypt,2024,Social,Maternity Leave,Number of departures on maternity leave,30,departures,Total,Egypt,1755079026_230_6761280_sustainabilityreport2024.pdf
Attijariwafa bank Egypt,2023,Social,Maternity Leave,Number of departures on maternity leave,33,departures,Total,Egypt,1755079026_230_6761280_sustainabilityreport2024.pdf
Attijariwafa bank Egypt,2022,Social,Maternity Leave,Number of departures on maternity leave,31,departures,Total,Egypt,1755079026_230_6761280_sustainabilityreport2024.pdf
Attijariwafa bank Egypt,2024,Social,Maternity Leave,Number of returns from maternity leave,18,returns,Total,Egypt,1755079026_230_6761280_sustainabilityreport2024.pdf
Attijariwafa bank Egypt,2023,Social,Maternity Leave,Number of returns from maternity leave,21,returns,Total,Egypt,1755079026_230_6761280_sustainabilityreport2024.pdf
Attijariwafa bank Egypt,2022,Social,Maternity Leave,Number of returns from maternity leave,35,returns,Total,Egypt,1755079026_230_6761280_sustainabilityreport2024.pdf
Attijariwafa bank Egypt,2024,Social,Occupational Accident Frequency Rate,Occupational accident frequency rate,0,rate,Total,Egypt,1755079026_230_6761280_sustainabilityreport2024.pdf
Attijariwafa bank Egypt,2023,Social,Occupational Accident Frequency Rate,Occupational accident frequency rate,0,rate,Total,Egypt,1755079026_230_6761280_sustainabilityreport2024.pdf
Attijariwafa bank Egypt,2022,Social,Occupational Accident Frequency Rate,Occupational accident frequency rate,0,rate,Total,Egypt,1755079026_230_6761280_sustainabilityreport2024.pdf
Attijariwafa bank Egypt,2024,Social,Occupational Accident Severity Rate,Occupational accident severity rate,0,rate,Total,Egypt,1755079026_230_6761280_sustainabilityreport2024.pdf
Attijariwafa bank Egypt,2023,Social,Occupational Accident Severity Rate,Occupational accident severity rate,0,rate,Total,Egypt,1755079026_230_6761280_sustainabilityreport2024.pdf
Attijariwafa bank Egypt,2022,Social,Occupational Accident Severity Rate,Occupational accident severity rate,0,rate,Total,Egypt,1755079026_230_6761280_sustainabilityreport2024.pdf
Attijariwafa bank Egypt,2024,Social,Total Training Days,Total number of training days,6687,days,Total,Egypt,1755079026_230_6761280_sustainabilityreport2024.pdf
Attijariwafa bank Egypt,2023,Social,Total Training Days,Total number of training days,12775,days,Total,Egypt,1755079026_230_6761280_sustainabilityreport2024.pdf
Attijariwafa bank Egypt,2022,Social,Total Training Days,Total number of training days,6702,days,Total,Egypt,1755079026_230_6761280_sustainabilityreport2024.pdf
Attijariwafa bank Egypt,2024,Social,Average Training Days per Employee,Average number of training days per employee,5,days,Total,Egypt,1755079026_230_6761280_sustainabilityreport2024.pdf
Attijariwafa bank Egypt,2023,Social,Average Training Days per Employee,Average number of training days per employee,9,days,Total,Egypt,1755079026_230_6761280_sustainabilityreport2024.pdf
Attijariwafa bank Egypt,2022,Social,Average Training Days per Employee,Average number of training days per employee,5,days,Total,Egypt,1755079026_230_6761280_sustainabilityreport2024.pdf
Attijariwafa bank Egypt,2024,Social,Employee Training Participation,Percentage of employees having attended at least one course,99,%,Total,Egypt,1755079026_230_6761280_sustainabilityreport2024.pdf
Attijariwafa bank Egypt,2023,Social,Employee Training Participation,Percentage of employees having attended at least one course,83,%,Total,Egypt,1755079026_230_6761280_sustainabilityreport2024.pdf
Attijariwafa bank Egypt,2022,Social,Employee Training Participation,Percentage of employees having attended at least one course,94,%,Total,Egypt,1755079026_230_6761280_sustainabilityreport2024.pdf
Attijariwafa bank Egypt,2024,Social,Internal Promotion Rate,Internal promotion rate (number of employees),357,employees,Total,Egypt,1755079026_230_6761280_sustainabilityreport2024.pdf
Attijariwafa bank Egypt,2023,Social,Internal Promotion Rate,Internal promotion rate (number of employees),373,employees,Total,Egypt,1755079026_230_6761280_sustainabilityreport2024.pdf
Attijariwafa bank Egypt,2022,Social,Internal Promotion Rate,Internal promotion rate (number of employees),236,employees,Total,Egypt,1755079026_230_6761280_sustainabilityreport2024.pdf
Attijariwafa bank Egypt,2024,Social,Internal Promotion Rate Percentage,Internal promotion rate,26,%,Total,Egypt,1755079026_230_6761280_sustainabilityreport2024.pdf
Attijariwafa bank Egypt,2023,Social,Internal Promotion Rate Percentage,Internal promotion rate,28,%,Total,Egypt,1755079026_230_6761280_sustainabilityreport2024.pdf
Attijariwafa bank Egypt,2022,Social,Internal Promotion Rate Percentage,Internal promotion rate,19,%,Total,Egypt,1755079026_230_6761280_sustainabilityreport2024.pdf
Attijariwafa bank Egypt,2024,Social,Performance Reviews,Percentage of employees benefiting from periodic performance reviews,95,%,Total,Egypt,1755079026_230_6761280_sustainabilityreport2024.pdf
Attijariwafa bank Egypt,2023,Social,Performance Reviews,Percentage of employees benefiting from periodic performance reviews,94,%,Total,Egypt,1755079026_230_6761280_sustainabilityreport2024.pdf
Attijariwafa bank Egypt,2022,Social,Performance Reviews,Percentage of employees benefiting from periodic performance reviews,94.20,%,Total,Egypt,1755079026_230_6761280_sustainabilityreport2024.pdf
Attijariwafa bank Egypt,2024,Social,Outsourced Employees,Number of outsourced employees,489,employees,Total,Egypt,1755079026_230_6761280_sustainabilityreport2024.pdf
Attijariwafa bank Egypt,2023,Social,Outsourced Employees,Number of outsourced employees,614,employees,Total,Egypt,1755079026_230_6761280_sustainabilityreport2024.pdf
Attijariwafa bank Egypt,2022,Social,Outsourced Employees,Number of outsourced employees,580,employees,Total,Egypt,1755079026_230_6761280_sustainabilityreport2024.pdf
Attijariwafa bank Egypt,2024,Social,Outsourced Employees - Women,Number of women outsourced employees,252,women,Total,Egypt,1755079026_230_6761280_sustainabilityreport2024.pdf
Attijariwafa bank Egypt,2023,Social,Outsourced Employees - Women,Number of women outsourced employees,335,women,Total,Egypt,1755079026_230_6761280_sustainabilityreport2024.pdf
Attijariwafa bank Egypt,2022,Social,Outsourced Employees - Women,Number of women outsourced employees,300,women,Total,Egypt,1755079026_230_6761280_sustainabilityreport2024.pdf
Attijariwafa bank Egypt,2024,Social,Outsourced Employees - Women Percentage,Percentage of women outsourced employees,51,%,Total,Egypt,1755079026_230_6761280_sustainabilityreport2024.pdf
Attijariwafa bank Egypt,2023,Social,Outsourced Employees - Women Percentage,Percentage of women outsourced employees,55,%,Total,Egypt,1755079026_230_6761280_sustainabilityreport2024.pdf
Attijariwafa bank Egypt,2022,Social,Outsourced Employees - Women Percentage,Percentage of women outsourced employees,52,%,Total,Egypt,1755079026_230_6761280_sustainabilityreport2024.pdf
Attijariwafa bank Egypt,2024,Social,Outsourced New Hires,Number of outsourced new hires,351,employees,Total,Egypt,1755079026_230_6761280_sustainabilityreport2024.pdf
Attijariwafa bank Egypt,2023,Social,Outsourced New Hires,Number of outsourced new hires,624,employees,Total,Egypt,1755079026_230_6761280_sustainabilityreport2024.pdf
Attijariwafa bank Egypt,2022,Social,Outsourced New Hires,Number of outsourced new hires,606,employees,Total,Egypt,1755079026_230_6761280_sustainabilityreport2024.pdf
Attijariwafa bank Egypt,2024,Social,Outsourced New Hires - Women,Number of women outsourced new hires,169,women,Total,Egypt,1755079026_230_6761280_sustainabilityreport2024.pdf
Attijariwafa bank Egypt,2023,Social,Outsourced New Hires - Women,Number of women outsourced new hires,322,women,Total,Egypt,1755079026_230_6761280_sustainabilityreport2024.pdf
Attijariwafa bank Egypt,2022,Social,Outsourced New Hires - Women,Number of women outsourced new hires,302,women,Total,Egypt,1755079026_230_6761280_sustainabilityreport2024.pdf
Attijariwafa bank Egypt,2024,Social,Outsourced New Hires - Women Percentage,Percentage of women outsourced new hires,48,%,Total,Egypt,1755079026_230_6761280_sustainabilityreport2024.pdf
Attijariwafa bank Egypt,2023,Social,Outsourced New Hires - Women Percentage,Percentage of women outsourced new hires,52,%,Total,Egypt,1755079026_230_6761280_sustainabilityreport2024.pdf
Attijariwafa bank Egypt,2022,Social,Outsourced New Hires - Women Percentage,Percentage of women outsourced new hires,50,%,Total,Egypt,1755079026_230_6761280_sustainabilityreport2024.pdf
Attijariwafa bank Egypt,2024,Social,Outsourced Resignations,Number of outsourced resignations,434,employees,Total,Egypt,1755079026_230_6761280_sustainabilityreport2024.pdf
Attijariwafa bank Egypt,2023,Social,Outsourced Resignations,Number of outsourced resignations,570,employees,Total,Egypt,1755079026_230_6761280_sustainabilityreport2024.pdf
Attijariwafa bank Egypt,2022,Social,Outsourced Resignations,Number of outsourced resignations,614,employees,Total,Egypt,1755079026_230_6761280_sustainabilityreport2024.pdf
Attijariwafa bank Egypt,2024,Social,Outsourced Resignations - Women,Number of women outsourced resignations,231,women,Total,Egypt,1755079026_230_6761280_sustainabilityreport2024.pdf
Attijariwafa bank Egypt,2023,Social,Outsourced Resignations - Women,Number of women outsourced resignations,279,women,Total,Egypt,1755079026_230_6761280_sustainabilityreport2024.pdf
Attijariwafa bank Egypt,2022,Social,Outsourced Resignations - Women,Number of women outsourced resignations,318,women,Total,Egypt,1755079026_230_6761280_sustainabilityreport2024.pdf
Attijariwafa bank Egypt,2024,Environmental,GHG Emissions,GHG emissions from owned cars,68.78,tCO2e,Scope 1,Egypt,1755079026_230_6761280_sustainabilityreport2024.pdf
Attijariwafa bank Egypt,2024,Environmental,GHG Emissions,GHG emissions from refrigerant use,1081.92,tCO2e,Scope 1,Egypt,1755079026_230_6761280_sustainabilityreport2024.pdf
Attijariwafa bank Egypt,2024,Environmental,GHG Emissions,GHG emissions from diesel consumption,197.4,tCO2e,Scope 1,Egypt,1755079026_230_6761280_sustainabilityreport2024.pdf
Attijariwafa bank Egypt,2024,Environmental,GHG Emissions,GHG emissions from electricity consumption,4668.12,tCO2e,Scope 2,Egypt,1755079026_230_6761280_sustainabilityreport2024.pdf
Attijariwafa bank Egypt,2024,Environmental,GHG Emissions,GHG emissions from rented cars,206.26,tCO2e,Scope 3,Egypt,1755079026_230_6761280_sustainabilityreport2024.pdf
Attijariwafa bank Egypt,2024,Environmental,GHG Emissions,GHG emissions from paper,52.11,tCO2e,Scope 3,Egypt,1755079026_230_6761280_sustainabilityreport2024.pdf
Attijariwafa bank Egypt,2024,Environmental,GHG Emissions,GHG emissions from water,34.13,tCO2e,Scope 3,Egypt,1755079026_230_6761280_sustainabilityreport2024.pdf
Attijariwafa bank Egypt,2024,Environmental,Total GHG Emissions,Total GHG emissions,6308.72,tCO2e,Total,Egypt,1755079026_230_6761280_sustainabilityreport2024.pdf
Attijariwafa bank Egypt,2024,Environmental,Electricity Consumption,Total electricity consumption,11670292,KWh,Total,Egypt,1755079026_230_6761280_sustainabilityreport2024.pdf
Attijariwafa bank Egypt,2023,Environmental,Electricity Consumption,Total electricity consumption,12035206,KWh,Total,Egypt,1755079026_230_6761280_sustainabilityreport2024.pdf
Attijariwafa bank Egypt,2024,Environmental,Water Usage,Total water consumption,90766,m3,Total,Egypt,1755079026_230_6761280_sustainabilityreport2024.pdf
Attijariwafa bank Egypt,2023,Environmental,Water Usage,Total water consumption,70311,m3,Total,Egypt,1755079026_230_6761280_sustainabilityreport2024.pdf
Attijariwafa bank Egypt,2024,Governance,Policy Adoption Rates,Contractual agreements recorded,45,agreements,Total,Egypt,1755079026_230_6761280_sustainabilityreport2024.pdf
Attijariwafa bank Egypt,2024,Governance,Policy Adoption Rates,Percentage of contractual agreements (out of total agreements),51,%,Total,Egypt,1755079026_230_6761280_sustainabilityreport2024.pdf
Attijariwafa bank Egypt,2023,Governance,Policy Adoption Rates,Percentage of non-contractual agreements (out of total agreements),49,%,Total,Egypt,1755079026_230_6761280_sustainabilityreport2024.pdf
Attijariwafa bank Egypt,2024,Financial,Dividends,Dividends paid to shareholders,1,EGP Billion,Total,Egypt,1755079026_230_6761280_sustainabilityreport2024.pdf
Attijariwafa bank Egypt,2024,Social,Incidents of Discrimination,"Reported incidents of bullying, harassment, or discrimination",0,incidents,Total,Egypt,1755079026_230_6761280_sustainabilityreport2024.pdf
Kafrelsheikh University,2019-2020,Environmental,Infrastructure,Main campus total area,887286.83,m2,,Egypt,20112021558259.pdf
Kafrelsheikh University,2019-2020,Environmental,Infrastructure,Other campus total area,37923.13,m2,,Egypt,20112021558259.pdf
Kafrelsheikh University,2019-2020,Environmental,Land Use,Area covered with forest vegetation (green space),594887,m2,,Egypt,20112021558259.pdf
Kafrelsheikh University,2019-2020,Environmental,Land Use,Ratio of open space to total area,64.3,%,,Egypt,20112021558259.pdf
Kafrelsheikh University,2019-2020,Environmental,Biodiversity,Number of trees on campus,5000,trees,,Egypt,20112021558259.pdf
Kafrelsheikh University,2019-2020,Environmental,Infrastructure,Percentage of buildings under construction or operated and maintained,40,%,,Egypt,20112021558259.pdf
Kafrelsheikh University,2019-2020,Environmental,GHG Emissions,Decrease in total CO2 emission compared to 2018-2019,56,%,Total,Egypt,20112021558259.pdf
Kafrelsheikh University,2019-2020,Environmental,Energy Consumption,Amount of renewable energy produced inside the Campus,2,kWh,,Egypt,20112021558259.pdf
Kafrelsheikh University,2019-2020,Environmental,Energy Consumption,Portion of appliances retrofitted with LED or high-efficiency fluorescent bulbs,80,%,,Egypt,20112021558259.pdf
Kafrelsheikh University,2019-2020,Environmental,Waste Generation,Annual rice straw production in Egypt,4000000,tons,,Egypt,20112021558259.pdf
Kafrelsheikh University,2019-2020,Environmental,Waste Generation,Annual rice straw production in Kafrelsheikh University farm,120,tons,,Egypt,20112021558259.pdf
Kafrelsheikh University,2019-2020,Social,Total Employees and Workforce,Total number of students educated by the university,75500,students,,Egypt,20112021558259.pdf
Kafrelsheikh University,2019-2020,Social,Health and Safety Metrics,Emergency hospital bed capacity (under establishment),400,beds,,Egypt,20112021558259.pdf
Kafrelsheikh University,2019-2020,Social,Transportation,Number of cars managed by the university,75,vehicles,,Egypt,20112021558259.pdf
Kafrelsheikh University,2019-2020,Social,Transportation,Number of cars entering the university,350,vehicles,,Egypt,20112021558259.pdf
Kafrelsheikh University,2019-2020,Social,Transportation,Number of motorcycles entering the university,50,vehicles,,Egypt,20112021558259.pdf
Kafrelsheikh University,2019-2020,Social,Transportation,Total number of vehicles entering the university,475,vehicles,,Egypt,20112021558259.pdf
Kafrelsheikh University,2019-2020,Social,Education,Number of courses focused on or related to sustainability,10027,courses,,Egypt,20112021558259.pdf
Kafrelsheikh University,2019-2020,Social,Education,Percentage of sustainability courses in Protected Agriculture Technology program,90,%,,Egypt,20112021558259.pdf
Kafrelsheikh University,2019-2020,Social,Community Investment and Donations,Number of new sustainability-related projects implemented annually on campus,10,projects,,Egypt,20112021558259.pdf
Kafrelsheikh University,2019-2020,Social,Stakeholder Engagement,Total number of memorandums of understanding with Arab and foreign universities,75,MOUs,,Egypt,20112021558259.pdf
Kafrelsheikh University,2019-2020,Social,Stakeholder Engagement,Number of memorandums of understanding made during the academic year,10,MOUs,,Egypt,20112021558259.pdf
Kafrelsheikh University,2019-2020,Social,Community Investment and Donations,Total number of patients benefiting from medical convoys,10822,persons,,Egypt,20112021558259.pdf
Kafrelsheikh University,2019-2020,Social,Community Investment and Donations,Number of beneficiaries from adult education and literacy programs,4100,persons,,Egypt,20112021558259.pdf
Kafrelsheikh University,2019-2020,Financial,Cost Savings from Sustainability Initiatives,Estimated annual energy cost savings from lighting retrofit projects,40,%,,Egypt,20112021558259.pdf
Kafrelsheikh University,2020-2021,Environmental,Campus Area,Main campus area,887286.83,m2,,Egypt,8420241421219.pdf
Kafrelsheikh University,2020-2021,Environmental,Campus Area,Other campus area,37923.13,m2,,Egypt,8420241421219.pdf
Kafrelsheikh University,2020-2021,Environmental,Green Space,Total area on campus covered with forest vegetation (green space),594887,m2,,Egypt,8420241421219.pdf
Kafrelsheikh University,2020-2021,Environmental,Green Space,Ratio of open space towards total area,64.3,%,,Egypt,8420241421219.pdf
Kafrelsheikh University,2020-2021,Environmental,Green Space,Number of trees on campus,5000,trees,,Egypt,8420241421219.pdf
Kafrelsheikh University,2020-2021,Environmental,GHG Emissions,Decrease in total CO2 emissions compared to previous year,71,%,Total,Egypt,8420241421219.pdf
Kafrelsheikh University,2020-2021,Environmental,Renewable Energy,Amount of renewable energy produced inside Campus,2,kWh,,Egypt,8420241421219.pdf
Kafrelsheikh University,2020-2021,Environmental,Energy Consumption,Estimated energy savings from lighting retrofit projects,40,%,,Egypt,8420241421219.pdf
Kafrelsheikh University,2020-2021,Environmental,Energy Consumption,Portion of high-efficiency appliances (LED or high-efficiency fluorescent bulbs),80,%,,Egypt,8420241421219.pdf
Kafrelsheikh University,2020-2021,Environmental,Waste Generation,Rice straw produced in Kafrelsheikh University farm annually,120,tons,,Egypt,8420241421219.pdf
Kafrelsheikh University,2020-2021,Social,Workforce,Number of undergraduate students,71000,students,,Egypt,8420241421219.pdf
Kafrelsheikh University,2020-2021,Social,Workforce,Number of graduate and professional students,11000,students,,Egypt,8420241421219.pdf
Kafrelsheikh University,2020-2021,Social,Health Infrastructure,Emergency hospital capacity (planned),400,beds,,Egypt,8420241421219.pdf
Kafrelsheikh University,2020-2021,Social,Transportation,Number of cars managed by the university,100,vehicles,,Egypt,8420241421219.pdf
Kafrelsheikh University,2020-2021,Social,Transportation,Number of cars entering the university,400,vehicles,,Egypt,8420241421219.pdf
Kafrelsheikh University,2020-2021,Social,Transportation,Number of motorcycles entering the university,100,vehicles,,Egypt,8420241421219.pdf
Kafrelsheikh University,2020-2021,Social,Transportation,Total number of vehicles entering/managed by the university,600,vehicles,,Egypt,8420241421219.pdf
Kafrelsheikh University,2020-2021,Social,Education and Research,Number of courses focused on or related to sustainability,10027,courses,,Egypt,8420241421219.pdf
Kafrelsheikh University,2020-2021,Social,Education and Research,"Percentage of sustainability-related courses in some programs (e.g., Protected Agriculture Technology)",90,%,,Egypt,8420241421219.pdf
Kafrelsheikh University,2020-2021,Social,Education and Research,Average annual scholarly publications on sustainability,950,publications,,Egypt,8420241421219.pdf
Kafrelsheikh University,2020-2021,Social,Community Investment,Number of new sustainability-related projects implemented annually on campus,10,projects,,Egypt,8420241421219.pdf
Kafrelsheikh University,2020-2021,Social,Community Investment,Total number of patients benefiting from medical convoys,11862,persons,,Egypt,8420241421219.pdf
Kafrelsheikh University,2020-2021,Social,Community Investment,Number of beneficiaries of adult education and literacy programs,5075,persons,,Egypt,8420241421219.pdf
Kafrelsheikh University,2019-2020,Governance,External Recognition,Ranking among Egyptian universities in green universities classification,1,rank,,Egypt,8420241421219.pdf
Kafrelsheikh University,2021,Governance,External Recognition,Ranking in top Eco-friendly University Competition in Egypt,2,rank,,Egypt,8420241421219.pdf
Kafrelsheikh University,2020-2021,Governance,Stakeholder Engagement,Total number of Memorandums of Understanding (MOUs) with Arab and foreign universities,80,MOUs,,Egypt,8420241421219.pdf
Kafrelsheikh University,2020-2021,Governance,Stakeholder Engagement,Number of Memorandums of Understanding (MOUs) made with Arab and foreign universities during the academic year,12,MOUs,,Egypt,8420241421219.pdf
Kafrelsheikh University,2020-2021,Social,Cultural Activities,Ranking in theater and expressive arts among Egyptian universities,1,rank,,Egypt,8420241421219.pdf
Kafrelsheikh University,2020-2021,Social,Cultural Activities,Ranking in choir at university level,5,rank,,Egypt,8420241421219.pdf
Kafrelsheikh University,2020-2021,Governance,Policy Adoption Rates,"Percentage of buildings under construction, operated, and maintained",40,%,,Egypt,8420241421219.pdf
Sphinx University,2022,Social,Scholarships,Partial & Full Scholarships compared to total university students,8.6,%,,Egypt,ad9336b3-4f71-4c90-b327-ea9bc0776172_16.pdf
Sphinx University,2023,Social,Scholarships,Partial & Full Scholarships compared to total university students,7.3,%,,Egypt,ad9336b3-4f71-4c90-b327-ea9bc0776172_16.pdf
Sphinx University,2023,Social,Research Publications,Increase in number of publications compared to previous year,11.1,%,,Egypt,ad9336b3-4f71-4c90-b327-ea9bc0776172_16.pdf
Sphinx University,2022,Social,Student Diversity,Total First Generation Students compared to total university students,28,%,,Egypt,ad9336b3-4f71-4c90-b327-ea9bc0776172_16.pdf
Sphinx University,2023,Social,Student Diversity,Total First Generation Students compared to total university students,21.6,%,,Egypt,ad9336b3-4f71-4c90-b327-ea9bc0776172_16.pdf
Sphinx University,2023,Social,Research Publications,SDG3 related publications compared to total publications,79.6,%,,Egypt,ad9336b3-4f71-4c90-b327-ea9bc0776172_16.pdf
Sphinx University,2023,Social,Health and Safety,Patients received free medical care,5000,patients,,Egypt,ad9336b3-4f71-4c90-b327-ea9bc0776172_16.pdf
Sphinx University,2023,Social,Health and Safety,Increase in Free Healthcare Services compared to previous year,2,x,,Egypt,ad9336b3-4f71-4c90-b327-ea9bc0776172_16.pdf
Sphinx University,2023,Social,Scholarships,Increase in Scholarships compared to previous year,3,x,,Egypt,ad9336b3-4f71-4c90-b327-ea9bc0776172_16.pdf
Sphinx University,2023,Environmental,Biodiversity,Trees and Palm Trees planted,600,trees,,Egypt,ad9336b3-4f71-4c90-b327-ea9bc0776172_16.pdf
Sphinx University,2022,Social,Employee Diversity,Senior Female Academic Staff across University,47,%,,Egypt,ad9336b3-4f71-4c90-b327-ea9bc0776172_16.pdf
Sphinx University,2023,Social,Employee Diversity,Senior Female Academic Staff across University,78,%,,Egypt,ad9336b3-4f71-4c90-b327-ea9bc0776172_16.pdf
Sphinx University,2023,Environmental,Waste Recycling,Waste recycled across University,78,%,,Egypt,ad9336b3-4f71-4c90-b327-ea9bc0776172_16.pdf
Sphinx University,2022,Social,Student Diversity,First-Generation Students Gender Distribution (Female),45,%,,Egypt,ad9336b3-4f71-4c90-b327-ea9bc0776172_16.pdf
Sphinx University,2022,Social,Student Diversity,First-Generation Students Gender Distribution (Male),55,%,,Egypt,ad9336b3-4f71-4c90-b327-ea9bc0776172_16.pdf
Sphinx University,2023,Social,Student Diversity,First-Generation Students Gender Distribution (Female),42,%,,Egypt,ad9336b3-4f71-4c90-b327-ea9bc0776172_16.pdf
Sphinx University,2023,Social,Student Diversity,First-Generation Students Gender Distribution (Male),58,%,,Egypt,ad9336b3-4f71-4c90-b327-ea9bc0776172_16.pdf
Sphinx University,2023,Social,Workforce,Increase in Academic staff workforce compared to previous year,32.9,%,,Egypt,ad9336b3-4f71-4c90-b327-ea9bc0776172_16.pdf
Sphinx University,2023,Social,Workforce,Increase in Non-academic staff workforce compared to previous year,28.2,%,,Egypt,ad9336b3-4f71-4c90-b327-ea9bc0776172_16.pdf
Sphinx University,2022,Social,Education,Courses addressing sustainability,10.5,%,,Egypt,ad9336b3-4f71-4c90-b327-ea9bc0776172_16.pdf
Sphinx University,2023,Social,Education,Courses addressing sustainability,54.4,%,,Egypt,ad9336b3-4f71-4c90-b327-ea9bc0776172_16.pdf
Sphinx University,2023,Environmental,Waste Reduction,Plastic Bottles Saved compared to previous year,2150000,bottles,,Egypt,ad9336b3-4f71-4c90-b327-ea9bc0776172_16.pdf
Sphinx University,2021-2023,Financial,Research Collaboration,Scale of SDG-related research by Geographic Collaborations (International),32.9,%,,Egypt,ad9336b3-4f71-4c90-b327-ea9bc0776172_16.pdf
Sphinx University,2021-2023,Financial,Research Collaboration,Scale of SDG-related research by Geographic Collaborations (National),28.2,%,,Egypt,ad9336b3-4f71-4c90-b327-ea9bc0776172_16.pdf
Sphinx University,2021-2023,Financial,Research Collaboration,Scale of SDG-related research by Geographic Collaborations (Single Authorship),1,%,,Egypt,ad9336b3-4f71-4c90-b327-ea9bc0776172_16.pdf
Sphinx University,2022,Social,Employee Diversity,Disabled Participation In Workforce,7.0,%,,Egypt,ad9336b3-4f71-4c90-b327-ea9bc0776172_16.pdf
Sphinx University,2023,Social,Employee Diversity,Disabled Participation In Workforce,10.5,%,,Egypt,ad9336b3-4f71-4c90-b327-ea9bc0776172_16.pdf
Sphinx University,2022,Financial,Research Output,SDG related publications,45,%,,Egypt,ad9336b3-4f71-4c90-b327-ea9bc0776172_16.pdf
Sphinx University,2022,Financial,Research Output,Other publications,55,%,,Egypt,ad9336b3-4f71-4c90-b327-ea9bc0776172_16.pdf
Sphinx University,2023,Financial,Research Output,SDG related publications,54,%,,Egypt,ad9336b3-4f71-4c90-b327-ea9bc0776172_16.pdf
Sphinx University,2023,Financial,Research Output,Other publications,45,%,,Egypt,ad9336b3-4f71-4c90-b327-ea9bc0776172_16.pdf
Sphinx University,2023,Social,Health and Safety,Patients received free dental diagnosis and treatment,200,patients,,Egypt,ad9336b3-4f71-4c90-b327-ea9bc0776172_16.pdf
Sphinx University,2023,Social,Food Services,Average cost of meals on campus,2.5,USD,,Egypt,ad9336b3-4f71-4c90-b327-ea9bc0776172_16.pdf
Sphinx University,2023,Social,Food Services,Increase in number of food outlets compared to previous year,1.7,x,,Egypt,ad9336b3-4f71-4c90-b327-ea9bc0776172_16.pdf
Sphinx University,2023,Social,Research Collaboration,Research collaborations,90,%,,Egypt,ad9336b3-4f71-4c90-b327-ea9bc0776172_16.pdf
Sphinx University,2022,Social,Student Diversity,First Generation Students,21.6,%,,Egypt,ad9336b3-4f71-4c90-b327-ea9bc0776172_16.pdf
Sphinx University,2023,Social,Student Diversity,First Generation Students,54.4,%,,Egypt,ad9336b3-4f71-4c90-b327-ea9bc0776172_16.pdf
Sphinx University,2023,Social,Student Diversity,Female students in educational programs (average),40,%,,Egypt,ad9336b3-4f71-4c90-b327-ea9bc0776172_16.pdf
Sphinx University,2023,Social,Employee Diversity,Female Workers,59.0,%,,Egypt,ad9336b3-4f71-4c90-b327-ea9bc0776172_16.pdf
Sphinx University,2023,Social,Employee Diversity,Female participation in extracurricular mentoring schemes (average),40,%,,Egypt,ad9336b3-4f71-4c90-b327-ea9bc0776172_16.pdf
Sphinx University,2023,Environmental,Water Usage,Free Water Dispensers,95,dispensers,,Egypt,ad9336b3-4f71-4c90-b327-ea9bc0776172_16.pdf
Sphinx University,2023,Social,Research Recognition,Place in research papers at national conference 'Egypt Can Through Its Students',2,place,,Egypt,ad9336b3-4f71-4c90-b327-ea9bc0776172_16.pdf
Sphinx University,2023,Governance,Stakeholder Engagement,Student unions supported,8,unions,,Egypt,ad9336b3-4f71-4c90-b327-ea9bc0776172_16.pdf
Sphinx University,2021-2023,Financial,Research Output,Research output directly oriented around SDGs,45,%,,Egypt,ad9336b3-4f71-4c90-b327-ea9bc0776172_16.pdf
Sphinx University,2021-2023,Financial,Research Collaboration,Academic publications co-authored by international researchers,54,%,,Egypt,ad9336b3-4f71-4c90-b327-ea9bc0776172_16.pdf
Sphinx University,2021-2023,Financial,Research Output,Outputs in top 10% Citation Percentiles (Sphinx UNV),19.7,%,,Egypt,ad9336b3-4f71-4c90-b327-ea9bc0776172_16.pdf
Sphinx University,2021-2023,Financial,Research Output,Outputs in top 10% Citation Percentiles (Egypt average),18.6,%,,Egypt,ad9336b3-4f71-4c90-b327-ea9bc0776172_16.pdf
Sphinx University,2021-2023,Financial,Research Output,Publications in Top 10% Journal Percentiles (Sphinx UNV),19.3,%,,Egypt,ad9336b3-4f71-4c90-b327-ea9bc0776172_16.pdf
Sphinx University,2021-2023,Financial,Research Output,Publications in Top 10% Journal Percentiles (Egypt average),20.5,%,,Egypt,ad9336b3-4f71-4c90-b327-ea9bc0776172_16.pdf
Sphinx University,2023,Social,Education,Dedicated courses addressing sustainability,51,courses,,Egypt,ad9336b3-4f71-4c90-b327-ea9bc0776172_16.pdf
Sphinx University,2023,Social,Total Students by Faculty and Gender,Total students starting program in Engineering (Male),450,students,,Egypt,ad9336b3-4f71-4c90-b327-ea9bc0776172_16.pdf
Sphinx University,2023,Social,Total Students by Faculty and Gender,Total students starting program in Engineering (Female),350,students,,Egypt,ad9336b3-4f71-4c90-b327-ea9bc0776172_16.pdf
Sphinx University,2023,Social,Total Students by Faculty and Gender,Total students starting program in Pharmacy (Male),300,students,,Egypt,ad9336b3-4f71-4c90-b327-ea9bc0776172_16.pdf
Sphinx University,2023,Social,Total Students by Faculty and Gender,Total students starting program in Pharmacy (Female),400,students,,Egypt,ad9336b3-4f71-4c90-b327-ea9bc0776172_16.pdf
Sphinx University,2023,Social,Total Students by Faculty and Gender,Total students starting program in Physical Therapy (Male),250,students,,Egypt,ad9336b3-4f71-4c90-b327-ea9bc0776172_16.pdf
Sphinx University,2023,Social,Total Students by Faculty and Gender,Total students starting program in Physical Therapy (Female),300,students,,Egypt,ad9336b3-4f71-4c90-b327-ea9bc0776172_16.pdf
Sphinx University,2023,Social,Total Students by Faculty and Gender,Total students starting program in Oral and Dental Medicine (Male),200,students,,Egypt,ad9336b3-4f71-4c90-b327-ea9bc0776172_16.pdf
Sphinx University,2023,Social,Total Students by Faculty and Gender,Total students starting program in Oral and Dental Medicine (Female),250,students,,Egypt,ad9336b3-4f71-4c90-b327-ea9bc0776172_16.pdf
Sphinx University,2023,Social,Total Students by Faculty and Gender,Total students starting program in Health Sciences (Male),150,students,,Egypt,ad9336b3-4f71-4c90-b327-ea9bc0776172_16.pdf
Sphinx University,2023,Social,Total Students by Faculty and Gender,Total students starting program in Health Sciences (Female),200,students,,Egypt,ad9336b3-4f71-4c90-b327-ea9bc0776172_16.pdf
Sphinx University,2023,Social,Total Students by Faculty and Gender,Total students starting program in Nursing (Male),100,students,,Egypt,ad9336b3-4f71-4c90-b327-ea9bc0776172_16.pdf
Sphinx University,2023,Social,Total Students by Faculty and Gender,Total students starting program in Nursing (Female),150,students,,Egypt,ad9336b3-4f71-4c90-b327-ea9bc0776172_16.pdf
Sphinx University,2023,Social,Total Students by Faculty and Gender,Total students starting program in Computer Science (Male),50,students,,Egypt,ad9336b3-4f71-4c90-b327-ea9bc0776172_16.pdf
Sphinx University,2023,Social,Total Students by Faculty and Gender,Total students starting program in Computer Science (Female),100,students,,Egypt,ad9336b3-4f71-4c90-b327-ea9bc0776172_16.pdf
Sphinx University,2023,Social,Total Students by Faculty and Gender,Total students starting program in Veterinary Medicine (Male),0,students,,Egypt,ad9336b3-4f71-4c90-b327-ea9bc0776172_16.pdf
Sphinx University,2023,Social,Total Students by Faculty and Gender,Total students starting program in Veterinary Medicine (Female),50,students,,Egypt,ad9336b3-4f71-4c90-b327-ea9bc0776172_16.pdf
Sphinx University,2023,Social,Total University Students by Faculty and Gender,Total university students in Engineering (Male),1200,students,,Egypt,ad9336b3-4f71-4c90-b327-ea9bc0776172_16.pdf
Sphinx University,2023,Social,Total University Students by Faculty and Gender,Total university students in Engineering (Female),1000,students,,Egypt,ad9336b3-4f71-4c90-b327-ea9bc0776172_16.pdf
Sphinx University,2023,Social,Total University Students by Faculty and Gender,Total university students in Pharmacy (Male),1000,students,,Egypt,ad9336b3-4f71-4c90-b327-ea9bc0776172_16.pdf
Sphinx University,2023,Social,Total University Students by Faculty and Gender,Total university students in Pharmacy (Female),1200,students,,Egypt,ad9336b3-4f71-4c90-b327-ea9bc0776172_16.pdf
Sphinx University,2023,Social,Total University Students by Faculty and Gender,Total university students in Physical Therapy (Male),800,students,,Egypt,ad9336b3-4f71-4c90-b327-ea9bc0776172_16.pdf
Sphinx University,2023,Social,Total University Students by Faculty and Gender,Total university students in Physical Therapy (Female),1000,students,,Egypt,ad9336b3-4f71-4c90-b327-ea9bc0776172_16.pdf
Sphinx University,2023,Social,Total University Students by Faculty and Gender,Total university students in Oral and Dental Medicine (Male),600,students,,Egypt,ad9336b3-4f71-4c90-b327-ea9bc0776172_16.pdf
Sphinx University,2023,Social,Total University Students by Faculty and Gender,Total university students in Oral and Dental Medicine (Female),800,students,,Egypt,ad9336b3-4f71-4c90-b327-ea9bc0776172_16.pdf
Sphinx University,2023,Social,Total University Students by Faculty and Gender,Total university students in Health Sciences (Male),400,students,,Egypt,ad9336b3-4f71-4c90-b327-ea9bc0776172_16.pdf
Sphinx University,2023,Social,Total University Students by Faculty and Gender,Total university students in Health Sciences (Female),600,students,,Egypt,ad9336b3-4f71-4c90-b327-ea9bc0776172_16.pdf
Sphinx University,2023,Social,Total University Students by Faculty and Gender,Total university students in Nursing (Male),200,students,,Egypt,ad9336b3-4f71-4c90-b327-ea9bc0776172_16.pdf
Sphinx University,2023,Social,Total University Students by Faculty and Gender,Total university students in Nursing (Female),400,students,,Egypt,ad9336b3-4f71-4c90-b327-ea9bc0776172_16.pdf
Sphinx University,2023,Social,Total University Students by Faculty and Gender,Total university students in Computer Science (Male),0,students,,Egypt,ad9336b3-4f71-4c90-b327-ea9bc0776172_16.pdf
Sphinx University,2023,Social,Total University Students by Faculty and Gender,Total university students in Computer Science (Female),200,students,,Egypt,ad9336b3-4f71-4c90-b327-ea9bc0776172_16.pdf
Sphinx University,2023,Social,Total University Students by Faculty and Gender,Total university students in Veterinary Medicine (Male),0,students,,Egypt,ad9336b3-4f71-4c90-b327-ea9bc0776172_16.pdf
Sphinx University,2023,Social,Total University Students by Faculty and Gender,Total university students in Veterinary Medicine (Female),0,students,,Egypt,ad9336b3-4f71-4c90-b327-ea9bc0776172_16.pdf
Egyptian Companies (Study Data),2023,Social,Stakeholder Engagement,Number of participants in study,328,participants,,Egypt,article_345484_c65331f71177da631687725e2886f805.pdf
Egyptian Companies (Study Data),2023,Governance,Perceived Reliability of Sustainability Reports,Participants strongly agreeing reports are reliable,112,participants,,Egypt,article_345484_c65331f71177da631687725e2886f805.pdf
Egyptian Companies (Study Data),2023,Governance,Perceived Reliability of Sustainability Reports,Percentage of participants strongly agreeing reports are reliable,34.1,%,,Egypt,article_345484_c65331f71177da631687725e2886f805.pdf
Egyptian Companies (Study Data),2023,Governance,Perceived Reliability of Sustainability Reports,Participants agreeing reports are reliable,150,participants,,Egypt,article_345484_c65331f71177da631687725e2886f805.pdf
Egyptian Companies (Study Data),2023,Governance,Perceived Reliability of Sustainability Reports,Percentage of participants agreeing reports are reliable,45.7,%,,Egypt,article_345484_c65331f71177da631687725e2886f805.pdf
Egyptian Companies (Study Data),2023,Governance,Perceived Reliability of Sustainability Reports,Participants neutral on reports reliability,38,participants,,Egypt,article_345484_c65331f71177da631687725e2886f805.pdf
Egyptian Companies (Study Data),2023,Governance,Perceived Reliability of Sustainability Reports,Percentage of participants neutral on reports reliability,11.6,%,,Egypt,article_345484_c65331f71177da631687725e2886f805.pdf
Egyptian Companies (Study Data),2023,Governance,Perceived Reliability of Sustainability Reports,Participants disagreeing reports are reliable,20,participants,,Egypt,article_345484_c65331f71177da631687725e2886f805.pdf
Egyptian Companies (Study Data),2023,Governance,Perceived Reliability of Sustainability Reports,Percentage of participants disagreeing reports are reliable,6.1,%,,Egypt,article_345484_c65331f71177da631687725e2886f805.pdf
Egyptian Companies (Study Data),2023,Governance,Perceived Reliability of Sustainability Reports,Participants strongly disagreeing reports are reliable,8,participants,,Egypt,article_345484_c65331f71177da631687725e2886f805.pdf
Egyptian Companies (Study Data),2023,Governance,Perceived Reliability of Sustainability Reports,Percentage of participants strongly disagreeing reports are reliable,2.4,%,,Egypt,article_345484_c65331f71177da631687725e2886f805.pdf
Egyptian Companies (Study Data),2023,Governance,Perceived Reliability of Sustainability Reports,Total percentage of participants agreeing or strongly agreeing reports are reliable,79.8,%,,Egypt,article_345484_c65331f71177da631687725e2886f805.pdf
Egyptian Companies (Study Data),2023,Governance,Frequency of Sustainability Report Use in News,Participants always referring to reports for news,50,participants,,Egypt,article_345484_c65331f71177da631687725e2886f805.pdf
Egyptian Companies (Study Data),2023,Governance,Frequency of Sustainability Report Use in News,Percentage of participants always referring to reports for news,15.2,%,,Egypt,article_345484_c65331f71177da631687725e2886f805.pdf
Egyptian Companies (Study Data),2023,Governance,Frequency of Sustainability Report Use in News,Participants often referring to reports for news,120,participants,,Egypt,article_345484_c65331f71177da631687725e2886f805.pdf
Egyptian Companies (Study Data),2023,Governance,Frequency of Sustainability Report Use in News,Percentage of participants often referring to reports for news,36.6,%,,Egypt,article_345484_c65331f71177da631687725e2886f805.pdf
Egyptian Companies (Study Data),2023,Governance,Frequency of Sustainability Report Use in News,Participants sometimes referring to reports for news,110,participants,,Egypt,article_345484_c65331f71177da631687725e2886f805.pdf
Egyptian Companies (Study Data),2023,Governance,Frequency of Sustainability Report Use in News,Percentage of participants sometimes referring to reports for news,33.5,%,,Egypt,article_345484_c65331f71177da631687725e2886f805.pdf
Egyptian Companies (Study Data),2023,Governance,Frequency of Sustainability Report Use in News,Participants rarely referring to reports for news,40,participants,,Egypt,article_345484_c65331f71177da631687725e2886f805.pdf
Egyptian Companies (Study Data),2023,Governance,Frequency of Sustainability Report Use in News,Percentage of participants rarely referring to reports for news,12.2,%,,Egypt,article_345484_c65331f71177da631687725e2886f805.pdf
Egyptian Companies (Study Data),2023,Governance,Frequency of Sustainability Report Use in News,Participants never referring to reports for news,8,participants,,Egypt,article_345484_c65331f71177da631687725e2886f805.pdf
Egyptian Companies (Study Data),2023,Governance,Frequency of Sustainability Report Use in News,Percentage of participants never referring to reports for news,2.4,%,,Egypt,article_345484_c65331f71177da631687725e2886f805.pdf
Egyptian Companies (Study Data),2023,Governance,Frequency of Sustainability Report Use in News,Total percentage of participants always or often referring to reports for news,51.8,%,,Egypt,article_345484_c65331f71177da631687725e2886f805.pdf
Egyptian Companies (Study Data),2023,Governance,Perceived Clarity of Sustainability Reports,Mean rating of clarity (out of 10),7.3,score,,Egypt,article_345484_c65331f71177da631687725e2886f805.pdf
Egyptian Companies (Study Data),2023,Governance,Perceived Clarity of Sustainability Reports,Median rating of clarity (out of 10),7,score,,Egypt,article_345484_c65331f71177da631687725e2886f805.pdf
Egyptian Companies (Study Data),2023,Governance,Perceived Clarity of Sustainability Reports,Mode rating of clarity (out of 10),7,score,,Egypt,article_345484_c65331f71177da631687725e2886f805.pdf
Egyptian Companies (Study Data),2023,Governance,Need for External Verification of Sustainability Reports,Participants believing external verification is needed,250,participants,,Egypt,article_345484_c65331f71177da631687725e2886f805.pdf
Egyptian Companies (Study Data),2023,Governance,Need for External Verification of Sustainability Reports,Percentage of participants believing external verification is needed,76.2,%,,Egypt,article_345484_c65331f71177da631687725e2886f805.pdf
Egyptian Companies (Study Data),2023,Governance,Need for External Verification of Sustainability Reports,Participants believing external verification is not needed,78,participants,,Egypt,article_345484_c65331f71177da631687725e2886f805.pdf
Egyptian Companies (Study Data),2023,Governance,Need for External Verification of Sustainability Reports,Percentage of participants believing external verification is not needed,23.8,%,,Egypt,article_345484_c65331f71177da631687725e2886f805.pdf
Egyptian Companies (Study Data),2023,Governance,Most Vital Section of Sustainability Report for News,Participants identifying Executive Summary as most vital,110,participants,,Egypt,article_345484_c65331f71177da631687725e2886f805.pdf
Egyptian Companies (Study Data),2023,Governance,Most Vital Section of Sustainability Report for News,Percentage of participants identifying Executive Summary as most vital,33.5,%,,Egypt,article_345484_c65331f71177da631687725e2886f805.pdf
Egyptian Companies (Study Data),2023,Environmental,Most Vital Section of Sustainability Report for News,Participants identifying Environmental Impact as most vital,95,participants,,Egypt,article_345484_c65331f71177da631687725e2886f805.pdf
Egyptian Companies (Study Data),2023,Environmental,Most Vital Section of Sustainability Report for News,Percentage of participants identifying Environmental Impact as most vital,29.0,%,,Egypt,article_345484_c65331f71177da631687725e2886f805.pdf
Egyptian Companies (Study Data),2023,Social,Most Vital Section of Sustainability Report for News,Participants identifying Social Impact as most vital,65,participants,,Egypt,article_345484_c65331f71177da631687725e2886f805.pdf
Egyptian Companies (Study Data),2023,Social,Most Vital Section of Sustainability Report for News,Percentage of participants identifying Social Impact as most vital,19.8,%,,Egypt,article_345484_c65331f71177da631687725e2886f805.pdf
Egyptian Companies (Study Data),2023,Financial,Most Vital Section of Sustainability Report for News,Participants identifying Financial Data as most vital,40,participants,,Egypt,article_345484_c65331f71177da631687725e2886f805.pdf
Egyptian Companies (Study Data),2023,Financial,Most Vital Section of Sustainability Report for News,Percentage of participants identifying Financial Data as most vital,12.2,%,,Egypt,article_345484_c65331f71177da631687725e2886f805.pdf
Egyptian Companies (Study Data),2023,Governance,Most Vital Section of Sustainability Report for News,Participants identifying other sections as most vital,18,participants,,Egypt,article_345484_c65331f71177da631687725e2886f805.pdf
Egyptian Companies (Study Data),2023,Governance,Most Vital Section of Sustainability Report for News,Percentage of participants identifying other sections as most vital,5.5,%,,Egypt,article_345484_c65331f71177da631687725e2886f805.pdf
Egyptian Companies (Study Data),2023,Governance,Perceived Transparency of Organizations in Sustainability Reports,Mean rating of transparency (out of 10),6.5,score,,Egypt,article_345484_c65331f71177da631687725e2886f805.pdf
Egyptian Companies (Study Data),2023,Governance,Perceived Transparency of Organizations in Sustainability Reports,Median rating of transparency (out of 10),6,score,,Egypt,article_345484_c65331f71177da631687725e2886f805.pdf
Egyptian Companies (Study Data),2023,Governance,Perceived Transparency of Organizations in Sustainability Reports,Mode rating of transparency (out of 10),6,score,,Egypt,article_345484_c65331f71177da631687725e2886f805.pdf
Egyptian Companies (Study Data),2023,Governance,Quality of News Content Derived from Sustainability Reports,Mean score for news content quality,68.3,score,,Egypt,article_345484_c65331f71177da631687725e2886f805.pdf
Egyptian Companies (Study Data),2023,Governance,Quality of News Content Derived from Sustainability Reports,Median score for news content quality,69,score,,Egypt,article_345484_c65331f71177da631687725e2886f805.pdf
Egyptian Companies (Study Data),2023,Governance,Quality of News Content Derived from Sustainability Reports,Mode score for news content quality,72,score,,Egypt,article_345484_c65331f71177da631687725e2886f805.pdf
Egyptian Companies (Study Data),2023,Governance,Quality of News Content Derived from Sustainability Reports,Standard deviation of scores for news content quality,8.4,score,,Egypt,article_345484_c65331f71177da631687725e2886f805.pdf
Egyptian Companies (Study Data),2023,Governance,Impact of Review Approach on News Content Quality,Mean score for news content quality using traditional review approach,65.2,score,,Egypt,article_345484_c65331f71177da631687725e2886f805.pdf
Egyptian Companies (Study Data),2023,Governance,Impact of Review Approach on News Content Quality,Standard deviation of scores for news content quality using traditional review approach,7.8,score,,Egypt,article_345484_c65331f71177da631687725e2886f805.pdf
Egyptian Companies (Study Data),2023,Governance,Impact of Review Approach on News Content Quality,Mean score for news content quality using new review approach,71.4,score,,Egypt,article_345484_c65331f71177da631687725e2886f805.pdf
Egyptian Companies (Study Data),2023,Governance,Impact of Review Approach on News Content Quality,Standard deviation of scores for news content quality using new review approach,7.9,score,,Egypt,article_345484_c65331f71177da631687725e2886f805.pdf
Egyptian Companies (Study Data),2023,Governance,Impact of Review Approach on News Content Quality,T-value for comparison of traditional vs. new review approach,3.41,dimensionless,,Egypt,article_345484_c65331f71177da631687725e2886f805.pdf
Egyptian Companies (Study Data),2023,Governance,Impact of Review Approach on News Content Quality,P-value for comparison of traditional vs. new review approach,0.001,dimensionless,,Egypt,article_345484_c65331f71177da631687725e2886f805.pdf
Egyptian Companies (Study Data),2023,Governance,Statistical Significance of Different Review Approaches,F-value from ANOVA test for different review approaches,4.32,dimensionless,,Egypt,article_345484_c65331f71177da631687725e2886f805.pdf
Egyptian Companies (Study Data),2023,Governance,Statistical Significance of Different Review Approaches,P-value from ANOVA test for different review approaches,0.015,dimensionless,,Egypt,article_345484_c65331f71177da631687725e2886f805.pdf
Egyptian Companies (Study Data),2023,Governance,Predictors of News Content Quality,Beta coefficient for Review Time's effect on news content quality,0.312,dimensionless,,Egypt,article_345484_c65331f71177da631687725e2886f805.pdf
Egyptian Companies (Study Data),2023,Governance,Predictors of News Content Quality,T-value for Review Time's effect on news content quality,4.23,dimensionless,,Egypt,article_345484_c65331f71177da631687725e2886f805.pdf
Egyptian Companies (Study Data),2023,Governance,Predictors of News Content Quality,P-value for Review Time's effect on news content quality,0.001,dimensionless,,Egypt,article_345484_c65331f71177da631687725e2886f805.pdf
Egyptian Companies (Study Data),2023,Governance,Predictors of News Content Quality,Beta coefficient for Review Depth's effect on news content quality,0.274,dimensionless,,Egypt,article_345484_c65331f71177da631687725e2886f805.pdf
Egyptian Companies (Study Data),2023,Governance,Predictors of News Content Quality,T-value for Review Depth's effect on news content quality,3.98,dimensionless,,Egypt,article_345484_c65331f71177da631687725e2886f805.pdf
Egyptian Companies (Study Data),2023,Governance,Predictors of News Content Quality,P-value for Review Depth's effect on news content quality,0.001,dimensionless,,Egypt,article_345484_c65331f71177da631687725e2886f805.pdf
Egyptian Companies (Study Data),2023,Governance,Participant Preferences for Review Approaches,Frequency of 'Comprehensive Review' theme in open-ended responses,128,responses,,Egypt,article_345484_c65331f71177da631687725e2886f805.pdf
Egyptian Companies (Study Data),2023,Governance,Participant Preferences for Review Approaches,Frequency of 'Critical Assessment' theme in open-ended responses,95,responses,,Egypt,article_345484_c65331f71177da631687725e2886f805.pdf
Egyptian Companies (Study Data),2023,Governance,Participant Preferences for Review Approaches,Frequency of 'Interactivity in News' theme in open-ended responses,105,responses,,Egypt,article_345484_c65331f71177da631687725e2886f805.pdf
Egyptian Companies (Study Data),2023,Governance,Sector-wise Reporting Styles,Frequency of graphical reporting style in Finance sector,62,frequency,,Egypt,article_345484_c65331f71177da631687725e2886f805.pdf
Egyptian Companies (Study Data),2023,Governance,Sector-wise Reporting Styles,Frequency of textual reporting style in Finance sector,38,frequency,,Egypt,article_345484_c65331f71177da631687725e2886f805.pdf
Egyptian Companies (Study Data),2023,Governance,Sector-wise Reporting Styles,Frequency of graphical reporting style in IT sector,51,frequency,,Egypt,article_345484_c65331f71177da631687725e2886f805.pdf
Egyptian Companies (Study Data),2023,Governance,Sector-wise Reporting Styles,Frequency of textual reporting style in IT sector,49,frequency,,Egypt,article_345484_c65331f71177da631687725e2886f805.pdf
Egyptian Companies (Study Data),2023,Governance,Sector-wise Reporting Styles,Frequency of graphical reporting style in Services sector,45,frequency,,Egypt,article_345484_c65331f71177da631687725e2886f805.pdf
Egyptian Companies (Study Data),2023,Governance,Sector-wise Reporting Styles,Frequency of textual reporting style in Services sector,55,frequency,,Egypt,article_345484_c65331f71177da631687725e2886f805.pdf
Egyptian Companies (Study Data),2023,Governance,Consistency in Sustainability Reporting by Organization Type,Consistency score for Multinational Corporations (MNCs),8.2,score,,Egypt,article_345484_c65331f71177da631687725e2886f805.pdf
Egyptian Companies (Study Data),2023,Governance,Consistency in Sustainability Reporting by Organization Type,Consistency score for National organizations,7.3,score,,Egypt,article_345484_c65331f71177da631687725e2886f805.pdf
Egyptian Companies (Study Data),2023,Governance,Consistency in Sustainability Reporting by Organization Type,Consistency score for Mid-sized firms,6.5,score,,Egypt,article_345484_c65331f71177da631687725e2886f805.pdf
Egyptian Companies (Study Data),2023,Governance,Consistency in Sustainability Reporting by Organization Type,Consistency score for Small firms,5.9,score,,Egypt,article_345484_c65331f71177da631687725e2886f805.pdf
Sample of Egyptian listed companies,N/A (Study Period),Governance,Companies Surveyed,Number of Egyptian listed companies included in the survey sample,300,companies,,Egypt,article_38766_b4940cb299d7eee02686bb54df327d3d.pdf
Sample of Egyptian listed companies,N/A (Study Period),Governance,Questionnaires Distributed,Total number of questionnaires distributed,1200,questionnaires,,Egypt,article_38766_b4940cb299d7eee02686bb54df327d3d.pdf
Sample of Egyptian listed companies,N/A (Study Period),Governance,Questionnaires Returned,Number of questionnaires returned,912,questionnaires,,Egypt,article_38766_b4940cb299d7eee02686bb54df327d3d.pdf
Sample of Egyptian listed companies,N/A (Study Period),Governance,Survey Response Rate,Percentage of questionnaires returned,76,%,,Egypt,article_38766_b4940cb299d7eee02686bb54df327d3d.pdf
Sample of Egyptian listed companies,N/A (Study Period),Financial,Impact on Financial Reporting,Total impact of sustainability accounting on financial reporting (weighted),43.3,%,,Egypt,article_38766_b4940cb299d7eee02686bb54df327d3d.pdf
Sample of Egyptian listed companies,N/A (Study Period),Environmental,Impact on Financial Reporting,Explanatory power of environmental elements on financial reporting variations,0.243,%,,Egypt,article_38766_b4940cb299d7eee02686bb54df327d3d.pdf
Sample of Egyptian listed companies,N/A (Study Period),Social,Impact on Financial Reporting,Explanatory power of social elements on financial reporting variations,0.235,%,,Egypt,article_38766_b4940cb299d7eee02686bb54df327d3d.pdf
Sample of Egyptian listed companies,N/A (Study Period),Financial,Impact on Financial Reporting,Explanatory power of economic elements on financial reporting variations,0.352,%,,Egypt,article_38766_b4940cb299d7eee02686bb54df327d3d.pdf
Global (KPMG Survey),2002,Governance,Sustainability Reporting Rate,Rate of sustainability reporting,28,%,,,article_38766_b4940cb299d7eee02686bb54df327d3d.pdf
Global (KPMG Survey),2015,Governance,Sustainability Reporting Rate,Rate of sustainability reporting,73,%,,,article_38766_b4940cb299d7eee02686bb54df327d3d.pdf
Sample of Egyptian listed companies,N/A (Study Period),Governance,Questionnaire Items (Overall),Number of items in the whole questionnaire,62,items,,Egypt,article_38766_b4940cb299d7eee02686bb54df327d3d.pdf
Sample of Egyptian listed companies,N/A (Study Period),Governance,Cronbach's Alpha (Overall),Reliability of the whole questionnaire,81.9,%,,Egypt,article_38766_b4940cb299d7eee02686bb54df327d3d.pdf
Sample of Egyptian listed companies,N/A (Study Period),Social,Questionnaire Items (Social),Number of items in social components section,20,items,,Egypt,article_38766_b4940cb299d7eee02686bb54df327d3d.pdf
Sample of Egyptian listed companies,N/A (Study Period),Social,Cronbach's Alpha (Social),Reliability of social components section,72.1,%,,Egypt,article_38766_b4940cb299d7eee02686bb54df327d3d.pdf
Sample of Egyptian listed companies,N/A (Study Period),Environmental,Questionnaire Items (Environmental),Number of items in environmental components section,15,items,,Egypt,article_38766_b4940cb299d7eee02686bb54df327d3d.pdf
Sample of Egyptian listed companies,N/A (Study Period),Environmental,Cronbach's Alpha (Environmental),Reliability of environmental components section,92.3,%,,Egypt,article_38766_b4940cb299d7eee02686bb54df327d3d.pdf
Sample of Egyptian listed companies,N/A (Study Period),Financial,Questionnaire Items (Economic),Number of items in economic components section,15,items,,Egypt,article_38766_b4940cb299d7eee02686bb54df327d3d.pdf
Sample of Egyptian listed companies,N/A (Study Period),Financial,Cronbach's Alpha (Economic),Reliability of economic components section,78.7,%,,Egypt,article_38766_b4940cb299d7eee02686bb54df327d3d.pdf
Sample of Egyptian listed companies,N/A (Study Period),Governance,Questionnaire Items (Challenges),Number of items in challenges of accounting sustainability application section,12,items,,Egypt,article_38766_b4940cb299d7eee02686bb54df327d3d.pdf
Sample of Egyptian listed companies,N/A (Study Period),Governance,Cronbach's Alpha (Challenges),Reliability of challenges of accounting sustainability application section,79.3,%,,Egypt,article_38766_b4940cb299d7eee02686bb54df327d3d.pdf
Sample of Egyptian listed companies,N/A (Study Period),Social,Social Components (Overall),Grand mean score for social components of sustainability accounting,3.835,score,,Egypt,article_38766_b4940cb299d7eee02686bb54df327d3d.pdf
Sample of Egyptian listed companies,N/A (Study Period),Social,Social Components (Overall),Standard deviation for social components of sustainability accounting,0.599,,,Egypt,article_38766_b4940cb299d7eee02686bb54df327d3d.pdf
Sample of Egyptian listed companies,N/A (Study Period),Social,Social Responsibility Planning,Mean score for 'Social responsibility is just a random activity with no definite plans or objectives in your firm.',4.18,score,,Egypt,article_38766_b4940cb299d7eee02686bb54df327d3d.pdf
Sample of Egyptian listed companies,N/A (Study Period),Social,Social Responsibility Planning,Standard deviation for 'Social responsibility is just a random activity with no definite plans or objectives in your firm.',0.62,,,Egypt,article_38766_b4940cb299d7eee02686bb54df327d3d.pdf
Sample of Egyptian listed companies,N/A (Study Period),Social,Employee Training Costs Disclosure,Mean score for 'Your company disclose data about costs incurred for training employees in published reports',3.77,score,,Egypt,article_38766_b4940cb299d7eee02686bb54df327d3d.pdf
Sample of Egyptian listed companies,N/A (Study Period),Social,Employee Training Costs Disclosure,Standard deviation for 'Your company disclose data about costs incurred for training employees in published reports',0.74,,,Egypt,article_38766_b4940cb299d7eee02686bb54df327d3d.pdf
Sample of Egyptian listed companies,N/A (Study Period),Social,Community Investment (Donations),Mean score for 'Your company reports on donations and in-kind assistance to charities',3.65,score,,Egypt,article_38766_b4940cb299d7eee02686bb54df327d3d.pdf
Sample of Egyptian listed companies,N/A (Study Period),Social,Community Investment (Donations),Standard deviation for 'Your company reports on donations and in-kind assistance to charities',0.6,,,Egypt,article_38766_b4940cb299d7eee02686bb54df327d3d.pdf
Sample of Egyptian listed companies,N/A (Study Period),Social,Social Responsibility Cost Commitment,Mean score for 'Your company is willing to bear any additional cost in commitment with its social responsibility',3.63,score,,Egypt,article_38766_b4940cb299d7eee02686bb54df327d3d.pdf
Sample of Egyptian listed companies,N/A (Study Period),Social,Social Responsibility Cost Commitment,Standard deviation for 'Your company is willing to bear any additional cost in commitment with its social responsibility',0.71,,,Egypt,article_38766_b4940cb299d7eee02686bb54df327d3d.pdf
Sample of Egyptian listed companies,N/A (Study Period),Social,Unemployment Information Disclosure,Mean score for 'Your company publishes information to handle the problem of unemployment',4.13,score,,Egypt,article_38766_b4940cb299d7eee02686bb54df327d3d.pdf
Sample of Egyptian listed companies,N/A (Study Period),Social,Unemployment Information Disclosure,Standard deviation for 'Your company publishes information to handle the problem of unemployment',0.7,,,Egypt,article_38766_b4940cb299d7eee02686bb54df327d3d.pdf
Sample of Egyptian listed companies,N/A (Study Period),Social,Sustainability Accounting for Social Responsibilities,Mean score for 'Your company is highly considering sustainability accounting to handle its social responsibilities',4.16,score,,Egypt,article_38766_b4940cb299d7eee02686bb54df327d3d.pdf
Sample of Egyptian listed companies,N/A (Study Period),Social,Sustainability Accounting for Social Responsibilities,Standard deviation for 'Your company is highly considering sustainability accounting to handle its social responsibilities',0.6,,,Egypt,article_38766_b4940cb299d7eee02686bb54df327d3d.pdf
Sample of Egyptian listed companies,N/A (Study Period),Social,Employee Compensation Fairness,Mean score for 'The system of wages and salaries in your company is fair.',4.22,score,,Egypt,article_38766_b4940cb299d7eee02686bb54df327d3d.pdf
Sample of Egyptian listed companies,N/A (Study Period),Social,Employee Compensation Fairness,Standard deviation for 'The system of wages and salaries in your company is fair.',0.67,,,Egypt,article_38766_b4940cb299d7eee02686bb54df327d3d.pdf
Sample of Egyptian listed companies,N/A (Study Period),Social,Social Cost Misreporting,Mean score for 'Your company misreports any social cost information that may reduce future cash flows.',3.91,score,,Egypt,article_38766_b4940cb299d7eee02686bb54df327d3d.pdf
Sample of Egyptian listed companies,N/A (Study Period),Social,Social Cost Misreporting,Standard deviation for 'Your company misreports any social cost information that may reduce future cash flows.',0.7,,,Egypt,article_38766_b4940cb299d7eee02686bb54df327d3d.pdf
Sample of Egyptian listed companies,N/A (Study Period),Social,Working Environment Improvement,Mean score for 'Your company's management is pursuing the objective of improving the working environment',3.73,score,,Egypt,article_38766_b4940cb299d7eee02686bb54df327d3d.pdf
Sample of Egyptian listed companies,N/A (Study Period),Social,Working Environment Improvement,Standard deviation for 'Your company's management is pursuing the objective of improving the working environment',0.6,,,Egypt,article_38766_b4940cb299d7eee02686bb54df327d3d.pdf
Sample of Egyptian listed companies,N/A (Study Period),Social,Organizational Capability Improvement,Mean score for 'Your company's management aims to improve the capabilities of the organization.',3.52,score,,Egypt,article_38766_b4940cb299d7eee02686bb54df327d3d.pdf
Sample of Egyptian listed companies,N/A (Study Period),Social,Organizational Capability Improvement,Standard deviation for 'Your company's management aims to improve the capabilities of the organization.',0.5,,,Egypt,article_38766_b4940cb299d7eee02686bb54df327d3d.pdf
Sample of Egyptian listed companies,N/A (Study Period),Social,Community Development Contribution,Mean score for 'Your company contributes to projects that serve the community development and achieve the welfare of individuals.',3.72,score,,Egypt,article_38766_b4940cb299d7eee02686bb54df327d3d.pdf
Sample of Egyptian listed companies,N/A (Study Period),Social,Community Development Contribution,Standard deviation for 'Your company contributes to projects that serve the community development and achieve the welfare of individuals.',0.6,,,Egypt,article_38766_b4940cb299d7eee02686bb54df327d3d.pdf
Sample of Egyptian listed companies,N/A (Study Period),Social,"Employee Welfare (Health, Education, Housing)","Mean score for 'Your company has interest in employees’, health ,education and housing.'",3.41,score,,Egypt,article_38766_b4940cb299d7eee02686bb54df327d3d.pdf
Sample of Egyptian listed companies,N/A (Study Period),Social,"Employee Welfare (Health, Education, Housing)","Standard deviation for 'Your company has interest in employees’, health ,education and housing.'",0.65,,,Egypt,article_38766_b4940cb299d7eee02686bb54df327d3d.pdf
Sample of Egyptian listed companies,N/A (Study Period),Environmental,Environmental Components (Overall),Grand mean score for environmental components of sustainability accounting,3.82,score,,Egypt,article_38766_b4940cb299d7eee02686bb54df327d3d.pdf
Sample of Egyptian listed companies,N/A (Study Period),Environmental,Environmental Components (Overall),Standard deviation for environmental components of sustainability accounting,0.651,,,Egypt,article_38766_b4940cb299d7eee02686bb54df327d3d.pdf
Sample of Egyptian listed companies,N/A (Study Period),Environmental,Environmental Impact in Investment Decisions,Mean score for 'Your company always considers environmental impacts on making investment decisions',3.64,score,,Egypt,article_38766_b4940cb299d7eee02686bb54df327d3d.pdf
Sample of Egyptian listed companies,N/A (Study Period),Environmental,Environmental Impact in Investment Decisions,Standard deviation for 'Your company always considers environmental impacts on making investment decisions',0.75,,,Egypt,article_38766_b4940cb299d7eee02686bb54df327d3d.pdf
Sample of Egyptian listed companies,N/A (Study Period),Environmental,Environmental Fines Concern,Mean score for 'Your company highly concern about fines and banishment applied due to neglecting environmental responsibilities.',4.10,score,,Egypt,article_38766_b4940cb299d7eee02686bb54df327d3d.pdf
Sample of Egyptian listed companies,N/A (Study Period),Environmental,Environmental Fines Concern,Standard deviation for 'Your company highly concern about fines and banishment applied due to neglecting environmental responsibilities.',0.62,,,Egypt,article_38766_b4940cb299d7eee02686bb54df327d3d.pdf
Sample of Egyptian listed companies,N/A (Study Period),Environmental,Environmental Integration in Strategy,"Mean score for 'Your company always include the environment in its vision, mission and objectives'",3.71,score,,Egypt,article_38766_b4940cb299d7eee02686bb54df327d3d.pdf
Sample of Egyptian listed companies,N/A (Study Period),Environmental,Environmental Integration in Strategy,"Standard deviation for 'Your company always include the environment in its vision, mission and objectives'",0.76,,,Egypt,article_38766_b4940cb299d7eee02686bb54df327d3d.pdf
Sample of Egyptian listed companies,N/A (Study Period),Environmental,Environmental Accounting Support,Mean score for 'Your company always support accountants and encourages them to apply concepts of environmental accounting in their work.',4.16,score,,Egypt,article_38766_b4940cb299d7eee02686bb54df327d3d.pdf
Sample of Egyptian listed companies,N/A (Study Period),Environmental,Environmental Accounting Support,Standard deviation for 'Your company always support accountants and encourages them to apply concepts of environmental accounting in their work.',0.6,,,Egypt,article_38766_b4940cb299d7eee02686bb54df327d3d.pdf
Sample of Egyptian listed companies,N/A (Study Period),Environmental,Environmental Costs in Financial Statements,Mean score for 'Environmental costs are included in the balance and income sheets.',3.49,score,,Egypt,article_38766_b4940cb299d7eee02686bb54df327d3d.pdf
Sample of Egyptian listed companies,N/A (Study Period),Environmental,Environmental Costs in Financial Statements,Standard deviation for 'Environmental costs are included in the balance and income sheets.',0.73,,,Egypt,article_38766_b4940cb299d7eee02686bb54df327d3d.pdf
Sample of Egyptian listed companies,N/A (Study Period),Environmental,Environmental Cost Classification Impact,"Mean score for 'In your company, does the process of classifying environmental cost assist to improve the quality of accounting information and finally reflect on the financial reporting.'",3.75,score,,Egypt,article_38766_b4940cb299d7eee02686bb54df327d3d.pdf
Sample of Egyptian listed companies,N/A (Study Period),Environmental,Environmental Cost Classification Impact,"Standard deviation for 'In your company, does the process of classifying environmental cost assist to improve the quality of accounting information and finally reflect on the financial reporting.'",0.67,,,Egypt,article_38766_b4940cb299d7eee02686bb54df327d3d.pdf
Sample of Egyptian listed companies,N/A (Study Period),Environmental,Environmental Information Impact,Mean score for 'Environmental information that your company provides has the impact on company reputation and profitability.',3.71,score,,Egypt,article_38766_b4940cb299d7eee02686bb54df327d3d.pdf
Sample of Egyptian listed companies,N/A (Study Period),Environmental,Environmental Information Impact,Standard deviation for 'Environmental information that your company provides has the impact on company reputation and profitability.',0.79,,,Egypt,article_38766_b4940cb299d7eee02686bb54df327d3d.pdf
Sample of Egyptian listed companies,N/A (Study Period),Environmental,Natural Resource Consumption Reporting,Mean score for 'The consumption of natural resources is reported in the company’s annual report',4.15,score,,Egypt,article_38766_b4940cb299d7eee02686bb54df327d3d.pdf
Sample of Egyptian listed companies,N/A (Study Period),Environmental,Natural Resource Consumption Reporting,Standard deviation for 'The consumption of natural resources is reported in the company’s annual report',0.65,,,Egypt,article_38766_b4940cb299d7eee02686bb54df327d3d.pdf
Sample of Egyptian listed companies,N/A (Study Period),Environmental,Renewable Energy Sources,Mean score for 'Your company is working on obtaining new sources of energy.',4.01,score,,Egypt,article_38766_b4940cb299d7eee02686bb54df327d3d.pdf
Sample of Egyptian listed companies,N/A (Study Period),Environmental,Renewable Energy Sources,Standard deviation for 'Your company is working on obtaining new sources of energy.',0.63,,,Egypt,article_38766_b4940cb299d7eee02686bb54df327d3d.pdf
Sample of Egyptian listed companies,N/A (Study Period),Environmental,Harmful Emissions Reduction,Mean score for 'Your company has interest to reduce the harmful emissions from its activities.',4.40,score,,Egypt,article_38766_b4940cb299d7eee02686bb54df327d3d.pdf
Sample of Egyptian listed companies,N/A (Study Period),Environmental,Harmful Emissions Reduction,Standard deviation for 'Your company has interest to reduce the harmful emissions from its activities.',,,,Egypt,article_38766_b4940cb299d7eee02686bb54df327d3d.pdf
Sample of Egyptian listed companies,N/A (Study Period),Environmental,Energy Consumption Savings,Mean score for 'Your company is working on the objective of achieving savings of energy consumption.',3.62,score,,Egypt,article_38766_b4940cb299d7eee02686bb54df327d3d.pdf
Sample of Egyptian listed companies,N/A (Study Period),Environmental,Energy Consumption Savings,Standard deviation for 'Your company is working on the objective of achieving savings of energy consumption.',0.62,,,Egypt,article_38766_b4940cb299d7eee02686bb54df327d3d.pdf
Sample of Egyptian listed companies,N/A (Study Period),Environmental,Pollution Reduction Equipment,Mean score for 'Your company has equipments to reduce environmental pollution.',4.07,score,,Egypt,article_38766_b4940cb299d7eee02686bb54df327d3d.pdf
Sample of Egyptian listed companies,N/A (Study Period),Environmental,Pollution Reduction Equipment,Standard deviation for 'Your company has equipments to reduce environmental pollution.',0.63,,,Egypt,article_38766_b4940cb299d7eee02686bb54df327d3d.pdf
Sample of Egyptian listed companies,N/A (Study Period),Environmental,Environmental Cost Measurement,Mean score for 'Your company concerns to measure the environmental costs.',3.96,score,,Egypt,article_38766_b4940cb299d7eee02686bb54df327d3d.pdf
Sample of Egyptian listed companies,N/A (Study Period),Environmental,Environmental Cost Measurement,Standard deviation for 'Your company concerns to measure the environmental costs.',0.77,,,Egypt,article_38766_b4940cb299d7eee02686bb54df327d3d.pdf
Sample of Egyptian listed companies,N/A (Study Period),Environmental,Environmental Performance Measurement,Mean score for 'Your company concerns about setting sound measurements for environmental performance.',4.35,score,,Egypt,article_38766_b4940cb299d7eee02686bb54df327d3d.pdf
Sample of Egyptian listed companies,N/A (Study Period),Environmental,Environmental Performance Measurement,Standard deviation for 'Your company concerns about setting sound measurements for environmental performance.',0.89,,,Egypt,article_38766_b4940cb299d7eee02686bb54df327d3d.pdf
Sample of Egyptian listed companies,N/A (Study Period),Financial,Economic Components (Overall),Grand mean score for economic components of sustainability accounting,3.937,score,,Egypt,article_38766_b4940cb299d7eee02686bb54df327d3d.pdf
Sample of Egyptian listed companies,N/A (Study Period),Financial,Economic Components (Overall),Standard deviation for economic components of sustainability accounting,0.66,,,Egypt,article_38766_b4940cb299d7eee02686bb54df327d3d.pdf
Sample of Egyptian listed companies,N/A (Study Period),Financial,Risk Disclosure,Mean score for 'Your company usually informs about any potential risks in the future.',3.65,score,,Egypt,article_38766_b4940cb299d7eee02686bb54df327d3d.pdf
Sample of Egyptian listed companies,N/A (Study Period),Financial,Risk Disclosure,Standard deviation for 'Your company usually informs about any potential risks in the future.',0.72,,,Egypt,article_38766_b4940cb299d7eee02686bb54df327d3d.pdf
Sample of Egyptian listed companies,N/A (Study Period),Financial,National Economy Contribution Costs Disclosure,Mean score for 'Your company regularly discloses the costs of its contribution to support the development of national economy.',3.82,score,,Egypt,article_38766_b4940cb299d7eee02686bb54df327d3d.pdf
Sample of Egyptian listed companies,N/A (Study Period),Financial,National Economy Contribution Costs Disclosure,Standard deviation for 'Your company regularly discloses the costs of its contribution to support the development of national economy.',0.70,,,Egypt,article_38766_b4940cb299d7eee02686bb54df327d3d.pdf
Sample of Egyptian listed companies,N/A (Study Period),Governance,Competition Rules Compliance,Mean score for 'The policy of your company respects the rules of competition.',3.91,score,,Egypt,article_38766_b4940cb299d7eee02686bb54df327d3d.pdf
Sample of Egyptian listed companies,N/A (Study Period),Governance,Competition Rules Compliance,Standard deviation for 'The policy of your company respects the rules of competition.',0.73,,,Egypt,article_38766_b4940cb299d7eee02686bb54df327d3d.pdf
Sample of Egyptian listed companies,N/A (Study Period),Financial,Operational Efficiency Improvement,Mean score for 'Your company use new mechanisms to improve the efficiency of operations.',3.72,score,,Egypt,article_38766_b4940cb299d7eee02686bb54df327d3d.pdf
Sample of Egyptian listed companies,N/A (Study Period),Financial,Operational Efficiency Improvement,Standard deviation for 'Your company use new mechanisms to improve the efficiency of operations.',0.72,,,Egypt,article_38766_b4940cb299d7eee02686bb54df327d3d.pdf
Sample of Egyptian listed companies,N/A (Study Period),Financial,Cost Reduction Efforts,"Mean score for 'Your company exerts efforts in cost reduction, which maximizes profits.'",4.11,score,,Egypt,article_38766_b4940cb299d7eee02686bb54df327d3d.pdf
Sample of Egyptian listed companies,N/A (Study Period),Financial,Cost Reduction Efforts,"Standard deviation for 'Your company exerts efforts in cost reduction, which maximizes profits.'",0.34,,,Egypt,article_38766_b4940cb299d7eee02686bb54df327d3d.pdf
Sample of Egyptian listed companies,N/A (Study Period),Financial,Cost Reduction Planning,Mean score for 'Your company has a sound plan for cost reduction based on proper economic concepts.',3.83,score,,Egypt,article_38766_b4940cb299d7eee02686bb54df327d3d.pdf
Sample of Egyptian listed companies,N/A (Study Period),Financial,Cost Reduction Planning,Standard deviation for 'Your company has a sound plan for cost reduction based on proper economic concepts.',0.65,,,Egypt,article_38766_b4940cb299d7eee02686bb54df327d3d.pdf
Sample of Egyptian listed companies,N/A (Study Period),Financial,Resource Management and Control,Mean score for 'Your company management can properly manage and control the available resources.',3.77,score,,Egypt,article_38766_b4940cb299d7eee02686bb54df327d3d.pdf
Sample of Egyptian listed companies,N/A (Study Period),Financial,Resource Management and Control,Standard deviation for 'Your company management can properly manage and control the available resources.',0.76,,,Egypt,article_38766_b4940cb299d7eee02686bb54df327d3d.pdf
Sample of Egyptian listed companies,N/A (Study Period),Financial,Infrastructure Support Costs Disclosure,Mean score for 'Your company disclose the costs incurred to support the infra structure.',3.97,score,,Egypt,article_38766_b4940cb299d7eee02686bb54df327d3d.pdf
Sample of Egyptian listed companies,N/A (Study Period),Financial,Infrastructure Support Costs Disclosure,Standard deviation for 'Your company disclose the costs incurred to support the infra structure.',0.66,,,Egypt,article_38766_b4940cb299d7eee02686bb54df327d3d.pdf
Sample of Egyptian listed companies,N/A (Study Period),Governance,Challenges of Sustainability Accounting Application (Overall),Grand mean score for challenges of sustainability accounting application,3.856,score,,Egypt,article_38766_b4940cb299d7eee02686bb54df327d3d.pdf
Sample of Egyptian listed companies,N/A (Study Period),Governance,Challenges of Sustainability Accounting Application (Overall),Standard deviation for challenges of sustainability accounting application,0.806,,,Egypt,article_38766_b4940cb299d7eee02686bb54df327d3d.pdf
Sample of Egyptian listed companies,N/A (Study Period),Governance,Social Responsibility Benchmark Absence,Mean score for 'Absence of an official benchmark to organize social responsibility issues',3.91,score,,Egypt,article_38766_b4940cb299d7eee02686bb54df327d3d.pdf
Sample of Egyptian listed companies,N/A (Study Period),Governance,Social Responsibility Benchmark Absence,Standard deviation for 'Absence of an official benchmark to organize social responsibility issues',0.63,,,Egypt,article_38766_b4940cb299d7eee02686bb54df327d3d.pdf
Sample of Egyptian listed companies,N/A (Study Period),Governance,Lack of Penalties for Non-Reporting,Mean score for 'Lack of penalties for companies that refrain from reporting their social responsibility.',3.79,score,,Egypt,article_38766_b4940cb299d7eee02686bb54df327d3d.pdf
Sample of Egyptian listed companies,N/A (Study Period),Governance,Lack of Penalties for Non-Reporting,Standard deviation for 'Lack of penalties for companies that refrain from reporting their social responsibility.',0.72,,,Egypt,article_38766_b4940cb299d7eee02686bb54df327d3d.pdf
Sample of Egyptian listed companies,N/A (Study Period),Governance,Lack of Governmental Incentives,Mean score for 'lack of adequate governmental incentives for adopting sustainability accounting policies',3.62,score,,Egypt,article_38766_b4940cb299d7eee02686bb54df327d3d.pdf
Sample of Egyptian listed companies,N/A (Study Period),Governance,Lack of Governmental Incentives,Standard deviation for 'lack of adequate governmental incentives for adopting sustainability accounting policies',0.65,,,Egypt,article_38766_b4940cb299d7eee02686bb54df327d3d.pdf
Sample of Egyptian listed companies,N/A (Study Period),Governance,Underestimation of Sustainability Returns,Mean score for 'Your company management may underestimate the expected returns from sustainability accounting compared to its costs.',3.71,score,,Egypt,article_38766_b4940cb299d7eee02686bb54df327d3d.pdf
Sample of Egyptian listed companies,N/A (Study Period),Governance,Underestimation of Sustainability Returns,Standard deviation for 'Your company management may underestimate the expected returns from sustainability accounting compared to its costs.',0.74,,,Egypt,article_38766_b4940cb299d7eee02686bb54df327d3d.pdf
Sample of Egyptian listed companies,N/A (Study Period),Governance,Insufficient Training Finance,Mean score for 'Insufficient finance for training personnel on the application of reporting sustainability accounting.',3.62,score,,Egypt,article_38766_b4940cb299d7eee02686bb54df327d3d.pdf
Sample of Egyptian listed companies,N/A (Study Period),Governance,Insufficient Training Finance,Standard deviation for 'Insufficient finance for training personnel on the application of reporting sustainability accounting.',0.82,,,Egypt,article_38766_b4940cb299d7eee02686bb54df327d3d.pdf
Sample of Egyptian listed companies,N/A (Study Period),Governance,Evasion of Social Responsibility Reporting,Mean score for 'Your firm evades reporting social responsibility that may harm the value of investments.',4.12,score,,Egypt,article_38766_b4940cb299d7eee02686bb54df327d3d.pdf
Sample of Egyptian listed companies,N/A (Study Period),Governance,Evasion of Social Responsibility Reporting,Standard deviation for 'Your firm evades reporting social responsibility that may harm the value of investments.',0.65,,,Egypt,article_38766_b4940cb299d7eee02686bb54df327d3d.pdf
Sample of Egyptian listed companies,N/A (Study Period),Governance,Management Unawareness of Sustainability Accounting,Mean score for 'Your company management doesn't have interest in the sustainability accounting reporting and its expected returns.',4.22,score,,Egypt,article_38766_b4940cb299d7eee02686bb54df327d3d.pdf
Sample of Egyptian listed companies,N/A (Study Period),Governance,Management Unawareness of Sustainability Accounting,Standard deviation for 'Your company management doesn't have interest in the sustainability accounting reporting and its expected returns.',0.75,,,Egypt,article_38766_b4940cb299d7eee02686bb54df327d3d.pdf
Sample of Egyptian listed companies,N/A (Study Period),Governance,Competitor Misuse Fear,Mean score for 'Your company fears that competitors may misuse the elements reported in the sustainability accounting reports.',3.61,score,,Egypt,article_38766_b4940cb299d7eee02686bb54df327d3d.pdf
Sample of Egyptian listed companies,N/A (Study Period),Governance,Competitor Misuse Fear,Standard deviation for 'Your company fears that competitors may misuse the elements reported in the sustainability accounting reports.',0.80,,,Egypt,article_38766_b4940cb299d7eee02686bb54df327d3d.pdf
Sample of Egyptian listed companies,N/A (Study Period),Governance,Measurement Problems for Sustainability Costs,Mean score for 'Your company finds problems in measurement of some cost items concerning elements of sustainability accounting.',4.11,score,,Egypt,article_38766_b4940cb299d7eee02686bb54df327d3d.pdf
Sample of Egyptian listed companies,N/A (Study Period),Governance,Measurement Problems for Sustainability Costs,Standard deviation for 'Your company finds problems in measurement of some cost items concerning elements of sustainability accounting.',0.69,,,Egypt,article_38766_b4940cb299d7eee02686bb54df327d3d.pdf
Sample of Egyptian listed companies,N/A (Study Period),Financial,Financial Reporting (Overall),Grand mean score for financial reporting variable,3.74,score,,Egypt,article_38766_b4940cb299d7eee02686bb54df327d3d.pdf
Sample of Egyptian listed companies,N/A (Study Period),Financial,Financial Reporting (Overall),Standard deviation for financial reporting variable,0.84,,,Egypt,article_38766_b4940cb299d7eee02686bb54df327d3d.pdf
Sample of Egyptian listed companies,N/A (Study Period),Financial,Financial Reporting for Decision Making,Mean score for 'The reports provide appropriate information for the needs of decision makers.',3.87,score,,Egypt,article_38766_b4940cb299d7eee02686bb54df327d3d.pdf
Sample of Egyptian listed companies,N/A (Study Period),Financial,Financial Reporting for Decision Making,Standard deviation for 'The reports provide appropriate information for the needs of decision makers.',0.6,,,Egypt,article_38766_b4940cb299d7eee02686bb54df327d3d.pdf
Sample of Egyptian listed companies,N/A (Study Period),Financial,Financial Reporting Relevance,Mean score for 'Financial reporting provides adequate and relevant information for making more informative decisions.',3.95,score,,Egypt,article_38766_b4940cb299d7eee02686bb54df327d3d.pdf
Sample of Egyptian listed companies,N/A (Study Period),Financial,Financial Reporting Relevance,Standard deviation for 'Financial reporting provides adequate and relevant information for making more informative decisions.',0.93,,,Egypt,article_38766_b4940cb299d7eee02686bb54df327d3d.pdf
Sample of Egyptian listed companies,N/A (Study Period),Financial,Financial Reporting Comparability,"Mean score for 'Financial reporting offers comparable information to enable the process of studying, analysis and making more informative decisions.'",3.42,score,,Egypt,article_38766_b4940cb299d7eee02686bb54df327d3d.pdf
Sample of Egyptian listed companies,N/A (Study Period),Financial,Financial Reporting Comparability,"Standard deviation for 'Financial reporting offers comparable information to enable the process of studying, analysis and making more informative decisions.'",0.84,,,Egypt,article_38766_b4940cb299d7eee02686bb54df327d3d.pdf
Sample of Egyptian listed companies,N/A (Study Period),Financial,Financial Reporting Predictive Power,Mean score for 'Financial reporting increases your firm's predictive power that is used to set plans and articulate future policies.',3.74,score,,Egypt,article_38766_b4940cb299d7eee02686bb54df327d3d.pdf
Sample of Egyptian listed companies,N/A (Study Period),Financial,Financial Reporting Predictive Power,Standard deviation for 'Financial reporting increases your firm's predictive power that is used to set plans and articulate future policies.',0.97,,,Egypt,article_38766_b4940cb299d7eee02686bb54df327d3d.pdf
Sample of Egyptian listed companies,N/A (Study Period),Financial,Financial Reporting Credibility,Mean score for 'Financial reports contain truthful and credible information in expressing the phenomena to be reported.',3.72,score,,Egypt,article_38766_b4940cb299d7eee02686bb54df327d3d.pdf
Sample of Egyptian listed companies,N/A (Study Period),Financial,Financial Reporting Credibility,Standard deviation for 'Financial reports contain truthful and credible information in expressing the phenomena to be reported.',0.86,,,Egypt,article_38766_b4940cb299d7eee02686bb54df327d3d.pdf
Sample of Egyptian listed companies,N/A (Study Period),Financial,Impact on Financial Reporting (R-squared),R-squared value for sustainability accounting impact on financial reporting,0.434,,,Egypt,article_38766_b4940cb299d7eee02686bb54df327d3d.pdf
Sample of Egyptian listed companies,N/A (Study Period),Financial,Impact on Financial Reporting (F-statistic),F-statistic for sustainability accounting impact on financial reporting,54.78,,,Egypt,article_38766_b4940cb299d7eee02686bb54df327d3d.pdf
Sample of Egyptian listed companies,N/A (Study Period),Financial,Impact on Financial Reporting (Significance),Significance level (p-value) for sustainability accounting impact on financial reporting,0.00,,,Egypt,article_38766_b4940cb299d7eee02686bb54df327d3d.pdf
Sample of Egyptian listed companies,N/A (Study Period),Financial,Impact on Financial Reporting (R-squared),R-squared value for economic elements impact on financial reporting,0.322,,,Egypt,article_38766_b4940cb299d7eee02686bb54df327d3d.pdf
Sample of Egyptian listed companies,N/A (Study Period),Financial,Impact on Financial Reporting (T-statistic),T-statistic for economic elements impact on financial reporting,16.40,,,Egypt,article_38766_b4940cb299d7eee02686bb54df327d3d.pdf
Sample of Egyptian listed companies,N/A (Study Period),Financial,Impact on Financial Reporting (Significance),Significance level (p-value) for economic elements impact on financial reporting,0.00,,,Egypt,article_38766_b4940cb299d7eee02686bb54df327d3d.pdf
Sample of Egyptian listed companies,N/A (Study Period),Social,Impact on Financial Reporting (R-squared),R-squared value for social elements impact on financial reporting,0.256,,,Egypt,article_38766_b4940cb299d7eee02686bb54df327d3d.pdf
Sample of Egyptian listed companies,N/A (Study Period),Social,Impact on Financial Reporting (T-statistic),T-statistic for social elements impact on financial reporting,18.9,,,Egypt,article_38766_b4940cb299d7eee02686bb54df327d3d.pdf
Sample of Egyptian listed companies,N/A (Study Period),Social,Impact on Financial Reporting (Significance),Significance level (p-value) for social elements impact on financial reporting,0.00,,,Egypt,article_38766_b4940cb299d7eee02686bb54df327d3d.pdf
Sample of Egyptian listed companies,N/A (Study Period),Environmental,Impact on Financial Reporting (R-squared),R-squared value for environmental elements impact on financial reporting,0.354,,,Egypt,article_38766_b4940cb299d7eee02686bb54df327d3d.pdf
Sample of Egyptian listed companies,N/A (Study Period),Environmental,Impact on Financial Reporting (T-statistic),T-statistic for environmental elements impact on financial reporting,16.4,,,Egypt,article_38766_b4940cb299d7eee02686bb54df327d3d.pdf
Sample of Egyptian listed companies,N/A (Study Period),Environmental,Impact on Financial Reporting (Significance),Significance level (p-value) for environmental elements impact on financial reporting,0.00,,,Egypt,article_38766_b4940cb299d7eee02686bb54df327d3d.pdf
Sample of Egyptian listed companies,N/A (Study Period),Financial,Impact on Financial Reporting (R-squared),R-squared value for economic element impact on financial reporting (simple regression),0.352,,,Egypt,article_38766_b4940cb299d7eee02686bb54df327d3d.pdf
Sample of Egyptian listed companies,N/A (Study Period),Financial,Impact on Financial Reporting (Significance),Significance level (p-value) for economic element impact on financial reporting (simple regression),0.00,,,Egypt,article_38766_b4940cb299d7eee02686bb54df327d3d.pdf
Sample of Egyptian listed companies,N/A (Study Period),Financial,Impact on Financial Reporting (T-statistic),T-statistic for economic element impact on financial reporting (simple regression),16.54,,,Egypt,article_38766_b4940cb299d7eee02686bb54df327d3d.pdf
Sample of Egyptian listed companies,N/A (Study Period),Social,Impact on Financial Reporting (R-squared),R-squared value for social elements impact on financial reporting (simple regression),0.235,,,Egypt,article_38766_b4940cb299d7eee02686bb54df327d3d.pdf
Sample of Egyptian listed companies,N/A (Study Period),Social,Impact on Financial Reporting (Significance),Significance level (p-value) for social elements impact on financial reporting (simple regression),0.00,,,Egypt,article_38766_b4940cb299d7eee02686bb54df327d3d.pdf
Sample of Egyptian listed companies,N/A (Study Period),Social,Impact on Financial Reporting (T-statistic),T-statistic for social elements impact on financial reporting (simple regression),17.66,,,Egypt,article_38766_b4940cb299d7eee02686bb54df327d3d.pdf
Sample of Egyptian listed companies,N/A (Study Period),Environmental,Impact on Financial Reporting (R-squared),R-squared value for environmental elements impact on financial reporting (simple regression),0.243,,,Egypt,article_38766_b4940cb299d7eee02686bb54df327d3d.pdf
Sample of Egyptian listed companies,N/A (Study Period),Environmental,Impact on Financial Reporting (Significance),Significance level (p-value) for environmental elements impact on financial reporting (simple regression),0.00,,,Egypt,article_38766_b4940cb299d7eee02686bb54df327d3d.pdf
Sample of Egyptian listed companies,N/A (Study Period),Environmental,Impact on Financial Reporting (T-statistic),T-statistic for environmental elements impact on financial reporting (simple regression),18.67,,,Egypt,article_38766_b4940cb299d7eee02686bb54df327d3d.pdf
Sample of Egyptian listed companies,N/A (Study Period),Governance,Challenges of Sustainability Accounting Application (T-statistic),T-statistic for problems and hardships in sustainability accounting application,3.29,,,Egypt,article_38766_b4940cb299d7eee02686bb54df327d3d.pdf
Sample of Egyptian listed companies,N/A (Study Period),Governance,Challenges of Sustainability Accounting Application (Significance),Significance level (p-value) for problems and hardships in sustainability accounting application,0.00,,,Egypt,article_38766_b4940cb299d7eee02686bb54df327d3d.pdf
Sample of Egyptian listed companies,N/A (Study Period),Environmental,Impact on Financial Reporting (Mean),Mean score for the impact of environmental elements of sustainability accounting on financial reporting (from results summary),3.937,score,,Egypt,article_38766_b4940cb299d7eee02686bb54df327d3d.pdf
Sample of Egyptian listed companies,N/A (Study Period),Environmental,Impact on Financial Reporting (Standard Deviation),Standard deviation for the impact of environmental elements of sustainability accounting on financial reporting (from results summary),0.48,,,Egypt,article_38766_b4940cb299d7eee02686bb54df327d3d.pdf
Sample of Egyptian listed companies,N/A (Study Period),Social,Impact on Financial Reporting (Mean),Mean score for the impact of social elements of sustainability accounting on financial reporting (from results summary),3.835,score,,Egypt,article_38766_b4940cb299d7eee02686bb54df327d3d.pdf
Sample of Egyptian listed companies,N/A (Study Period),Social,Impact on Financial Reporting (Standard Deviation),Standard deviation for the impact of social elements of sustainability accounting on financial reporting (from results summary),0.599,,,Egypt,article_38766_b4940cb299d7eee02686bb54df327d3d.pdf
Sample of Egyptian listed companies,N/A (Study Period),Financial,Impact on Financial Reporting (Mean),Mean score for the impact of economic elements of sustainability accounting on financial reporting (from results summary),3.847,score,,Egypt,article_38766_b4940cb299d7eee02686bb54df327d3d.pdf
Sample of Egyptian listed companies,N/A (Study Period),Financial,Impact on Financial Reporting (Standard Deviation),Standard deviation for the impact of economic elements of sustainability accounting on financial reporting (from results summary),0.66,,,Egypt,article_38766_b4940cb299d7eee02686bb54df327d3d.pdf
Contact Financial Holding,2024,Social,Total employees and workforce,Total professionals,2500,professionals,,Egypt,contact-sustainability-report2023.pdf
Contact Financial Holding,2024,Social,Operational presence,Number of locations nationwide,76,locations,,Egypt,contact-sustainability-report2023.pdf
Contact Financial Holding,2024,Social,Operational presence,Number of points of sale,10000,points of sale,,Egypt,contact-sustainability-report2023.pdf
Contact Financial Holding,2024,Social,Community investment and donations,Individuals benefiting from financial literacy and inclusion programs,50000,individuals,,Egypt,contact-sustainability-report2023.pdf
Contact Financial Holding,2024,Social,Health and safety metrics,Employee training hours delivered,5000,training hours,,Egypt,contact-sustainability-report2023.pdf
Contact Financial Holding,2024,Social,Community investment and donations,Young people reached by financial education outreach,30000,young people,,Egypt,contact-sustainability-report2023.pdf
Contact Financial Holding,2024,Social,Employee diversity (gender),Increase in female representation in leadership roles,20,%,,Egypt,contact-sustainability-report2023.pdf
Contact Financial Holding,2024,Social,Total employees and workforce,New jobs created,500,jobs,,Egypt,contact-sustainability-report2023.pdf
Contact Financial Holding,2024,Financial,Sustainability investments,Funding provided to small and medium enterprises (SMEs),1500000000,EGP,,Egypt,contact-sustainability-report2023.pdf
Contact Financial Holding,2024,Social,Community investment and donations,Individuals reached with accessible financing options,100000,individuals,,Egypt,contact-sustainability-report2023.pdf
Contact Financial Holding,2024,Financial,Green finance metrics,Green bonds issued,500000000,EGP,,Egypt,contact-sustainability-report2023.pdf
Contact Financial Holding,2024,Financial,Green finance metrics,Rise in eco-friendly auto loans,25,%,,Egypt,contact-sustainability-report2023.pdf
Contact Financial Holding,2024,Environmental,Waste generation and recycling,Operations transitioned to paperless workflows,60,%,,Egypt,contact-sustainability-report2023.pdf
Contact Financial Holding,2024,Environmental,Energy consumption,Reduction in energy consumption,15,%,,Egypt,contact-sustainability-report2023.pdf
Contact Financial Holding,2024,Financial,Green finance metrics,Value of green product financing,177224325,EGP,,Egypt,contact-sustainability-report2023.pdf
Contact Financial Holding,2024,Financial,Green finance metrics,Number of green product financing contracts,179,contracts,,Egypt,contact-sustainability-report2023.pdf
Contact Financial Holding,2023,Social,Community investment and donations,Total beneficiaries from community programs,8600,beneficiaries,,Egypt,contact-sustainability-report2023.pdf
Contact Financial Holding,2023,Social,Stakeholder engagement,Number of partners in impact,9,partners,,Egypt,contact-sustainability-report2023.pdf
Contact Financial Holding,2023,Social,Health and safety metrics,Number of employee events,7,events,,Egypt,contact-sustainability-report2023.pdf
Contact Financial Holding,2023,Social,Community investment and donations,Number of outreach impact events and programs,30,events/programs,,Egypt,contact-sustainability-report2023.pdf
Contact Financial Holding,2025,Financial,Sustainability investments,Goal for sustainable investments,1000000000,EGP,,Egypt,contact-sustainability-report2023.pdf
Contact Financial Holding,2025,Social,Community investment and donations,Goal for individuals reached by financial literacy initiatives,200000,individuals,,Egypt,contact-sustainability-report2023.pdf
e& Egypt,2023,Environmental,Total Energy Consumption,Total energy consumption,665265,MWh,Total,Egypt,e%26Egypt2023SustainabilityReport.pdf
e& Egypt,2022,Environmental,Total Energy Consumption,Total energy consumption,649039,MWh,Total,Egypt,e%26Egypt2023SustainabilityReport.pdf
e& Egypt,2023,Environmental,Renewable Energy Share,Share of renewable energy from total energy consumption,18,%,Total,Egypt,e%26Egypt2023SustainabilityReport.pdf
e& Egypt,2022,Environmental,Renewable Energy Share,Share of renewable energy from total energy consumption,11,%,Total,Egypt,e%26Egypt2023SustainabilityReport.pdf
e& Egypt,2023,Environmental,Base Stations Powered by Renewable/Hybrid Energy,Number of base stations powered by renewable / hybrid energy,458,stations,Total,Egypt,e%26Egypt2023SustainabilityReport.pdf
e& Egypt,2022,Environmental,Base Stations Powered by Renewable/Hybrid Energy,Number of base stations powered by renewable / hybrid energy,210,stations,Total,Egypt,e%26Egypt2023SustainabilityReport.pdf
e& Egypt,2023,Environmental,GHG Emissions,Total absolute Scope 1+2 emissions (market-based),274523,tCO2e,Scope 1+2,Egypt,e%26Egypt2023SustainabilityReport.pdf
e& Egypt,2022,Environmental,GHG Emissions,Total absolute Scope 1+2 emissions (market-based),298003,tCO2e,Scope 1+2,Egypt,e%26Egypt2023SustainabilityReport.pdf
e& Egypt,2023,Environmental,Carbon Intensity,Carbon intensity (Scope 1+2),0.24,mtCO2e/Terabyte,Scope 1+2,Egypt,e%26Egypt2023SustainabilityReport.pdf
e& Egypt,2023,Environmental,GHG Emissions,Total absolute Scope 3 emissions,140566,tCO2e,Scope 3,Egypt,e%26Egypt2023SustainabilityReport.pdf
e& Egypt,2022,Environmental,GHG Emissions,Total absolute Scope 3 emissions (recalculated),224231,tCO2e,Scope 3,Egypt,e%26Egypt2023SustainabilityReport.pdf
e& Egypt,2022,Environmental,GHG Emissions,Total absolute Scope 3 emissions (previously reported),274416,tCO2e,Scope 3,Egypt,e%26Egypt2023SustainabilityReport.pdf
e& Egypt,2023,Environmental,GHG Emissions Reduction,Scope 3 emissions decrease year-over-year,29,%,Scope 3,Egypt,e%26Egypt2023SustainabilityReport.pdf
e& Egypt,2030,Environmental,GHG Emissions Reduction Target,Scope 1+2 emissions reduction target from 2022 baseline,35,%,Scope 1+2,Egypt,e%26Egypt2023SustainabilityReport.pdf
e& Egypt,2023,Environmental,Reduced Emissions from Renewable Energy,Reduced emissions from on-site renewable energy generation,26010,tCO2e,Scope 1,Egypt,e%26Egypt2023SustainabilityReport.pdf
e& Egypt,2023,Environmental,On-site Renewable Energy Generation,On-site generation of renewable energy,23113,MWh,Total,Egypt,e%26Egypt2023SustainabilityReport.pdf
e& Egypt,2022,Environmental,Use of Sold Products,Accurate count for use of sold products,399126,units,Scope 3,Egypt,e%26Egypt2023SustainabilityReport.pdf
e& Egypt,2022,Environmental,Use of Sold Products,Initial reported count for use of sold products (overestimated),402469,units,Scope 3,Egypt,e%26Egypt2023SustainabilityReport.pdf
e& Egypt,2023,Social,Female Employee Representation,Representation of female employees in workforce,27,%,Total,Egypt,e%26Egypt2023SustainabilityReport.pdf
e& Egypt,2022,Social,Female Employee Representation,Representation of female employees in workforce,26,%,Total,Egypt,e%26Egypt2023SustainabilityReport.pdf
e& Egypt,2023,Social,Female New Hires,Females from total new hires under 30,37,%,Total,Egypt,e%26Egypt2023SustainabilityReport.pdf
e& Egypt,2023,Social,People of Determination Representation,People of determination across workforce,6,%,Total,Egypt,e%26Egypt2023SustainabilityReport.pdf
e& Egypt,2022,Social,People of Determination Representation,People of determination across workforce,5,%,Total,Egypt,e%26Egypt2023SustainabilityReport.pdf
e& Egypt,2023,Social,Employee Training Hours,Hours of training delivered to employees,52684,hours,Total,Egypt,e%26Egypt2023SustainabilityReport.pdf
e& Egypt,2022,Social,Employee Training Hours,Hours of training delivered to employees,21726,hours,Total,Egypt,e%26Egypt2023SustainabilityReport.pdf
e& Egypt,2023,Social,Employee Engagement Index,Employee engagement index,87,%,Total,Egypt,e%26Egypt2023SustainabilityReport.pdf
e& Egypt,2022,Social,Employee Engagement Index,Employee engagement index,84,%,Total,Egypt,e%26Egypt2023SustainabilityReport.pdf
e& Egypt,2023,Social,Community Investments,Community investments (Telecom Services),10,Mn EGP,Total,Egypt,e%26Egypt2023SustainabilityReport.pdf
e& Egypt,2023,Social,Customer Satisfaction Rate,After-call Customer Satisfaction Rate,86,%,Total,Egypt,e%26Egypt2023SustainabilityReport.pdf
e& Egypt,2022,Social,Customer Satisfaction Rate,After-call Customer Satisfaction Rate,85,%,Total,Egypt,e%26Egypt2023SustainabilityReport.pdf
e& Egypt,2023,Governance,Ethics & Compliance Acknowledgment,Employees receiving & acknowledging ethics & compliance material,100,%,Total,Egypt,e%26Egypt2023SustainabilityReport.pdf
e& Egypt,2023,Governance,Code of Conduct Acknowledgment,Board of Directors and employees formally acknowledged compliance with Code of Conduct,100,%,Total,Egypt,e%26Egypt2023SustainabilityReport.pdf
e& Egypt,2023,Governance,Local Supplier Spending,Spending on local suppliers out of total expenditure,46,%,Total,Egypt,e%26Egypt2023SustainabilityReport.pdf
e& Egypt,2022,Governance,Local Supplier Spending,Spending on local suppliers out of total expenditure,35,%,Total,Egypt,e%26Egypt2023SustainabilityReport.pdf
e& Egypt,2023,Social,Total Employees,Total employees,8879,employees,Total,Egypt,e%26Egypt2023SustainabilityReport.pdf
e& Egypt,2023,Social,New Employees,New employees welcomed,1963,employees,Total,Egypt,e%26Egypt2023SustainabilityReport.pdf
e& Egypt,2023,Governance,Automation Rate,Automation rate in consumer activation team,75,%,Total,Egypt,e%26Egypt2023SustainabilityReport.pdf
e& Egypt,2023,Governance,Local Suppliers,Percentage of local businesses among suppliers,51,%,Total,Egypt,e%26Egypt2023SustainabilityReport.pdf
e& Egypt,2023,Social,Microfinance Clients,Erada Microfinance clients supported,20500,clients,Total,Egypt,e%26Egypt2023SustainabilityReport.pdf
e& Egypt,2023,Social,Female Microfinance Clients,Female clients of Erada Microfinance,48,%,Total,Egypt,e%26Egypt2023SustainabilityReport.pdf
e& Egypt,2023,Social,Subscribers,Total subscribers,33900000,subscribers,Total,Egypt,e%26Egypt2023SustainabilityReport.pdf
e& Egypt,2023,Social,Governorates Served,Number of governorates served,27,governorates,Total,Egypt,e%26Egypt2023SustainabilityReport.pdf
e& Egypt,2023,Social,Consumer Customer Base,Consumer customer base,30000000,subscribers,Total,Egypt,e%26Egypt2023SustainabilityReport.pdf
e& Egypt,2023,Financial,SuperPay Capital,SuperPay by e& capital,465,Mn EGP,Total,Egypt,e%26Egypt2023SustainabilityReport.pdf
e& Egypt,2023,Governance,Payment Services,Number of bill payment services offered by SuperPay,600,services,Total,Egypt,e%26Egypt2023SustainabilityReport.pdf
e& Egypt,2023,Social,Twist TV Content Hours,Twist TV content library,16000,hours,Total,Egypt,e%26Egypt2023SustainabilityReport.pdf
e& Egypt,2023,Financial,Revenues,Total revenues,30740000000,EGP,Total,Egypt,e%26Egypt2023SustainabilityReport.pdf
e& Egypt,2023,Financial,Total Procurement Spending,Total procurement spending,6604000000,EGP,Total,Egypt,e%26Egypt2023SustainabilityReport.pdf
e& Egypt,2023,Social,Beneficiaries Impacted,"Beneficiaries impacted through CSR, Sustainability, and Foundation Initiatives",422000,beneficiaries,Total,Egypt,e%26Egypt2023SustainabilityReport.pdf
e& Egypt,2023,Governance,Board Members,Number of Board Members,9,members,Total,Egypt,e%26Egypt2023SustainabilityReport.pdf
e& Egypt,2023,Governance,Independent Board Members,Percentage of Independent Board Members (Non-Executives),67,%,Total,Egypt,e%26Egypt2023SustainabilityReport.pdf
e& Egypt,2023,Governance,Average Board Tenure,Average Board Tenure,8,years,Total,Egypt,e%26Egypt2023SustainabilityReport.pdf
e& Egypt,2023,Governance,Non-Executive Board Members,Number of Non-executive Board Members,6,members,Total,Egypt,e%26Egypt2023SustainabilityReport.pdf
e& Egypt,2023,Governance,Audit Committee Meetings,Number of Audit Committee meetings held,4,meetings,Total,Egypt,e%26Egypt2023SustainabilityReport.pdf
e& Egypt,2023,Governance,Enterprise Risk Management Committee Meetings,Number of Enterprise Risk Management Committee meetings held,4,meetings,Total,Egypt,e%26Egypt2023SustainabilityReport.pdf
e& Egypt,2023,Governance,Identified Risks,Number of risks identified and reported by ERM team,7,risks,Total,Egypt,e%26Egypt2023SustainabilityReport.pdf
e& Egypt,2023,Governance,Compliance Training Attendees,Corporate Compliance Training Course Attendees,160,attendees,Total,Egypt,e%26Egypt2023SustainabilityReport.pdf
e& Egypt,2023,Governance,Compliance Training Attendance Rate,Corporate Compliance Training Course Attendance rate,80,%,Total,Egypt,e%26Egypt2023SustainabilityReport.pdf
e& Egypt,2023,Governance,Non-Compliance Incidents,Incidents of non-compliance with laws and regulations resulting in a fine or warning,0,incidents,Total,Egypt,e%26Egypt2023SustainabilityReport.pdf
e& Egypt,2023,Social,Whistleblowing Cases,Whistle-blowing cases reported,18,cases,Total,Egypt,e%26Egypt2023SustainabilityReport.pdf
e& Egypt,2023,Social,Tier 1 Suppliers,Number of Tier 1 suppliers,63,suppliers,Total,Egypt,e%26Egypt2023SustainabilityReport.pdf
e& Egypt,2023,Social,Critical Non-Tier 1 Suppliers,Number of critical non-Tier 1 suppliers,45,suppliers,Total,Egypt,e%26Egypt2023SustainabilityReport.pdf
e& Egypt,2023,Social,Local Suppliers Percentage,Percentage of local suppliers,51,%,Total,Egypt,e%26Egypt2023SustainabilityReport.pdf
e& Egypt,2022,Social,Local Suppliers Percentage,Percentage of local suppliers,85,%,Total,Egypt,e%26Egypt2023SustainabilityReport.pdf
e& Egypt,2023,Governance,Cybersecurity Awareness,Percentage of total workforce received cybersecurity awareness,100,%,Total,Egypt,e%26Egypt2023SustainabilityReport.pdf
e& Egypt,2023,Social,Complaints Reduction,Reduction in complaints received compared to 2022,26,%,Total,Egypt,e%26Egypt2023SustainabilityReport.pdf
e& Egypt,2023,Social,Transfer Rate Reduction,Reduction in transfer rate,15,%,Total,Egypt,e%26Egypt2023SustainabilityReport.pdf
e& Egypt,2023,Social,First Call Resolution Rate,First Call Resolution rate,95,%,Total,Egypt,e%26Egypt2023SustainabilityReport.pdf
e& Egypt,2023,Social,Automated Tasks,Percentage of total tasks automated in consumer activation team,75,%,Total,Egypt,e%26Egypt2023SustainabilityReport.pdf
e& Egypt,2023,Social,Mean Time to Resolve Requests Reduction,Reduction in mean time to resolve customer requests & complaints,5,%,Total,Egypt,e%26Egypt2023SustainabilityReport.pdf
e& Egypt,2023,Social,Customer Care Training Hours,Total training hours delivered through customer care unit,237020,hours,Total,Egypt,e%26Egypt2023SustainabilityReport.pdf
e& Egypt,2023,Social,Female Employees,Number of female employees,2425,employees,Total,Egypt,e%26Egypt2023SustainabilityReport.pdf
e& Egypt,2023,Social,People of Determination Employees,Number of People of Determination (PoD) employees,517,employees,Total,Egypt,e%26Egypt2023SustainabilityReport.pdf
e& Egypt,2022,Social,People of Determination Employees,Number of People of Determination (PoD) employees,470,employees,Total,Egypt,e%26Egypt2023SustainabilityReport.pdf
e& Egypt,2023,Social,Employee Training Hours Growth,Year-over-year growth in employee training hours,142,%,Total,Egypt,e%26Egypt2023SustainabilityReport.pdf
e& Egypt,2023,Social,Customer Centricity Training Sessions,Number of customer centricity training sessions provided,120,sessions,Total,Egypt,e%26Egypt2023SustainabilityReport.pdf
e& Egypt,2023,Social,GOLD Program Participants,Number of director-level employees in GOLD program,18,employees,Total,Egypt,e%26Egypt2023SustainabilityReport.pdf
e& Egypt,2023,Social,MDP Program Participants,Number of managers in MDP program,600,managers,Total,Egypt,e%26Egypt2023SustainabilityReport.pdf
e& Egypt,2023,Social,SDP Program Participants,Number of team leaders in SDP program,480,team leaders,Total,Egypt,e%26Egypt2023SustainabilityReport.pdf
e& Egypt,2023,Social,Special Talent Programs,Number of customized special talent programs,31,programs,Total,Egypt,e%26Egypt2023SustainabilityReport.pdf
e& Egypt,2023,Social,Entry Level Employee Training Hours,Training hours for entry level employees,34335,hours,Total,Egypt,e%26Egypt2023SustainabilityReport.pdf
e& Egypt,2023,Social,Mid-Career Employee Training Hours,Training hours for employees aged 30-50,47732,hours,Total,Egypt,e%26Egypt2023SustainabilityReport.pdf
e& Egypt,2023,Social,Career Development Training Participants,Total employees who received career development training sessions,1858,employees,Total,Egypt,e%26Egypt2023SustainabilityReport.pdf
e& Egypt,2022,Social,Career Development Training Participants,Total employees who received career development training sessions,1440,employees,Total,Egypt,e%26Egypt2023SustainabilityReport.pdf
e& Egypt,2023,Social,Career Development Training Growth,Year-over-year growth in career development training participants,29,%,Total,Egypt,e%26Egypt2023SustainabilityReport.pdf
e& Egypt,2019,Social,Employee Engagement Index,Employee engagement index,70,%,Total,Egypt,e%26Egypt2023SustainabilityReport.pdf
e& Egypt,2023,Social,HSE Training Sessions,Training sessions on Health and Safety topics,250,sessions,Total,Egypt,e%26Egypt2023SustainabilityReport.pdf
e& Egypt,2023,Social,HSE Training Participants,Employees received Health and Safety training,210,employees,Total,Egypt,e%26Egypt2023SustainabilityReport.pdf
e& Egypt,2023,Social,HSE Training Hours (Employees),Total hours of HSE training provided to employees,20,hours,Total,Egypt,e%26Egypt2023SustainabilityReport.pdf
e& Egypt,2023,Social,HSE Training Hours (Contractors),Total hours of HSE training provided to contractors,104,hours,Total,Egypt,e%26Egypt2023SustainabilityReport.pdf
e& Egypt,2023,Social,Emergency Response Drills,Total emergency response drills completed,4,drills,Total,Egypt,e%26Egypt2023SustainabilityReport.pdf
e& Egypt,2023,Social,Safety Incident Investigations,Safety incident investigations completed,5,investigations,Total,Egypt,e%26Egypt2023SustainabilityReport.pdf
e& Egypt,2023,Social,Fatalities,Fatalities recorded,0,fatalities,Total,Egypt,e%26Egypt2023SustainabilityReport.pdf
e& Egypt,2023,Social,Occupational Health and Safety Incidents,Occupational health and safety incidents,5,incidents,Total,Egypt,e%26Egypt2023SustainabilityReport.pdf
e& Egypt,2023,Social,Employee Lost-Time Injuries,Employee lost-time injuries,3,injuries,Total,Egypt,e%26Egypt2023SustainabilityReport.pdf
e& Egypt,2022,Social,Employee Lost-Time Injuries,Employee lost-time injuries,7,injuries,Total,Egypt,e%26Egypt2023SustainabilityReport.pdf
e& Egypt,2023,Social,HSE Awareness Training Participants,HSE awareness training participants,1600,participants,Total,Egypt,e%26Egypt2023SustainabilityReport.pdf
e& Egypt,2023,Social,HSE Awareness Training Sessions,HSE awareness training sessions conducted,238,sessions,Total,Egypt,e%26Egypt2023SustainabilityReport.pdf
e& Egypt,2023,Social,Non-Compliance Incidents (Product/Service Health & Safety),Incidents of non-compliance concerning health and safety of products and services,0,incidents,Total,Egypt,e%26Egypt2023SustainabilityReport.pdf
e& Egypt,2023,Social,e& Cash Monthly Active Users Growth,Year-over-year growth of average monthly active users for e& Cash,104,%,Total,Egypt,e%26Egypt2023SustainabilityReport.pdf
e& Egypt,2023,Social,e& Cash Money Circulation Growth,Year-over-year increase in money circulation for e& Cash,140,%,Total,Egypt,e%26Egypt2023SustainabilityReport.pdf
e& Egypt,2023,Social,e& Cash Monthly Transactions Growth,Increase in monthly transactions for e& Cash compared to 2022,147,%,Total,Egypt,e%26Egypt2023SustainabilityReport.pdf
e& Egypt,2023,Social,e& Cash Payment Services Added,New payment services added to e& Cash,140,services,Total,Egypt,e%26Egypt2023SustainabilityReport.pdf
e& Egypt,2023,Social,Fintech Payment Services,Number of payment services offered by fintech initiative,170,services,Total,Egypt,e%26Egypt2023SustainabilityReport.pdf
e& Egypt,2023,Social,Erada Microfinance Branches,Number of Erada Microfinance branches,77,branches,Total,Egypt,e%26Egypt2023SustainabilityReport.pdf
e& Egypt,2023,Social,Erada Microfinance Branches in e& Egypt Branches,Percentage of Erada Microfinance branches located in e& Egypt's branches,75,%,Total,Egypt,e%26Egypt2023SustainabilityReport.pdf
e& Egypt,2023,Social,Erada Microfinance Governorates,Number of governorates served by Erada Microfinance,18,governorates,Total,Egypt,e%26Egypt2023SustainabilityReport.pdf
e& Egypt,2023,Financial,Erada Microfinance Disbursement Loans,Disbursement Loans by Erada Microfinance,550000000,EGP,Total,Egypt,e%26Egypt2023SustainabilityReport.pdf
e& Egypt,2023,Social,CSR Governorates Reached,Number of governorates reached by CSR initiatives,27,governorates,Total,Egypt,e%26Egypt2023SustainabilityReport.pdf
e& Egypt,2023,Social,Autistic Children Sponsored,Number of autistic children/students sponsored for one year,5,children,Total,Egypt,e%26Egypt2023SustainabilityReport.pdf
e& Egypt,2023,Social,Rehabilitation Sessions,Individual and group rehabilitation sessions out of total weekly sessions,17,sessions,Total,Egypt,e%26Egypt2023SustainabilityReport.pdf
e& Egypt,2023,Social,Weekly Rehabilitation Sessions,Total weekly rehabilitation sessions,34,sessions,Total,Egypt,e%26Egypt2023SustainabilityReport.pdf
e& Egypt,2023,Social,Food Cartons Distributed,Food cartons distributed during Ramadan,30000,cartons,Total,Egypt,e%26Egypt2023SustainabilityReport.pdf
e& Egypt,2023,Environmental,Waste Removal,Waste removed from Wadi Degla Protectorate,30,kilograms,Total,Egypt,e%26Egypt2023SustainabilityReport.pdf
e& Egypt,2023,Environmental,Trees Planted,Fruit trees planted in a public school,100,trees,Total,Egypt,e%26Egypt2023SustainabilityReport.pdf
e& Egypt,2023,Environmental,Carbon Emissions Offset (Planting),Carbon emissions offset annually by planting trees,1000,kilograms,Total,Egypt,e%26Egypt2023SustainabilityReport.pdf
e& Egypt,2023,Environmental,Plastic Bottles Recycled,Plastic bottles recycled,380000,bottles,Total,Egypt,e%26Egypt2023SustainabilityReport.pdf
e& Egypt,2023,Environmental,Carbon Emissions Offset (Recycling),Carbon emissions offset by recycling plastic bottles,13.3,tons,Total,Egypt,e%26Egypt2023SustainabilityReport.pdf
e& Egypt,2023,Social,Gaza Aid Volunteers,Employees volunteered for Gaza Medical and Food Aid,100,employees,Total,Egypt,e%26Egypt2023SustainabilityReport.pdf
e& Egypt,2023,Social,Gaza Aid Cartons,Cartons of medical and food supplies packaged for Gaza,2500,cartons,Total,Egypt,e%26Egypt2023SustainabilityReport.pdf
e& Egypt,2023,Social,Gaza Communication Lines,Communication lines provided to Palestinians in Rafah,100,lines,Total,Egypt,e%26Egypt2023SustainabilityReport.pdf
e& Egypt,2023,Social,Dialogue in the Dark Students,Public school students participating in Dialogue in the Dark,400,students,Total,Egypt,e%26Egypt2023SustainabilityReport.pdf
e& Egypt,2023,Social,Dialogue in the Dark Employees,Employees participating in Dialogue in the Dark,160,employees,Total,Egypt,e%26Egypt2023SustainabilityReport.pdf
e& Egypt,2023,Social,NGOs Supported by Double Up Project,Number of NGOs supported by Double Up project,13,NGOs,Total,Egypt,e%26Egypt2023SustainabilityReport.pdf
e& Egypt,2023,Social,Chemotherapy Sessions,Chemotherapy sessions conducted through Double Up project,5000,sessions,Total,Egypt,e%26Egypt2023SustainabilityReport.pdf
e& Egypt,2023,Social,Water Connections,Water connections established in Upper Egypt through Double Up project,16,connections,Total,Egypt,e%26Egypt2023SustainabilityReport.pdf
e& Egypt,2023,Social,Medical Operations,Medical operations conducted through Double Up project,15,operations,Total,Egypt,e%26Egypt2023SustainabilityReport.pdf
e& Egypt,2023,Social,Winter Boxes for Gaza,Winter boxes provided for families in Gaza through Double Up project,13,boxes,Total,Egypt,e%26Egypt2023SustainabilityReport.pdf
e& Egypt,2023,Social,Nutritional Boxes Distributed,Nutritional boxes distributed to vulnerable families through Double Up project,350,boxes,Total,Egypt,e%26Egypt2023SustainabilityReport.pdf
e& Egypt,2023,Social,Medical Caravans,Medical caravans organized as of mid-December,10,caravans,Total,Egypt,e%26Egypt2023SustainabilityReport.pdf
e& Egypt,2023,Social,Medical Examinations,Medical examinations facilitated by caravans,7000,examinations,Total,Egypt,e%26Egypt2023SustainabilityReport.pdf
e& Egypt,2023,Social,Schools Served by Medical Caravans,Schools for children with disabilities served by medical caravans,2,schools,Total,Egypt,e%26Egypt2023SustainabilityReport.pdf
e& Egypt,2024,Social,Scheduled Medical Caravans,Medical caravans scheduled to be conducted,93,caravans,Total,Egypt,e%26Egypt2023SustainabilityReport.pdf
e& Egypt,2023,Environmental,GHG Emissions,Total GHG emissions of operations and businesses,415089,tCO2e,Total,Egypt,e%26Egypt2023SustainabilityReport.pdf
e& Egypt,2023,Environmental,GHG Emissions,Scope 3 emissions,140566,tCO2e,Scope 3,Egypt,e%26Egypt2023SustainabilityReport.pdf
e& Egypt,2023,Environmental,GHG Emissions,Scope 3 emissions percentage of total,34,%,Scope 3,Egypt,e%26Egypt2023SustainabilityReport.pdf
e& Egypt,2023,Environmental,GHG Emissions,Scope 2 emissions,206244,tCO2e,Scope 2,Egypt,e%26Egypt2023SustainabilityReport.pdf
e& Egypt,2023,Environmental,GHG Emissions,Scope 2 emissions percentage of total,50,%,Scope 2,Egypt,e%26Egypt2023SustainabilityReport.pdf
e& Egypt,2023,Environmental,GHG Emissions,Scope 1 emissions,68279,tCO2e,Scope 1,Egypt,e%26Egypt2023SustainabilityReport.pdf
e& Egypt,2023,Environmental,GHG Emissions,Scope 1 emissions percentage of total,16,%,Scope 1,Egypt,e%26Egypt2023SustainabilityReport.pdf
e& Egypt,2023,Environmental,Scope 1 Emissions from On-site Fuel Burning,Largest share of overall Scope 1 emissions from on-site fuel burning,14.8,%,Scope 1,Egypt,e%26Egypt2023SustainabilityReport.pdf
e& Egypt,2023,Environmental,Scope 1 Emissions from On-site Fuel Burning,Emissions from on-site fuel burning,61340,tCO2e,Scope 1,Egypt,e%26Egypt2023SustainabilityReport.pdf
e& Egypt,2023,Environmental,Scope 3 Emissions from Fuel and Energy-related Activities,Largest share of Scope 3 emissions from fuel and energy-related activities,20.3,%,Scope 3,Egypt,e%26Egypt2023SustainabilityReport.pdf
e& Egypt,2023,Environmental,Scope 3 Emissions from Fuel and Energy-related Activities,Emissions from fuel and energy-related activities,84200,tCO2e,Scope 3,Egypt,e%26Egypt2023SustainabilityReport.pdf
e& Egypt,2023,Environmental,Renewable Energy Certificates (RECs),Renewable energy certificates (RECs) generated,94486,MWh,Total,Egypt,e%26Egypt2023SustainabilityReport.pdf
e& Egypt,2023,Environmental,Renewable Energy Certificates (RECs) Percentage,RECs as percentage of purchased electricity consumption,15,%,Total,Egypt,e%26Egypt2023SustainabilityReport.pdf
e& Egypt,2023,Environmental,Renewable Energy Certificates (RECs) Percentage,RECs as percentage of renewable energy consumption,80,%,Total,Egypt,e%26Egypt2023SustainabilityReport.pdf
e& Egypt,2023,Environmental,Scope 1 Stationary Combustion,Scope 1 emissions from stationary combustion,61340,tCO2e,Scope 1,Egypt,e%26Egypt2023SustainabilityReport.pdf
e& Egypt,2023,Environmental,Scope 1 Mobile Combustion,Scope 1 emissions from mobile combustion,3156,tCO2e,Scope 1,Egypt,e%26Egypt2023SustainabilityReport.pdf
e& Egypt,2023,Environmental,Scope 1 Refrigerants,Scope 1 emissions from refrigerants,3782,tCO2e,Scope 1,Egypt,e%26Egypt2023SustainabilityReport.pdf
e& Egypt,2023,Environmental,Scope 2 Purchased Energy,Scope 2 emissions from purchased energy,206244,tCO2e,Scope 2,Egypt,e%26Egypt2023SustainabilityReport.pdf
e& Egypt,2023,Environmental,Scope 3 Upstream Transportation and Distribution,Scope 3 emissions from upstream transportation and distribution,3896,tCO2e,Scope 3,Egypt,e%26Egypt2023SustainabilityReport.pdf
e& Egypt,2023,Environmental,Scope 3 Waste Generated in Operations,Scope 3 emissions from waste generated in operations,17,tCO2e,Scope 3,Egypt,e%26Egypt2023SustainabilityReport.pdf
e& Egypt,2023,Environmental,Scope 3 Business Travel,Scope 3 emissions from business travel,622,tCO2e,Scope 3,Egypt,e%26Egypt2023SustainabilityReport.pdf
e& Egypt,2023,Environmental,Scope 3 Employee Commuting,Scope 3 emissions from employee commuting,5099,tCO2e,Scope 3,Egypt,e%26Egypt2023SustainabilityReport.pdf
e& Egypt,2023,Environmental,Scope 3 Purchased Goods and Services,Scope 3 emissions from purchased goods and services,8436,tCO2e,Scope 3,Egypt,e%26Egypt2023SustainabilityReport.pdf
e& Egypt,2023,Environmental,Scope 3 Use of Sold Products,Scope 3 emissions from use of sold products,28843,tCO2e,Scope 3,Egypt,e%26Egypt2023SustainabilityReport.pdf
e& Egypt,2023,Environmental,Scope 3 Capital Goods,Scope 3 emissions from capital goods,5236,tCO2e,Scope 3,Egypt,e%26Egypt2023SustainabilityReport.pdf
e& Egypt,2023,Environmental,Scope 3 End of Life Treatment of Sold Products,Scope 3 emissions from end of life treatment of sold products,20,tCO2e,Scope 3,Egypt,e%26Egypt2023SustainabilityReport.pdf
e& Egypt,2023,Environmental,Scope 3 Fuel and Energy Related Activities,Scope 3 emissions from fuel and energy related activities,84200,tCO2e,Scope 3,Egypt,e%26Egypt2023SustainabilityReport.pdf
e& Egypt,2023,Environmental,Scope 3 Franchises,Scope 3 emissions from franchises,4198,tCO2e,Scope 3,Egypt,e%26Egypt2023SustainabilityReport.pdf
e& Egypt,2023,Environmental,Purchased Electricity Consumption,Total purchased electricity consumption,560179,MWh,Total,Egypt,e%26Egypt2023SustainabilityReport.pdf
e& Egypt,2023,Environmental,Purchased Electricity Consumption by Access Mobile Networks,Percentage of purchased electricity consumption in Access Mobile Networks,83,%,Total,Egypt,e%26Egypt2023SustainabilityReport.pdf
e& Egypt,2023,Environmental,Purchased Electricity Consumption by Core Mobile Networks,Percentage of purchased electricity consumption in Core Mobile Networks,13,%,Total,Egypt,e%26Egypt2023SustainabilityReport.pdf
e& Egypt,2023,Environmental,Purchased Electricity Consumption by Fixed Networks,Percentage of purchased electricity consumption in Fixed Networks,2,%,Total,Egypt,e%26Egypt2023SustainabilityReport.pdf
e& Egypt,2023,Environmental,Purchased Electricity Consumption by Other Operations,Percentage of purchased electricity consumption in Other Operations,2,%,Total,Egypt,e%26Egypt2023SustainabilityReport.pdf
e& Egypt,2023,Environmental,Electricity Consumption from Purchased Chilled Water,Electricity consumption from purchased chilled water,1233,MWh,Total,Egypt,e%26Egypt2023SustainabilityReport.pdf
e& Egypt,2023,Environmental,Electricity Consumption from Purchased Chilled Water Percentage,Electricity consumption from purchased chilled water as percentage of total energy consumption,0.2,%,Total,Egypt,e%26Egypt2023SustainabilityReport.pdf
e& Egypt,2023,Environmental,Energy Consumption from Fuel,Total energy consumption from purchased fuel,81973,MWh,Total,Egypt,e%26Egypt2023SustainabilityReport.pdf
e& Egypt,2023,Environmental,Diesel Consumption,Diesel consumed,23087633,liters,Total,Egypt,e%26Egypt2023SustainabilityReport.pdf
e& Egypt,2023,Environmental,Petrol Consumption,Petrol consumed,131206,liters,Total,Egypt,e%26Egypt2023SustainabilityReport.pdf
e& Egypt,2023,Environmental,Energy Consumption from Fuel by Access Mobile Networks,Percentage of energy consumption from fuel by Access Mobile Networks,84,%,Total,Egypt,e%26Egypt2023SustainabilityReport.pdf
e& Egypt,2023,Environmental,Energy Consumption from Fuel by Core Mobile Networks,Percentage of energy consumption from fuel by Core Mobile Networks,15,%,Total,Egypt,e%26Egypt2023SustainabilityReport.pdf
e& Egypt,2023,Environmental,Energy Consumption from Fuel by Other Operations,Percentage of energy consumption from fuel by Other Operations,1,%,Total,Egypt,e%26Egypt2023SustainabilityReport.pdf
Edita,2021,Environmental,GHG Emissions,Particulate Matter Emissions,15,WBG/IFC Units,,Egypt,Edita-SR20-21-1.pdf
Edita,2020,Environmental,GHG Emissions,Particulate Matter Emissions,15,WBG/IFC Units,,Egypt,Edita-SR20-21-1.pdf
Edita,2019,Environmental,GHG Emissions,Particulate Matter Emissions,18,WBG/IFC Units,,Egypt,Edita-SR20-21-1.pdf
Edita,2021,Environmental,GHG Emissions,SO2 Emissions,10,Mg/Nm3,,Egypt,Edita-SR20-21-1.pdf
Edita,2020,Environmental,GHG Emissions,SO2 Emissions,10,Mg/Nm3,,Egypt,Edita-SR20-21-1.pdf
Edita,2019,Environmental,GHG Emissions,SO2 Emissions,10,Mg/Nm3,,Egypt,Edita-SR20-21-1.pdf
Edita,2021,Environmental,GHG Emissions,NO2 Emissions,137,Mg/Nm3,,Egypt,Edita-SR20-21-1.pdf
Edita,2020,Environmental,GHG Emissions,NO2 Emissions,140,Mg/Nm3,,Egypt,Edita-SR20-21-1.pdf
Edita,2019,Environmental,GHG Emissions,NO2 Emissions,118,Mg/Nm3,,Egypt,Edita-SR20-21-1.pdf
Edita,2021,Environmental,Energy Consumption,Grid Electricity Usage,57333169,KWH,,Egypt,Edita-SR20-21-1.pdf
Edita,2020,Environmental,Energy Consumption,Grid Electricity Usage,57257838,KWH,,Egypt,Edita-SR20-21-1.pdf
Edita,2019,Environmental,Energy Consumption,Grid Electricity Usage,49650277,KWH,,Egypt,Edita-SR20-21-1.pdf
Edita,2021,Environmental,Energy Consumption,Grid Electricity Usage per Production Ton,0.47,MWH/production ton,,Egypt,Edita-SR20-21-1.pdf
Edita,2020,Environmental,Energy Consumption,Grid Electricity Usage per Production Ton,0.49,MWH/production ton,,Egypt,Edita-SR20-21-1.pdf
Edita,2019,Environmental,Energy Consumption,Grid Electricity Usage per Production Ton,0.53,MWH/production ton,,Egypt,Edita-SR20-21-1.pdf
Edita,2021,Environmental,Energy Consumption,Natural Gas Usage,9951215,M3,,Egypt,Edita-SR20-21-1.pdf
Edita,2020,Environmental,Energy Consumption,Natural Gas Usage,8535106,M3,,Egypt,Edita-SR20-21-1.pdf
Edita,2019,Environmental,Energy Consumption,Natural Gas Usage,8437872,M3,,Egypt,Edita-SR20-21-1.pdf
Edita,2021,Environmental,Energy Consumption,Natural Gas Usage per Production Ton,82.09,M3/production ton,,Egypt,Edita-SR20-21-1.pdf
Edita,2020,Environmental,Energy Consumption,Natural Gas Usage per Production Ton,85.16,M3/production ton,,Egypt,Edita-SR20-21-1.pdf
Edita,2019,Environmental,Energy Consumption,Natural Gas Usage per Production Ton,89.58,M3/production ton,,Egypt,Edita-SR20-21-1.pdf
Edita,2030,Environmental,Energy Consumption,Target Decrease in Emissions per Unit and Total Water Usage,10,%,,Egypt,Edita-SR20-21-1.pdf
Edita,2021,Environmental,Water Usage and Withdrawal,Average Water Consumption per Production Ton,3.38,m3 per production ton,,Egypt,Edita-SR20-21-1.pdf
Edita,2020,Environmental,Water Usage and Withdrawal,Average Water Consumption per Production Ton,3.57,m3 per production ton,,Egypt,Edita-SR20-21-1.pdf
Edita,2019,Environmental,Water Usage and Withdrawal,Average Water Consumption per Production Ton,3.79,m3 per production ton,,Egypt,Edita-SR20-21-1.pdf
Edita,2020,Environmental,Water Usage and Withdrawal,Reduction in Average Water Consumption per Production Ton,0.22,m3,,Egypt,Edita-SR20-21-1.pdf
Edita,2021,Environmental,Water Usage and Withdrawal,Additional Reduction in Average Water Consumption per Production Ton,0.19,m3,,Egypt,Edita-SR20-21-1.pdf
Edita,2017,Environmental,Water Usage and Withdrawal,Wastewater Treatment Plants Established (E10 facility),1,plant,,Egypt,Edita-SR20-21-1.pdf
Edita,2019,Environmental,Water Usage and Withdrawal,Wastewater Treatment Plants Established (E06 facility),1,plant,,Egypt,Edita-SR20-21-1.pdf
Edita,2021,Environmental,Water Usage and Withdrawal,Planned Additional Wastewater Treatment Plants,3,plants,,Egypt,Edita-SR20-21-1.pdf
Edita,2021,Environmental,Water Usage and Withdrawal,Estimated Annual Water Savings from Changeover Optimization,140,m3,,Egypt,Edita-SR20-21-1.pdf
Edita,2021,Environmental,Waste Generation and Recycling,Waste Tonnage,1088,tons,,Egypt,Edita-SR20-21-1.pdf
Edita,2020,Environmental,Waste Generation and Recycling,Waste Tonnage,1005,tons,,Egypt,Edita-SR20-21-1.pdf
Edita,2019,Environmental,Waste Generation and Recycling,Waste Tonnage,996,tons,,Egypt,Edita-SR20-21-1.pdf
Edita,2021,Environmental,Waste Generation and Recycling,Waste per Production Ton,0.89,%,,Egypt,Edita-SR20-21-1.pdf
Edita,2020,Environmental,Waste Generation and Recycling,Waste per Production Ton,1.05,%,,Egypt,Edita-SR20-21-1.pdf
Edita,2019,Environmental,Waste Generation and Recycling,Waste per Production Ton,1.05,%,,Egypt,Edita-SR20-21-1.pdf
Edita,2020,Environmental,Waste Generation and Recycling,Reduction in Waste Percentage in Overall Production Capacity,0.03,%,,Egypt,Edita-SR20-21-1.pdf
Edita,2021,Environmental,Waste Generation and Recycling,Reduction in Waste Percentage in Overall Production Capacity,0.01,%,,Egypt,Edita-SR20-21-1.pdf
Edita,2020,Environmental,Waste Generation and Recycling,Average Production Waste Reduction (2018-2020),35,%,,Egypt,Edita-SR20-21-1.pdf
Edita,2020,Environmental,Waste Generation and Recycling,Carton Saved due to Reusable Trays,528,tons,,Egypt,Edita-SR20-21-1.pdf
Edita,2021,Environmental,Waste Generation and Recycling,Carton Saved due to Reusable Trays,552,tons,,Egypt,Edita-SR20-21-1.pdf
Edita,2021,Environmental,Waste Generation and Recycling,Total Carton Saved due to Reusable Trays (2020-2021),1080,tons,,Egypt,Edita-SR20-21-1.pdf
Edita,2020,Environmental,Waste Generation and Recycling,Oriented Polypropylene Plastic (OPP) Saved,119,tons,,Egypt,Edita-SR20-21-1.pdf
Edita,2021,Environmental,Waste Generation and Recycling,Oriented Polypropylene Plastic (OPP) Saved,103,tons,,Egypt,Edita-SR20-21-1.pdf
Edita,2021,Environmental,Waste Generation and Recycling,Total Oriented Polypropylene Plastic (OPP) Saved (2020-2021),222,tons,,Egypt,Edita-SR20-21-1.pdf
Edita,2021,Environmental,Environmental Certifications,ISO 14001 Certified Facilities,5,facilities,,Egypt,Edita-SR20-21-1.pdf
Edita,2021,Social,Total Employees and Workforce,Total Employees (including outsourcing),8393,employees,,Egypt,Edita-SR20-21-1.pdf
Edita,2020,Social,Total Employees and Workforce,Total Employees (including outsourcing),7900,employees,,Egypt,Edita-SR20-21-1.pdf
Edita,2019,Social,Total Employees and Workforce,Total Employees (including outsourcing),6955,employees,,Egypt,Edita-SR20-21-1.pdf
Edita,2021,Social,Total Employees and Workforce,Total Employees (excluding outsourcing),7742,employees,,Egypt,Edita-SR20-21-1.pdf
Edita,2020,Social,Total Employees and Workforce,Total Employees (excluding outsourcing),7900,employees,,Egypt,Edita-SR20-21-1.pdf
Edita,2021,Social,Total Employees and Workforce,Total Terminations (excluding outsourcing),971,terminations,,Egypt,Edita-SR20-21-1.pdf
Edita,2020,Social,Total Employees and Workforce,Total Terminations (excluding outsourcing),769,terminations,,Egypt,Edita-SR20-21-1.pdf
Edita,2021,Social,Total Employees and Workforce,Voluntary Turnover Rate,12,%,,Egypt,Edita-SR20-21-1.pdf
Edita,2020,Social,Total Employees and Workforce,Voluntary Turnover Rate,10,%,,Egypt,Edita-SR20-21-1.pdf
Edita,2021,Social,Total Employees and Workforce,Turnover Rate (for cause),5,%,,Egypt,Edita-SR20-21-1.pdf
Edita,2020,Social,Total Employees and Workforce,Turnover Rate (for cause),7,%,,Egypt,Edita-SR20-21-1.pdf
Edita,2021,Social,Total Employees and Workforce,Total New Hires,2683,employees,,Egypt,Edita-SR20-21-1.pdf
Edita,2020,Social,Total Employees and Workforce,Total New Hires,2212,employees,,Egypt,Edita-SR20-21-1.pdf
Edita,2019,Social,Total Employees and Workforce,Total New Hires,1656,employees,,Egypt,Edita-SR20-21-1.pdf
Edita,2021,Social,Employee Diversity,Female Employees (including outsourcing),264,employees,,Egypt,Edita-SR20-21-1.pdf
Edita,2021,Social,Employee Diversity,Female Employees Percentage (including outsourcing),3.14,%,,Egypt,Edita-SR20-21-1.pdf
Edita,2020,Social,Employee Diversity,Female Employees (including outsourcing),309,employees,,Egypt,Edita-SR20-21-1.pdf
Edita,2020,Social,Employee Diversity,Female Employees Percentage (including outsourcing),3.91,%,,Egypt,Edita-SR20-21-1.pdf
Edita,2019,Social,Employee Diversity,Female Employees (including outsourcing),315,employees,,Egypt,Edita-SR20-21-1.pdf
Edita,2019,Social,Employee Diversity,Female Employees Percentage (including outsourcing),4.52,%,,Egypt,Edita-SR20-21-1.pdf
Edita,2021,Social,Employee Diversity,Male Employees (including outsourcing),8129,employees,,Egypt,Edita-SR20-21-1.pdf
Edita,2021,Social,Employee Diversity,Male Employees Percentage (including outsourcing),96.85,%,,Egypt,Edita-SR20-21-1.pdf
Edita,2020,Social,Employee Diversity,Male Employees (including outsourcing),7591,employees,,Egypt,Edita-SR20-21-1.pdf
Edita,2020,Social,Employee Diversity,Male Employees Percentage (including outsourcing),96,%,,Egypt,Edita-SR20-21-1.pdf
Edita,2019,Social,Employee Diversity,Male Employees (including outsourcing),6640,employees,,Egypt,Edita-SR20-21-1.pdf
Edita,2019,Social,Employee Diversity,Male Employees Percentage (including outsourcing),95.47,%,,Egypt,Edita-SR20-21-1.pdf
Edita,2021,Social,Employee Diversity,Female New Hires,18,employees,,Egypt,Edita-SR20-21-1.pdf
Edita,2021,Social,Employee Diversity,Female New Hires Percentage,0.67,%,,Egypt,Edita-SR20-21-1.pdf
Edita,2020,Social,Employee Diversity,Female New Hires,41,employees,,Egypt,Edita-SR20-21-1.pdf
Edita,2020,Social,Employee Diversity,Female New Hires Percentage,1.85,%,,Egypt,Edita-SR20-21-1.pdf
Edita,2019,Social,Employee Diversity,Female New Hires,66,employees,,Egypt,Edita-SR20-21-1.pdf
Edita,2019,Social,Employee Diversity,Female New Hires Percentage,3.98,%,,Egypt,Edita-SR20-21-1.pdf
Edita,2021,Social,Employee Diversity,Male New Hires,2665,employees,,Egypt,Edita-SR20-21-1.pdf
Edita,2021,Social,Employee Diversity,Male New Hires Percentage,99.32,%,,Egypt,Edita-SR20-21-1.pdf
Edita,2020,Social,Employee Diversity,Male New Hires,2171,employees,,Egypt,Edita-SR20-21-1.pdf
Edita,2020,Social,Employee Diversity,Male New Hires Percentage,98.14,%,,Egypt,Edita-SR20-21-1.pdf
Edita,2019,Social,Employee Diversity,Male New Hires,1590,employees,,Egypt,Edita-SR20-21-1.pdf
Edita,2019,Social,Employee Diversity,Male New Hires Percentage,96,%,,Egypt,Edita-SR20-21-1.pdf
Edita,2021,Social,Employee Diversity,Female Blue-collar New Hires,7,employees,,Egypt,Edita-SR20-21-1.pdf
Edita,2020,Social,Employee Diversity,Female Blue-collar New Hires,29,employees,,Egypt,Edita-SR20-21-1.pdf
Edita,2019,Social,Employee Diversity,Female Blue-collar New Hires,48,employees,,Egypt,Edita-SR20-21-1.pdf
Edita,2021,Social,Employee Diversity,Male Blue-collar New Hires,2618,employees,,Egypt,Edita-SR20-21-1.pdf
Edita,2020,Social,Employee Diversity,Male Blue-collar New Hires,2115,employees,,Egypt,Edita-SR20-21-1.pdf
Edita,2019,Social,Employee Diversity,Male Blue-collar New Hires,1554,employees,,Egypt,Edita-SR20-21-1.pdf
Edita,2021,Social,Employee Diversity,Female White-collar New Hires,11,employees,,Egypt,Edita-SR20-21-1.pdf
Edita,2020,Social,Employee Diversity,Female White-collar New Hires,12,employees,,Egypt,Edita-SR20-21-1.pdf
Edita,2019,Social,Employee Diversity,Female White-collar New Hires,18,employees,,Egypt,Edita-SR20-21-1.pdf
Edita,2021,Social,Employee Diversity,Male White-collar New Hires,47,employees,,Egypt,Edita-SR20-21-1.pdf
Edita,2020,Social,Employee Diversity,Male White-collar New Hires,56,employees,,Egypt,Edita-SR20-21-1.pdf
Edita,2019,Social,Employee Diversity,Male White-collar New Hires,36,employees,,Egypt,Edita-SR20-21-1.pdf
Edita,2021,Social,Employee Diversity,Female New Hires with Disabilities,0,employees,,Egypt,Edita-SR20-21-1.pdf
Edita,2020,Social,Employee Diversity,Female New Hires with Disabilities,18,employees,,Egypt,Edita-SR20-21-1.pdf
Edita,2019,Social,Employee Diversity,Female New Hires with Disabilities,39,employees,,Egypt,Edita-SR20-21-1.pdf
Edita,2021,Social,Employee Diversity,Male New Hires with Disabilities,0,employees,,Egypt,Edita-SR20-21-1.pdf
Edita,2020,Social,Employee Diversity,Male New Hires with Disabilities,35,employees,,Egypt,Edita-SR20-21-1.pdf
Edita,2019,Social,Employee Diversity,Male New Hires with Disabilities,88,employees,,Egypt,Edita-SR20-21-1.pdf
Edita,2021,Social,Employee Diversity,Female New Hires in Management,3,employees,,Egypt,Edita-SR20-21-1.pdf
Edita,2020,Social,Employee Diversity,Female New Hires in Management,6,employees,,Egypt,Edita-SR20-21-1.pdf
Edita,2019,Social,Employee Diversity,Female New Hires in Management,7,employees,,Egypt,Edita-SR20-21-1.pdf
Edita,2021,Social,Employee Diversity,Male New Hires in Management,3,employees,,Egypt,Edita-SR20-21-1.pdf
Edita,2020,Social,Employee Diversity,Male New Hires in Management,7,employees,,Egypt,Edita-SR20-21-1.pdf
Edita,2019,Social,Employee Diversity,Male New Hires in Management,5,employees,,Egypt,Edita-SR20-21-1.pdf
Edita,2021,Social,Health and Safety Metrics,Employees Vaccinated Against COVID-19,98,%,,Egypt,Edita-SR20-21-1.pdf
Edita,2021,Social,Health and Safety Metrics,Occupational Lost Time Injury Rate (LTIR),0.16,,,Egypt,Edita-SR20-21-1.pdf
Edita,2021,Social,Health and Safety Metrics,Production Line Incidents,7,incidents,,Egypt,Edita-SR20-21-1.pdf
Edita,2021,Social,Health and Safety Metrics,Average Number of Loss Time Incidents per Employee,0.0016,incidents/employee,,Egypt,Edita-SR20-21-1.pdf
Edita,2021,Social,Health and Safety Metrics,Total Hours of Safety Trainings Conducted,46219,hours,,Egypt,Edita-SR20-21-1.pdf
Edita,2021,Social,Health and Safety Metrics,Average Safety Training Hours per Employee,6.32,hours/employee,,Egypt,Edita-SR20-21-1.pdf
Edita,2020,Social,Health and Safety Metrics,Absenteeism Rate (E07 Plant),18,%,,Egypt,Edita-SR20-21-1.pdf
Edita,2021,Social,Health and Safety Metrics,Absenteeism Rate (E06 Plant),14,%,,Egypt,Edita-SR20-21-1.pdf
Edita,2021,Social,Health and Safety Metrics,Absenteeism Rate (E07 Plant),18,%,,Egypt,Edita-SR20-21-1.pdf
Edita,2021,Social,Health and Safety Metrics,ISO 45001 Certified Facilities,5,facilities,,Egypt,Edita-SR20-21-1.pdf
Edita,2020,Social,Health and Safety Metrics,ISO 9001 Certified Facilities,5,facilities,,Egypt,Edita-SR20-21-1.pdf
Edita,2020,Social,Community Investment and Donations,Donation to Misr El Kheir Foundation,2000000,EGP,,Egypt,Edita-SR20-21-1.pdf
Edita,2020,Social,Community Investment and Donations,Product Donation to Tahya Misr Convoys,2000000,EGP,,Egypt,Edita-SR20-21-1.pdf
Edita,2021,Social,Community Investment and Donations,Educators Sponsored (Educate Me Program),100,educators,,Egypt,Edita-SR20-21-1.pdf
Edita,2021,Social,Community Investment and Donations,Educators Targeted (Educate Me Program),5000,educators,,Egypt,Edita-SR20-21-1.pdf
Edita,2021,Social,Community Investment and Donations,Baserty Scholarship Graduates (Minimum),20,graduates,,Egypt,Edita-SR20-21-1.pdf
Edita,2021,Social,Community Investment and Donations,Baserty Scholarship Amount per Student per Year,33000,EGP,,Egypt,Edita-SR20-21-1.pdf
Edita,2021,Social,Community Investment and Donations,Total Baserty Scholarship Amount per Student (2 years),660000,EGP,,Egypt,Edita-SR20-21-1.pdf
Edita,2021,Social,Community Investment and Donations,Baserty Scholarship Graduates to be Hired (Up to),15,graduates,,Egypt,Edita-SR20-21-1.pdf
Edita,2021,Social,Community Investment and Donations,Donation to Magdi Yacoub Foundation (Virtual Heart Run),200000,EGP,,Egypt,Edita-SR20-21-1.pdf
Edita,2021,Social,Community Investment and Donations,Food Boxes Distributed Monthly to Children,1200,boxes,,Egypt,Edita-SR20-21-1.pdf
Edita,2021,Social,Community Investment and Donations,Blood Bags Collected,218,blood bags,,Egypt,Edita-SR20-21-1.pdf
Edita,2020,Social,Community Investment and Donations,Teachers and Administrators in School Transformation Journey Program,40,people,,Egypt,Edita-SR20-21-1.pdf
Edita,2020,Social,Community Investment and Donations,Training Days in School Transformation Journey Program,65,days,,Egypt,Edita-SR20-21-1.pdf
Edita,2020,Social,Community Investment and Donations,Coaching Days in School Transformation Journey Program,16,days,,Egypt,Edita-SR20-21-1.pdf
Edita,2021,Social,Supply Chain Data,Suppliers Complying with ESG Best Practices,95,%,,Egypt,Edita-SR20-21-1.pdf
Edita,2021,Social,Supply Chain Data,Increase in Cartons Loaded per Truck (Supply Chain Optimization),10,%,,Egypt,Edita-SR20-21-1.pdf
Edita,2021,Social,Employee Training and Development,Skill Bites Trainings Delivered,11,trainings,,Egypt,Edita-SR20-21-1.pdf
Edita,2021,Social,Employee Training and Development,Skill Bites Training Participants,7000,participants,,Egypt,Edita-SR20-21-1.pdf
Edita,2021,Social,Employee Training and Development,Production Webinars Delivered,2,webinars,,Egypt,Edita-SR20-21-1.pdf
Edita,2021,Social,Employee Training and Development,Production Webinar Participants,50,participants,,Egypt,Edita-SR20-21-1.pdf
Edita,2021,Social,Employee Training and Development,Overall Training Attendees,222,attendees,,Egypt,Edita-SR20-21-1.pdf
Edita,2021,Social,Employee Training and Development,Production Training Programs,16,programs,,Egypt,Edita-SR20-21-1.pdf
Edita,2021,Social,Employee Training and Development,Production Training Sessions,21,sessions,,Egypt,Edita-SR20-21-1.pdf
Edita,2021,Social,Employee Training and Development,Production Training Providers,7,providers,,Egypt,Edita-SR20-21-1.pdf
Edita,2020,Social,Employee Training and Development,Quality Academy Trainees,22,people,,Egypt,Edita-SR20-21-1.pdf
Edita,2020,Social,Employee Training and Development,Quality Academy Training Days,396,days,,Egypt,Edita-SR20-21-1.pdf
Edita,2020,Social,Employee Training and Development,Six Sigma Training of Trainers (TOT) Participants,19,employees,,Egypt,Edita-SR20-21-1.pdf
Edita,2020,Social,Employee Training and Development,External Training Program Participants,100,employees,,Egypt,Edita-SR20-21-1.pdf
Edita,2020,Social,Employee Training and Development,External Training Days,824,days,,Egypt,Edita-SR20-21-1.pdf
Edita,2021,Social,Product Safety and Quality,ISO 22000 Certified Facilities,5,facilities,,Egypt,Edita-SR20-21-1.pdf
Edita,2021,Social,Product Safety and Quality,FSSC 22000 Certified Facilities,5,facilities,,Egypt,Edita-SR20-21-1.pdf
Edita,2021,Social,Product Safety and Quality,HALAL Food Certified Facilities,5,facilities,,Egypt,Edita-SR20-21-1.pdf
Edita,2021,Governance,Board Composition and Diversity,Total Board Members,8,members,,Egypt,Edita-SR20-21-1.pdf
Edita,2021,Governance,Board Composition and Diversity,Executive Board Members,2,members,,Egypt,Edita-SR20-21-1.pdf
Edita,2021,Governance,Board Composition and Diversity,Non-Executive Board Members,5,members,,Egypt,Edita-SR20-21-1.pdf
Edita,2021,Governance,Board Composition and Diversity,Independent Board Members,3,members,,Egypt,Edita-SR20-21-1.pdf
Edita,2021,Governance,Board Composition and Diversity,Female Board Members,25,%,,Egypt,Edita-SR20-21-1.pdf
Edita,2020,Governance,Board Composition and Diversity,Board Meetings Held,8,meetings,,Egypt,Edita-SR20-21-1.pdf
Edita,2020,Governance,Board Composition and Diversity,Board Attendance (Hani Berzi),8,meetings,out of 8,Egypt,Edita-SR20-21-1.pdf
Edita,2020,Governance,Board Composition and Diversity,Board Attendance (Samir Berzi),8,meetings,out of 8,Egypt,Edita-SR20-21-1.pdf
Edita,2020,Governance,Board Composition and Diversity,Board Attendance (Fatma Lotfy),8,meetings,out of 8,Egypt,Edita-SR20-21-1.pdf
Edita,2020,Governance,Board Composition and Diversity,Board Attendance (Tamir Saeed),2,meetings,out of 8,Egypt,Edita-SR20-21-1.pdf
Edita,2020,Governance,Board Composition and Diversity,Board Attendance (Hussein Choukri),8,meetings,out of 8,Egypt,Edita-SR20-21-1.pdf
Edita,2020,Governance,Board Composition and Diversity,Board Attendance (Sahar El Sallab),8,meetings,out of 8,Egypt,Edita-SR20-21-1.pdf
Edita,2020,Governance,Board Composition and Diversity,Board Attendance (Mounir Fakhry Abdel Nour),8,meetings,out of 8,Egypt,Edita-SR20-21-1.pdf
Edita,2020,Governance,Board Composition and Diversity,Board Attendance (Hanny Elmessiry),8,meetings,out of 8,Egypt,Edita-SR20-21-1.pdf
Edita,2020,Governance,Executive Compensation,Salary Scale Increase,7,%,,Egypt,Edita-SR20-21-1.pdf
Edita,2020,Governance,Executive Compensation,Merit Increase for Blue-collar Workers,12,%,,Egypt,Edita-SR20-21-1.pdf
Edita,2020,Governance,Executive Compensation,Average Merit Increase for White-collar Workers,12,%,,Egypt,Edita-SR20-21-1.pdf
Edita,2021,Governance,Ethics and Compliance Metrics,Sustainability Committee Members,6,members,,Egypt,Edita-SR20-21-1.pdf
Edita,2021,Governance,Ethics and Compliance Metrics,Audit Committee Members,4,members,,Egypt,Edita-SR20-21-1.pdf
Edita,2021,Governance,Ethics and Compliance Metrics,Remuneration Committee Members,4,members,,Egypt,Edita-SR20-21-1.pdf
Edita,2021,Governance,Ethics and Compliance Metrics,Audit Committee Meeting Frequency,4,times/year,,Egypt,Edita-SR20-21-1.pdf
Edita,2021,Governance,Ethics and Compliance Metrics,Remuneration Committee Meeting Frequency,4,times/year,,Egypt,Edita-SR20-21-1.pdf
Edita,2020,Governance,Ethics and Compliance Metrics,Internal Audit Plan Fulfillment,85,%,,Egypt,Edita-SR20-21-1.pdf
Edita,2020,Governance,Ethics and Compliance Metrics,Audit Committee Attendance (Fatma Lotfy),4,meetings,out of 4,Egypt,Edita-SR20-21-1.pdf
Edita,2020,Governance,Ethics and Compliance Metrics,Audit Committee Attendance (Hussein Choukri),4,meetings,out of 4,Egypt,Edita-SR20-21-1.pdf
Edita,2020,Governance,Ethics and Compliance Metrics,Audit Committee Attendance (Sahar El Sallab),4,meetings,out of 4,Egypt,Edita-SR20-21-1.pdf
Edita,2020,Governance,Ethics and Compliance Metrics,Audit Committee Attendance (Mounir Fakhry Abdel Nour),4,meetings,out of 4,Egypt,Edita-SR20-21-1.pdf
Edita,2020,Governance,Ethics and Compliance Metrics,Remuneration Committee Attendance (Fatma Lotfy),1,meeting,out of 1,Egypt,Edita-SR20-21-1.pdf
Edita,2020,Governance,Ethics and Compliance Metrics,Remuneration Committee Attendance (Hussein Choukri),1,meeting,out of 1,Egypt,Edita-SR20-21-1.pdf
Edita,2020,Governance,Ethics and Compliance Metrics,Remuneration Committee Attendance (Sahar El Sallab),1,meeting,out of 1,Egypt,Edita-SR20-21-1.pdf
Edita,2020,Governance,Ethics and Compliance Metrics,Remuneration Committee Attendance (Mounir Fakhry Abdel Nour),1,meeting,out of 1,Egypt,Edita-SR20-21-1.pdf
Edita,2020,Financial,Green Finance Metrics,Medium-term Loans Secured,350000000,EGP,,Egypt,Edita-SR20-21-1.pdf
Edita,2021,Financial,Cost Savings from Sustainability Initiatives,Paper Saved Annually (Barcode Identification System),7.9,tons,,Egypt,Edita-SR20-21-1.pdf
Edita,2021,Financial,Cost Savings from Sustainability Initiatives,Ink Cartridges Saved Annually (Barcode Identification System),262,cartridges,,Egypt,Edita-SR20-21-1.pdf
Edita,2021,Financial,Cost Savings from Sustainability Initiatives,Time Saved Daily (Barcode Identification System),4,hours/day,,Egypt,Edita-SR20-21-1.pdf
Edita,2021,Financial,Cost Savings from Sustainability Initiatives,Time Saved Daily per Sales Representative (SAP Van Sales Application),2.5,hours/day,,Egypt,Edita-SR20-21-1.pdf
Edita,2021,Financial,Cost Savings from Sustainability Initiatives,Total Trips Saved (Supply Chain Optimization),3729,trips,,Egypt,Edita-SR20-21-1.pdf
Edita,2021,Financial,Cost Savings from Sustainability Initiatives,Total Fuel Saved (Supply Chain Optimization),735000,litres,,Egypt,Edita-SR20-21-1.pdf
Etisalat Egypt by e&,2022,Environmental,Energy Consumption,Total energy consumption,825935,MWh,,Egypt,EtisalatEgyptbye%262022SustainabilityReport.pdf
Etisalat Egypt by e&,2022,Environmental,Renewable Energy,Share of renewable energy from total electricity consumption,12,%,,Egypt,EtisalatEgyptbye%262022SustainabilityReport.pdf
Etisalat Egypt by e&,2022,Environmental,GHG Emissions,Total absolute emissions,319840,tCO2e,Scope 1+2,Egypt,EtisalatEgyptbye%262022SustainabilityReport.pdf
Etisalat Egypt by e&,2022,Environmental,GHG Emissions,Total absolute emissions,274416,tCO2e,Scope 3,Egypt,EtisalatEgyptbye%262022SustainabilityReport.pdf
Etisalat Egypt by e&,2022,Environmental,Renewable Energy,Base stations powered by renewable energy,210,stations,,Egypt,EtisalatEgyptbye%262022SustainabilityReport.pdf
Etisalat Egypt by e&,2022,Social,Employee Diversity,Representation of female employees in workforce,26.5,%,,Egypt,EtisalatEgyptbye%262022SustainabilityReport.pdf
Etisalat Egypt by e&,2022,Social,Employee Diversity,New hires under 30 years old,75,%,,Egypt,EtisalatEgyptbye%262022SustainabilityReport.pdf
Etisalat Egypt by e&,2022,Social,Employee Diversity,Employees with special needs,5,%,,Egypt,EtisalatEgyptbye%262022SustainabilityReport.pdf
Etisalat Egypt by e&,2022,Social,Health and Safety Metrics,Hours of training delivered to employees,21726,hours,,Egypt,EtisalatEgyptbye%262022SustainabilityReport.pdf
Etisalat Egypt by e&,2022,Governance,Ethics and Compliance Metrics,Employees receiving and acknowledging ethics & compliance material,100,%,,Egypt,EtisalatEgyptbye%262022SustainabilityReport.pdf
Etisalat Egypt by e&,2022,Governance,Ethics and Compliance Metrics,Board of Directors and employees formally acknowledging Code of Conduct,100,%,,Egypt,EtisalatEgyptbye%262022SustainabilityReport.pdf
Etisalat Egypt by e&,2022,Governance,Supply Chain Data,Spending on local suppliers out of total expenditure,35,%,,Egypt,EtisalatEgyptbye%262022SustainabilityReport.pdf
Etisalat Egypt by e&,2022,Governance,Board Composition and Diversity,Ownership by Etisalat International Company Egypt - LLC,66.4,%,,Egypt,EtisalatEgyptbye%262022SustainabilityReport.pdf
Etisalat Egypt by e&,2022,Governance,Board Composition and Diversity,Ownership by Post for Investment Company,20.4,%,,Egypt,EtisalatEgyptbye%262022SustainabilityReport.pdf
Etisalat Egypt by e&,2022,Governance,Board Composition and Diversity,Ownership by DAS holding,5.0,%,,Egypt,EtisalatEgyptbye%262022SustainabilityReport.pdf
Etisalat Egypt by e&,2022,Governance,Board Composition and Diversity,Ownership by DIFC Investments,5.0,%,,Egypt,EtisalatEgyptbye%262022SustainabilityReport.pdf
Etisalat Egypt by e&,2022,Governance,Board Composition and Diversity,Ownership by Technology Investments Company,1.2,%,,Egypt,EtisalatEgyptbye%262022SustainabilityReport.pdf
Etisalat Egypt by e&,2022,Governance,Board Composition and Diversity,Ownership by Naboodah Investment Company,1.2,%,,Egypt,EtisalatEgyptbye%262022SustainabilityReport.pdf
Etisalat Egypt by e&,2022,Governance,Board Composition and Diversity,Ownership by Mawarid,0.8,%,,Egypt,EtisalatEgyptbye%262022SustainabilityReport.pdf
Etisalat Egypt by e&,2022,Governance,Board Composition and Diversity,Total Board Members,9,members,,Egypt,EtisalatEgyptbye%262022SustainabilityReport.pdf
Etisalat Egypt by e&,2022,Governance,Board Composition and Diversity,Non-Executive Board Members,6,members,,Egypt,EtisalatEgyptbye%262022SustainabilityReport.pdf
Etisalat Egypt by e&,2022,Governance,Board Composition and Diversity,Percentage of Non-Executive Board Members,67,%,,Egypt,EtisalatEgyptbye%262022SustainabilityReport.pdf
Etisalat Egypt by e&,2022,Governance,Board Composition and Diversity,Average Board Member Tenure,8,years,,Egypt,EtisalatEgyptbye%262022SustainabilityReport.pdf
Etisalat Egypt by e&,2022,Governance,Board Composition and Diversity,Tenure of Chairman Gamal Anwar ElSadat,16,years,,Egypt,EtisalatEgyptbye%262022SustainabilityReport.pdf
Etisalat Egypt by e&,2022,Governance,Board Composition and Diversity,Tenure of Deputy Chairman Saleh Abdulla Al Abdooli,15,years,,Egypt,EtisalatEgyptbye%262022SustainabilityReport.pdf
Etisalat Egypt by e&,2022,Governance,Board Composition and Diversity,Tenure of Central Executive Committee Member Hatem Galal Dowidar,6,years,,Egypt,EtisalatEgyptbye%262022SustainabilityReport.pdf
Etisalat Egypt by e&,2022,Governance,Board Composition and Diversity,Tenure of Non-executive member Eissa Kazim Al Mulla,7,years,,Egypt,EtisalatEgyptbye%262022SustainabilityReport.pdf
Etisalat Egypt by e&,2022,Governance,Board Composition and Diversity,Tenure of Non-executive member Mohamed Karim Bennis,8,years,,Egypt,EtisalatEgyptbye%262022SustainabilityReport.pdf
Etisalat Egypt by e&,2022,Governance,Board Composition and Diversity,Tenure of Non-executive member Younis Abdelaziz Al Nimr,4,years,,Egypt,EtisalatEgyptbye%262022SustainabilityReport.pdf
Etisalat Egypt by e&,2022,Governance,Board Composition and Diversity,Tenure of Non-executive member Sharif Mohamed Farouk,2,years,,Egypt,EtisalatEgyptbye%262022SustainabilityReport.pdf
Etisalat Egypt by e&,2022,Governance,Board Composition and Diversity,Tenure of Non-executive member Amr Mahfouz Hussein,2,years,,Egypt,EtisalatEgyptbye%262022SustainabilityReport.pdf
Etisalat Egypt by e&,2022,Governance,Board Composition and Diversity,Tenure of Member & Chairman of the Audit Committee Matar Mohamed Al Bloushi,14,years,,Egypt,EtisalatEgyptbye%262022SustainabilityReport.pdf
Etisalat Egypt by e&,2022,Governance,Ethics and Compliance Metrics,Incidents of non-compliance with laws and regulations resulting in a fine or warning,0,incidents,,Egypt,EtisalatEgyptbye%262022SustainabilityReport.pdf
Etisalat Egypt by e&,2022,Governance,Stakeholder Engagement,Risks reported by Enterprise Risk Management team,15,risks,,Egypt,EtisalatEgyptbye%262022SustainabilityReport.pdf
Etisalat Egypt by e&,2022,Governance,Supply Chain Data,Total Tier 1 suppliers,70,suppliers,,Egypt,EtisalatEgyptbye%262022SustainabilityReport.pdf
Etisalat Egypt by e&,2022,Governance,Supply Chain Data,Critical Tier 1 suppliers,17,suppliers,,Egypt,EtisalatEgyptbye%262022SustainabilityReport.pdf
Etisalat Egypt by e&,2022,Governance,Supply Chain Data,Critical Non-Tier 1 suppliers,53,suppliers,,Egypt,EtisalatEgyptbye%26262022SustainabilityReport.pdf
Etisalat Egypt by e&,2022,Governance,Supply Chain Data,Percentage of local suppliers,85,%,,Egypt,EtisalatEgyptbye%262022SustainabilityReport.pdf
Etisalat Egypt by e&,2022,Governance,Ethics and Compliance Metrics,Cyber Security Maturity Assessment - Current Overall Score,3.5,score,,Egypt,EtisalatEgyptbye%262022SustainabilityReport.pdf
Etisalat Egypt by e&,2022,Governance,Ethics and Compliance Metrics,Cyber Security Maturity Assessment - Target Overall Score,3.0,score,,Egypt,EtisalatEgyptbye%262022SustainabilityReport.pdf
Etisalat Egypt by e&,2022,Governance,Ethics and Compliance Metrics,Accenture Maturity Score - Governance Security,4,score,,Egypt,EtisalatEgyptbye%262022SustainabilityReport.pdf
Etisalat Egypt by e&,2022,Governance,Ethics and Compliance Metrics,Accenture Maturity Score - Identity Security,3.5,score,,Egypt,EtisalatEgyptbye%262022SustainabilityReport.pdf
Etisalat Egypt by e&,2022,Governance,Ethics and Compliance Metrics,Accenture Maturity Score - Endpoint Security,3,score,,Egypt,EtisalatEgyptbye%262022SustainabilityReport.pdf
Etisalat Egypt by e&,2022,Governance,Ethics and Compliance Metrics,Accenture Maturity Score - Network Security,3.5,score,,Egypt,EtisalatEgyptbye%262022SustainabilityReport.pdf
Etisalat Egypt by e&,2022,Governance,Ethics and Compliance Metrics,Accenture Maturity Score - Application Security,3,score,,Egypt,EtisalatEgyptbye%262022SustainabilityReport.pdf
Etisalat Egypt by e&,2022,Governance,Ethics and Compliance Metrics,Accenture Maturity Score - Data Security,3.5,score,,Egypt,EtisalatEgyptbye%262022SustainabilityReport.pdf
Etisalat Egypt by e&,2022,Environmental,Carbon Footprint and Intensity,Carbon emissions offset by employee planting activities annually,1000,KGs,,Egypt,EtisalatEgyptbye%262022SustainabilityReport.pdf
Etisalat Egypt by e&,2022,Social,Stakeholder Engagement,Reduction in complaints received compared to 2021,20,%,,Egypt,EtisalatEgyptbye%262022SustainabilityReport.pdf
Etisalat Egypt by e&,2022,Social,Stakeholder Engagement,Complaints First Call Resolution,94,%,,Egypt,EtisalatEgyptbye%262022SustainabilityReport.pdf
Etisalat Egypt by e&,2022,Social,Stakeholder Engagement,Customer After Call Survey satisfaction,85,%,,Egypt,EtisalatEgyptbye%262022SustainabilityReport.pdf
Etisalat Egypt by e&,2022,Social,Stakeholder Engagement,Customer inquiries and complaints handled by AI Bot on WhatsApp,80,%,,Egypt,EtisalatEgyptbye%262022SustainabilityReport.pdf
Etisalat Egypt by e&,2022,Social,Stakeholder Engagement,Customers using WhatsApp channel monthly,50000,customers,,Egypt,EtisalatEgyptbye%262022SustainabilityReport.pdf
Etisalat Egypt by e&,2022,Social,Health and Safety Metrics,Customer Care Newcomers’ induction training sessions,158,sessions,,Egypt,EtisalatEgyptbye%262022SustainabilityReport.pdf
Etisalat Egypt by e&,2022,Social,Health and Safety Metrics,Customer Care Newcomers’ induction training attendees,1864,attendees,,Egypt,EtisalatEgyptbye%262022SustainabilityReport.pdf
Etisalat Egypt by e&,2022,Social,Health and Safety Metrics,Anti-money laundry and terrorism financing training sessions,33,sessions,,Egypt,EtisalatEgyptbye%262022SustainabilityReport.pdf
Etisalat Egypt by e&,2022,Social,Health and Safety Metrics,Anti-money laundry and terrorism financing training attendees,249,attendees,,Egypt,EtisalatEgyptbye%262022SustainabilityReport.pdf
Etisalat Egypt by e&,2022,Social,Health and Safety Metrics,Inspiring customer care training sessions,20,sessions,,Egypt,EtisalatEgyptbye%262022SustainabilityReport.pdf
Etisalat Egypt by e&,2022,Social,Health and Safety Metrics,Inspiring customer care training attendees,282,attendees,,Egypt,EtisalatEgyptbye%262022SustainabilityReport.pdf
Etisalat Egypt by e&,2022,Social,Health and Safety Metrics,Customer-centricity training sessions,5,sessions,,Egypt,EtisalatEgyptbye%262022SustainabilityReport.pdf
Etisalat Egypt by e&,2022,Social,Health and Safety Metrics,Customer-centricity training attendees,152,attendees,,Egypt,EtisalatEgyptbye%262022SustainabilityReport.pdf
Etisalat Egypt by e&,2022,Financial,Cost Savings from Sustainability Initiatives,Monthly savings from new Point of Presence in TE Data Centres,87000,USD,,Egypt,EtisalatEgyptbye%262022SustainabilityReport.pdf
Etisalat Egypt by e&,2022,Financial,Cost Savings from Sustainability Initiatives,Developers' time saved by continuous integration/deployment,30,%,,Egypt,EtisalatEgyptbye%262022SustainabilityReport.pdf
Etisalat Egypt by e&,2022,Financial,Cost Savings from Sustainability Initiatives,Tester waiting time decreased by continuous integration/deployment,20,%,,Egypt,EtisalatEgyptbye%262022SustainabilityReport.pdf
Etisalat Egypt by e&,2022,Social,Employee Engagement,Employee Engagement Index,84,%,,Egypt,EtisalatEgyptbye%262022SustainabilityReport.pdf
Etisalat Egypt by e&,2021,Social,Employee Engagement,Employee Engagement Index,81,%,,Egypt,EtisalatEgyptbye%262022SustainabilityReport.pdf
Etisalat Egypt by e&,2022,Social,Employee Engagement,Sustainable Development Index,88,%,,Egypt,EtisalatEgyptbye%262022SustainabilityReport.pdf
Etisalat Egypt by e&,2022,Social,Employee Engagement,Performance Excellence Index,87,%,,Egypt,EtisalatEgyptbye%262022SustainabilityReport.pdf
Etisalat Egypt by e&,2022,Social,Total Employees and Workforce,Total employees,8638,employees,,Egypt,EtisalatEgyptbye%262022SustainabilityReport.pdf
Etisalat Egypt by e&,2022,Social,Employee Diversity,Female employees,2251,employees,,Egypt,EtisalatEgyptbye%262022SustainabilityReport.pdf
Etisalat Egypt by e&,2022,Social,Employee Diversity,Employees with disabilities,470,employees,,Egypt,EtisalatEgyptbye%262022SustainabilityReport.pdf
Etisalat Egypt by e&,2022,Social,Health and Safety Metrics,Number of performance grievances filed,36,grievances,,Egypt,EtisalatEgyptbye%262022SustainabilityReport.pdf
Etisalat Egypt by e&,2022,Social,Health and Safety Metrics,Number of performance grievances where rating was revised,4,grievances,,Egypt,EtisalatEgyptbye%262022SustainabilityReport.pdf
Etisalat Egypt by e&,2022,Social,Health and Safety Metrics,Number of performance grievances resolved where rating remained as is,32,grievances,,Egypt,EtisalatEgyptbye%262022SustainabilityReport.pdf
Etisalat Egypt by e&,2022,Social,Health and Safety Metrics,Director-level employees in Global CEO Program and GOLD program,18,employees,,Egypt,EtisalatEgyptbye%262022SustainabilityReport.pdf
Etisalat Egypt by e&,2022,Social,Health and Safety Metrics,Managers in MDP program,600,managers,,Egypt,EtisalatEgyptbye%262022SustainabilityReport.pdf
Etisalat Egypt by e&,2022,Social,Health and Safety Metrics,Team leaders in SDP program,480,team leaders,,Egypt,EtisalatEgyptbye%262022SustainabilityReport.pdf
Etisalat Egypt by e&,2022,Social,Health and Safety Metrics,Special talent programs customised for leadership team,31,programs,,Egypt,EtisalatEgyptbye%262022SustainabilityReport.pdf
Etisalat Egypt by e&,2022,Social,Health and Safety Metrics,Marketing employees receiving learning opportunities,74,%,,Egypt,EtisalatEgyptbye%262022SustainabilityReport.pdf
Etisalat Egypt by e&,2022,Social,Health and Safety Metrics,Sales employees receiving learning opportunities,95,%,,Egypt,EtisalatEgyptbye%262022SustainabilityReport.pdf
Etisalat Egypt by e&,2022,Social,Health and Safety Metrics,Employees to benefit from Technician program,50,employees,,Egypt,EtisalatEgyptbye%262022SustainabilityReport.pdf
Etisalat Egypt by e&,2022,Social,Health and Safety Metrics,Data Centre Electromechanical Design training sessions,12,sessions,,Egypt,EtisalatEgyptbye%262022SustainabilityReport.pdf
Etisalat Egypt by e&,2022,Social,Health and Safety Metrics,Data Centre Electromechanical Design personnel trained,20,personnel,,Egypt,EtisalatEgyptbye%262022SustainabilityReport.pdf
Etisalat Egypt by e&,2022,Social,Health and Safety Metrics,Data Science Machine Learning Introduction training sessions,24,sessions,,Egypt,EtisalatEgyptbye%262022SustainabilityReport.pdf
Etisalat Egypt by e&,2022,Social,Health and Safety Metrics,Data Science Machine Learning Introduction personnel trained,25,personnel,,Egypt,EtisalatEgyptbye%262022SustainabilityReport.pdf
Etisalat Egypt by e&,2022,Social,Health and Safety Metrics,Data Visualisation & Excel Dashboard training sessions,16,sessions,,Egypt,EtisalatEgyptbye%262022SustainabilityReport.pdf
Etisalat Egypt by e&,2022,Social,Health and Safety Metrics,Data Visualisation & Excel Dashboard personnel trained,6,personnel,,Egypt,EtisalatEgyptbye%262022SustainabilityReport.pdf
Etisalat Egypt by e&,2022,Social,Health and Safety Metrics,Data Visualisation & Excel Dashboard using BI training sessions,30,sessions,,Egypt,EtisalatEgyptbye%262022SustainabilityReport.pdf
Etisalat Egypt by e&,2022,Social,Health and Safety Metrics,Data Visualisation & Excel Dashboard using BI personnel trained,33,personnel,,Egypt,EtisalatEgyptbye%262022SustainabilityReport.pdf
Etisalat Egypt by e&,2022,Social,Health and Safety Metrics,Digital Customer Experience training sessions,24,sessions,,Egypt,EtisalatEgyptbye%262022SustainabilityReport.pdf
Etisalat Egypt by e&,2022,Social,Health and Safety Metrics,Digital Customer Experience personnel trained,5,personnel,,Egypt,EtisalatEgyptbye%262022SustainabilityReport.pdf
Etisalat Egypt by e&,2022,Social,Health and Safety Metrics,Interactive Dashboard using Power BI training sessions,42,sessions,,Egypt,EtisalatEgyptbye%262022SustainabilityReport.pdf
Etisalat Egypt by e&,2022,Social,Health and Safety Metrics,Interactive Dashboard using Power BI personnel trained,10,personnel,,Egypt,EtisalatEgyptbye%262022SustainabilityReport.pdf
Etisalat Egypt by e&,2022,Social,Health and Safety Metrics,Open Shift Enterprise Development D180 training sessions,30,sessions,,Egypt,EtisalatEgyptbye%262022SustainabilityReport.pdf
Etisalat Egypt by e&,2022,Social,Health and Safety Metrics,Open Shift Enterprise Development D180 personnel trained,9,personnel,,Egypt,EtisalatEgyptbye%262022SustainabilityReport.pdf
Etisalat Egypt by e&,2022,Social,Health and Safety Metrics,Radio_LTE TDD System Overview & Optimisation training sessions,24,sessions,,Egypt,EtisalatEgyptbye%262022SustainabilityReport.pdf
Etisalat Egypt by e&,2022,Social,Health and Safety Metrics,Radio_LTE TDD System Overview & Optimisation personnel trained,19,personnel,,Egypt,EtisalatEgyptbye%262022SustainabilityReport.pdf
Etisalat Egypt by e&,2022,Social,Health and Safety Metrics,Radio_NR System Survey & Basic Optimisation training sessions,30,sessions,,Egypt,EtisalatEgyptbye%262022SustainabilityReport.pdf
Etisalat Egypt by e&,2022,Social,Health and Safety Metrics,Radio_NR System Survey & Basic Optimisation personnel trained,21,personnel,,Egypt,EtisalatEgyptbye%262022SustainabilityReport.pdf
Etisalat Egypt by e&,2022,Social,Health and Safety Metrics,Radio_VoLTE Advanced Optimisation training sessions,30,sessions,,Egypt,EtisalatEgyptbye%262022SustainabilityReport.pdf
Etisalat Egypt by e&,2022,Social,Health and Safety Metrics,Radio_VoLTE Advanced Optimisation personnel trained,13,personnel,,Egypt,EtisalatEgyptbye%262022SustainabilityReport.pdf
Etisalat Egypt by e&,2022,Social,Health and Safety Metrics,Strategy_Data Driven Decision Making Overview training sessions,39,sessions,,Egypt,EtisalatEgyptbye%262022SustainabilityReport.pdf
Etisalat Egypt by e&,2022,Social,Health and Safety Metrics,Strategy_Data Driven Decision Making Overview personnel trained,12,personnel,,Egypt,EtisalatEgyptbye%262022SustainabilityReport.pdf
Etisalat Egypt by e&,2022,Social,Health and Safety Metrics,Technical Negotiation Techniques training sessions,12,sessions,,Egypt,EtisalatEgyptbye%262022SustainabilityReport.pdf
Etisalat Egypt by e&,2022,Social,Health and Safety Metrics,Technical Negotiation Techniques personnel trained,95,personnel,,Egypt,EtisalatEgyptbye%262022SustainabilityReport.pdf
Etisalat Egypt by e&,2022,Social,Health and Safety Metrics,Train The Trainer training sessions,24,sessions,,Egypt,EtisalatEgyptbye%262022SustainabilityReport.pdf
Etisalat Egypt by e&,2022,Social,Health and Safety Metrics,Train The Trainer personnel trained,36,personnel,,Egypt,EtisalatEgyptbye%262022SustainabilityReport.pdf
Etisalat Egypt by e&,2022,Social,Health and Safety Metrics,Transmission_FTTX training sessions,18,sessions,,Egypt,EtisalatEgyptbye%262022SustainabilityReport.pdf
Etisalat Egypt by e&,2022,Social,Health and Safety Metrics,Transmission_FTTX personnel trained,33,personnel,,Egypt,EtisalatEgyptbye%262022SustainabilityReport.pdf
Etisalat Egypt by e&,2022,Social,Health and Safety Metrics,Transmission_GPON training sessions,19,sessions,,Egypt,EtisalatEgyptbye%262022SustainabilityReport.pdf
Etisalat Egypt by e&,2022,Social,Health and Safety Metrics,Transmission_GPON personnel trained,24,personnel,,Egypt,EtisalatEgyptbye%262022SustainabilityReport.pdf
Etisalat Egypt by e&,2022,Social,Health and Safety Metrics,Transmission_Optical Fiber training sessions,12,sessions,,Egypt,EtisalatEgyptbye%262022SustainabilityReport.pdf
Etisalat Egypt by e&,2022,Social,Health and Safety Metrics,Transmission_Optical Fiber personnel trained,21,personnel,,Egypt,EtisalatEgyptbye%262022SustainabilityReport.pdf
Etisalat Egypt by e&,2022,Social,Health and Safety Metrics,VOLTE Advanced training sessions,12,sessions,,Egypt,EtisalatEgyptbye%262022SustainabilityReport.pdf
Etisalat Egypt by e&,2022,Social,Health and Safety Metrics,VOLTE Advanced personnel trained,25,personnel,,Egypt,EtisalatEgyptbye%262022SustainabilityReport.pdf
Etisalat Egypt by e&,2021,Social,Employee Engagement,Employee Engagement Index,84,%,,Egypt,EtisalatEgyptbye%262022SustainabilityReport.pdf
Etisalat Egypt by e&,2019,Social,Employee Engagement,Employee Engagement Index,70,%,,Egypt,EtisalatEgyptbye%262022SustainabilityReport.pdf
Etisalat Egypt by e&,2021,Social,Employee Engagement,Sustainable Engagement Index,88,%,,Egypt,EtisalatEgyptbye%262022SustainabilityReport.pdf
Etisalat Egypt by e&,2019,Social,Employee Engagement,Sustainable Engagement Index,74,%,,Egypt,EtisalatEgyptbye%262022SustainabilityReport.pdf
Etisalat Egypt by e&,2021,Social,Employee Engagement,Performance Excellence Index,87,%,,Egypt,EtisalatEgyptbye%262022SustainabilityReport.pdf
Etisalat Egypt by e&,2019,Social,Employee Engagement,Performance Excellence Index,72,%,,Egypt,EtisalatEgyptbye%262022SustainabilityReport.pdf
Etisalat Egypt by e&,2023,Social,Employee Engagement,Employees’ Voice survey response rate,95,%,,Egypt,EtisalatEgyptbye%262022SustainabilityReport.pdf
Etisalat Egypt by e&,2023,Social,Employee Engagement,Employees’ Voice survey overall company engagement index,79,%,,Egypt,EtisalatEgyptbye%262022SustainabilityReport.pdf
Etisalat Egypt by e&,2023,Social,Employee Engagement,Employees’ Voice survey attributes higher than group benchmark,10,attributes,,Egypt,EtisalatEgyptbye%262022SustainabilityReport.pdf
Etisalat Egypt by e&,2023,Social,Employee Engagement,Employees’ Voice survey attributes higher than technology industry benchmark,15,attributes,,Egypt,EtisalatEgyptbye%262022SustainabilityReport.pdf
Etisalat Egypt by e&,2022,Financial,Green Finance Metrics,YoY growth of average monthly active users for Etisalat Cash,253,%,,Egypt,EtisalatEgyptbye%262022SustainabilityReport.pdf
Etisalat Egypt by e&,2022,Financial,Green Finance Metrics,YoY increase in monthly transactions for Etisalat Cash,278,%,,Egypt,EtisalatEgyptbye%262022SustainabilityReport.pdf
Etisalat Egypt by e&,2022,Financial,Green Finance Metrics,YoY growth in money circulation for Etisalat Cash,295,%,,Egypt,EtisalatEgyptbye%262022SustainabilityReport.pdf
Etisalat Egypt by e&,2022,Social,Health and Safety Metrics,HSE awareness training sessions provided,167,sessions,,Egypt,EtisalatEgyptbye%262022SustainabilityReport.pdf
Etisalat Egypt by e&,2022,Social,Health and Safety Metrics,Employees receiving HSE awareness training,1679,employees,,Egypt,EtisalatEgyptbye%262022SustainabilityReport.pdf
Etisalat Egypt by e&,2022,Social,Health and Safety Metrics,Total hours of HSE training provided to employees,345,hours,,Egypt,EtisalatEgyptbye%262022SustainabilityReport.pdf
Etisalat Egypt by e&,2022,Social,Health and Safety Metrics,Total hours of HSE training provided to contractors,103,hours,,Egypt,EtisalatEgyptbye%262022SustainabilityReport.pdf
Etisalat Egypt by e&,2022,Social,Health and Safety Metrics,Reported incidents of occupational health and safety hazards,8,incidents,,Egypt,EtisalatEgyptbye%262022SustainabilityReport.pdf
Etisalat Egypt by e&,2022,Social,Health and Safety Metrics,Employee lost time injuries,7,injuries,,Egypt,EtisalatEgyptbye%262022SustainabilityReport.pdf
Etisalat Egypt by e&,2022,Social,Health and Safety Metrics,Contractor lost time injuries,1,injury,,Egypt,EtisalatEgyptbye%262022SustainabilityReport.pdf
Etisalat Egypt by e&,2022,Social,Health and Safety Metrics,Advanced Risk Management Safety & Security training hours,16,hours,,Egypt,EtisalatEgyptbye%262022SustainabilityReport.pdf
Etisalat Egypt by e&,2022,Social,Health and Safety Metrics,Advanced Risk Management Safety & Security training attendees,15,attendees,,Egypt,EtisalatEgyptbye%262022SustainabilityReport.pdf
Etisalat Egypt by e&,2022,Social,Health and Safety Metrics,Advanced risk management training for top management attendees,4,attendees,,Egypt,EtisalatEgyptbye%262022SustainabilityReport.pdf
Etisalat Egypt by e&,2022,Social,Employee Wellness and Well-Being,Cycling Event Round 1 - Target attendees,70,attendees,,Egypt,EtisalatEgyptbye%262022SustainabilityReport.pdf
Etisalat Egypt by e&,2022,Social,Employee Wellness and Well-Being,Cycling Event Round 1 - Actual attendees,56,attendees,,Egypt,EtisalatEgyptbye%262022SustainabilityReport.pdf
Etisalat Egypt by e&,2022,Social,Employee Wellness and Well-Being,Cycling Event Round 1 - Registrations,206,registrations,,Egypt,EtisalatEgyptbye%262022SustainabilityReport.pdf
Etisalat Egypt by e&,2022,Social,Employee Wellness and Well-Being,E-GO Virtual Race Round 1 - Walking registrations,489,registrations,,Egypt,EtisalatEgyptbye%262022SustainabilityReport.pdf
Etisalat Egypt by e&,2022,Social,Employee Wellness and Well-Being,E-GO Virtual Race Round 1 - Cycling registrations,84,registrations,,Egypt,EtisalatEgyptbye%262022SustainabilityReport.pdf
Etisalat Egypt by e&,2022,Social,Employee Wellness and Well-Being,E-GO Virtual Race Round 1 - Walking winners,88,winners,,Egypt,EtisalatEgyptbye%262022SustainabilityReport.pdf
Etisalat Egypt by e&,2022,Social,Employee Wellness and Well-Being,E-GO Virtual Race Round 1 - Cycling winners,7,winners,,Egypt,EtisalatEgyptbye%262022SustainabilityReport.pdf
Etisalat Egypt by e&,2022,Social,Employee Wellness and Well-Being,Wellness mobile application subscribers,265,subscribers,,Egypt,EtisalatEgyptbye%262022SustainabilityReport.pdf
Etisalat Egypt by e&,2022,Social,Employee Wellness and Well-Being,Wellness mobile application winners,9,winners,,Egypt,EtisalatEgyptbye%262022SustainabilityReport.pdf
Etisalat Egypt by e&,2022,Social,Employee Wellness and Well-Being,E-GO Virtual Race Total Achievement - Walking distance,12141,km,,Egypt,EtisalatEgyptbye%262022SustainabilityReport.pdf
Etisalat Egypt by e&,2022,Social,Employee Wellness and Well-Being,E-GO Virtual Race Total Achievement - Cycling hours,101,hours,,Egypt,EtisalatEgyptbye%262022SustainabilityReport.pdf
Etisalat Egypt by e&,2022,Social,Employee Wellness and Well-Being,Mini Movement Exercises Webinar registrations,386,registrations,,Egypt,EtisalatEgyptbye%262022SustainabilityReport.pdf
Etisalat Egypt by e&,2022,Social,Employee Wellness and Well-Being,Mini Movement Exercises Webinar attendees,114,attendees,,Egypt,EtisalatEgyptbye%262022SustainabilityReport.pdf
Etisalat Egypt by e&,2022,Social,Employee Wellness and Well-Being,One to One Consultation Sessions registrations,765,registrations,,Egypt,EtisalatEgyptbye%262022SustainabilityReport.pdf
Etisalat Egypt by e&,2022,Social,Employee Wellness and Well-Being,One to One Consultation Sessions booked sessions,120,sessions,,Egypt,EtisalatEgyptbye%262022SustainabilityReport.pdf
Etisalat Egypt by e&,2022,Social,Employee Wellness and Well-Being,Proper Posture Webinar registrations,142,registrations,,Egypt,EtisalatEgyptbye%262022SustainabilityReport.pdf
Etisalat Egypt by e&,2022,Social,Employee Wellness and Well-Being,Proper Posture Webinar attendees,62,attendees,,Egypt,EtisalatEgyptbye%262022SustainabilityReport.pdf
Etisalat Egypt by e&,2022,Social,Employee Wellness and Well-Being,How to Keep Your Joints Healthy Webinar registrations,275,registrations,,Egypt,EtisalatEgyptbye%262022SustainabilityReport.pdf
Etisalat Egypt by e&,2022,Social,Employee Wellness and Well-Being,How to Keep Your Joints Healthy Webinar attendees,101,attendees,,Egypt,EtisalatEgyptbye%262022SustainabilityReport.pdf
Etisalat Egypt by e&,2022,Social,Employee Wellness and Well-Being,Stress Management at Workplace Webinar registrations,306,registrations,,Egypt,EtisalatEgyptbye%262022SustainabilityReport.pdf
Etisalat Egypt by e&,2022,Social,Employee Wellness and Well-Being,Stress Management at Workplace Webinar attendees,130,attendees,,Egypt,EtisalatEgyptbye%262022SustainabilityReport.pdf
Etisalat Egypt by e&,2022,Social,Employee Wellness and Well-Being,Distressing Day at Rahet Bally - Target attendees,180,attendees,,Egypt,EtisalatEgyptbye%262022SustainabilityReport.pdf
Etisalat Egypt by e&,2022,Social,Employee Wellness and Well-Being,Distressing Day at Rahet Bally - Actual attendees,109,attendees,,Egypt,EtisalatEgyptbye%262022SustainabilityReport.pdf
Etisalat Egypt by e&,2022,Social,Employee Wellness and Well-Being,Distressing Day at Rahet Bally - Registrations,497,registrations,,Egypt,EtisalatEgyptbye%262022SustainabilityReport.pdf
Etisalat Egypt by e&,2022,Social,Employee Wellness and Well-Being,Emotional Eating Webinar registrations,367,registrations,,Egypt,EtisalatEgyptbye%262022SustainabilityReport.pdf
Etisalat Egypt by e&,2022,Social,Employee Wellness and Well-Being,Emotional Eating Webinar attendees,125,attendees,,Egypt,EtisalatEgyptbye%262022SustainabilityReport.pdf
Etisalat Egypt by e&,2022,Social,Employee Wellness and Well-Being,Breast Cancer Campaign Awareness Session registrations,150,registrations,,Egypt,EtisalatEgyptbye%262022SustainabilityReport.pdf
Etisalat Egypt by e&,2022,Social,Employee Wellness and Well-Being,Breast Cancer Campaign Awareness Session attendees,42,attendees,,Egypt,EtisalatEgyptbye%262022SustainabilityReport.pdf
Etisalat Egypt by e&,2022,Social,Employee Wellness and Well-Being,Preventing Burnout Webinar registrations,265,registrations,,Egypt,EtisalatEgyptbye%262022SustainabilityReport.pdf
Etisalat Egypt by e&,2022,Social,Employee Wellness and Well-Being,Preventing Burnout Webinar attendees,127,attendees,,Egypt,EtisalatEgyptbye%262022SustainabilityReport.pdf
Etisalat Egypt by e&,2022,Social,Employee Wellness and Well-Being,Developing Healthy Sleeping Habits Webinar registrations,218,registrations,,Egypt,EtisalatEgyptbye%262022SustainabilityReport.pdf
Etisalat Egypt by e&,2022,Social,Employee Wellness and Well-Being,Developing Healthy Sleeping Habits Webinar attendees (session 1),76,attendees,,Egypt,EtisalatEgyptbye%262022SustainabilityReport.pdf
Etisalat Egypt by e&,2022,Social,Employee Wellness and Well-Being,Developing Healthy Sleeping Habits Webinar attendees (session 2),88,attendees,,Egypt,EtisalatEgyptbye%262022SustainabilityReport.pdf
Etisalat Egypt by e&,2022,Social,Employee Wellness and Well-Being,Stress Management & Breathing Exercises Webinar registrations,395,registrations,,Egypt,EtisalatEgyptbye%262022SustainabilityReport.pdf
Etisalat Egypt by e&,2022,Social,Employee Wellness and Well-Being,Stress Management & Breathing Exercises Webinar attendees,140,attendees,,Egypt,EtisalatEgyptbye%262022SustainabilityReport.pdf
Etisalat Egypt by e&,2022,Social,Employee Wellness and Well-Being,Mindfulness Webinar registrations,276,registrations,,Egypt,EtisalatEgyptbye%262022SustainabilityReport.pdf
Etisalat Egypt by e&,2022,Social,Employee Wellness and Well-Being,Mindfulness Webinar attendees,154,attendees,,Egypt,EtisalatEgyptbye%262022SustainabilityReport.pdf
Etisalat Egypt by e&,2022,Social,Employee Wellness and Well-Being,Developing Healthy Sleeping Habits Webinar attendees (session 3),86,attendees,,Egypt,EtisalatEgyptbye%262022SustainabilityReport.pdf
Etisalat Egypt by e&,2022,Social,Employee Wellness and Well-Being,Developing Healthy Sleeping Habits Webinar attendees (session 4),88,attendees,,Egypt,EtisalatEgyptbye%262022SustainabilityReport.pdf
Etisalat Egypt by e&,2022,Social,Community Investment and Donations,"Governorates reached by CSR, Sustainability and Etisalat Foundation projects",27,governorates,,Egypt,EtisalatEgyptbye%262022SustainabilityReport.pdf
Etisalat Egypt by e&,2022,Social,Community Investment and Donations,"Beneficiaries impacted through CSR, Sustainability and Etisalat Foundation projects",350000,beneficiaries,,Egypt,EtisalatEgyptbye%262022SustainabilityReport.pdf
Etisalat Egypt by e&,2022,Social,Human Rights Indicators,No reported incidents of non-compliance concerning health and safety of products and services,0,incidents,,Egypt,EtisalatEgyptbye%262022SustainabilityReport.pdf
Etisalat Egypt by e&,2022,Environmental,Waste Generation and Recycling,Glass recycled for Ramadan giveaways,950,kg,,Egypt,EtisalatEgyptbye%262022SustainabilityReport.pdf
Etisalat Egypt by e&,2022,Environmental,Carbon Footprint and Intensity,CO2 savings per ton of plastic bottles recycled,1.7,tons of CO2,,Egypt,EtisalatEgyptbye%262022SustainabilityReport.pdf
Etisalat Egypt by e&,2022,Environmental,Waste Generation and Recycling,Waste gathered from Wadi Degla Protectorate by employees,30,kg,,Egypt,EtisalatEgyptbye%262022SustainabilityReport.pdf
Etisalat Egypt by e&,2022,Environmental,Carbon Footprint and Intensity,Carbon emissions offset by planting 100 fruit trees annually,1000,kilograms,,Egypt,EtisalatEgyptbye%262022SustainabilityReport.pdf
Etisalat Egypt by e&,2022,Environmental,Waste Generation and Recycling,Plastic bottles recycled,380000,bottles,,Egypt,EtisalatEgyptbye%262022SustainabilityReport.pdf
Etisalat Egypt by e&,2022,Environmental,Carbon Footprint and Intensity,Carbon emissions offset by recycling plastic bottles,13.3,tons,,Egypt,EtisalatEgyptbye%262022SustainabilityReport.pdf
Etisalat Egypt by e&,2022,Social,Community Investment and Donations,Children with disabilities served by Momken project,300,children,,Egypt,EtisalatEgyptbye%262022SustainabilityReport.pdf
Etisalat Egypt by e&,2022,Social,Community Investment and Donations,Community school teachers served by Healthy Nutrition project,3000,teachers,,Egypt,EtisalatEgyptbye%262022SustainabilityReport.pdf
Etisalat Egypt by e&,2022,Social,Community Investment and Donations,Healthcare workers served by Healthy Nutrition project,500,workers,,Egypt,EtisalatEgyptbye%262022SustainabilityReport.pdf
Etisalat Egypt by e&,2022,Social,Community Investment and Donations,Healthcare clinics served by Healthy Nutrition project,500,clinics,,Egypt,EtisalatEgyptbye%262022SustainabilityReport.pdf
Etisalat Egypt by e&,2022,Social,Community Investment and Donations,Community school children served by Healthy Nutrition project,25000,children,,Egypt,EtisalatEgyptbye%262022SustainabilityReport.pdf
Etisalat Egypt by e&,2022,Social,Community Investment and Donations,Families and community members served by Healthy Nutrition project,125000,members,,Egypt,EtisalatEgyptbye%262022SustainabilityReport.pdf
Etisalat Egypt by e&,2022,Social,Community Investment and Donations,Community schools served by Healthy Nutrition project,14000,schools,,Egypt,EtisalatEgyptbye%262022SustainabilityReport.pdf
Etisalat Egypt by e&,2022,Social,Community Investment and Donations,Medical Caravans served residents directly (El Hemaya Asl el Hekaya),32000,residents,,Egypt,EtisalatEgyptbye%262022SustainabilityReport.pdf
Etisalat Egypt by e&,2022,Social,Community Investment and Donations,Number of Medical Caravans (El Hemaya Asl el Hekaya),56,caravans,,Egypt,EtisalatEgyptbye%262022SustainabilityReport.pdf
Etisalat Egypt by e&,2021,Social,Community Investment and Donations,Youth targeted for family planning services (Port Said),40000,youth,,Egypt,EtisalatEgyptbye%262022SustainabilityReport.pdf
Etisalat Egypt by e&,2021,Social,Community Investment and Donations,Peer educators trained for family planning services,80,workers,,Egypt,EtisalatEgyptbye%262022SustainabilityReport.pdf
Etisalat Egypt by e&,2021,Social,Community Investment and Donations,Nurses trained for family planning services,30,nurses,,Egypt,EtisalatEgyptbye%262022SustainabilityReport.pdf
Etisalat Egypt by e&,2021,Social,Community Investment and Donations,Physicians trained for family planning services,30,physicians,,Egypt,EtisalatEgyptbye%262022SustainabilityReport.pdf
Etisalat Egypt by e&,2021,Social,Community Investment and Donations,Pharmacists trained for family planning services,80,pharmacists,,Egypt,EtisalatEgyptbye%262022SustainabilityReport.pdf
Etisalat Egypt by e&,2019,Social,Community Investment and Donations,Children served daily by restored paediatrics department (Om ElMasreyein Hospital),300,children,,Egypt,EtisalatEgyptbye%262022SustainabilityReport.pdf
Etisalat Egypt by e&,2019,Social,Community Investment and Donations,Awareness packets provided (Om ElMasreyein Hospital),20,packets,,Egypt,EtisalatEgyptbye%262022SustainabilityReport.pdf
Etisalat Egypt by e&,2019,Social,Community Investment and Donations,Upper-Egyptian governorates reached by Floating Hospital,8,governorates,,Egypt,EtisalatEgyptbye%262022SustainabilityReport.pdf
Etisalat Egypt by e&,2019,Social,Community Investment and Donations,Beneficiaries attending awareness and training programs (Floating Hospital),1000000,beneficiaries,,Egypt,EtisalatEgyptbye%262022SustainabilityReport.pdf
Etisalat Egypt by e&,2020,Social,Community Investment and Donations,Beneficiaries receiving medical services (Improving Health Practices Amidst Covid-19),36000,beneficiaries,,Egypt,EtisalatEgyptbye%262022SustainabilityReport.pdf
Etisalat Egypt by e&,2020,Social,Community Investment and Donations,Medical caravans organized (Improving Health Practices Amidst Covid-19),17,caravans,,Egypt,EtisalatEgyptbye%262022SustainabilityReport.pdf
Etisalat Egypt by e&,2020,Social,Community Investment and Donations,Doctors and general hospitals receiving protective and hygiene kits,200,hospitals,,Egypt,EtisalatEgyptbye%262022SustainabilityReport.pdf
Etisalat Egypt by e&,2020,Social,Community Investment and Donations,Community residents with increased awareness on health practices,3000,residents,,Egypt,EtisalatEgyptbye%262022SustainabilityReport.pdf
Etisalat Egypt by e&,2020,Social,Community Investment and Donations,Public hospitals supported (Private Sector Coalition Challenging Covid-19),300,hospitals,,Egypt,EtisalatEgyptbye%262022SustainabilityReport.pdf
Etisalat Egypt by e&,2020,Social,Community Investment and Donations,Primary healthcare units supported (Private Sector Coalition Challenging Covid-19),1000,units,,Egypt,EtisalatEgyptbye%262022SustainabilityReport.pdf
Etisalat Egypt by e&,2020,Social,Community Investment and Donations,Quarantine hospitals supported (Private Sector Coalition Challenging Covid-19),50,hospitals,,Egypt,EtisalatEgyptbye%262022SustainabilityReport.pdf
FABMISR,2023,Social,Supply Chain Data,Increase in SME lending,22,%,,Egypt,FABMISR-Sustainability-Report-2023.pdf
FABMISR,2025,Social,Financial Inclusion,Target for additional SMEs to onboard & serve,2000,SMEs,,Egypt,FABMISR-Sustainability-Report-2023.pdf
FABMISR,2023,Governance,Board Composition,Women on board,22,%,,Egypt,FABMISR-Sustainability-Report-2023.pdf
FABMISR,2023,Social,Employee Diversity,Women in overall workforce,36,%,,Egypt,FABMISR-Sustainability-Report-2023.pdf
FABMISR,2023,Social,Health and Safety Metrics,Employee training hours,40000,hours,,Egypt,FABMISR-Sustainability-Report-2023.pdf
FABMISR,2030,Financial,Green Finance Metrics,FAB Group sustainable and transition finance commitment,136,Bn USD,,Egypt,FABMISR-Sustainability-Report-2023.pdf
FABMISR,2022,Financial,Total Assets,Total assets post-merger,185,billion EGP,,Egypt,FABMISR-Sustainability-Report-2023.pdf
FABMISR,2023,Financial,Revenue,Revenues,39.73,billion EGP,,Egypt,FABMISR-Sustainability-Report-2023.pdf
FABMISR,2022,Financial,Revenue,Revenues,15.08,billion EGP,,Egypt,FABMISR-Sustainability-Report-2023.pdf
FABMISR,2023,Financial,Profitability,Return On Tangible Equity,36.04,%,,Egypt,FABMISR-Sustainability-Report-2023.pdf
FABMISR,2022,Financial,Profitability,Return On Tangible Equity,26.18,%,,Egypt,FABMISR-Sustainability-Report-2023.pdf
FABMISR,2023,Financial,Efficiency,Cost-Income Ratio (Excl. Integration Cost),13.69,%,,Egypt,FABMISR-Sustainability-Report-2023.pdf
FABMISR,2022,Financial,Efficiency,Cost-Income Ratio (Excl. Integration Cost),33.98,%,,Egypt,FABMISR-Sustainability-Report-2023.pdf
FABMISR,2023,Financial,Asset Quality,NPL ratio,2.00,%,,Egypt,FABMISR-Sustainability-Report-2023.pdf
FABMISR,2022,Financial,Asset Quality,NPL ratio,6.00,%,,Egypt,FABMISR-Sustainability-Report-2023.pdf
FABMISR,2023,Financial,Liquidity Position,Liquidity Coverage Ratio Basel III (LCR),1266.46,%,,Egypt,FABMISR-Sustainability-Report-2023.pdf
FABMISR,2022,Financial,Liquidity Position,Liquidity Coverage Ratio Basel III (LCR),1271.18,%,,Egypt,FABMISR-Sustainability-Report-2023.pdf
FABMISR,2023,Financial,Capital Profile,CET1,0.44,%,,Egypt,FABMISR-Sustainability-Report-2023.pdf
FABMISR,2022,Financial,Capital Profile,CET1,0.23,%,,Egypt,FABMISR-Sustainability-Report-2023.pdf
FABMISR,2023,Financial,Total Assets,Total Assets,295.4,billion EGP,,Egypt,FABMISR-Sustainability-Report-2023.pdf
FABMISR,2022,Financial,Total Assets,Total Assets,206.4,billion EGP,,Egypt,FABMISR-Sustainability-Report-2023.pdf
FABMISR,2023,Financial,Loans and Advances,Loans and Advances,200.2,billion EGP,,Egypt,FABMISR-Sustainability-Report-2023.pdf
FABMISR,2022,Financial,Loans and Advances,Loans and Advances,138.5,billion EGP,,Egypt,FABMISR-Sustainability-Report-2023.pdf
FABMISR,2023,Financial,Customer Deposits,Customer Deposits,86.5,billion EGP,,Egypt,FABMISR-Sustainability-Report-2023.pdf
FABMISR,2022,Financial,Customer Deposits,Customer Deposits,48.9,billion EGP,,Egypt,FABMISR-Sustainability-Report-2023.pdf
FABMISR,2023,Financial,Net Profit,Net Profit,10.4,billion EGP,,Egypt,FABMISR-Sustainability-Report-2023.pdf
FABMISR,2022,Financial,Net Profit,Net Profit,3.9,billion EGP,,Egypt,FABMISR-Sustainability-Report-2023.pdf
FABMISR,2023,Financial,Operating Income,Operating income,17924681,thousand EGP,,Egypt,FABMISR-Sustainability-Report-2023.pdf
FABMISR,2022,Financial,Operating Income,Operating income,6734873,thousand EGP,,Egypt,FABMISR-Sustainability-Report-2023.pdf
FABMISR,2023,Financial,Profitability,Profit before taxation,14959144,thousand EGP,,Egypt,FABMISR-Sustainability-Report-2023.pdf
FABMISR,2022,Financial,Profitability,Profit before taxation,5932079,thousand EGP,,Egypt,FABMISR-Sustainability-Report-2023.pdf
FABMISR,2023,Financial,Profitability,Profit for the year,10424723,thousand EGP,,Egypt,FABMISR-Sustainability-Report-2023.pdf
FABMISR,2022,Financial,Profitability,Profit for the year,3929294,thousand EGP,,Egypt,FABMISR-Sustainability-Report-2023.pdf
FABMISR,2023,Financial,Total Assets,Segment total assets,295394852,thousand EGP,,Egypt,FABMISR-Sustainability-Report-2023.pdf
FABMISR,2022,Financial,Total Assets,Segment total assets,206448711,thousand EGP,,Egypt,FABMISR-Sustainability-Report-2023.pdf
FABMISR,2023,Social,Customer Experience,Number of branches,68,branches,,Egypt,FABMISR-Sustainability-Report-2023.pdf
FABMISR,2023,Social,Customer Experience,Number of ATMs,214,ATMs,,Egypt,FABMISR-Sustainability-Report-2023.pdf
FABMISR,2023,Social,Customer Experience,Total Number of Customers,349000,customers,,Egypt,FABMISR-Sustainability-Report-2023.pdf
FABMISR,2023,Financial,Revenue from sustainable products,Revenue from Investment Banking (IB) Service Offerings,4801,million EGP,,Egypt,FABMISR-Sustainability-Report-2023.pdf
FABMISR,2023,Financial,Revenue from sustainable products,Revenue from Corporate & Commercial Banking (CCB) Service Offerings,4263,million EGP,,Egypt,FABMISR-Sustainability-Report-2023.pdf
FABMISR,2023,Financial,Revenue from sustainable products,Revenue from Consumer Banking (CB) Service Offerings,3801,million EGP,,Egypt,FABMISR-Sustainability-Report-2023.pdf
FABMISR,2030,Environmental,GHG Emissions,Net Zero Operations Carbon Roadmap target,0,tCO2e,Total,Egypt,FABMISR-Sustainability-Report-2023.pdf
FABMISR,2030,Environmental,Energy Consumption,Energy efficiency measures deployment target,60,% of sites,,Egypt,FABMISR-Sustainability-Report-2023.pdf
FABMISR,2023,Environmental,GHG Emissions,GHG Emissions,3341,tCO2e,Scope 1,Egypt,FABMISR-Sustainability-Report-2023.pdf
FABMISR,2023,Environmental,GHG Emissions,GHG Emissions,5929,tCO2e,Scope 2,Egypt,FABMISR-Sustainability-Report-2023.pdf
FABMISR,2023,Environmental,GHG Emissions,GHG Emissions,2749,tCO2e,Scope 3,Egypt,FABMISR-Sustainability-Report-2023.pdf
FABMISR,2023,Environmental,GHG Emissions,Total GHG Emissions,12149,tCO2e,Total,Egypt,FABMISR-Sustainability-Report-2023.pdf
FABMISR,2023,Environmental,Carbon Footprint and Intensity,GHG Emission intensity,4.3,tCO2e/FTE,Scope 1 and 2,Egypt,FABMISR-Sustainability-Report-2023.pdf
FABMISR,2023,Social,Employee Turnover,Employee turnover rate,12,%,,Egypt,FABMISR-Sustainability-Report-2023.pdf
FABMISR,2023,Social,Total Employees and Workforce,New hires,231,employees,,Egypt,FABMISR-Sustainability-Report-2023.pdf
FABMISR,2023,Social,Employee Diversity,New hires (Male),123,employees,,Egypt,FABMISR-Sustainability-Report-2023.pdf
FABMISR,2023,Social,Employee Diversity,New hires (Female),108,employees,,Egypt,FABMISR-Sustainability-Report-2023.pdf
FABMISR,2023,Social,Employee Diversity,New hires (Age 18-29),166,employees,,Egypt,FABMISR-Sustainability-Report-2023.pdf
FABMISR,2023,Social,Employee Diversity,New hires (Age 30-50),65,employees,,Egypt,FABMISR-Sustainability-Report-2023.pdf
FABMISR,2023,Social,Health and Safety Metrics,Total training delivered,40000,hours,,Egypt,FABMISR-Sustainability-Report-2023.pdf
FABMISR,2023,Social,Health and Safety Metrics,Training hours (Male),25600,hours,,Egypt,FABMISR-Sustainability-Report-2023.pdf
FABMISR,2023,Social,Health and Safety Metrics,Training hours (Female),14400,hours,,Egypt,FABMISR-Sustainability-Report-2023.pdf
FABMISR,2023,Social,Health and Safety Metrics,Senior management training hours,6000,hours,,Egypt,FABMISR-Sustainability-Report-2023.pdf
FABMISR,2023,Social,Health and Safety Metrics,Middle management training hours,11680,hours,,Egypt,FABMISR-Sustainability-Report-2023.pdf
FABMISR,2023,Social,Health and Safety Metrics,Non-management staff training hours,22320,hours,,Egypt,FABMISR-Sustainability-Report-2023.pdf
FABMISR,2023,Social,Employee Diversity,Female employees on Maternity leave,50,employees,,Egypt,FABMISR-Sustainability-Report-2023.pdf
FABMISR,2023,Social,Employee Diversity,Return-to-work rate post-Maternity leave,98,%,,Egypt,FABMISR-Sustainability-Report-2023.pdf
FABMISR,2023,Social,Employee Diversity,Male employees on Paternity leave,0,employees,,Egypt,FABMISR-Sustainability-Report-2023.pdf
FABMISR,2023,Social,Health and Safety Metrics,Standard Operating Procedures (SOPs),15,SOPs,,Egypt,FABMISR-Sustainability-Report-2023.pdf
FABMISR,2023,Social,Health and Safety Metrics,Non-employees covered by OHS system,941,employees,,Egypt,FABMISR-Sustainability-Report-2023.pdf
FABMISR,2023,Governance,Board Composition and Diversity,Female members on Executive committee,25,%,,Egypt,FABMISR-Sustainability-Report-2023.pdf
FABMISR,2023,Social,Employee Diversity,Female members in middle management roles,20,%,,Egypt,FABMISR-Sustainability-Report-2023.pdf
FABMISR,2023,Social,Total Employees and Workforce,Total Employees,2185,employees,,Egypt,FABMISR-Sustainability-Report-2023.pdf
FABMISR,2023,Social,Employee Diversity,Total Employees (Male),1405,employees,,Egypt,FABMISR-Sustainability-Report-2023.pdf
FABMISR,2023,Social,Employee Diversity,Total Employees (Female),780,employees,,Egypt,FABMISR-Sustainability-Report-2023.pdf
FABMISR,2023,Social,Supply Chain Data,Total suppliers engaged,314,suppliers,,Egypt,FABMISR-Sustainability-Report-2023.pdf
FABMISR,2023,Social,Supply Chain Data,Procurement spending invested in local partners,99,%,,Egypt,FABMISR-Sustainability-Report-2023.pdf
FABMISR,2023,Social,Financial Inclusion,SMEs of total loan portfolio,24.25,%,,Egypt,FABMISR-Sustainability-Report-2023.pdf
FABMISR,2023,Social,Financial Inclusion,CBE mandate for SMEs of total loan portfolio,25,%,,Egypt,FABMISR-Sustainability-Report-2023.pdf
FABMISR,2023,Social,Financial Inclusion,SME lending value,11168,million EGP,,Egypt,FABMISR-Sustainability-Report-2023.pdf
FABMISR,2022,Social,Financial Inclusion,SME lending value,9146,million EGP,,Egypt,FABMISR-Sustainability-Report-2023.pdf
FABMISR,2025,Social,Financial Inclusion,Target for additional SMEs to onboard & serve,2000,SMEs,,Egypt,FABMISR-Sustainability-Report-2023.pdf
FABMISR,2025,Social,Financial Inclusion,Target for new customers from marginalized segments,20000,customers,,Egypt,FABMISR-Sustainability-Report-2023.pdf
FABMISR,2025,Social,Financial Inclusion,Target for new branches in rural communities,15,branches,,Egypt,FABMISR-Sustainability-Report-2023.pdf
FABMISR,2023,Social,Financial Inclusion,Specialized branch locations for People of Determination,9,branches,,Egypt,FABMISR-Sustainability-Report-2023.pdf
FABMISR,2023,Social,Financial Inclusion,Savings account interest rate for People of Determination,5,%,,Egypt,FABMISR-Sustainability-Report-2023.pdf
FABMISR,2023,Social,Financial Inclusion,Minimum age for People of Determination account,21,years,,Egypt,FABMISR-Sustainability-Report-2023.pdf
FABMISR,2023,Social,Financial Inclusion,Minimum balance for People of Determination account,100,EGP,,Egypt,FABMISR-Sustainability-Report-2023.pdf
FABMISR,2024,Social,Financial Inclusion,Financial literacy outreach target,5000,young individuals,,Egypt,FABMISR-Sustainability-Report-2023.pdf
FABMISR,2023,Social,Community Investment and Donations,Dyarna Exhibition exhibitors,25,exhibitors,,Egypt,FABMISR-Sustainability-Report-2023.pdf
FABMISR,2024,Social,Community Investment and Donations,El Orman project: small businesses to start,40,businesses,,Egypt,FABMISR-Sustainability-Report-2023.pdf
FABMISR,2024,Social,Community Investment and Donations,El Orman project: biogas projects to support,6,projects,,Egypt,FABMISR-Sustainability-Report-2023.pdf
FABMISR,2024,Social,Community Investment and Donations,El Orman project: homes rehabilitation,20,homes,,Egypt,FABMISR-Sustainability-Report-2023.pdf
FABMISR,2023,Social,Community Investment and Donations,Future Business Leaders competition students,30,students,,Egypt,FABMISR-Sustainability-Report-2023.pdf
FABMISR,2023,Governance,Ethics and Compliance Metrics,Anti-corruption policies communicated to employees,2185,employees,,Egypt,FABMISR-Sustainability-Report-2023.pdf
FABMISR,2023,Governance,Ethics and Compliance Metrics,Percentage of employees communicated anti-corruption policies,100,%,,Egypt,FABMISR-Sustainability-Report-2023.pdf
FABMISR,2023,Governance,Ethics and Compliance Metrics,Employees receiving anti-corruption training,1292,employees,,Egypt,FABMISR-Sustainability-Report-2023.pdf
FABMISR,2023,Governance,Ethics and Compliance Metrics,Percentage of employees receiving anti-corruption training,60,%,,Egypt,FABMISR-Sustainability-Report-2023.pdf
FABMISR,2023,Governance,Ethics and Compliance Metrics,Confirmed incidents of corruption,0,incidents,,Egypt,FABMISR-Sustainability-Report-2023.pdf
FABMISR,2023,Governance,Ethics and Compliance Metrics,Confirmed incidents of employees dismissed or disciplined for corruption,0,incidents,,Egypt,FABMISR-Sustainability-Report-2023.pdf
FABMISR,2023,Governance,Ethics and Compliance Metrics,Public legal cases regarding corruption,0,cases,,Egypt,FABMISR-Sustainability-Report-2023.pdf
FABMISR,2023,Governance,Ethics and Compliance Metrics,Customer privacy complaints from outside parties (total),10,complaints,,Egypt,FABMISR-Sustainability-Report-2023.pdf
FABMISR,2023,Governance,Ethics and Compliance Metrics,Customer privacy complaints from regulatory bodies,0,complaints,,Egypt,FABMISR-Sustainability-Report-2023.pdf
FABMISR,2023,Governance,Ethics and Compliance Metrics,"Identified leaks, thefts, or losses of customer data",1,incident,,Egypt,FABMISR-Sustainability-Report-2023.pdf
FABMISR,2023,Governance,Ethics and Compliance Metrics,Data security breaches,2,breaches,,Egypt,FABMISR-Sustainability-Report-2023.pdf
FABMISR,2023,Governance,Ethics and Compliance Metrics,Data security breaches involving customers’ personally identifiable information,0,breaches,,Egypt,FABMISR-Sustainability-Report-2023.pdf
FABMISR,2023,Environmental,Energy Consumption,Direct energy consumption (Petrol),157009,L,,Egypt,FABMISR-Sustainability-Report-2023.pdf
FABMISR,2023,Environmental,Energy Consumption,Direct energy consumption (Diesel),12850,L,,Egypt,FABMISR-Sustainability-Report-2023.pdf
FABMISR,2023,Environmental,Energy Consumption,Direct energy consumption (Natural Gas),4814915,KWh,,Egypt,FABMISR-Sustainability-Report-2023.pdf
FABMISR,2023,Environmental,Energy Consumption,Direct energy consumption (Refrigerants),1099.8,Kg,,Egypt,FABMISR-Sustainability-Report-2023.pdf
FABMISR,2023,Environmental,Energy Consumption,Total energy consumption from fuels,23273,GJ,,Egypt,FABMISR-Sustainability-Report-2023.pdf
FABMISR,2023,Environmental,Energy Consumption,Fuel consumption from renewable sources,0,GJ,,Egypt,FABMISR-Sustainability-Report-2023.pdf
FABMISR,2023,Environmental,Energy Consumption,Indirect energy consumption (Electricity),12174701,KWh,,Egypt,FABMISR-Sustainability-Report-2023.pdf
FABMISR,2023,Environmental,Energy Consumption,Total energy consumption within the organisation,67101.6,GJ,,Egypt,FABMISR-Sustainability-Report-2023.pdf
FABMISR,2023,Environmental,Carbon Footprint and Intensity,Energy intensity,30.7,GJ/FTE,,Egypt,FABMISR-Sustainability-Report-2023.pdf
FABMISR,2023,Environmental,Energy Consumption,Reduction of energy consumption,,%,,Egypt,FABMISR-Sustainability-Report-2023.pdf
FABMISR,2023,Environmental,Water Usage and Withdrawal,Total amount of water consumed,323712,m3,,Egypt,FABMISR-Sustainability-Report-2023.pdf
FABMISR,2023,Environmental,Waste Generation and Recycling,Paper Purchased,115893,Tones,,Egypt,FABMISR-Sustainability-Report-2023.pdf
FABMISR,2023,Environmental,Waste Generation and Recycling,Paper Recycled,17163,Tones,,Egypt,FABMISR-Sustainability-Report-2023.pdf
FABMISR,2023,Environmental,Waste Generation and Recycling,Waste (Recyclables),43883,Tones,,Egypt,FABMISR-Sustainability-Report-2023.pdf
FABMISR,2023,Environmental,Carbon Footprint and Intensity,Flights (kms) Total,1103583,Km,,Egypt,FABMISR-Sustainability-Report-2023.pdf
FABMISR,2023,Social,Total Employees and Workforce,Total number of all employees,2185,employees,,Egypt,FABMISR-Sustainability-Report-2023.pdf
FABMISR,2023,Social,Employee Diversity,Male employees,1405,employees,,Egypt,FABMISR-Sustainability-Report-2023.pdf
FABMISR,2023,Social,Employee Diversity,Female employees,780,employees,,Egypt,FABMISR-Sustainability-Report-2023.pdf
FABMISR,2023,Social,Employee Diversity,Male employees percentage,64,%,,Egypt,FABMISR-Sustainability-Report-2023.pdf
FABMISR,2023,Social,Employee Diversity,Female employees percentage,36,%,,Egypt,FABMISR-Sustainability-Report-2023.pdf
FABMISR,2023,Social,Total Employees and Workforce,Workers who are not employees and whose work is controlled by FABMISR,941,workers,,Egypt,FABMISR-Sustainability-Report-2023.pdf
FABMISR,2023,Social,Employee Diversity,Number Of Female Employees,780,employees,,Egypt,FABMISR-Sustainability-Report-2023.pdf
FABMISR,2023,Governance,Board Composition and Diversity,Board of directors (Male),7,members,,Egypt,FABMISR-Sustainability-Report-2023.pdf
FABMISR,2023,Governance,Board Composition and Diversity,Board of directors (Female),2,members,,Egypt,FABMISR-Sustainability-Report-2023.pdf
FABMISR,2023,Social,Employee Diversity,Senior management employee (Male),12,employees,,Egypt,FABMISR-Sustainability-Report-2023.pdf
FABMISR,2023,Social,Employee Diversity,Senior management employee (Female),4,employees,,Egypt,FABMISR-Sustainability-Report-2023.pdf
FABMISR,2023,Social,Employee Diversity,Senior management employee (Age 18-29),0,employees,,Egypt,FABMISR-Sustainability-Report-2023.pdf
FABMISR,2023,Social,Employee Diversity,Senior management employee (Age 30-50),10,employees,,Egypt,FABMISR-Sustainability-Report-2023.pdf
FABMISR,2023,Social,Employee Diversity,Senior management employee (Age +51),6,employees,,Egypt,FABMISR-Sustainability-Report-2023.pdf
FABMISR,2023,Social,Employee Diversity,Senior management employee (Egypt citizenship),16,employees,,Egypt,FABMISR-Sustainability-Report-2023.pdf
FABMISR,2023,Social,Employee Diversity,Senior management employee (Other citizenship),0,employees,,Egypt,FABMISR-Sustainability-Report-2023.pdf
FABMISR,2023,Social,Employee Diversity,Middle management employee (Male),136,employees,,Egypt,FABMISR-Sustainability-Report-2023.pdf
FABMISR,2023,Social,Employee Diversity,Middle management employee (Female),33,employees,,Egypt,FABMISR-Sustainability-Report-2023.pdf
FABMISR,2023,Social,Employee Diversity,Middle management employee (Age 18-29),3,employees,,Egypt,FABMISR-Sustainability-Report-2023.pdf
FABMISR,2023,Social,Employee Diversity,Middle management employee (Age 30-50),147,employees,,Egypt,FABMISR-Sustainability-Report-2023.pdf
FABMISR,2023,Social,Employee Diversity,Middle management employee (Age +51),19,employees,,Egypt,FABMISR-Sustainability-Report-2023.pdf
FABMISR,2023,Social,Employee Diversity,Middle management employee (Egypt citizenship),169,employees,,Egypt,FABMISR-Sustainability-Report-2023.pdf
FABMISR,2023,Social,Employee Diversity,Middle management employee (Other citizenship),0,employees,,Egypt,FABMISR-Sustainability-Report-2023.pdf
FABMISR,2023,Social,Employee Diversity,Non-management employee (Male),945,employees,,Egypt,FABMISR-Sustainability-Report-2023.pdf
FABMISR,2023,Social,Employee Diversity,Non-management employee (Female),634,employees,,Egypt,FABMISR-Sustainability-Report-2023.pdf
FABMISR,2023,Social,Employee Diversity,Non-management employee (Age 18-29),655,employees,,Egypt,FABMISR-Sustainability-Report-2023.pdf
FABMISR,2023,Social,Employee Diversity,Non-management employee (Age 30-50),847,employees,,Egypt,FABMISR-Sustainability-Report-2023.pdf
FABMISR,2023,Social,Employee Diversity,Non-management employee (Age +51),77,employees,,Egypt,FABMISR-Sustainability-Report-2023.pdf
FABMISR,2023,Social,Employee Diversity,Non-management employee (Egypt citizenship),1579,employees,,Egypt,FABMISR-Sustainability-Report-2023.pdf
FABMISR,2023,Social,Employee Diversity,Percentage of female in senior and middle management,20,%,,Egypt,FABMISR-Sustainability-Report-2023.pdf
FABMISR,2023,Social,Employee Diversity,Median total compensation for female compared to male,0.74,Ratio,,Egypt,FABMISR-Sustainability-Report-2023.pdf
FABMISR,2023,Social,Employee Diversity,Average pay per female relative to male (senior management),0.95,Ratio,,Egypt,FABMISR-Sustainability-Report-2023.pdf
FABMISR,2023,Social,Employee Diversity,Average pay per female relative to male (middle management),0.92,Ratio,,Egypt,FABMISR-Sustainability-Report-2023.pdf
FABMISR,2023,Social,Employee Diversity,Average pay per female relative to male (Staff),0.84,Ratio,,Egypt,FABMISR-Sustainability-Report-2023.pdf
FABMISR,2023,Social,Employee Diversity,Ratio of salary of women to men (Egypt senior management),0.99,Ratio,,Egypt,FABMISR-Sustainability-Report-2023.pdf
FABMISR,2023,Social,Employee Diversity,Ratio of salary of women to men (Egypt middle management),0.91,Ratio,,Egypt,FABMISR-Sustainability-Report-2023.pdf
FABMISR,2023,Social,Employee Diversity,Ratio of salary of women to men (Egypt non-management employees),0.82,Ratio,,Egypt,FABMISR-Sustainability-Report-2023.pdf
FABMISR,2023,Social,Employee Turnover,Total employee turnover (Voluntary Attrition),12,%,,Egypt,FABMISR-Sustainability-Report-2023.pdf
FABMISR,2023,Social,Employee Turnover,Employee turnover (Male),269,employees,,Egypt,FABMISR-Sustainability-Report-2023.pdf
FABMISR,2023,Social,Employee Turnover,Employee turnover (Female),1,employee,,Egypt,FABMISR-Sustainability-Report-2023.pdf
FABMISR,2023,Social,Total Employees and Workforce,Total number of new employees hired,231,employees,,Egypt,FABMISR-Sustainability-Report-2023.pdf
FABMISR,2023,Social,Employee Diversity,New hires (Age 18-29),166,employees,,Egypt,FABMISR-Sustainability-Report-2023.pdf
FABMISR,2023,Social,Employee Diversity,New hires (Age 30-50),65,employees,,Egypt,FABMISR-Sustainability-Report-2023.pdf
FABMISR,2023,Social,Employee Diversity,New hires (Age +51),0,employees,,Egypt,FABMISR-Sustainability-Report-2023.pdf
FABMISR,2023,Social,Employee Diversity,New hires (Male),123,employees,,Egypt,FABMISR-Sustainability-Report-2023.pdf
FABMISR,2023,Social,Employee Diversity,New hires (Female),108,employees,,Egypt,FABMISR-Sustainability-Report-2023.pdf
FABMISR,2023,Social,Health and Safety Metrics,Total training delivered,40000,Hours,,Egypt,FABMISR-Sustainability-Report-2023.pdf
FABMISR,2023,Social,Health and Safety Metrics,Training hours (Male),25600,Hours,,Egypt,FABMISR-Sustainability-Report-2023.pdf
FABMISR,2023,Social,Health and Safety Metrics,Training hours (Female),14400,Hours,,Egypt,FABMISR-Sustainability-Report-2023.pdf
FABMISR,2023,Social,Health and Safety Metrics,Training hours (Senior management employees),6000,Hours,,Egypt,FABMISR-Sustainability-Report-2023.pdf
FABMISR,2023,Social,Health and Safety Metrics,Training hours (Middle management employees),11680,Hours,,Egypt,FABMISR-Sustainability-Report-2023.pdf
FABMISR,2023,Social,Health and Safety Metrics,Training hours (Non-management employees),22320,Hours,,Egypt,FABMISR-Sustainability-Report-2023.pdf
FABMISR,2023,Social,Employee Diversity,Percentage of total employees who received regular performance review (Male),70,%,,Egypt,FABMISR-Sustainability-Report-2023.pdf
FABMISR,2023,Social,Employee Diversity,Percentage of total employees who received regular performance review (Female),30,%,,Egypt,FABMISR-Sustainability-Report-2023.pdf
FABMISR,2023,Social,Employee Diversity,Percentage of total employees who received regular performance review (Senior management employees),20,%,,Egypt,FABMISR-Sustainability-Report-2023.pdf
FABMISR,2023,Social,Employee Diversity,Percentage of total employees who received regular performance review (Middle management employees),28,%,,Egypt,FABMISR-Sustainability-Report-2023.pdf
FABMISR,2023,Social,Employee Diversity,Percentage of total employees who received regular performance review (Non-management employees),52,%,,Egypt,FABMISR-Sustainability-Report-2023.pdf
FABMISR,2023,Social,Health and Safety Metrics,Non-employees whose work is controlled by FAB and covered by system,941,Number,,Egypt,FABMISR-Sustainability-Report-2023.pdf
FABMISR,2023,Social,Health and Safety Metrics,Non-employees whose work is controlled by FAB and covered by a system that has been internally audited,941,Number,,Egypt,FABMISR-Sustainability-Report-2023.pdf
FABMISR,2023,Social,Health and Safety Metrics,Non-employees whose work is controlled by FAB and covered by a system that has been audited or certified by an external party,941,Number,,Egypt,FABMISR-Sustainability-Report-2023.pdf
FABMISR,2023,Social,Health and Safety Metrics,Fatalities as a result of work-related injury,0,Number,,Egypt,FABMISR-Sustainability-Report-2023.pdf
FABMISR,2023,Social,Health and Safety Metrics,High-consequence work-related injuries (excluding fatalities),1,Number,,Egypt,FABMISR-Sustainability-Report-2023.pdf
FABMISR,2023,Social,Health and Safety Metrics,Recordable work-related injuries,8,Number,,Egypt,FABMISR-Sustainability-Report-2023.pdf
FABMISR,2023,Social,Health and Safety Metrics,The number of hours worked,7230032,hours,,Egypt,FABMISR-Sustainability-Report-2023.pdf
FABMISR,2023,Social,Health and Safety Metrics,Fatalities as a result of work-related ill health,0,Number,,Egypt,FABMISR-Sustainability-Report-2023.pdf
FABMISR,2023,Social,Health and Safety Metrics,Cases of recordable work-related ill health,2,Rate,,Egypt,FABMISR-Sustainability-Report-2023.pdf
FABMISR,2023,Social,Health and Safety Metrics,Employee Absentee rate,0,%,,Egypt,FABMISR-Sustainability-Report-2023.pdf
FABMISR,2022,Social,Employee Diversity,Employees entitled to parental leave (Female),42,employees,,Egypt,FABMISR-Sustainability-Report-2023.pdf
FABMISR,2023,Social,Employee Diversity,Employees entitled to parental leave (Female),50,employees,,Egypt,FABMISR-Sustainability-Report-2023.pdf
FABMISR,2022,Social,Employee Diversity,Employees that took parental leave (Female),42,employees,,Egypt,FABMISR-Sustainability-Report-2023.pdf
FABMISR,2023,Social,Employee Diversity,Employees that took parental leave (Female),50,employees,,Egypt,FABMISR-Sustainability-Report-2023.pdf
FABMISR,2022,Social,Employee Diversity,Employees that returned to work after parental leave (Female),37,employees,,Egypt,FABMISR-Sustainability-Report-2023.pdf
FABMISR,2023,Social,Employee Diversity,Employees that returned to work after parental leave (Female),49,employees,,Egypt,FABMISR-Sustainability-Report-2023.pdf
FABMISR,2022,Social,Employee Diversity,Employees still employed 12 months after return from parental leave (Female),36,employees,,Egypt,FABMISR-Sustainability-Report-2023.pdf
FABMISR,2023,Social,Employee Diversity,Employees still employed 12 months after return from parental leave (Female),46,employees,,Egypt,FABMISR-Sustainability-Report-2023.pdf
FABMISR,2022,Social,Employee Diversity,Return to work rate of employees that took parental leave (Female),88,%,,Egypt,FABMISR-Sustainability-Report-2023.pdf
FABMISR,2023,Social,Employee Diversity,Return to work rate of employees that took parental leave (Female),98,%,,Egypt,FABMISR-Sustainability-Report-2023.pdf
FABMISR,2023,Governance,Board Composition and Diversity,Number of Board members,9,members,,Egypt,FABMISR-Sustainability-Report-2023.pdf
FABMISR,2023,Governance,Board Composition and Diversity,Board members (Men),7,members,,Egypt,FABMISR-Sustainability-Report-2023.pdf
FABMISR,2023,Governance,Board Composition and Diversity,Board members (Women),2,members,,Egypt,FABMISR-Sustainability-Report-2023.pdf
FABMISR,2023,Governance,Board Composition and Diversity,Board members (Age 30-50),1,member,,Egypt,FABMISR-Sustainability-Report-2023.pdf
FABMISR,2023,Governance,Board Composition and Diversity,Board members (Age >50),1,member,,Egypt,FABMISR-Sustainability-Report-2023.pdf
FABMISR,2023,Governance,Board Composition and Diversity,Number of independent Board members,4,members,,Egypt,FABMISR-Sustainability-Report-2023.pdf
FABMISR,2023,Governance,Board Composition and Diversity,Executive members of the Board of Directors,1,%,,Egypt,FABMISR-Sustainability-Report-2023.pdf
FABMISR,2023,Governance,Board Composition and Diversity,Non-executive members of the Board of Directors,8,%,,Egypt,FABMISR-Sustainability-Report-2023.pdf
FABMISR,2023,Governance,Board Composition and Diversity,Percentage of female Board members,22.20,%,,Egypt,FABMISR-Sustainability-Report-2023.pdf
FABMISR,2023,Governance,Stakeholder Engagement,Total number of critical concerns communicated to the board,2,concerns,,Egypt,FABMISR-Sustainability-Report-2023.pdf
FABMISR,2023,Governance,Board Composition and Diversity,Number of evaluations conducted to the Board of Directors,0,evaluations,,Egypt,FABMISR-Sustainability-Report-2023.pdf
FABMISR,2023,Governance,Board Composition and Diversity,Total number of committee chairs (Board Committees),4,chairs,,Egypt,FABMISR-Sustainability-Report-2023.pdf
FABMISR,2023,Governance,Board Composition and Diversity,Number of committee chairs occupied by women (Board Committees),2,chairs,,Egypt,FABMISR-Sustainability-Report-2023.pdf
FABMISR,2023,Governance,Board Composition and Diversity,Percentage of committee chairs occupied by women (Board Committees),50,%,,Egypt,FABMISR-Sustainability-Report-2023.pdf
FABMISR,2023,Social,Supply Chain Data,Total number of suppliers engaged,314,suppliers,,Egypt,FABMISR-Sustainability-Report-2023.pdf
FABMISR,2023,Social,Supply Chain Data,Total number of local suppliers engaged,300,suppliers,,Egypt,FABMISR-Sustainability-Report-2023.pdf
FABMISR,2023,Financial,Cost savings from sustainability initiatives,Total procurement spending,0.95,Billion EGP,,Egypt,FABMISR-Sustainability-Report-2023.pdf
FABMISR,2023,Financial,Cost savings from sustainability initiatives,Procurement spending on local suppliers,0.94,Billion EGP,,Egypt,FABMISR-Sustainability-Report-2023.pdf
FABMISR,2023,Social,Supply Chain Data,Percentage of spending on local suppliers,99,%,,Egypt,FABMISR-Sustainability-Report-2023.pdf
FABMISR,2023,Social,Employee Diversity,Ratio: entry level wage to minimum wage (Male),257,%,,Egypt,FABMISR-Sustainability-Report-2023.pdf
FABMISR,2023,Social,Employee Diversity,Ratio: entry level wage to minimum wage (Female),252.5,%,,Egypt,FABMISR-Sustainability-Report-2023.pdf
FABMISR,2023,Social,Stakeholder Engagement,Number of grievances filed in the reporting period,376,grievances,,Egypt,FABMISR-Sustainability-Report-2023.pdf
FABMISR,2023,Social,Stakeholder Engagement,Percentage of grievances addressed or resolved,100,%,,Egypt,FABMISR-Sustainability-Report-2023.pdf
FABMISR,2023,Social,Stakeholder Engagement,Number of grievances filed prior to the reporting period that were resolved during the reporting period,327,grievances,,Egypt,FABMISR-Sustainability-Report-2023.pdf
FABMISR,2022,Governance,Ethics and Compliance Metrics,Amount of fraudulent transaction activity (refunded),106721,EGP,,Egypt,FABMISR-Sustainability-Report-2023.pdf
FABMISR,2023,Governance,Ethics and Compliance Metrics,Amount of fraudulent transaction activity (refunded),0,EGP,,Egypt,FABMISR-Sustainability-Report-2023.pdf
FABMISR,2022,Governance,Ethics and Compliance Metrics,Percentage of activity from card-not-present fraud,0,%,,Egypt,FABMISR-Sustainability-Report-2023.pdf
FABMISR,2023,Governance,Ethics and Compliance Metrics,Percentage of activity from card-not-present fraud,0,%,,Egypt,FABMISR-Sustainability-Report-2023.pdf
FABMISR,2022,Governance,Ethics and Compliance Metrics,Number of legal actions regarding anti-competitive behavior,0,Number,,Egypt,FABMISR-Sustainability-Report-2023.pdf
FABMISR,2023,Governance,Ethics and Compliance Metrics,Number of legal actions regarding anti-competitive behavior,0,Number,,Egypt,FABMISR-Sustainability-Report-2023.pdf
FABMISR,2022,Governance,Ethics and Compliance Metrics,Total number and nature of confirmed incidents of corruption,0,Unit,,Egypt,FABMISR-Sustainability-Report-2023.pdf
FABMISR,2023,Governance,Ethics and Compliance Metrics,Total number and nature of confirmed incidents of corruption,0,Unit,,Egypt,FABMISR-Sustainability-Report-2023.pdf
FABMISR,2022,Governance,Ethics and Compliance Metrics,Total number of confirmed incidents in which employees were dismissed or disciplined for corruption,0,Number,,Egypt,FABMISR-Sustainability-Report-2023.pdf
FABMISR,2023,Governance,Ethics and Compliance Metrics,Total number of confirmed incidents in which employees were dismissed or disciplined for corruption,0,Number,,Egypt,FABMISR-Sustainability-Report-2023.pdf
FABMISR,2022,Governance,Ethics and Compliance Metrics,Total number of confirmed incidents when contracts with business partners were terminated or not renewed due to violations related to corruption,0,Number,,Egypt,FABMISR-Sustainability-Report-2023.pdf
FABMISR,2023,Governance,Ethics and Compliance Metrics,Total number of confirmed incidents when contracts with business partners were terminated or not renewed due to violations related to corruption,0,Number,,Egypt,FABMISR-Sustainability-Report-2023.pdf
FABMISR,2022,Governance,Ethics and Compliance Metrics,Public legal cases regarding corruption brought against the organization or its employees,0,Number,,Egypt,FABMISR-Sustainability-Report-2023.pdf
FABMISR,2023,Governance,Ethics and Compliance Metrics,Public legal cases regarding corruption brought against the organization or its employees,0,Number,,Egypt,FABMISR-Sustainability-Report-2023.pdf
FABMISR,2022,Governance,Ethics and Compliance Metrics,Total number of governance body members communicated anti-corruption policies and procedures,15,Number,,Egypt,FABMISR-Sustainability-Report-2023.pdf
FABMISR,2023,Governance,Ethics and Compliance Metrics,Total number of governance body members communicated anti-corruption policies and procedures,15,Number,,Egypt,FABMISR-Sustainability-Report-2023.pdf
FABMISR,2022,Governance,Ethics and Compliance Metrics,Total percentage of governance body members communicated anti-corruption policies and procedures,100,%,,Egypt,FABMISR-Sustainability-Report-2023.pdf
FABMISR,2023,Governance,Ethics and Compliance Metrics,Total percentage of governance body members communicated anti-corruption policies and procedures,100,%,,Egypt,FABMISR-Sustainability-Report-2023.pdf
FABMISR,2023,Governance,Ethics and Compliance Metrics,Total number of operations assessed for risks related to corruption,61,Number,,Egypt,FABMISR-Sustainability-Report-2023.pdf
FABMISR,2023,Governance,Ethics and Compliance Metrics,Total percentage of operations assessed for risks related to corruption,100,%,,Egypt,FABMISR-Sustainability-Report-2023.pdf
FABMISR,2022,Governance,Ethics and Compliance Metrics,Total Number of employees communicated anti-corruption policies and procedures,2228,Number,,Egypt,FABMISR-Sustainability-Report-2023.pdf
FABMISR,2023,Governance,Ethics and Compliance Metrics,Total Number of employees communicated anti-corruption policies and procedures,2129,Number,,Egypt,FABMISR-Sustainability-Report-2023.pdf
FABMISR,2022,Governance,Ethics and Compliance Metrics,Percentage of employees communicated anti-corruption policies and procedures,100,%,,Egypt,FABMISR-Sustainability-Report-2023.pdf
FABMISR,2023,Governance,Ethics and Compliance Metrics,Percentage of employees communicated anti-corruption policies and procedures,100,%,,Egypt,FABMISR-Sustainability-Report-2023.pdf
FABMISR,2022,Governance,Ethics and Compliance Metrics,Employees receiving anti-corruption training,1371,Number,,Egypt,FABMISR-Sustainability-Report-2023.pdf
FABMISR,2023,Governance,Ethics and Compliance Metrics,Employees receiving anti-corruption training,1292,Number,,Egypt,FABMISR-Sustainability-Report-2023.pdf
FABMISR,2022,Governance,Ethics and Compliance Metrics,Percentage of employees receiving anti-corruption training,61,%,,Egypt,FABMISR-Sustainability-Report-2023.pdf
FABMISR,2023,Governance,Ethics and Compliance Metrics,Percentage of employees receiving anti-corruption training,60,%,,Egypt,FABMISR-Sustainability-Report-2023.pdf
FABMISR,2023,Governance,Ethics and Compliance Metrics,Number of data security breaches,2,Number,,Egypt,FABMISR-Sustainability-Report-2023.pdf
FABMISR,2023,Governance,Ethics and Compliance Metrics,Number of data security breaches involving customers’ personally identifiable information,0,Number,,Egypt,FABMISR-Sustainability-Report-2023.pdf
FABMISR,2023,Governance,Ethics and Compliance Metrics,Percentage of data security breaches involving customers’ personally identifiable information,0,%,,Egypt,FABMISR-Sustainability-Report-2023.pdf
FABMISR,2023,Governance,Ethics and Compliance Metrics,Number of account holders impacted by data breaches,0,Number,,Egypt,FABMISR-Sustainability-Report-2023.pdf
FABMISR,2023,Governance,Ethics and Compliance Metrics,Percentage of employees who completed privacy and security training,0,%,,Egypt,FABMISR-Sustainability-Report-2023.pdf
FABMISR,2023,Governance,Ethics and Compliance Metrics,Total incidents of significant non-compliance with laws and regulations,0,Number,,Egypt,FABMISR-Sustainability-Report-2023.pdf
FABMISR,2023,Governance,Environmental Incidents and Fines,Total number of fines for instances of non-compliance with laws and regulations,1,Number,,Egypt,FABMISR-Sustainability-Report-2023.pdf
FABMISR,2023,Governance,Environmental Incidents and Fines,Monetary value of fines for instances of non-compliance with laws and regulations,20000,EGP,,Egypt,FABMISR-Sustainability-Report-2023.pdf
FABMISR,2023,Governance,Stakeholder Engagement,Total number of critical concerns communicated to the board,2,Number,,Egypt,FABMISR-Sustainability-Report-2023.pdf
FABMISR,2023,Governance,Board Composition and Diversity,Number of evaluations conducted to the Board of Directors,0,Number,,Egypt,FABMISR-Sustainability-Report-2023.pdf
FABMISR,2022,Financial,Revenue,Direct economic value generated (revenues),15.08,Billion EGP,,Egypt,FABMISR-Sustainability-Report-2023.pdf
FABMISR,2023,Financial,Revenue,Direct economic value generated (revenues),39.73,Billion EGP,,Egypt,FABMISR-Sustainability-Report-2023.pdf
FABMISR,2022,Financial,Economic Value Distributed,Total economic value distributed,8.3,Billion EGP,,Egypt,FABMISR-Sustainability-Report-2023.pdf
FABMISR,2023,Financial,Economic Value Distributed,Total economic value distributed,21.8,Billion EGP,,Egypt,FABMISR-Sustainability-Report-2023.pdf
FABMISR,2022,Financial,Operating Costs,Operating costs,2,Billion EGP,,Egypt,FABMISR-Sustainability-Report-2023.pdf
FABMISR,2023,Financial,Operating Costs,Operating costs,2.3,Billion EGP,,Egypt,FABMISR-Sustainability-Report-2023.pdf
FABMISR,2022,Financial,Employee Wages and Benefits,Employee wages and benefits,0.55,Billion EGP,,Egypt,FABMISR-Sustainability-Report-2023.pdf
FABMISR,2023,Financial,Employee Wages and Benefits,Employee wages and benefits,0.80,Billion EGP,,Egypt,FABMISR-Sustainability-Report-2023.pdf
FABMISR,2022,Financial,Payments to Government,Payments to government (gross taxes and royalties),2,Billion EGP,,Egypt,FABMISR-Sustainability-Report-2023.pdf
FABMISR,2023,Financial,Payments to Government,Payments to government (gross taxes and royalties),4.5,Billion EGP,,Egypt,FABMISR-Sustainability-Report-2023.pdf
FABMISR,2022,Financial,Economic Value Retained,Economic value retained,6.1,Billion EGP,,Egypt,FABMISR-Sustainability-Report-2023.pdf
FABMISR,2023,Financial,Economic Value Retained,Economic value retained,15.9,Billion EGP,,Egypt,FABMISR-Sustainability-Report-2023.pdf
FABMISR,2023,Financial,Revenue from Business Segment,Revenue from Investment Banking (IB),4801,million EGP,,Egypt,FABMISR-Sustainability-Report-2023.pdf
FABMISR,2023,Financial,Revenue from Business Segment,Revenue from Corporate & Commercial Banking (CCB),4263,million EGP,,Egypt,FABMISR-Sustainability-Report-2023.pdf
FABMISR,2023,Financial,Revenue from Business Segment,Revenue from Consumer Banking (CB),3801,million EGP,,Egypt,FABMISR-Sustainability-Report-2023.pdf
FABMISR,2023,Financial,Financial Assistance from Government,Total monetary value of financial assistance received from government,0,EGP,,Egypt,FABMISR-Sustainability-Report-2023.pdf
Fayoum University,2019-2022,Social,Research and Innovation,Total publications related to SDGs,1070,papers,,Egypt,FU_Report_on_SDG.pdf
Fayoum University,2019-2022,Social,Research and Innovation (SDG 1: No Poverty),Publications,5,papers,,Egypt,FU_Report_on_SDG.pdf
Fayoum University,2019-2022,Social,Research and Innovation (SDG 2: Zero Hunger),Publications,58,papers,,Egypt,FU_Report_on_SDG.pdf
Fayoum University,2019-2022,Social,Research and Innovation (SDG 3: Good Health and Well-being),Publications,340,papers,,Egypt,FU_Report_on_SDG.pdf
Fayoum University,2019-2022,Social,Research and Innovation (SDG 4: Quality Education),Publications,25,papers,,Egypt,FU_Report_on_SDG.pdf
Fayoum University,2019-2022,Social,Research and Innovation (SDG 5: Gender Equality),Publications,11,papers,,Egypt,FU_Report_on_SDG.pdf
Fayoum University,2019-2022,Social,Research and Innovation (SDG 6: Clean Water and Sanitation),Publications,101,papers,,Egypt,FU_Report_on_SDG.pdf
Fayoum University,2019-2022,Social,Research and Innovation (SDG 7: Affordable and Clean Energy),Publications,230,papers,,Egypt,FU_Report_on_SDG.pdf
Fayoum University,2019-2022,Social,Research and Innovation (SDG 8: Decent Work and Economic Growth),Publications,52,papers,,Egypt,FU_Report_on_SDG.pdf
Fayoum University,2019-2022,Social,"Research and Innovation (SDG 9: Industry, Innovation and Infrastructure)",Publications,41,papers,,Egypt,FU_Report_on_SDG.pdf
Fayoum University,2019-2022,Social,Research and Innovation (SDG 10: Reduced Inequality),Publications,17,papers,,Egypt,FU_Report_on_SDG.pdf
Fayoum University,2019-2022,Social,Research and Innovation (SDG 11: Sustainable Cities and Communities),Publications,38,papers,,Egypt,FU_Report_on_SDG.pdf
Fayoum University,2019-2022,Social,Research and Innovation (SDG 12: Responsible Consumption and Production),Publications,60,papers,,Egypt,FU_Report_on_SDG.pdf
Fayoum University,2019-2022,Social,Research and Innovation (SDG 13: Climate Action),Publications,49,papers,,Egypt,FU_Report_on_SDG.pdf
Fayoum University,2019-2022,Social,Research and Innovation (SDG 14: Life Below Water),Publications,22,papers,,Egypt,FU_Report_on_SDG.pdf
Fayoum University,2019-2022,Social,Research and Innovation (SDG 15: Life on Land),Publications,17,papers,,Egypt,FU_Report_on_SDG.pdf
Fayoum University,2019-2022,Social,"Research and Innovation (SDG 16: Peace, Justice and Strong Institutions)",Publications,4,papers,,Egypt,FU_Report_on_SDG.pdf
Fayoum University,2022,Social,University Ranking (THE Impact Ranking),Global ranking (overall),1001,rank,,Egypt,FU_Report_on_SDG.pdf
Fayoum University,2022,Social,University Ranking (THE Impact Ranking),Total universities assessed in ranking,1400,universities,,Egypt,FU_Report_on_SDG.pdf
Fayoum University,2022,Social,University Ranking (THE Impact Ranking),Number of countries/regions in ranking,106,countries/regions,,Egypt,FU_Report_on_SDG.pdf
Fayoum University,2022,Social,University Ranking (THE Impact Ranking),Ranking for SDG 3: Good Health and Well-being,601,rank,,Egypt,FU_Report_on_SDG.pdf
Fayoum University,2022,Social,University Ranking (THE Impact Ranking),Ranking for SDG 4: Quality Education,301,rank,,Egypt,FU_Report_on_SDG.pdf
Fayoum University,2022,Social,University Ranking (THE Impact Ranking),Ranking for SDG 5: Gender Equality,601,rank,,Egypt,FU_Report_on_SDG.pdf
Fayoum University,2022,Social,University Ranking (THE Impact Ranking),Ranking for SDG 7: Affordable and Clean Energy,1001,rank,,Egypt,FU_Report_on_SDG.pdf
Fayoum University,2022,Social,University Ranking (THE Impact Ranking),Ranking for SDG 8: Decent Work and Economic Growth,401,rank,,Egypt,FU_Report_on_SDG.pdf
Fayoum University,2022,Social,University Ranking (THE Impact Ranking),"Ranking for SDG 9: Industry, Innovation and Infrastructure",601,rank,,Egypt,FU_Report_on_SDG.pdf
Fayoum University,2022,Social,University Ranking (THE Impact Ranking),Ranking for SDG 11: Sustainable Cities and Communities,601,rank,,Egypt,FU_Report_on_SDG.pdf
Fayoum University,2022,Social,University Ranking (THE Impact Ranking),Ranking for SDG 12: Responsible Consumption and Production,401,rank,,Egypt,FU_Report_on_SDG.pdf
Fayoum University,2022,Social,University Ranking (THE Impact Ranking),Ranking for SDG 17: Partnerships for the Goals,1001,rank,,Egypt,FU_Report_on_SDG.pdf
Fayoum University,2022,Social,Education (SDG 1: No Poverty),Graduate Programs,22,programs,,Egypt,FU_Report_on_SDG.pdf
Fayoum University,2019-2022,Social,Research and Innovation (SDG 1: No Poverty),Publications,5,papers,,Egypt,FU_Report_on_SDG.pdf
Fayoum University,2019-2022,Social,Research and Innovation (SDG 1: No Poverty),Citation count,14,citations,,Egypt,FU_Report_on_SDG.pdf
Fayoum University,2022,Social,Research and Innovation (SDG 1: No Poverty),Field-Weighted Citation Impact,0.33,,,Egypt,FU_Report_on_SDG.pdf
Fayoum University,2022,Social,Research and Innovation (SDG 1: No Poverty),Research Projects,3,projects,,Egypt,FU_Report_on_SDG.pdf
Fayoum University,2022,Social,Education (SDG 2: Zero Hunger),Graduate Programs,23,programs,,Egypt,FU_Report_on_SDG.pdf
Fayoum University,2019-2022,Social,Research and Innovation (SDG 2: Zero Hunger),Publications,58,papers,,Egypt,FU_Report_on_SDG.pdf
Fayoum University,2019-2022,Social,Research and Innovation (SDG 2: Zero Hunger),Citation count,569,citations,,Egypt,FU_Report_on_SDG.pdf
Fayoum University,2022,Social,Research and Innovation (SDG 2: Zero Hunger),Field-Weighted Citation Impact,1.92,,,Egypt,FU_Report_on_SDG.pdf
Fayoum University,2022,Social,Research and Innovation (SDG 2: Zero Hunger),Research Projects,6,projects,,Egypt,FU_Report_on_SDG.pdf
Fayoum University,2022,Social,Education (SDG 3: Good Health and Well-being),Graduate Programs,96,programs,,Egypt,FU_Report_on_SDG.pdf
Fayoum University,2019-2022,Social,Research and Innovation (SDG 3: Good Health and Well-being),Publications,340,papers,,Egypt,FU_Report_on_SDG.pdf
Fayoum University,2019-2022,Social,Research and Innovation (SDG 3: Good Health and Well-being),Citation count,4168,citations,,Egypt,FU_Report_on_SDG.pdf
Fayoum University,2022,Social,Research and Innovation (SDG 3: Good Health and Well-being),Field-Weighted Citation Impact,1.79,,,Egypt,FU_Report_on_SDG.pdf
Fayoum University,2022,Social,Research and Innovation (SDG 3: Good Health and Well-being),Research Projects,18,projects,,Egypt,FU_Report_on_SDG.pdf
Fayoum University,2022,Social,Education (SDG 4: Quality Education),Graduate Programs,112,programs,,Egypt,FU_Report_on_SDG.pdf
Fayoum University,2019-2022,Social,Research and Innovation (SDG 4: Quality Education),Publications,25,papers,,Egypt,FU_Report_on_SDG.pdf
Fayoum University,2019-2022,Social,Research and Innovation (SDG 4: Quality Education),Citation count,140,citations,,Egypt,FU_Report_on_SDG.pdf
Fayoum University,2022,Social,Research and Innovation (SDG 4: Quality Education),Field-Weighted Citation Impact,1.31,,,Egypt,FU_Report_on_SDG.pdf
Fayoum University,2022,Social,Research and Innovation (SDG 4: Quality Education),Research Projects,21,projects,,Egypt,FU_Report_on_SDG.pdf
Fayoum University,2022,Social,Education (SDG 5: Gender Equality),Graduate Programs,18,programs,,Egypt,FU_Report_on_SDG.pdf
Fayoum University,2019-2022,Social,Research and Innovation (SDG 5: Gender Equality),Publications,11,papers,,Egypt,FU_Report_on_SDG.pdf
Fayoum University,2019-2022,Social,Research and Innovation (SDG 5: Gender Equality),Citation count,103,citations,,Egypt,FU_Report_on_SDG.pdf
Fayoum University,2022,Social,Research and Innovation (SDG 5: Gender Equality),Field-Weighted Citation Impact,2.17,,,Egypt,FU_Report_on_SDG.pdf
Fayoum University,2022,Social,Research and Innovation (SDG 5: Gender Equality),Research Projects,1,projects,,Egypt,FU_Report_on_SDG.pdf
Fayoum University,2022,Social,Education (SDG 6: Clean Water and Sanitation),Graduate Programs,55,programs,,Egypt,FU_Report_on_SDG.pdf
Fayoum University,2019-2022,Social,Research and Innovation (SDG 6: Clean Water and Sanitation),Publications,101,papers,,Egypt,FU_Report_on_SDG.pdf
Fayoum University,2019-2022,Social,Research and Innovation (SDG 6: Clean Water and Sanitation),Citation count,1364,citations,,Egypt,FU_Report_on_SDG.pdf
Fayoum University,2022,Social,Research and Innovation (SDG 6: Clean Water and Sanitation),Field-Weighted Citation Impact,2.36,,,Egypt,FU_Report_on_SDG.pdf
Fayoum University,2022,Social,Research and Innovation (SDG 6: Clean Water and Sanitation),Research Projects,17,projects,,Egypt,FU_Report_on_SDG.pdf
Fayoum University,2022,Social,Education (SDG 7: Affordable and Clean Energy),Graduate Programs,44,programs,,Egypt,FU_Report_on_SDG.pdf
Fayoum University,2019-2022,Social,Research and Innovation (SDG 7: Affordable and Clean Energy),Publications,230,papers,,Egypt,FU_Report_on_SDG.pdf
Fayoum University,2019-2022,Social,Research and Innovation (SDG 7: Affordable and Clean Energy),Citation count,4003,citations,,Egypt,FU_Report_on_SDG.pdf
Fayoum University,2022,Social,Research and Innovation (SDG 7: Affordable and Clean Energy),Field-Weighted Citation Impact,2.16,,,Egypt,FU_Report_on_SDG.pdf
Fayoum University,2022,Social,Research and Innovation (SDG 7: Affordable and Clean Energy),Research Projects,57,projects,,Egypt,FU_Report_on_SDG.pdf
Fayoum University,2022,Social,Education (SDG 8: Decent Work and Economic Growth),Graduate Programs,29,programs,,Egypt,FU_Report_on_SDG.pdf
Fayoum University,2019-2022,Social,Research and Innovation (SDG 8: Decent Work and Economic Growth),Publications,52,papers,,Egypt,FU_Report_on_SDG.pdf
Fayoum University,2019-2022,Social,Research and Innovation (SDG 8: Decent Work and Economic Growth),Citation count,680,citations,,Egypt,FU_Report_on_SDG.pdf
Fayoum University,2022,Social,Research and Innovation (SDG 8: Decent Work and Economic Growth),Field-Weighted Citation Impact,2.37,,,Egypt,FU_Report_on_SDG.pdf
Fayoum University,2022,Social,Research and Innovation (SDG 8: Decent Work and Economic Growth),Research Projects,26,projects,,Egypt,FU_Report_on_SDG.pdf
Fayoum University,2022,Social,"Education (SDG 9: Industry, Innovation and Infrastructure)",Graduate Programs,42,programs,,Egypt,FU_Report_on_SDG.pdf
Fayoum University,2019-2022,Social,"Research and Innovation (SDG 9: Industry, Innovation and Infrastructure)",Publications,41,papers,,Egypt,FU_Report_on_SDG.pdf
Fayoum University,2019-2022,Social,"Research and Innovation (SDG 9: Industry, Innovation and Infrastructure)",Citation count,309,citations,,Egypt,FU_Report_on_SDG.pdf
Fayoum University,2022,Social,"Research and Innovation (SDG 9: Industry, Innovation and Infrastructure)",Field-Weighted Citation Impact,1.22,,,Egypt,FU_Report_on_SDG.pdf
Fayoum University,2022,Social,"Research and Innovation (SDG 9: Industry, Innovation and Infrastructure)",Research Projects,12,projects,,Egypt,FU_Report_on_SDG.pdf
Fayoum University,2022,Social,Education (SDG 10: Reduced Inequality),Graduate Programs,19,programs,,Egypt,FU_Report_on_SDG.pdf
Fayoum University,2019-2022,Social,Research and Innovation (SDG 10: Reduced Inequality),Publications,17,papers,,Egypt,FU_Report_on_SDG.pdf
Fayoum University,2019-2022,Social,Research and Innovation (SDG 10: Reduced Inequality),Citation count,202,citations,,Egypt,FU_Report_on_SDG.pdf
Fayoum University,2022,Social,Research and Innovation (SDG 10: Reduced Inequality),Field-Weighted Citation Impact,2.12,,,Egypt,FU_Report_on_SDG.pdf
Fayoum University,2022,Social,Research and Innovation (SDG 10: Reduced Inequality),Research Projects,3,projects,,Egypt,FU_Report_on_SDG.pdf
Fayoum University,2022,Social,Education (SDG 11: Sustainable Cities and Communities),Graduate Programs,188,programs,,Egypt,FU_Report_on_SDG.pdf
Fayoum University,2019-2022,Social,Research and Innovation (SDG 11: Sustainable Cities and Communities),Publications,38,papers,,Egypt,FU_Report_on_SDG.pdf
Fayoum University,2019-2022,Social,Research and Innovation (SDG 11: Sustainable Cities and Communities),Citation count,168,citations,,Egypt,FU_Report_on_SDG.pdf
Fayoum University,2022,Social,Research and Innovation (SDG 11: Sustainable Cities and Communities),Field-Weighted Citation Impact,0.94,,,Egypt,FU_Report_on_SDG.pdf
Fayoum University,2022,Social,Research and Innovation (SDG 11: Sustainable Cities and Communities),Research Projects,12,projects,,Egypt,FU_Report_on_SDG.pdf
Fayoum University,2022,Social,Education (SDG 12: Responsible Consumption and Production),Graduate Programs,40,programs,,Egypt,FU_Report_on_SDG.pdf
Fayoum University,2019-2022,Social,Research and Innovation (SDG 12: Responsible Consumption and Production),Publications,60,papers,,Egypt,FU_Report_on_SDG.pdf
Fayoum University,2019-2022,Social,Research and Innovation (SDG 12: Responsible Consumption and Production),Citation count,512,citations,,Egypt,FU_Report_on_SDG.pdf
Fayoum University,2022,Social,Research and Innovation (SDG 12: Responsible Consumption and Production),Field-Weighted Citation Impact,1.36,,,Egypt,FU_Report_on_SDG.pdf
Fayoum University,2022,Social,Research and Innovation (SDG 12: Responsible Consumption and Production),Research Projects,4,projects,,Egypt,FU_Report_on_SDG.pdf
Fayoum University,2022,Social,Education (SDG 13: Climate Action),Graduate Programs,98,programs,,Egypt,FU_Report_on_SDG.pdf
Fayoum University,2019-2022,Social,Research and Innovation (SDG 13: Climate Action),Publications,49,papers,,Egypt,FU_Report_on_SDG.pdf
Fayoum University,2019-2022,Social,Research and Innovation (SDG 13: Climate Action),Citation count,1173,citations,,Egypt,FU_Report_on_SDG.pdf
Fayoum University,2022,Social,Research and Innovation (SDG 13: Climate Action),Field-Weighted Citation Impact,2.82,,,Egypt,FU_Report_on_SDG.pdf
Fayoum University,2022,Social,Research and Innovation (SDG 13: Climate Action),Research Projects,4,projects,,Egypt,FU_Report_on_SDG.pdf
Fayoum University,2022,Social,Education (SDG 14: Life Below Water),Graduate Programs,9,programs,,Egypt,FU_Report_on_SDG.pdf
Fayoum University,2019-2022,Social,Research and Innovation (SDG 14: Life Below Water),Publications,22,papers,,Egypt,FU_Report_on_SDG.pdf
Fayoum University,2019-2022,Social,Research and Innovation (SDG 14: Life Below Water),Citation count,113,citations,,Egypt,FU_Report_on_SDG.pdf
Fayoum University,2022,Social,Research and Innovation (SDG 14: Life Below Water),Field-Weighted Citation Impact,0.95,,,Egypt,FU_Report_on_SDG.pdf
Fayoum University,2022,Social,Research and Innovation (SDG 14: Life Below Water),Research Projects,3,projects,,Egypt,FU_Report_on_SDG.pdf
Fayoum University,2022,Social,Education (SDG 15: Life on Land),Graduate Programs,6,programs,,Egypt,FU_Report_on_SDG.pdf
Fayoum University,2019-2022,Social,Research and Innovation (SDG 15: Life on Land),Publications,17,papers,,Egypt,FU_Report_on_SDG.pdf
Fayoum University,2019-2022,Social,Research and Innovation (SDG 15: Life on Land),Citation count,240,citations,,Egypt,FU_Report_on_SDG.pdf
Fayoum University,2022,Social,Research and Innovation (SDG 15: Life on Land),Field-Weighted Citation Impact,1.29,,,Egypt,FU_Report_on_SDG.pdf
Fayoum University,2022,Social,Research and Innovation (SDG 15: Life on Land),Research Projects,2,projects,,Egypt,FU_Report_on_SDG.pdf
Fayoum University,2022,Social,"Education (SDG 16: Peace, Justice and Strong Institutions)",Graduate Programs,7,programs,,Egypt,FU_Report_on_SDG.pdf
Fayoum University,2019-2022,Social,"Research and Innovation (SDG 16: Peace, Justice and Strong Institutions)",Publications,4,papers,,Egypt,FU_Report_on_SDG.pdf
Fayoum University,2019-2022,Social,"Research and Innovation (SDG 16: Peace, Justice and Strong Institutions)",Citation count,8,citations,,Egypt,FU_Report_on_SDG.pdf
Fayoum University,2022,Social,"Research and Innovation (SDG 16: Peace, Justice and Strong Institutions)",Field-Weighted Citation Impact,0.28,,,Egypt,FU_Report_on_SDG.pdf
Fayoum University,2022,Social,"Research and Innovation (SDG 16: Peace, Justice and Strong Institutions)",Research Projects,25,projects,,Egypt,FU_Report_on_SDG.pdf
Heliopolis University for Sustainable Development,2025,Social,Employee Count,Enrolled students,3250,students,,Egypt,HU-Sustainability-Report-2024.pdf
Heliopolis University for Sustainable Development,2024,Social,Scholarships and Financial Aid,Number of scholarships and financial aid offered (estimated from chart),1200,scholarships,,Egypt,HU-Sustainability-Report-2024.pdf
Heliopolis University for Sustainable Development,2023,Social,Scholarships and Financial Aid,Number of scholarships and financial aid offered (estimated from chart),1000,scholarships,,Egypt,HU-Sustainability-Report-2024.pdf
Heliopolis University for Sustainable Development,2022,Social,Scholarships and Financial Aid,Number of scholarships and financial aid offered (estimated from chart),700,scholarships,,Egypt,HU-Sustainability-Report-2024.pdf
Heliopolis University for Sustainable Development,2024,Social,Education and Training,Number of academic courses delivered by Faculty of Pharmacy,82,courses,,Egypt,HU-Sustainability-Report-2024.pdf
Heliopolis University for Sustainable Development,2024,Social,Education and Training,Percentage of Faculty of Pharmacy courses with Community-Based Learning (CBL) component,20,%,,Egypt,HU-Sustainability-Report-2024.pdf
Heliopolis University for Sustainable Development,2024,Social,Education and Training,Number of students engaged in Faculty of Pharmacy CBL activities,250,students,,Egypt,HU-Sustainability-Report-2024.pdf
Heliopolis University for Sustainable Development,2024,Environmental,Water Usage and Withdrawal,Pollutant removal efficiency of wastewater treatment unit,91,%,,Egypt,HU-Sustainability-Report-2024.pdf
Heliopolis University for Sustainable Development,2024,Social,Community Investment,Smallholder farmers benefiting from wastewater treatment unit,10000,farmers,,Egypt,HU-Sustainability-Report-2024.pdf
Heliopolis University for Sustainable Development,2024,Social,Education and Training,Percentage of Faculty of Engineering courses linked to sustainability with CBL component,50,%,,Egypt,HU-Sustainability-Report-2024.pdf
Heliopolis University for Sustainable Development,2024,Social,Community Investment,Patients served by Physical Therapy outreach initiative,1435,patients,,Egypt,HU-Sustainability-Report-2024.pdf
Heliopolis University for Sustainable Development,2024,Social,Community Investment,Cumulative students and faculty members participating in CBL initiatives,2000,people,,Egypt,HU-Sustainability-Report-2024.pdf
Heliopolis University for Sustainable Development,2024,Environmental,Carbon Footprint and Intensity,Trees planted as part of 'Greening the Desert' initiative,3000,trees,,Egypt,HU-Sustainability-Report-2024.pdf
Heliopolis University for Sustainable Development,2024,Social,Research and Impact,Number of scientific publications (estimated from chart),120,publications,,Egypt,HU-Sustainability-Report-2024.pdf
Heliopolis University for Sustainable Development,2023,Social,Research and Impact,Number of scientific publications (estimated from chart),90,publications,,Egypt,HU-Sustainability-Report-2024.pdf
Heliopolis University for Sustainable Development,2022,Social,Research and Impact,Number of scientific publications (estimated from chart),60,publications,,Egypt,HU-Sustainability-Report-2024.pdf
Heliopolis University for Sustainable Development,2023,Social,Education and Training,Leadership for Sustainability Program (LSP) launch year,2023,year,,Egypt,HU-Sustainability-Report-2024.pdf
Heliopolis University for Sustainable Development,2024,Social,Education and Training,New students joined Leadership for Sustainability Program (LSP),7,students,,Egypt,HU-Sustainability-Report-2024.pdf
Heliopolis University for Sustainable Development,2024,Social,Education and Training,Total enrollment in Leadership for Sustainability Program (LSP),18,students,,Egypt,HU-Sustainability-Report-2024.pdf
Heliopolis University for Sustainable Development,2024,Social,Education and Training,Austrian youth participating in ERASMUS+ mobility program with LSP students,13,youth,,Egypt,HU-Sustainability-Report-2024.pdf
Heliopolis University for Sustainable Development,2024,Environmental,Waste Generation and Recycling,"Waste collected and recycled from 13 villages, HU and partner entities",411150,kilograms,,Egypt,HU-Sustainability-Report-2024.pdf
Heliopolis University for Sustainable Development,2024,Social,Community Investment,Households participating in waste management initiative,200,households,,Egypt,HU-Sustainability-Report-2024.pdf
Heliopolis University for Sustainable Development,2024,Environmental,Waste Generation and Recycling,Palm waste collected and repurposed,1033,tonnes,,Egypt,HU-Sustainability-Report-2024.pdf
Heliopolis University for Sustainable Development,,Social,Community Investment,Families engaged in Females’ Employment in Reproductive Healthcare project,7800,families,,Egypt,HU-Sustainability-Report-2024.pdf
Heliopolis University for Sustainable Development,,Social,Community Investment,Home visits completed by female health guides,274345,visits,,Egypt,HU-Sustainability-Report-2024.pdf
Heliopolis University for Sustainable Development,2024,Social,Education and Training,Youth ambassadors hosted for 'Be an Ambassador' initiative,1105,ambassadors,,Egypt,HU-Sustainability-Report-2024.pdf
Heliopolis University for Sustainable Development,2024,Social,Education and Training,Students participating in 'Arts for Climate' initiative,3000,students,,Egypt,HU-Sustainability-Report-2024.pdf
Heliopolis University for Sustainable Development,,Social,Education and Training,Students participating in 'Arts for Climate' initiative (previous year),1800,students,,Egypt,HU-Sustainability-Report-2024.pdf
Heliopolis University for Sustainable Development,2024,Environmental,Environmental Certifications,Farms inspected and certified by Center of Organic Agriculture in Egypt (COAE),885,farms,,Egypt,HU-Sustainability-Report-2024.pdf
Heliopolis University for Sustainable Development,2024,Social,Community Investment,Beneficiaries of Women Economic Empowerment microloans,230,beneficiaries,,Egypt,HU-Sustainability-Report-2024.pdf
Heliopolis University for Sustainable Development,2024,Financial,Sustainability Investments,Microloans provided for Women Economic Empowerment,9000000,EGP,,Egypt,HU-Sustainability-Report-2024.pdf
Heliopolis University for Sustainable Development,2023,Social,Health and Safety Metrics,Mobile health convoys 'Health on Wheels' launch month,9,month,,Egypt,HU-Sustainability-Report-2024.pdf
Heliopolis University for Sustainable Development,2024,Social,Health and Safety Metrics,Patients screened by mobile health convoys,294,patients,,Egypt,HU-Sustainability-Report-2024.pdf
Heliopolis University for Sustainable Development,2024,Social,Health and Safety Metrics,Cases referred to SEKEM Medical Center from mobile health convoys,222,cases,,Egypt,HU-Sustainability-Report-2024.pdf
Heliopolis University for Sustainable Development,2024,Social,Health and Safety Metrics,Patients supported by Physical Therapy students in CBL activities,881,patients,,Egypt,HU-Sustainability-Report-2024.pdf
Heliopolis University for Sustainable Development,2024,Social,Health and Safety Metrics,Patients utilizing daily shuttle service to Medical Center per month,100,patients/month,,Egypt,HU-Sustainability-Report-2024.pdf
Heliopolis University for Sustainable Development,,Social,Health and Safety Metrics,Target for public school students to receive health insurance coverage,5000,students,,Egypt,HU-Sustainability-Report-2024.pdf
Heliopolis University for Sustainable Development,2024,Social,Health and Safety Metrics,Health insurance cards issued for public school students,300,cards,,Egypt,HU-Sustainability-Report-2024.pdf
Heliopolis University for Sustainable Development,2024,Social,Health and Safety Metrics,Women completed intensive training for Women’s Health Program,12,women,,Egypt,HU-Sustainability-Report-2024.pdf
Heliopolis University for Sustainable Development,2024,Social,Health and Safety Metrics,Employees and students participated in preventative health screenings,848,people,,Egypt,HU-Sustainability-Report-2024.pdf
Heliopolis University for Sustainable Development,2027,Social,Health and Safety Metrics,Target number of farmers for Farmers’ Health Project evaluation,40000,farmers,,Egypt,HU-Sustainability-Report-2024.pdf
Heliopolis University for Sustainable Development,2024,Social,Supply Chain Data,Smallholder farmers supported in carbon footprint assessment,1130,farmers,,Egypt,HU-Sustainability-Report-2024.pdf
Heliopolis University for Sustainable Development,,Environmental,Land Use,Hectares of desert land targeted for transformation,1000,hectares,,Egypt,HU-Sustainability-Report-2024.pdf
Heliopolis University for Sustainable Development,2024,Environmental,Carbon Footprint and Intensity,Cumulative trees planted in Bahariya Oasis ('Greening The Desert'),636065,trees,,Egypt,HU-Sustainability-Report-2024.pdf
Heliopolis University for Sustainable Development,2023,Environmental,Biodiversity,Year of preliminary biodiversity assessment in Bahariya Oasis,2023,year,,Egypt,HU-Sustainability-Report-2024.pdf
Heliopolis University for Sustainable Development,2024,Financial,Sustainability Investments,Number of research and development (R&D) projects overseen by OSP,24,projects,,Egypt,HU-Sustainability-Report-2024.pdf
Heliopolis University for Sustainable Development,2024,Financial,Sustainability Investments,Total expenditure for R&D projects,48500000,EGP,,Egypt,HU-Sustainability-Report-2024.pdf
Heliopolis University for Sustainable Development,,Environmental,Water Usage and Withdrawal,Egypt's renewable water resources per person per year,600,cubic meters/person/year,,Egypt,HU-Sustainability-Report-2024.pdf
Heliopolis University for Sustainable Development,,Environmental,Water Usage and Withdrawal,Water poverty line per capita annually,1000,cubic meters/capita/year,,Egypt,HU-Sustainability-Report-2024.pdf
Heliopolis University for Sustainable Development,,Environmental,Water Usage and Withdrawal,Percentage of landscaping water sourced from recycled wastewater,100,%,,Egypt,HU-Sustainability-Report-2024.pdf
Heliopolis University for Sustainable Development,,Environmental,Water Usage and Withdrawal,Percentage of total available water used by agriculture in Egypt,85,%,,Egypt,HU-Sustainability-Report-2024.pdf
Heliopolis University for Sustainable Development,2024,Environmental,GHG Emissions,Total greenhouse gas emissions,724,tCO2e,Total,Egypt,HU-Sustainability-Report-2024.pdf
Heliopolis University for Sustainable Development,2024,Environmental,GHG Emissions,Direct emissions from sources owned or controlled by the university,15,tCO2e,Scope 1,Egypt,HU-Sustainability-Report-2024.pdf
Heliopolis University for Sustainable Development,2024,Environmental,GHG Emissions,Indirect emissions from purchased electricity,291,tCO2e,Scope 2,Egypt,HU-Sustainability-Report-2024.pdf
Heliopolis University for Sustainable Development,2024,Environmental,GHG Emissions,Other indirect emissions from university activities,418,tCO2e,Scope 3,Egypt,HU-Sustainability-Report-2024.pdf
Heliopolis University for Sustainable Development,2024,Environmental,GHG Emissions,Percentage of total emissions from Scope 1,2.1,%,Scope 1,Egypt,HU-Sustainability-Report-2024.pdf
Heliopolis University for Sustainable Development,2024,Environmental,GHG Emissions,Percentage of total emissions from Scope 2,40.2,%,Scope 2,Egypt,HU-Sustainability-Report-2024.pdf
Heliopolis University for Sustainable Development,2024,Environmental,GHG Emissions,Percentage of total emissions from Scope 3,57.7,%,Scope 3,Egypt,HU-Sustainability-Report-2024.pdf
Heliopolis University for Sustainable Development,2024,Environmental,GHG Emissions,Percentage of Scope 3 emissions from staff commuting,80,%,Scope 3,Egypt,HU-Sustainability-Report-2024.pdf
Heliopolis University for Sustainable Development,2024,Environmental,Carbon Footprint and Intensity,Carbon emissions neutralized through voluntary carbon credits,723,tCO2e,Total,Egypt,HU-Sustainability-Report-2024.pdf
Heliopolis University for Sustainable Development,2024,Social,Community Investment,Number of events hosted by Space of Culture (SoC),30,events,,Egypt,HU-Sustainability-Report-2024.pdf
Heliopolis University for Sustainable Development,2024,Social,Employee Diversity,Global Gender Gap Index ranking for Egypt,129,rank,,Egypt,HU-Sustainability-Report-2024.pdf
Heliopolis University for Sustainable Development,2024,Social,Employee Diversity,Total countries in Global Gender Gap Index,156,countries,,Egypt,HU-Sustainability-Report-2024.pdf
Heliopolis University for Sustainable Development,2024,Social,Health and Safety Metrics,Percentage of employees covered by private health insurance,100,%,,Egypt,HU-Sustainability-Report-2024.pdf
Heliopolis University for Sustainable Development,2022,Social,Health and Safety Metrics,Sexual Harassment Free Campus Initiative launch year,2022,year,,Egypt,HU-Sustainability-Report-2024.pdf
Heliopolis University for Sustainable Development,2027,Social,Health and Safety Metrics,Target for staff development hours as percentage of total working hours,10,%,,Egypt,HU-Sustainability-Report-2024.pdf
Heliopolis University for Sustainable Development,2024,Governance,Stakeholder Engagement,New international agreements signed by International Relations Office (IRO),14,agreements,,Egypt,HU-Sustainability-Report-2024.pdf
Heliopolis University for Sustainable Development,2024,Governance,Stakeholder Engagement,Existing international agreements renewed by International Relations Office (IRO),9,agreements,,Egypt,HU-Sustainability-Report-2024.pdf
Heliopolis University for Sustainable Development,2024,Social,Employee Count,Faculty and staff participated in outbound and inbound mobility programs,37,people,,Egypt,HU-Sustainability-Report-2024.pdf
Heliopolis University for Sustainable Development,2024,Social,Education and Training,Representatives attended Summer Peace University in Italy,3,representatives,,Egypt,HU-Sustainability-Report-2024.pdf
Heliopolis University for Sustainable Development,2024,Social,Education and Training,Students engaged in international experiences through mobility programs,52,students,,Egypt,HU-Sustainability-Report-2024.pdf
Heliopolis University for Sustainable Development,,Social,Education and Training,Annual internships provided by EU-funded MOBILIZE Project,18,internships,,Egypt,HU-Sustainability-Report-2024.pdf
Heliopolis University for Sustainable Development,2024,Governance,Stakeholder Engagement,International delegation visits coordinated by IRO,60,visits,,Egypt,HU-Sustainability-Report-2024.pdf
Heliopolis University for Sustainable Development,2024,Governance,Stakeholder Engagement,Guests hosted during international delegation visits,700,guests,,Egypt,HU-Sustainability-Report-2024.pdf
Heliopolis University for Sustainable Development,2030,Social,Community Investment,Target number of farmers to embrace EoL certification and transition to organic/biodynamic agriculture,40000,farmers,,Egypt,HU-Sustainability-Report-2024.pdf
Heliopolis University for Sustainable Development,2024,Governance,Stakeholder Engagement,Times Higher Education (THE) Impact Ranking among Egyptian private and national universities,7,rank,,Egypt,HU-Sustainability-Report-2024.pdf
Heliopolis University for Sustainable Development,2024,Governance,Stakeholder Engagement,Times Higher Education (THE) Impact Ranking among all Egyptian universities,15,rank,,Egypt,HU-Sustainability-Report-2024.pdf
Heliopolis University for Sustainable Development,2024,Governance,Stakeholder Engagement,Times Higher Education (THE) Impact Ranking globally (range lower bound),601,rank,,Egypt,HU-Sustainability-Report-2024.pdf
Heliopolis University for Sustainable Development,2024,Governance,Stakeholder Engagement,Times Higher Education (THE) Impact Ranking globally (range upper bound),800,rank,,Egypt,HU-Sustainability-Report-2024.pdf
Heliopolis University for Sustainable Development,2024,Governance,Stakeholder Engagement,Improvement in Times Higher Education (THE) Impact Ranking nationally compared to previous year,9,spots,,Egypt,HU-Sustainability-Report-2024.pdf
Heliopolis University for Sustainable Development,2024,Governance,Stakeholder Engagement,Improvement in Times Higher Education (THE) Impact Ranking internationally compared to previous year,200,spots,,Egypt,HU-Sustainability-Report-2024.pdf
Heliopolis University for Sustainable Development,2024,Governance,Stakeholder Engagement,Total universities included in UI GreenMetric World University Ranking,1477,universities,,Egypt,HU-Sustainability-Report-2024.pdf
Heliopolis University for Sustainable Development,2024,Governance,Stakeholder Engagement,Total countries included in UI GreenMetric World University Ranking,95,countries,,Egypt,HU-Sustainability-Report-2024.pdf
Heliopolis University for Sustainable Development,2024,Social,Employee Count,Total faculty members worldwide represented in UI GreenMetric World University Ranking,2300000,faculty members,,Egypt,HU-Sustainability-Report-2024.pdf
Heliopolis University for Sustainable Development,2024,Governance,Stakeholder Engagement,UI GreenMetric World University Ranking globally,886,rank,,Egypt,HU-Sustainability-Report-2024.pdf
Heliopolis University for Sustainable Development,2024,Governance,Stakeholder Engagement,UI GreenMetric World University Ranking among African universities,34,rank,,Egypt,HU-Sustainability-Report-2024.pdf
Heliopolis University for Sustainable Development,2024,Governance,Stakeholder Engagement,UI GreenMetric World University Ranking among Egyptian universities,26,rank,,Egypt,HU-Sustainability-Report-2024.pdf
Heliopolis University for Sustainable Development,2024,Governance,Stakeholder Engagement,UI GreenMetric World University Ranking among Egyptian private and national universities,9,rank,,Egypt,HU-Sustainability-Report-2024.pdf
Egypt-Japan University of Science and Technology,2022,Social,Employee Count,Japanese experts working at E-JUST,7,experts,,Egypt,report2023.pdf
Egypt-Japan University of Science and Technology,2022,Social,Partnerships,Japanese universities cooperating with E-JUST,13,universities,,Egypt,report2023.pdf
Egypt-Japan University of Science and Technology,2022,Social,Student Count,African students granted scholarships,51,students,,Egypt,report2023.pdf
Egypt-Japan University of Science and Technology,2022,Social,Student Diversity,African countries represented by scholarship students,12,countries,,Egypt,report2023.pdf
Egypt-Japan University of Science and Technology,2022,Social,Student Count,"Postgraduate scholarships for African students (TICAD7, over 3 years)",150,scholarships,,Egypt,report2023.pdf
Egypt-Japan University of Science and Technology,2021,Social,Student Admissions,PG Applications (FOE & BAS) - Fall Semester,156,applications,,Egypt,report2023.pdf
Egypt-Japan University of Science and Technology,2021,Social,Student Admissions,PG Passed First Screening (FOE & BAS) - Fall Semester,130,students,,Egypt,report2023.pdf
Egypt-Japan University of Science and Technology,2021,Social,Student Admissions,PG Attended Exams & Interviews (FOE & BAS) - Fall Semester,96,students,,Egypt,report2023.pdf
Egypt-Japan University of Science and Technology,2021,Social,Student Admissions,PG Passed Exams & Interviews (FOE & BAS) - Fall Semester,78,students,,Egypt,report2023.pdf
Egypt-Japan University of Science and Technology,2021,Social,Student Admissions,PG Waiting List from Previous Batches (FOE & BAS) - Fall Semester,130,students,,Egypt,report2023.pdf
Egypt-Japan University of Science and Technology,2021,Social,Student Admissions,PG Total Academically Accepted (FOE & BAS) - Fall Semester,208,students,,Egypt,report2023.pdf
Egypt-Japan University of Science and Technology,2021,Social,Student Admissions,PG Academically Accepted & Fulfilled English (FOE & BAS) - Fall Semester,89,students,,Egypt,report2023.pdf
Egypt-Japan University of Science and Technology,2021,Social,Student Admissions,PG Enrolled Students (FOE & BAS) - Fall Semester,20,students,,Egypt,report2023.pdf
Egypt-Japan University of Science and Technology,2021,Social,Student Admissions,PG Enrollment Percentage (FOE & BAS) - Fall Semester,22.4,%,,Egypt,report2023.pdf
Egypt-Japan University of Science and Technology,2022,Social,Student Admissions,PG Applications (FOE & BAS) - Spring Semester,116,applications,,Egypt,report2023.pdf
Egypt-Japan University of Science and Technology,2022,Social,Student Admissions,PG Passed First Screening (FOE & BAS) - Spring Semester,102,students,,Egypt,report2023.pdf
Egypt-Japan University of Science and Technology,2022,Social,Student Admissions,PG Attended Exams & Interviews (FOE & BAS) - Spring Semester,74,students,,Egypt,report2023.pdf
Egypt-Japan University of Science and Technology,2022,Social,Student Admissions,PG Passed Exams & Interviews (FOE & BAS) - Spring Semester,47,students,,Egypt,report2023.pdf
Egypt-Japan University of Science and Technology,2022,Social,Student Admissions,PG Waiting List from Previous Batches (FOE & BAS) - Spring Semester,129,students,,Egypt,report2023.pdf
Egypt-Japan University of Science and Technology,2022,Social,Student Admissions,PG Total Academically Accepted (FOE & BAS) - Spring Semester,176,students,,Egypt,report2023.pdf
Egypt-Japan University of Science and Technology,2022,Social,Student Admissions,PG Academically Accepted & Fulfilled English (FOE & BAS) - Spring Semester,118,students,,Egypt,report2023.pdf
Egypt-Japan University of Science and Technology,2022,Social,Student Admissions,PG Enrolled Students (FOE & BAS) - Spring Semester,45,students,,Egypt,report2023.pdf
Egypt-Japan University of Science and Technology,2022,Social,Student Admissions,PG Enrollment Percentage (FOE & BAS) - Spring Semester,38.1,%,,Egypt,report2023.pdf
Egypt-Japan University of Science and Technology,2022,Social,Student Admissions,PG Applications (FOE & BAS) - Fall Semester,155,applications,,Egypt,report2023.pdf
Egypt-Japan University of Science and Technology,2022,Social,Student Admissions,PG Passed First Screening (FOE & BAS) - Fall Semester,127,students,,Egypt,report2023.pdf
Egypt-Japan University of Science and Technology,2022,Social,Student Admissions,PG Attended Exams & Interviews (FOE & BAS) - Fall Semester,76,students,,Egypt,report2023.pdf
Egypt-Japan University of Science and Technology,2022,Social,Student Admissions,PG Passed Exams & Interviews (FOE & BAS) - Fall Semester,66,students,,Egypt,report2023.pdf
Egypt-Japan University of Science and Technology,2022,Social,Student Admissions,PG Waiting List from Previous Batches (FOE & BAS) - Fall Semester,105,students,,Egypt,report2023.pdf
Egypt-Japan University of Science and Technology,2022,Social,Student Admissions,PG Total Academically Accepted (FOE & BAS) - Fall Semester,171,students,,Egypt,report2023.pdf
Egypt-Japan University of Science and Technology,2022,Social,Student Admissions,PG Academically Accepted & Fulfilled English (FOE & BAS) - Fall Semester,123,students,,Egypt,report2023.pdf
Egypt-Japan University of Science and Technology,2022,Social,Student Admissions,PG Enrolled Students (FOE & BAS) - Fall Semester,35,students,,Egypt,report2023.pdf
Egypt-Japan University of Science and Technology,2022,Social,Student Admissions,PG Enrollment Percentage (FOE & BAS) - Fall Semester,30,%,,Egypt,report2023.pdf
Egypt-Japan University of Science and Technology,2022,Social,Student Admissions,Non-Governmental Scholarship Applicants,85,applicants,,Egypt,report2023.pdf
Egypt-Japan University of Science and Technology,2022,Social,Student Admissions,Teaching Assistants Scholarships Awarded,13,applicants,,Egypt,report2023.pdf
Egypt-Japan University of Science and Technology,2022,Social,Student Admissions,Self-funded Students Accepted,2,students,,Egypt,report2023.pdf
Egypt-Japan University of Science and Technology,2022,Social,Student Admissions,Governmental Scholarship Applicants,36,applicants,,Egypt,report2023.pdf
Egypt-Japan University of Science and Technology,2022,Social,Student Admissions,MOHE Scholarships Awarded,20,applicants,,Egypt,report2023.pdf
Egypt-Japan University of Science and Technology,2021,Social,Student Admissions,Governmental Scholarship Enrolled (FOE & BAS) - Fall Semester,17,students,,Egypt,report2023.pdf
Egypt-Japan University of Science and Technology,2021,Social,Student Admissions,Governmental Scholarship Did Not Enroll (FOE & BAS) - Fall Semester,7,students,,Egypt,report2023.pdf
Egypt-Japan University of Science and Technology,2021,Social,Student Admissions,Governmental Scholarship Total (FOE & BAS) - Fall Semester,24,students,,Egypt,report2023.pdf
Egypt-Japan University of Science and Technology,2021,Social,Student Admissions,Non-Governmental Scholarship Enrolled (FOE & BAS) - Fall Semester,4,students,,Egypt,report2023.pdf
Egypt-Japan University of Science and Technology,2021,Social,Student Admissions,Non-Governmental Scholarship Did Not Enroll (FOE & BAS) - Fall Semester,65,students,,Egypt,report2023.pdf
Egypt-Japan University of Science and Technology,2021,Social,Student Admissions,Non-Governmental Scholarship Total (FOE & BAS) - Fall Semester,69,students,,Egypt,report2023.pdf
Egypt-Japan University of Science and Technology,2021,Social,Student Admissions,Self-funded Students (FOE & BAS) - Fall Semester,0,students,,Egypt,report2023.pdf
Egypt-Japan University of Science and Technology,2022,Social,Student Admissions,Governmental Scholarship Enrolled (FOE & BAS) - Spring Semester,24,students,,Egypt,report2023.pdf
Egypt-Japan University of Science and Technology,2022,Social,Student Admissions,Governmental Scholarship Did Not Enroll (FOE & BAS) - Spring Semester,15,students,,Egypt,report2023.pdf
Egypt-Japan University of Science and Technology,2022,Social,Student Admissions,Governmental Scholarship Total (FOE & BAS) - Spring Semester,39,students,,Egypt,report2023.pdf
Egypt-Japan University of Science and Technology,2022,Social,Student Admissions,Non-Governmental Scholarship Enrolled (FOE & BAS) - Spring Semester,21,students,,Egypt,report2023.pdf
Egypt-Japan University of Science and Technology,2022,Social,Student Admissions,Non-Governmental Scholarship Did Not Enroll (FOE & BAS) - Spring Semester,60,students,,Egypt,report2023.pdf
Egypt-Japan University of Science and Technology,2022,Social,Student Admissions,Non-Governmental Scholarship Total (FOE & BAS) - Spring Semester,79,students,,Egypt,report2023.pdf
Egypt-Japan University of Science and Technology,2022,Social,Student Admissions,Self-funded Students (FOE & BAS) - Spring Semester,0,students,,Egypt,report2023.pdf
Egypt-Japan University of Science and Technology,2022,Social,Student Admissions,Governmental Scholarship Enrolled (FOE & BAS) - Fall Semester,20,students,,Egypt,report2023.pdf
Egypt-Japan University of Science and Technology,2022,Social,Student Admissions,Governmental Scholarship Did Not Enroll (FOE & BAS) - Fall Semester,49,students,,Egypt,report2023.pdf
Egypt-Japan University of Science and Technology,2022,Social,Student Admissions,Governmental Scholarship Total (FOE & BAS) - Fall Semester,69,students,,Egypt,report2023.pdf
Egypt-Japan University of Science and Technology,2022,Social,Student Admissions,Non-Governmental Scholarship Enrolled (FOE & BAS) - Fall Semester,1,students,,Egypt,report2023.pdf
Egypt-Japan University of Science and Technology,2022,Social,Student Admissions,Non-Governmental Scholarship Did Not Enroll (FOE & BAS) - Fall Semester,33,students,,Egypt,report2023.pdf
Egypt-Japan University of Science and Technology,2022,Social,Student Admissions,Non-Governmental Scholarship Total (FOE & BAS) - Fall Semester,52,students,,Egypt,report2023.pdf
Egypt-Japan University of Science and Technology,2022,Social,Student Admissions,Self-funded Students (FOE & BAS) - Fall Semester,2,students,,Egypt,report2023.pdf
Egypt-Japan University of Science and Technology,2022,Social,Student Admissions,Percentage of Governmental PG Scholarships,38,%,,Egypt,report2023.pdf
Egypt-Japan University of Science and Technology,2022,Social,Student Admissions,Percentage of Non-Governmental PG Scholarships,61,%,,Egypt,report2023.pdf
Egypt-Japan University of Science and Technology,2021,Social,Student Admissions,PG Applications (AIS Program) - Fall Semester,8,applications,,Egypt,report2023.pdf
Egypt-Japan University of Science and Technology,2021,Social,Student Admissions,PG Passed First Screening & Invited for Exams/Interview (AIS Program) - Fall Semester,5,students,,Egypt,report2023.pdf
Egypt-Japan University of Science and Technology,2021,Social,Student Admissions,PG Attended Exams & Interviews (AIS Program) - Fall Semester,3,students,,Egypt,report2023.pdf
Egypt-Japan University of Science and Technology,2021,Social,Student Admissions,PG Passed Exams & Interviews (AIS Program) - Fall Semester,2,students,,Egypt,report2023.pdf
Egypt-Japan University of Science and Technology,2021,Social,Student Admissions,PG Total Academically Accepted (AIS Program) - Fall Semester,3,students,,Egypt,report2023.pdf
Egypt-Japan University of Science and Technology,2021,Social,Student Admissions,PG Academically Accepted & Fulfilled English (AIS Program) - Fall Semester,0,students,,Egypt,report2023.pdf
Egypt-Japan University of Science and Technology,2021,Social,Student Admissions,PG Enrolled Students (AIS Program) - Fall Semester,0,students,,Egypt,report2023.pdf
Egypt-Japan University of Science and Technology,2022,Social,Student Admissions,PG Applications (AIS Program) - Spring Semester,14,applications,,Egypt,report2023.pdf
Egypt-Japan University of Science and Technology,2022,Social,Student Admissions,PG Passed First Screening & Invited for Exams/Interview (AIS Program) - Spring Semester,14,students,,Egypt,report2023.pdf
Egypt-Japan University of Science and Technology,2022,Social,Student Admissions,PG Attended Exams & Interviews (AIS Program) - Spring Semester,13,students,,Egypt,report2023.pdf
Egypt-Japan University of Science and Technology,2022,Social,Student Admissions,PG Passed Exams & Interviews (AIS Program) - Spring Semester,9,students,,Egypt,report2023.pdf
Egypt-Japan University of Science and Technology,2022,Social,Student Admissions,PG Total Academically Accepted (AIS Program) - Spring Semester,12,students,,Egypt,report2023.pdf
Egypt-Japan University of Science and Technology,2022,Social,Student Admissions,PG Academically Accepted & Fulfilled English (AIS Program) - Spring Semester,5,students,,Egypt,report2023.pdf
Egypt-Japan University of Science and Technology,2022,Social,Student Admissions,PG Enrolled Students (AIS Program) - Spring Semester,6,students,,Egypt,report2023.pdf
Egypt-Japan University of Science and Technology,2022,Social,Student Admissions,PG Applications (AIS Program) - Fall Semester,8,applications,,Egypt,report2023.pdf
Egypt-Japan University of Science and Technology,2022,Social,Student Admissions,PG Passed First Screening & Invited for Exams/Interview (AIS Program) - Fall Semester,7,students,,Egypt,report2023.pdf
Egypt-Japan University of Science and Technology,2022,Social,Student Admissions,PG Attended Exams & Interviews (AIS Program) - Fall Semester,4,students,,Egypt,report2023.pdf
Egypt-Japan University of Science and Technology,2022,Social,Student Admissions,PG Passed Exams & Interviews (AIS Program) - Fall Semester,4,students,,Egypt,report2023.pdf
Egypt-Japan University of Science and Technology,2022,Social,Student Admissions,PG Total Academically Accepted (AIS Program) - Fall Semester,10,students,,Egypt,report2023.pdf
Egypt-Japan University of Science and Technology,2022,Social,Student Admissions,PG Academically Accepted & Fulfilled English (AIS Program) - Fall Semester,5,students,,Egypt,report2023.pdf
Egypt-Japan University of Science and Technology,2022,Social,Student Admissions,PG Enrolled Students (AIS Program) - Fall Semester,2,students,,Egypt,report2023.pdf
Egypt-Japan University of Science and Technology,2021,Social,Student Count,PG MSc. Students (FOE & BAS) - Fall Semester,28,students,,Egypt,report2023.pdf
Egypt-Japan University of Science and Technology,2021,Social,Student Count,PG Ph.D. Students (FOE & BAS) - Fall Semester,10,students,,Egypt,report2023.pdf
Egypt-Japan University of Science and Technology,2021,Social,Student Count,PG Ph.D. Double Degree Students (FOE & BAS) - Fall Semester,1,students,,Egypt,report2023.pdf
Egypt-Japan University of Science and Technology,2021,Social,Student Count,Total PG Students (FOE & BAS) - Fall Semester,39,students,,Egypt,report2023.pdf
Egypt-Japan University of Science and Technology,2022,Social,Student Count,PG MSc. Students (FOE & BAS) - Spring Semester,50,students,,Egypt,report2023.pdf
Egypt-Japan University of Science and Technology,2022,Social,Student Count,PG Ph.D. Students (FOE & BAS) - Spring Semester,25,students,,Egypt,report2023.pdf
Egypt-Japan University of Science and Technology,2022,Social,Student Count,PG Ph.D. Double Degree Students (FOE & BAS) - Spring Semester,0,students,,Egypt,report2023.pdf
Egypt-Japan University of Science and Technology,2022,Social,Student Count,Total PG Students (FOE & BAS) - Spring Semester,75,students,,Egypt,report2023.pdf
Egypt-Japan University of Science and Technology,2022,Social,Student Count,PG MSc. Students (FOE & BAS) - Fall Semester,42,students,,Egypt,report2023.pdf
Egypt-Japan University of Science and Technology,2022,Social,Student Count,PG Ph.D. Students (FOE & BAS) - Fall Semester,15,students,,Egypt,report2023.pdf
Egypt-Japan University of Science and Technology,2022,Social,Student Count,PG Ph.D. Double Degree Students (FOE & BAS) - Fall Semester,0,students,,Egypt,report2023.pdf
Egypt-Japan University of Science and Technology,2022,Social,Student Count,Total PG Students (FOE & BAS) - Fall Semester,57,students,,Egypt,report2023.pdf
Egypt-Japan University of Science and Technology,2022,Social,Student Count,Cumulative PG MSc. Students (FOE & BAS) - as of Oct,117,students,,Egypt,report2023.pdf
Egypt-Japan University of Science and Technology,2022,Social,Student Count,Cumulative PG Ph.D. Students (FOE & BAS) - as of Oct,50,students,,Egypt,report2023.pdf
Egypt-Japan University of Science and Technology,2022,Social,Student Count,Cumulative PG Ph.D. Double Degree Students (FOE & BAS) - as of Oct,1,students,,Egypt,report2023.pdf
Egypt-Japan University of Science and Technology,2022,Social,Student Count,Cumulative Total PG Students (FOE & BAS) - as of Oct,171,students,,Egypt,report2023.pdf
Egypt-Japan University of Science and Technology,2022,Social,Student Count,Total Current PG Students (FOE & BAS) - as of Oct,340,students,,Egypt,report2023.pdf
Egypt-Japan University of Science and Technology,2022,Social,Student Count,Total PG Students (FOE & BAS) last Board of Trustees meeting,304,students,,Egypt,report2023.pdf
Egypt-Japan University of Science and Technology,2022,Social,Student Count,PG Students from E-JUST Teaching Assistants,58,students,,Egypt,report2023.pdf
Egypt-Japan University of Science and Technology,2022,Social,Student Count,International PG Students,90,students,,Egypt,report2023.pdf
Egypt-Japan University of Science and Technology,2022,Social,Student Count,Self-funded PG Students,5,students,,Egypt,report2023.pdf
Egypt-Japan University of Science and Technology,2022,Social,Student Count,Private Scholarship PG Students,4,students,,Egypt,report2023.pdf
Egypt-Japan University of Science and Technology,2022,Social,Student Internships,Undergraduate Summer Internships Slots,120,slots,,Egypt,report2023.pdf
Egypt-Japan University of Science and Technology,2022,Social,Employee Count,JICA Project Long-Term Experts,8,experts,,Egypt,report2023.pdf
Egypt-Japan University of Science and Technology,2022,Governance,Board Composition and Diversity,JICA Project Vice Presidents,2,vice presidents,,Egypt,report2023.pdf
Egypt-Japan University of Science and Technology,2022,Social,Employee Training,FIBH Teachers visited for international accreditation training,4,teachers,,Egypt,report2023.pdf
Egypt-Japan University of Science and Technology,2022,Financial,Sustainability Investments,JICA Budget for BAS Research Equipment,450000,USD,,Egypt,report2023.pdf
Egypt-Japan University of Science and Technology,2022,Financial,Sustainability Investments,JICA Budget for Lab Safety & Environmental Protection Equipment,130000,USD,,Egypt,report2023.pdf
Egypt-Japan University of Science and Technology,2022,Social,Stakeholder Engagement,E-JUST Promotional Events,10,events,,Egypt,report2023.pdf
Egypt-Japan University of Science and Technology,2022,Social,Stakeholder Engagement,Attendance at E-JUST Promotional Events,15600,persons,,Egypt,report2023.pdf
Egypt-Japan University of Science and Technology,2022,Social,Student Count,TICAD7 Scholarship Students (cumulative since 2020),13,students,,Egypt,report2023.pdf
Egypt-Japan University of Science and Technology,2022,Social,Student Count,Total International PG Students,124,students,,Egypt,report2023.pdf
Egypt-Japan University of Science and Technology,2022,Social,Student Count,Current TICAD7 Scholarship Students,119,students,,Egypt,report2023.pdf
Egypt-Japan University of Science and Technology,2022,Social,Student Count,Toyota Tsusho Scholarship Students,3,students,,Egypt,report2023.pdf
Egypt-Japan University of Science and Technology,2022,Social,Student Count,JICA Scholarship Students,1,student,,Egypt,report2023.pdf
Egypt-Japan University of Science and Technology,2022,Social,Student Count,E-JUST Scholarship Students (enrolled Fall 2020),1,student,,Egypt,report2023.pdf
Egypt-Japan University of Science and Technology,2022,Social,Employee Diversity,Academic Staff Male Ratio,61,%,,Egypt,report2023.pdf
Egypt-Japan University of Science and Technology,2022,Social,Employee Diversity,Academic Staff Female Ratio,39,%,,Egypt,report2023.pdf
Egypt-Japan University of Science and Technology,2022,Social,Employee Diversity,Administrative Staff Male Ratio,78,%,,Egypt,report2023.pdf
Egypt-Japan University of Science and Technology,2022,Social,Employee Diversity,Administrative Staff Female Ratio,22,%,,Egypt,report2023.pdf
Egypt-Japan University of Science and Technology,2022,Environmental,Water Usage and Withdrawal,Increase in published articles on water/wastewater treatment (compared to previous year),28,%,,Egypt,report2023.pdf
Egypt-Japan University of Science and Technology,2022,Financial,Sustainability Investments,STDF Funded Project ID,30729,ID,,Egypt,report2023.pdf
Egypt-Japan University of Science and Technology,2022,Environmental,Land Use,Total Campus Area,200,acres,,Egypt,report2023.pdf
Egypt-Japan University of Science and Technology,2022,Environmental,Land Use,Building Footprint as % of Total Campus Area,17,%,,Egypt,report2023.pdf
Egypt-Japan University of Science and Technology,2022,Environmental,Energy Consumption,Total PV System Capacity,560,kW,,Egypt,report2023.pdf
Egypt-Japan University of Science and Technology,2022,Environmental,Energy Consumption,PV Plaza Unit Solar Cells,620,cells,,Egypt,report2023.pdf
Egypt-Japan University of Science and Technology,2022,Environmental,Energy Consumption,PV Plaza Unit Cell Capacity,325,watts/cell,,Egypt,report2023.pdf
Egypt-Japan University of Science and Technology,2022,Environmental,Energy Consumption,PV Plaza Unit Power Generation Capacity,200,kW,,Egypt,report2023.pdf
Egypt-Japan University of Science and Technology,2022,Environmental,Energy Consumption,PV Atrium Unit Solar Cells,720,cells,,Egypt,report2023.pdf
Egypt-Japan University of Science and Technology,2022,Environmental,Energy Consumption,PV Atrium Unit Cell Capacity,85,watts/cell,,Egypt,report2023.pdf
Egypt-Japan University of Science and Technology,2022,Environmental,Energy Consumption,PV Atrium Unit Power Generation Capacity,60,kW,,Egypt,report2023.pdf
Egypt-Japan University of Science and Technology,2022,Environmental,Energy Consumption,PV Parking Unit Solar Cells,920,cells,,Egypt,report2023.pdf
Egypt-Japan University of Science and Technology,2022,Environmental,Energy Consumption,PV Parking Unit Cell Capacity,325,watts/cell,,Egypt,report2023.pdf
Egypt-Japan University of Science and Technology,2022,Environmental,Energy Consumption,PV Parking Unit Power Generation Capacity,300,kW,,Egypt,report2023.pdf
Egypt-Japan University of Science and Technology,2022,Environmental,Energy Consumption,Total PV System Inverters,14,inverters,,Egypt,report2023.pdf
Egypt-Japan University of Science and Technology,2022,Environmental,Energy Consumption,PV Parking Inverters,6,inverters,,Egypt,report2023.pdf
Egypt-Japan University of Science and Technology,2022,Environmental,Energy Consumption,PV Parking Inverter Capacity per Unit,50,kW/unit,,Egypt,report2023.pdf
Egypt-Japan University of Science and Technology,2022,Environmental,Energy Consumption,PV Plaza Inverters,4,inverters,,Egypt,report2023.pdf
Egypt-Japan University of Science and Technology,2022,Environmental,Energy Consumption,PV Plaza Inverter Capacity per Unit,50,kW/unit,,Egypt,report2023.pdf
Egypt-Japan University of Science and Technology,2022,Environmental,Energy Consumption,PV Atrium Inverters (20kW units),2,inverters,,Egypt,report2023.pdf
Egypt-Japan University of Science and Technology,2022,Environmental,Energy Consumption,PV Atrium Inverters (10kW units),2,inverters,,Egypt,report2023.pdf
Egypt-Japan University of Science and Technology,2022,Environmental,Energy Consumption,Total Energy Generated from PV System,136,MWh,,Egypt,report2023.pdf
Egypt-Japan University of Science and Technology,2022,Financial,Cost Savings from Sustainability Initiatives,Cost Savings from PV System,110000,EGP,,Egypt,report2023.pdf
Egypt-Japan University of Science and Technology,2022,Financial,Cost Savings from Sustainability Initiatives,Electricity Price,0.80,EGP/kWh,,Egypt,report2023.pdf
Egypt-Japan University of Science and Technology,2022,Environmental,GHG Emissions,GHG Emissions Reduction from PV System,96,tCO2e,Total,Egypt,report2023.pdf
Egypt-Japan University of Science and Technology,2022,Social,Employee Count,Total Academic Staff (as of Oct 18),126,employees,,Egypt,report2023.pdf
Egypt-Japan University of Science and Technology,2022,Governance,Board Composition and Diversity,Vice Presidents (included in academic staff count),3,employees,,Egypt,report2023.pdf
Egypt-Japan University of Science and Technology,2022,Social,Employee Count,Language Teachers (LACC),9,employees,,Egypt,report2023.pdf
Egypt-Japan University of Science and Technology,2022,Social,Employee Count,Total Administrative Staff (as of Oct 18),358,employees,,Egypt,report2023.pdf
Egypt-Japan University of Science and Technology,2022,Social,Health and Safety Metrics,Required Training Courses for Bonus Points,3,courses,,Egypt,report2023.pdf
Egypt-Japan University of Science and Technology,2022,Governance,Ethics and Compliance Metrics,Patents Filed,18,patents,,Egypt,report2023.pdf
Egypt-Japan University of Science and Technology,2019,Governance,Ethics and Compliance Metrics,First Granted Patent Year,2019,year,,Egypt,report2023.pdf
Egypt-Japan University of Science and Technology,2019,Governance,Ethics and Compliance Metrics,First Granted Patent Number,28928,patent number,,Egypt,report2023.pdf
Egypt-Japan University of Science and Technology,2022,Financial,Sustainability Investments,Active Grants (Internal),14,grants,,Egypt,report2023.pdf
Egypt-Japan University of Science and Technology,2022,Financial,Sustainability Investments,Active Grants (External),2,grants,,Egypt,report2023.pdf
Egypt-Japan University of Science and Technology,2022,Financial,Sustainability Investments,Accepted Grants,4,grants,,Egypt,report2023.pdf
Egypt-Japan University of Science and Technology,2022,Financial,Sustainability Investments,Closed Grants,0,grants,,Egypt,report2023.pdf
Egypt-Japan University of Science and Technology,2022,Financial,Sustainability Investments,Submitted Grants,44,grants,,Egypt,report2023.pdf
Egypt-Japan University of Science and Technology,2022,Financial,Sustainability Investments,Total Budget of Accepted Grants,15779400,EGP,,Egypt,report2023.pdf
Egypt-Japan University of Science and Technology,2022,Financial,Sustainability Investments,Total Budget of Active Grants,23888712,EGP,,Egypt,report2023.pdf
Egypt-Japan University of Science and Technology,2022,Financial,Revenue from Sustainable Products,Consultation Revenue (Lithography machine),35000,EGP,,Egypt,report2023.pdf
Egypt-Japan University of Science and Technology,2022,Financial,Revenue from Sustainable Products,Consultation Revenue (Microbiology lab),50000,EGP,,Egypt,report2023.pdf
Egypt-Japan University of Science and Technology,2022,Financial,Revenue from Sustainable Products,Consultation Revenue (Lightning Protection System) - AMOC,75000,EGP,,Egypt,report2023.pdf
Egypt-Japan University of Science and Technology,2022,Financial,Revenue from Sustainable Products,Consultation Revenue (Lightning Protection System) - AMOC (2nd entry),75000,EGP,,Egypt,report2023.pdf
Egypt-Japan University of Science and Technology,2022,Financial,Revenue from Sustainable Products,Consultation Revenue (Cable Inspection) - E-CAB,15000,EGP,,Egypt,report2023.pdf
Egypt-Japan University of Science and Technology,2022,Financial,Revenue from Sustainable Products,Consultation Revenue (Cable Inspection) - AMOC,20000,EGP,,Egypt,report2023.pdf
Egypt-Japan University of Science and Technology,2022,Financial,Revenue from Sustainable Products,Total Consultation Revenue,195000,EGP,,Egypt,report2023.pdf
Egypt-Japan University of Science and Technology,2022,Financial,Revenue from Sustainable Products,Special Consultation Revenue (Al-Galala Marble Complex Reconstruction Study),900000,EGP,,Egypt,report2023.pdf
Egypt-Japan University of Science and Technology,2022,Social,Employee Training,Innovation in Translation Camp Workshop Hours,20,hours,,Egypt,report2023.pdf
Egypt-Japan University of Science and Technology,2020,Social,Student Count,TICAD7 Scholarship Students (First Batch Fall-2020),27,students,,Egypt,report2023.pdf
Egypt-Japan University of Science and Technology,2021,Social,Student Count,TICAD7 Scholarship Students (First Batch Spring-2021),2,students,,Egypt,report2023.pdf
Egypt-Japan University of Science and Technology,2021,Social,Student Count,TICAD7 Scholarship Ph.D. Students (First Batch Spring-2021),1,students,,Egypt,report2023.pdf
Egypt-Japan University of Science and Technology,2021,Social,Student Count,TICAD7 Scholarship Students (Second Batch Fall-2021),23,students,,Egypt,report2023.pdf
Egypt-Japan University of Science and Technology,2022,Social,Student Count,TICAD7 Scholarship Students (Second Batch Spring-2022),29,students,,Egypt,report2023.pdf
Egypt-Japan University of Science and Technology,2022,Social,Student Count,TICAD7 Scholarship Ph.D. Students (Second Batch Spring-2022),1,students,,Egypt,report2023.pdf
Egypt-Japan University of Science and Technology,2022,Social,Student Count,TICAD7 Scholarship Students (Third Batch Fall-2022),36,students,,Egypt,report2023.pdf
Egypt-Japan University of Science and Technology,2022,Financial,Sustainability Investments,BEEP Project Budget,1900000,Euro,,Egypt,report2023.pdf
Egypt-Japan University of Science and Technology,2022,Social,Community Investment and Donations,New Housing Capacity (employees & students),1700,persons,,Egypt,report2023.pdf
Egypt-Japan University of Science and Technology,2022,Environmental,Land Use,New Housing Green Areas Target,75,%,,Egypt,report2023.pdf
Egypt-Japan University of Science and Technology,2022,Environmental,Energy Consumption,Smart Lighting System Energy Reduction,60,%,,Egypt,report2023.pdf
Egypt-Japan University of Science and Technology,2022,Environmental,Energy Consumption,Solar Electricity System Capacity,560,kW,,Egypt,report2023.pdf
Egypt-Japan University of Science and Technology,2010,Financial,Green Finance Metrics,JICA Grant for Solar Electricity System,970000000,JPY,,Egypt,report2023.pdf
Egypt-Japan University of Science and Technology,2022,Social,Stakeholder Engagement,Climate Change Symposium Attendance,230,persons,,Egypt,report2023.pdf
Egypt-Japan University of Science and Technology,2022,Social,Stakeholder Engagement,Science Café Attendance,350,persons,,Egypt,report2023.pdf
Egypt-Japan University of Science and Technology,2022,Social,Stakeholder Engagement,Tackling Climate Change Workshop Attendance (Youth),75,youths,,Egypt,report2023.pdf
Egypt-Japan University of Science and Technology,2022,Social,Stakeholder Engagement,Tackling Climate Change Workshop Universities Represented,12,universities,,Egypt,report2023.pdf
Egypt-Japan University of Science and Technology,2022,Social,Stakeholder Engagement,Weather and Climate Workshop Attendance (Children),180,children,,Egypt,report2023.pdf
Egypt-Japan University of Science and Technology,2022,Financial,Sustainability Investments,JICA-funded Inverter AC Project Fund,1500000,EGP,,Egypt,report2023.pdf
Egypt-Japan University of Science and Technology,2022,Environmental,Energy Consumption,Inverter AC Energy Consumption Reduction,60,%,,Egypt,report2023.pdf
Egypt-Japan University of Science and Technology,2022,Governance,Stakeholder Engagement,THE Impact Ranking Overall Score,71.8,score,,Egypt,report2023.pdf
Egypt-Japan University of Science and Technology,2021,Governance,Stakeholder Engagement,THE Impact Ranking Overall Score,66.2,score,,Egypt,report2023.pdf
Egypt-Japan University of Science and Technology,2020,Governance,Stakeholder Engagement,THE Impact Ranking Overall Score,68.0,score,,Egypt,report2023.pdf
Egypt-Japan University of Science and Technology,2022,Governance,Stakeholder Engagement,THE Impact Ranking Global Rank,401,rank,,Egypt,report2023.pdf
Egypt-Japan University of Science and Technology,2022,Governance,Stakeholder Engagement,THE Impact Ranking Global Universities Participated,1406,universities,,Egypt,report2023.pdf
Egypt-Japan University of Science and Technology,2022,Governance,Stakeholder Engagement,THE Impact Ranking National Rank,4,rank,,Egypt,report2023.pdf
Egypt-Japan University of Science and Technology,2022,Governance,Stakeholder Engagement,THE Impact Ranking Egyptian Universities Participated,36,universities,,Egypt,report2023.pdf
Egypt-Japan University of Science and Technology,2022,Governance,Stakeholder Engagement,THE Impact Ranking SDG#6 Score (Clean Water and Sanitation),60.8,score,,Egypt,report2023.pdf
Egypt-Japan University of Science and Technology,2022,Governance,Stakeholder Engagement,THE Impact Ranking SDG#7 Score (Affordable and Clean Energy),78.9,score,,Egypt,report2023.pdf
Egypt-Japan University of Science and Technology,2022,Governance,Stakeholder Engagement,THE Impact Ranking SDG#8 Score (Decent Work and Economic Growth),50.3,score,,Egypt,report2023.pdf
Egypt-Japan University of Science and Technology,2022,Governance,Stakeholder Engagement,THE Impact Ranking SDG#11 Score (Sustainable Cities and Communities),71.6,score,,Egypt,report2023.pdf
Egypt-Japan University of Science and Technology,2022,Governance,Stakeholder Engagement,THE Impact Ranking SDG#13 Score (Climate Action),46.3,score,,Egypt,report2023.pdf
Egypt-Japan University of Science and Technology,2022,Governance,Stakeholder Engagement,THE Impact Ranking SDG#17 Score (Partnerships for the Goals),55.3,score,,Egypt,report2023.pdf
Egypt-Japan University of Science and Technology,2022,Governance,Stakeholder Engagement,THE Impact Ranking SDG#7 Global Rank,15,rank,,Egypt,report2023.pdf
Egypt-Japan University of Science and Technology,2022,Governance,Stakeholder Engagement,THE Impact Ranking SDG#7 Institutions Participated,705,institutions,,Egypt,report2023.pdf
Egypt-Japan University of Science and Technology,2022,Social,Stakeholder Engagement,Young Diplomats Visited E-JUST,80,diplomats,,Egypt,report2023.pdf
Egypt-Japan University of Science and Technology,2022,Social,Stakeholder Engagement,Countries Represented by Young Diplomats,35,countries,,Egypt,report2023.pdf
Egypt-Japan University of Science and Technology,2022,Social,Employee Training,International Students Trained by Elsewedy Electric T&D,27,students,,Egypt,report2023.pdf
Egypt-Japan University of Science and Technology,2022,Social,Employee Training,Undergraduate Students Trained by Elsewedy Electric T&D,10,students,,Egypt,report2023.pdf
Egypt-Japan University of Science and Technology,2023,Social,Stakeholder Engagement,Young Diplomats Visit participants,90,diplomats,,Egypt,s2024.pdf
Egypt-Japan University of Science and Technology,2023,Governance,Research Output,Research papers presented at 4th ICCEEE 2023,64,papers,,Egypt,s2024.pdf
Egypt-Japan University of Science and Technology,2023,Social,Student Exchange,Students from Hiroshima University in Summer Program,15,students,,Egypt,s2024.pdf
Egypt-Japan University of Science and Technology,2023,Social,Student Exchange,Students from other Japanese universities in Summer Program,26,students,,Egypt,s2024.pdf
Egypt-Japan University of Science and Technology,2023,Governance,Stakeholder Engagement,Participants in Second Arab Conference on Intellectual Property,100,participants,,Egypt,s2024.pdf
Egypt-Japan University of Science and Technology,2023,Governance,Stakeholder Engagement,Arab countries represented at Second Arab Conference on Intellectual Property,12,countries,,Egypt,s2024.pdf
Egypt-Japan University of Science and Technology,2023,Governance,Innovation Metrics,Patent filing indicators ranking among Private and Nonprofit Universities,1,rank,,Egypt,s2024.pdf
Egypt-Japan University of Science and Technology,2023,Social,Student Participation,Undergraduate students participated in 'Towards Sustainable Future' competition,11,students,,Egypt,s2024.pdf
Egypt-Japan University of Science and Technology,2023,Governance,Research Output,Research articles presented in 'Towards Sustainable Future' competition,7,articles,,Egypt,s2024.pdf
Egypt-Japan University of Science and Technology,2023,Financial,Scholarships,Total students receiving financial scholarships from E-JUST,641,students,,Egypt,s2024.pdf
Egypt-Japan University of Science and Technology,2023,Financial,Scholarships,FoE students receiving financial scholarships from E-JUST,184,students,,Egypt,s2024.pdf
Egypt-Japan University of Science and Technology,2023,Financial,Scholarships,FIBH students receiving financial scholarships from E-JUST,56,students,,Egypt,s2024.pdf
Egypt-Japan University of Science and Technology,2023,Financial,Scholarships,CSIT students receiving financial scholarships from E-JUST,105,students,,Egypt,s2024.pdf
Egypt-Japan University of Science and Technology,2023,Financial,Scholarships,PharmD students receiving financial scholarships from E-JUST,219,students,,Egypt,s2024.pdf
Egypt-Japan University of Science and Technology,2023,Financial,Scholarships,Arch students receiving financial scholarships from E-JUST,18,students,,Egypt,s2024.pdf
Egypt-Japan University of Science and Technology,2023,Financial,Scholarships,AnD students receiving financial scholarships from E-JUST,25,students,,Egypt,s2024.pdf
Egypt-Japan University of Science and Technology,2023,Financial,Scholarships,BAS students receiving financial scholarships from E-JUST,34,students,,Egypt,s2024.pdf
Egypt-Japan University of Science and Technology,2023,Financial,Scholarships,Students receiving financial scholarships from external organizations,43,students,,Egypt,s2024.pdf
Egypt-Japan University of Science and Technology,2023,Social,Student Diversity,African students under TICAD program,11,students,,Egypt,s2024.pdf
Egypt-Japan University of Science and Technology,2023,Financial,Sustainability Investments,Financial support for startups from ASRT,300000,EGP,,Egypt,s2024.pdf
Egypt-Japan University of Science and Technology,2023,Financial,Revenue from sustainable products,Price of Blue-light-free lighting bulb (Quantum tech),5,USD,,Egypt,s2024.pdf
Egypt-Japan University of Science and Technology,2023,Social,Community Investment and Donations,Ramadan Bags distributed,100,bags,,Egypt,s2024.pdf
Egypt-Japan University of Science and Technology,2023,Social,Community Investment and Donations,Villagers served by medical convoy,1500,villagers,,Egypt,s2024.pdf
Egypt-Japan University of Science and Technology,2023,Financial,Community Investment and Donations,Medicine donation from Amriya for Pharmaceutical Industries S.A.E,37500,EGP,,Egypt,s2024.pdf
Egypt-Japan University of Science and Technology,2023,Financial,Community Investment and Donations,Medicine donation from EVA Pharm,130000,EGP,,Egypt,s2024.pdf
Egypt-Japan University of Science and Technology,2023,Financial,Community Investment and Donations,Medicine donation from PharmD program,13500,EGP,,Egypt,s2024.pdf
Egypt-Japan University of Science and Technology,2023,Financial,Community Investment and Donations,Total medicine donations for medical convoy,181000,EGP,,Egypt,s2024.pdf
Egypt-Japan University of Science and Technology,2024,Governance,University Ranking,TIMES HIGHER EDUCATION World University Ranking (global category),601,rank,800-601,Egypt,s2024.pdf
Egypt-Japan University of Science and Technology,2024,Governance,University Ranking,TIMES HIGHER EDUCATION World University Ranking (Egyptian institutions),1,rank,among 27 institutions,Egypt,s2024.pdf
Egypt-Japan University of Science and Technology,2024,Governance,University Ranking,Other Egyptian institutions in TIMES HIGHER EDUCATION World University Ranking,27,institutions,,Egypt,s2024.pdf
Egypt-Japan University of Science and Technology,2024,Governance,University Ranking,TIMES HIGHER EDUCATION Engineering Subject Ranking (global category),401,rank,500-401,Egypt,s2024.pdf
Egypt-Japan University of Science and Technology,2024,Governance,University Ranking,Shanghai Ranking of Academic Subjects (Energy Science and Engineering) (global category),301,rank,400-301,Egypt,s2024.pdf
Egypt-Japan University of Science and Technology,2023,Governance,Board Composition,"JICA Project Experts (Long Term), including Vice Presidents",7,experts,,Egypt,s2024.pdf
Egypt-Japan University of Science and Technology,2023,Social,Student Diversity,JICA scholarships for African Students (Third Country Training) - Total,13,students,Cumulative,Egypt,s2024.pdf
Egypt-Japan University of Science and Technology,2020,Social,Student Diversity,TICAD7 scholarships - PhD students enrolled,2,students,,Egypt,s2024.pdf
Egypt-Japan University of Science and Technology,2020,Social,Student Diversity,TICAD7 scholarships - Master's course students enrolled,126,students,,Egypt,s2024.pdf
Egypt-Japan University of Science and Technology,2023,Social,Student Diversity,TICAD8 scholarships - PhD students,100,students,,Egypt,s2024.pdf
Egypt-Japan University of Science and Technology,2023,Social,Student Diversity,TICAD8 scholarships - Master's degree students,50,students,,Egypt,s2024.pdf
Egypt-Japan University of Science and Technology,2022,Governance,Policy Adoption Rates,New programs proposed at 25th BOT,12,programs,,Egypt,s2024.pdf
Egypt-Japan University of Science and Technology,2023,Social,Student Exchange,Japanese university students participated in E-JUST Summer Program,26,students,,Egypt,s2024.pdf
Egypt-Japan University of Science and Technology,2023,Social,Student Exchange,Japanese universities participated in E-JUST Summer Program,8,universities,,Egypt,s2024.pdf
Egypt-Japan University of Science and Technology,2023,Social,Student Participation,30th-grade students of EJS in program to stimulate curiosities in science and technology,5,students,,Egypt,s2024.pdf
Egypt-Japan University of Science and Technology,2023,Social,Scholarships,UG students passed EJEP-HRDP 8th call,15,students,,Egypt,s2024.pdf
Egypt-Japan University of Science and Technology,2023,Social,Scholarships,UG students dispatched to Japan under EJEP-HRDP,10,students,,Egypt,s2024.pdf
Egypt-Japan University of Science and Technology,2023,Social,Scholarships,PhD student started at WASEDA University under JICA scholarship (STI),1,student,,Egypt,s2024.pdf
Egypt-Japan University of Science and Technology,2023,Social,Student Exchange,Female UG student from Osaka University in short-term non-degree program,1,student,,Egypt,s2024.pdf
Egypt-Japan University of Science and Technology,2023,Social,Student Exchange,E-JUST students in 'Inter-relationship between the SDGs' online course,6,students,,Egypt,s2024.pdf
Egypt-Japan University of Science and Technology,2023,Social,Student Exchange,E-JUST students in 'Peace and SDGs' online course,10,students,,Egypt,s2024.pdf
Egypt-Japan University of Science and Technology,2023,Social,Student Exchange,UG FOE student accepted as special auditing student at Hiroshima University,1,student,,Egypt,s2024.pdf
Egypt-Japan University of Science and Technology,2023,Social,Training Hours,Attendees at Yokogawa Online Training Course,43,attendees,,Egypt,s2024.pdf
Egypt-Japan University of Science and Technology,2023,Social,Supply Chain Data,Internship slots provided by Yokogawa Electric Middle East and Africa,3,slots,,Bahrain,s2024.pdf
Egypt-Japan University of Science and Technology,2023,Social,Supply Chain Data,Alumni shortlisted for Yokogawa internship,10,alumni,,Egypt,s2024.pdf
Egypt-Japan University of Science and Technology,2018,Social,Student Exchange,Summer Programs organized,1,program,,Egypt,s2024.pdf
Egypt-Japan University of Science and Technology,2019,Social,Student Exchange,Summer Programs organized,1,program,,Egypt,s2024.pdf
Egypt-Japan University of Science and Technology,2023,Social,Student Exchange,Summer Programs organized,2,programs,,Egypt,s2024.pdf
Egypt-Japan University of Science and Technology,2020,Social,Student Diversity,International postgraduate students enrolled under TICAD7 African Scholarships,128,students,from 14 countries,Egypt,s2024.pdf
Egypt-Japan University of Science and Technology,2023,Social,Student Diversity,TICAD8 African Scholarships opportunities,150,scholarships,over three years,Egypt,s2024.pdf
Egypt-Japan University of Science and Technology,2023,Social,Student Diversity,TICAD8 Admission - PhD slots for Fall 2023,15,slots,,Egypt,s2024.pdf
Egypt-Japan University of Science and Technology,2023,Social,Student Diversity,Current TICAD7 scholarship students,96,students,,Egypt,s2024.pdf
Egypt-Japan University of Science and Technology,2023,Social,Student Diversity,TICAD7 students who left due to underachievement,5,students,,Egypt,s2024.pdf
Egypt-Japan University of Science and Technology,2023,Social,Employee Count,Faculty member to Undergraduate students ratio,1,faculty member per 23 students,,Egypt,s2024.pdf
Egypt-Japan University of Science and Technology,2023,Social,Employee Count,Faculty member to Postgraduate students ratio,1,faculty member per 2 students,,Egypt,s2024.pdf
Egypt-Japan University of Science and Technology,2023,Environmental,Carbon footprint and intensity,Increase in published articles related to water and wastewater treatment technologies,40,%,compared to previous year,Egypt,s2024.pdf
Egypt-Japan University of Science and Technology,2023,Environmental,Water usage and withdrawal,Desalination unit capacity,30,m3/d,,Egypt,s2024.pdf
Egypt-Japan University of Science and Technology,2023,Environmental,Water usage and withdrawal,Influent TDS of desalination unit,500,ppm,,Egypt,s2024.pdf
Egypt-Japan University of Science and Technology,2023,Environmental,Water usage and withdrawal,Effluent TDS of desalination unit (improved water quality),150,ppm,,Egypt,s2024.pdf
Egypt-Japan University of Science and Technology,2023,Environmental,Carbon footprint and intensity,Area of E-JUST Permanent Headquarters,200,acres,,Egypt,s2024.pdf
Egypt-Japan University of Science and Technology,2023,Environmental,Carbon footprint and intensity,Percentage of total area occupied by buildings,17,%,,Egypt,s2024.pdf
Egypt-Japan University of Science and Technology,2023,Environmental,Renewable energy,PV system capacity installed in secondary campus,0.56,MW,,Egypt,s2024.pdf
Egypt-Japan University of Science and Technology,2023,Environmental,Renewable energy,Solar electricity system generation capacity,560,KW,,Egypt,s2024.pdf
Egypt-Japan University of Science and Technology,2010,Financial,Green finance metrics,JICA grant for solar electricity generation system,970000000,JPY,,Egypt,s2024.pdf
Egypt-Japan University of Science and Technology,2023,Environmental,Carbon footprint and intensity,Green spaces now covering on main campus,27,acres,,Egypt,s2024.pdf
Egypt-Japan University of Science and Technology,2023,Environmental,Carbon footprint and intensity,Target percentage of green spaces on main campus,50,%,,Egypt,s2024.pdf
Egypt-Japan University of Science and Technology,2022,Governance,Research Output,Scholars listed among top 2% of world's most cited scientists,2,%,,Egypt,s2024.pdf
Egypt-Japan University of Science and Technology,2023,Social,Employee Count,Academic Staff Members (including President and VPs),100,employees,,Egypt,s2024.pdf
Egypt-Japan University of Science and Technology,2023,Social,Employee Count,Administrative Staff (without E-JUST Guest House),380,employees,,Egypt,s2024.pdf
Egypt-Japan University of Science and Technology,2023,Governance,Innovation Metrics,Patents filed,13,patents,,Egypt,s2024.pdf
Egypt-Japan University of Science and Technology,2019,Governance,Innovation Metrics,First granted patent issuing number,28928,number,,Egypt,s2024.pdf
Egypt-Japan University of Science and Technology,2023,Financial,Sustainability investments,Total number of grants,13,grants,,Egypt,s2024.pdf
Egypt-Japan University of Science and Technology,2023,Financial,Sustainability investments,Number of active grants,6,grants,,Egypt,s2024.pdf
Egypt-Japan University of Science and Technology,2023,Financial,Sustainability investments,Number of accepted grants,7,grants,,Egypt,s2024.pdf
Egypt-Japan University of Science and Technology,2023,Financial,Sustainability investments,Total budget of active inside projects,3435660,EGP,,Egypt,s2024.pdf
Egypt-Japan University of Science and Technology,2023,Financial,Sustainability investments,Total budget of accepted inside projects,7149400,EGP,,Egypt,s2024.pdf
Egypt-Japan University of Science and Technology,2023,Financial,Sustainability investments,Total budget of accepted outside projects,4263200,EGP,,Egypt,s2024.pdf
Egypt-Japan University of Science and Technology,2023,Governance,Innovation Metrics,Millionaire Club members,1,member,,Egypt,s2024.pdf
Egypt-Japan University of Science and Technology,2023,Social,Stakeholder Engagement,Attendees at 4th ICCEEE 2023,160,attendees,,Egypt,s2024.pdf
Egypt-Japan University of Science and Technology,2023,Governance,Research Output,Oral presentations at 4th ICCEEE 2023,64,presentations,,Egypt,s2024.pdf
Egypt-Japan University of Science and Technology,2023,Governance,Research Output,Presentations by E-JUST students at 4th ICCEEE 2023,16,presentations,,Egypt,s2024.pdf
Egypt-Japan University of Science and Technology,2023,Governance,Research Output,Presentations by external authors at 4th ICCEEE 2023,39,presentations,,Egypt,s2024.pdf
Egypt-Japan University of Science and Technology,2023,Governance,Stakeholder Engagement,Keynote speakers at 4th ICCEEE 2023,4,speakers,,Egypt,s2024.pdf
Egypt-Japan University of Science and Technology,2023,Governance,Stakeholder Engagement,Invited speakers at 4th ICCEEE 2023,5,speakers,,Egypt,s2024.pdf
Egypt-Japan University of Science and Technology,2023,Financial,Community Investment and Donations,Sponsorship budget for 4th ICCEEE 2023,63000,EGP,,Egypt,s2024.pdf
Egypt-Japan University of Science and Technology,2023,Social,Employee Diversity,AUF Researchers joined E-JUST,3,researchers,,Egypt,s2024.pdf
Egypt-Japan University of Science and Technology,2023,Social,Employee Diversity,Post Doctoral student from Benin joined E-JUST under AUF agreement,1,student,,Egypt,s2024.pdf
Egypt-Japan University of Science and Technology,2023,Social,Employee Diversity,PhD student from Cameroon joined E-JUST under AUF agreement,1,student,,Egypt,s2024.pdf
Egypt-Japan University of Science and Technology,2023,Social,Employee Diversity,PhD student from Morocco joined E-JUST under AUF agreement,1,student,,Egypt,s2024.pdf
Egypt-Japan University of Science and Technology,2023,Social,Employee Count,New housing compound capacity for employees and students,1700,people,,Egypt,s2024.pdf
Egypt-Japan University of Science and Technology,2023,Environmental,Carbon footprint and intensity,Green areas in new housing compound,75,%,,Egypt,s2024.pdf
Egypt-Japan University of Science and Technology,2023,Environmental,Energy consumption,Energy reduction for lighting with smart lighting system in new constructions,60,%,,Egypt,s2024.pdf
Egypt-Japan University of Science and Technology,2023,Social,Student Participation,Students participated in surface planting workshop,37,students,,Egypt,s2024.pdf
Egypt-Japan University of Science and Technology,2023,Social,Training Hours,Children participated in 'Climate Change and Ecological Footprint' workshop,50,children,,Egypt,s2024.pdf
Egypt-Japan University of Science and Technology,2023,Social,Training Hours,Working groups in 'Climate Change and Ecological Footprint' workshop,7,groups,,Egypt,s2024.pdf
Egypt-Japan University of Science and Technology,2023,Social,Training Hours,Children participated in 'Be a Hero Combating Climate Change' workshop,32,children,,Egypt,s2024.pdf
Egypt-Japan University of Science and Technology,2023,Social,Training Hours,Working groups in 'Be a Hero Combating Climate Change' workshop,3,groups,,Egypt,s2024.pdf
Egypt-Japan University of Science and Technology,2023,Social,Student Exchange,Students participated in E-JUST-JKUAT-Sophia Exchange session,100,students,,Egypt,s2024.pdf
Egypt-Japan University of Science and Technology,2023,Social,Employee Count,Master's and doctoral degrees awarded over 10 years,470,degrees,,Egypt,s2024.pdf
Egypt-Japan University of Science and Technology,2023,Social,Scholarships,New scholarships for African students under TICAD 8 program,150,scholarships,,Egypt,s2024.pdf
Egypt-Japan University of Science and Technology,2023,Social,Scholarships,African students applied for TICAD 8 scholarships,10000,applicants,,Egypt,s2024.pdf
Egypt-Japan University of Science and Technology,2023,Governance,Stakeholder Engagement,Centers to support industry,4,centers,,Egypt,s2024.pdf
Egypt-Japan University of Science and Technology,2023,Governance,Stakeholder Engagement,Partnership with major Japanese universities,15,universities,,Egypt,s2024.pdf
Egypt-Japan University of Science and Technology,2023,Governance,Policy Adoption Rates,Programs offered by School of Computer and Information Technology,4,programs,,Egypt,s2024.pdf
Egypt-Japan University of Science and Technology,2023,Governance,Ethics and compliance metrics,Best Entrepreneurship Center Global Impact Award,1,award,,Egypt,s2024.pdf
Egypt-Japan University of Science and Technology,2023,Social,Stakeholder Engagement,Participants in 'The Role of Universities in Achieving the Goals of Sustainable Development' Conference,150,participants,,Egypt,s2024.pdf
Egypt-Japan University of Science and Technology,2023,Social,Stakeholder Engagement,Arab countries represented at 'The Role of Universities in Achieving the Goals of Sustainable Development' Conference,12,countries,,Egypt,s2024.pdf
Egypt-Japan University of Science and Technology,2023,Financial,Cost savings from sustainability initiatives,First Prize for 'Towards Sustainable Future' competition,17000,LE,,Egypt,s2024.pdf
Egypt-Japan University of Science and Technology,2023,Financial,Cost savings from sustainability initiatives,Second Prize for 'Towards Sustainable Future' competition,12000,LE,,Egypt,s2024.pdf
Egypt-Japan University of Science and Technology,2023,Financial,Cost savings from sustainability initiatives,Third Prize for 'Towards Sustainable Future' competition,7000,LE,,Egypt,s2024.pdf
Egypt-Japan University of Science and Technology,2024,Social,Employee Diversity,Japanese Language Proficiency Test (JLPT) success rate among test-takers,100,%,,Egypt,s2025.pdf
Egypt-Japan University of Science and Technology,2024,Social,Community Engagement,Women attending 'Reuse of Household Waste and Capacity Building in Related Entrepreneurship' training,35,women,,Egypt,s2025.pdf
Egypt-Japan University of Science and Technology,2024,Social,Scholarships,New TICAD scholarships for African students for graduate studies,150,scholarships,,Egypt,s2025.pdf
Egypt-Japan University of Science and Technology,2024,Environmental,Water Usage and Withdrawal,Smart water filters installed,160,pieces,,Egypt,s2025.pdf
Egypt-Japan University of Science and Technology,2024,Financial,Sustainability Investments,Cost of smart water filters installed,3816,LE,,Egypt,s2025.pdf
Egypt-Japan University of Science and Technology,2024,Environmental,Water Usage and Withdrawal,Water consumption savings from smart filters,50,%,,Egypt,s2025.pdf
Egypt-Japan University of Science and Technology,2024,Environmental,Carbon footprint and intensity,Buildings occupying total land area,17,%,,Egypt,s2025.pdf
Egypt-Japan University of Science and Technology,2024,Environmental,Carbon footprint and intensity,Total land area of permanent headquarters,200,acres,,Egypt,s2025.pdf
Egypt-Japan University of Science and Technology,2024,Social,Scholarships,Total students receiving financial scholarships,2655,students,,Egypt,s2025.pdf
Egypt-Japan University of Science and Technology,2024,Social,Workforce,Total student count,4425,students,,Egypt,s2025.pdf
Egypt-Japan University of Science and Technology,2024,Social,Scholarships,Faculty of Engineering (FoE) students receiving scholarships,978,students,,Egypt,s2025.pdf
Egypt-Japan University of Science and Technology,2024,Social,Scholarships,Faculty of International Business and Humanities (FIBH) students receiving scholarships,286,students,,Egypt,s2025.pdf
Egypt-Japan University of Science and Technology,2024,Social,Scholarships,Computer Science and Information Technology (CSIT) students receiving scholarships,514,students,,Egypt,s2025.pdf
Egypt-Japan University of Science and Technology,2024,Social,Scholarships,PharmD students receiving scholarships,660,students,,Egypt,s2025.pdf
Egypt-Japan University of Science and Technology,2024,Social,Scholarships,Sustainable Architecture (Arch) students receiving scholarships,52,students,,Egypt,s2025.pdf
Egypt-Japan University of Science and Technology,2024,Social,Scholarships,Art and Design (AnD) students receiving scholarships,93,students,,Egypt,s2025.pdf
Egypt-Japan University of Science and Technology,2024,Social,Scholarships,Basic and Applied Sciences (BAS) students receiving scholarships,72,students,,Egypt,s2025.pdf
Egypt-Japan University of Science and Technology,2024,Social,Scholarships,FoE students receiving 100% scholarship,148,students,,Egypt,s2025.pdf
Egypt-Japan University of Science and Technology,2024,Social,Scholarships,FoE students receiving 95% scholarship,30,students,,Egypt,s2025.pdf
Egypt-Japan University of Science and Technology,2024,Social,Scholarships,FoE students receiving 90% scholarship,13,students,,Egypt,s2025.pdf
Egypt-Japan University of Science and Technology,2024,Social,Scholarships,FoE students receiving 85% scholarship,2,students,,Egypt,s2025.pdf
Egypt-Japan University of Science and Technology,2024,Social,Scholarships,FoE students receiving 80% scholarship,34,students,,Egypt,s2025.pdf
Egypt-Japan University of Science and Technology,2024,Social,Scholarships,FoE students receiving 75% scholarship,132,students,,Egypt,s2025.pdf
Egypt-Japan University of Science and Technology,2024,Social,Scholarships,FoE students receiving 70% scholarship,17,students,,Egypt,s2025.pdf
Egypt-Japan University of Science and Technology,2024,Social,Scholarships,FoE students receiving 65% scholarship,5,students,,Egypt,s2025.pdf
Egypt-Japan University of Science and Technology,2024,Social,Scholarships,FoE students receiving 60% scholarship,2,students,,Egypt,s2025.pdf
Egypt-Japan University of Science and Technology,2024,Social,Scholarships,FoE students receiving 55% scholarship,1,student,,Egypt,s2025.pdf
Egypt-Japan University of Science and Technology,2024,Social,Scholarships,FoE students receiving 50% scholarship,222,students,,Egypt,s2025.pdf
Egypt-Japan University of Science and Technology,2024,Social,Scholarships,FoE students receiving 45% scholarship,21,students,,Egypt,s2025.pdf
Egypt-Japan University of Science and Technology,2024,Social,Scholarships,FoE students receiving 40% scholarship,10,students,,Egypt,s2025.pdf
Egypt-Japan University of Science and Technology,2024,Social,Scholarships,FoE students receiving 30% scholarship,2,students,,Egypt,s2025.pdf
Egypt-Japan University of Science and Technology,2024,Social,Scholarships,FoE students receiving 25% scholarship,288,students,,Egypt,s2025.pdf
Egypt-Japan University of Science and Technology,2024,Social,Scholarships,FoE students receiving 20% scholarship,45,students,,Egypt,s2025.pdf
Egypt-Japan University of Science and Technology,2024,Social,Scholarships,FoE students receiving 15% scholarship,1,student,,Egypt,s2025.pdf
Egypt-Japan University of Science and Technology,2024,Social,Scholarships,FoE students receiving 10% scholarship,5,students,,Egypt,s2025.pdf
Egypt-Japan University of Science and Technology,2024,Social,Scholarships,FIBH students receiving 100% scholarship,43,students,,Egypt,s2025.pdf
Egypt-Japan University of Science and Technology,2024,Social,Scholarships,FIBH students receiving 90% scholarship,4,students,,Egypt,s2025.pdf
Egypt-Japan University of Science and Technology,2024,Social,Scholarships,FIBH students receiving 80% scholarship,26,students,,Egypt,s2025.pdf
Egypt-Japan University of Science and Technology,2024,Social,Scholarships,FIBH students receiving 75% scholarship,7,students,,Egypt,s2025.pdf
Egypt-Japan University of Science and Technology,2024,Social,Scholarships,FIBH students receiving 50% scholarship,21,students,,Egypt,s2025.pdf
Egypt-Japan University of Science and Technology,2024,Social,Scholarships,FIBH students receiving 45% scholarship,4,students,,Egypt,s2025.pdf
Egypt-Japan University of Science and Technology,2024,Social,Scholarships,FIBH students receiving 25% scholarship,153,students,,Egypt,s2025.pdf
Egypt-Japan University of Science and Technology,2024,Social,Scholarships,FIBH students receiving 20% scholarship,27,students,,Egypt,s2025.pdf
Egypt-Japan University of Science and Technology,2024,Social,Scholarships,FIBH students receiving 10% scholarship,1,student,,Egypt,s2025.pdf
Egypt-Japan University of Science and Technology,2024,Social,Scholarships,CSIT students receiving 100% scholarship,39,students,,Egypt,s2025.pdf
Egypt-Japan University of Science and Technology,2024,Social,Scholarships,CSIT students receiving 95% scholarship,5,students,,Egypt,s2025.pdf
Egypt-Japan University of Science and Technology,2024,Social,Scholarships,CSIT students receiving 90% scholarship,2,students,,Egypt,s2025.pdf
Egypt-Japan University of Science and Technology,2024,Social,Scholarships,CSIT students receiving 80% scholarship,26,students,,Egypt,s2025.pdf
Egypt-Japan University of Science and Technology,2024,Social,Scholarships,CSIT students receiving 75% scholarship,44,students,,Egypt,s2025.pdf
Egypt-Japan University of Science and Technology,2024,Social,Scholarships,CSIT students receiving 70% scholarship,4,students,,Egypt,s2025.pdf
Egypt-Japan University of Science and Technology,2024,Social,Scholarships,CSIT students receiving 65% scholarship,2,students,,Egypt,s2025.pdf
Egypt-Japan University of Science and Technology,2024,Social,Scholarships,CSIT students receiving 60% scholarship,2,students,,Egypt,s2025.pdf
Egypt-Japan University of Science and Technology,2024,Social,Scholarships,CSIT students receiving 55% scholarship,1,student,,Egypt,s2025.pdf
Egypt-Japan University of Science and Technology,2024,Social,Scholarships,CSIT students receiving 50% scholarship,92,students,,Egypt,s2025.pdf
Egypt-Japan University of Science and Technology,2024,Social,Scholarships,CSIT students receiving 45% scholarship,10,students,,Egypt,s2025.pdf
Egypt-Japan University of Science and Technology,2024,Social,Scholarships,CSIT students receiving 40% scholarship,2,students,,Egypt,s2025.pdf
Egypt-Japan University of Science and Technology,2024,Social,Scholarships,CSIT students receiving 30% scholarship,1,student,,Egypt,s2025.pdf
Egypt-Japan University of Science and Technology,2024,Social,Scholarships,CSIT students receiving 35% scholarship,1,student,,Egypt,s2025.pdf
Egypt-Japan University of Science and Technology,2024,Social,Scholarships,CSIT students receiving 25% scholarship,269,students,,Egypt,s2025.pdf
Egypt-Japan University of Science and Technology,2024,Social,Scholarships,CSIT students receiving 20% scholarship,11,students,,Egypt,s2025.pdf
Egypt-Japan University of Science and Technology,2024,Social,Scholarships,CSIT students receiving 10% scholarship,3,students,,Egypt,s2025.pdf
Egypt-Japan University of Science and Technology,2024,Social,Scholarships,PharmD students receiving 100% scholarship,69,students,,Egypt,s2025.pdf
Egypt-Japan University of Science and Technology,2024,Social,Scholarships,PharmD students receiving 95% scholarship,3,students,,Egypt,s2025.pdf
Egypt-Japan University of Science and Technology,2024,Social,Scholarships,PharmD students receiving 90% scholarship,4,students,,Egypt,s2025.pdf
Egypt-Japan University of Science and Technology,2024,Social,Scholarships,PharmD students receiving 85% scholarship,2,students,,Egypt,s2025.pdf
Egypt-Japan University of Science and Technology,2024,Social,Scholarships,PharmD students receiving 80% scholarship,11,students,,Egypt,s2025.pdf
Egypt-Japan University of Science and Technology,2024,Social,Scholarships,PharmD students receiving 75% scholarship,64,students,,Egypt,s2025.pdf
Egypt-Japan University of Science and Technology,2024,Social,Scholarships,PharmD students receiving 70% scholarship,10,students,,Egypt,s2025.pdf
Egypt-Japan University of Science and Technology,2024,Social,Scholarships,PharmD students receiving 65% scholarship,8,students,,Egypt,s2025.pdf
Egypt-Japan University of Science and Technology,2024,Social,Scholarships,PharmD students receiving 55% scholarship,3,students,,Egypt,s2025.pdf
Egypt-Japan University of Science and Technology,2024,Social,Scholarships,PharmD students receiving 50% scholarship,101,students,,Egypt,s2025.pdf
Egypt-Japan University of Science and Technology,2024,Social,Scholarships,PharmD students receiving 45% scholarship,20,students,,Egypt,s2025.pdf
Egypt-Japan University of Science and Technology,2024,Social,Scholarships,PharmD students receiving 40% scholarship,8,students,,Egypt,s2025.pdf
Egypt-Japan University of Science and Technology,2024,Social,Scholarships,PharmD students receiving 30% scholarship,3,students,,Egypt,s2025.pdf
Egypt-Japan University of Science and Technology,2024,Social,Scholarships,PharmD students receiving 25% scholarship,328,students,,Egypt,s2025.pdf
Egypt-Japan University of Science and Technology,2024,Social,Scholarships,PharmD students receiving 20% scholarship,24,students,,Egypt,s2025.pdf
Egypt-Japan University of Science and Technology,2024,Social,Scholarships,PharmD students receiving 10% scholarship,2,students,,Egypt,s2025.pdf
Egypt-Japan University of Science and Technology,2024,Social,Scholarships,Arch students receiving 100% scholarship,8,students,,Egypt,s2025.pdf
Egypt-Japan University of Science and Technology,2024,Social,Scholarships,Arch students receiving 95% scholarship,1,student,,Egypt,s2025.pdf
Egypt-Japan University of Science and Technology,2024,Social,Scholarships,Arch students receiving 90% scholarship,1,student,,Egypt,s2025.pdf
Egypt-Japan University of Science and Technology,2024,Social,Scholarships,Arch students receiving 80% scholarship,5,students,,Egypt,s2025.pdf
Egypt-Japan University of Science and Technology,2024,Social,Scholarships,Arch students receiving 75% scholarship,8,students,,Egypt,s2025.pdf
Egypt-Japan University of Science and Technology,2024,Social,Scholarships,Arch students receiving 50% scholarship,9,students,,Egypt,s2025.pdf
Egypt-Japan University of Science and Technology,2024,Social,Scholarships,Arch students receiving 25% scholarship,19,students,,Egypt,s2025.pdf
Egypt-Japan University of Science and Technology,2024,Social,Scholarships,Arch students receiving 10% scholarship,1,student,,Egypt,s2025.pdf
Egypt-Japan University of Science and Technology,2024,Social,Scholarships,AnD students receiving 100% scholarship,7,students,,Egypt,s2025.pdf
Egypt-Japan University of Science and Technology,2024,Social,Scholarships,AnD students receiving 80% scholarship,6,students,,Egypt,s2025.pdf
Egypt-Japan University of Science and Technology,2024,Social,Scholarships,AnD students receiving 75% scholarship,1,student,,Egypt,s2025.pdf
Egypt-Japan University of Science and Technology,2024,Social,Scholarships,AnD students receiving 70% scholarship,1,student,,Egypt,s2025.pdf
Egypt-Japan University of Science and Technology,2024,Social,Scholarships,AnD students receiving 50% scholarship,11,students,,Egypt,s2025.pdf
Egypt-Japan University of Science and Technology,2024,Social,Scholarships,AnD students receiving 45% scholarship,1,student,,Egypt,s2025.pdf
Egypt-Japan University of Science and Technology,2024,Social,Scholarships,AnD students receiving 30% scholarship,1,student,,Egypt,s2025.pdf
Egypt-Japan University of Science and Technology,2024,Social,Scholarships,AnD students receiving 25% scholarship,53,students,,Egypt,s2025.pdf
Egypt-Japan University of Science and Technology,2024,Social,Scholarships,AnD students receiving 20% scholarship,8,students,,Egypt,s2025.pdf
Egypt-Japan University of Science and Technology,2024,Social,Scholarships,AnD students receiving 10% scholarship,4,students,,Egypt,s2025.pdf
Egypt-Japan University of Science and Technology,2024,Social,Scholarships,BAS students receiving 100% scholarship,4,students,,Egypt,s2025.pdf
Egypt-Japan University of Science and Technology,2024,Social,Scholarships,BAS students receiving 80% scholarship,4,students,,Egypt,s2025.pdf
Egypt-Japan University of Science and Technology,2024,Social,Scholarships,BAS students receiving 50% scholarship,5,students,,Egypt,s2025.pdf
Egypt-Japan University of Science and Technology,2024,Social,Scholarships,BAS students receiving 25% scholarship,50,students,,Egypt,s2025.pdf
Egypt-Japan University of Science and Technology,2024,Social,Scholarships,BAS students receiving 20% scholarship,9,students,,Egypt,s2025.pdf
Egypt-Japan University of Science and Technology,2024,Social,Scholarships,Students receiving external financial scholarships,165,students,,Egypt,s2025.pdf
Egypt-Japan University of Science and Technology,2024,Social,Scholarships,Postgraduate student receiving 100% Toyota scholarship,1,student,,Egypt,s2025.pdf
Egypt-Japan University of Science and Technology,2024,Social,Scholarships,African students supported under TICAD program,88,students,,Egypt,s2025.pdf
Egypt-Japan University of Science and Technology,2024,Social,Workforce,FIBH 3rd year students in summer internships,11,students,,Egypt,s2025.pdf
Egypt-Japan University of Science and Technology,2024,Social,Workforce,FIBH students in finance department internship,6,students,,Egypt,s2025.pdf
Egypt-Japan University of Science and Technology,2024,Social,Workforce,FIBH students in HR department internship,1,student,,Egypt,s2025.pdf
Egypt-Japan University of Science and Technology,2024,Social,Workforce,FIBH students in PR department internship,4,students,,Egypt,s2025.pdf
Egypt-Japan University of Science and Technology,2024,Social,Community Investment and Donations,Companies supported by E-JUST incubator,11,companies,,Egypt,s2025.pdf
Egypt-Japan University of Science and Technology,2024,Social,Community Investment and Donations,Villagers served by medical convoy,1000,villagers,,Egypt,s2025.pdf
Egypt-Japan University of Science and Technology,2024,Financial,Community Investment and Donations,Medicine donation by Amriya for Pharmaceutical Industries,26680,EGP,,Egypt,s2025.pdf
Egypt-Japan University of Science and Technology,2024,Financial,Community Investment and Donations,Medicine donation by EVA Pharm,114184,EGP,,Egypt,s2025.pdf
Egypt-Japan University of Science and Technology,2024,Financial,Community Investment and Donations,Medicine donation by MUP Pharm,9000,EGP,,Egypt,s2025.pdf
Egypt-Japan University of Science and Technology,2024,Financial,Community Investment and Donations,PharmD program donations for medical convoy,17000,EGP,,Egypt,s2025.pdf
Egypt-Japan University of Science and Technology,2024,Financial,Community Investment and Donations,Grand total of medicine donations for medical convoy,166864,EGP,,Egypt,s2025.pdf
Egypt-Japan University of Science and Technology,2024,Social,Training Hours,Students attended Yokogawa intensive online training course,35,students,,Egypt,s2025.pdf
Egypt-Japan University of Science and Technology,2024,Social,Employee Diversity,UG CSIT student accepted for Hiroshima University student exchange,1,student,,Egypt,s2025.pdf
Egypt-Japan University of Science and Technology,2024,Governance,Stakeholder Engagement,World University Ranking (Times Higher Education),601,rank,,Egypt,s2025.pdf
Egypt-Japan University of Science and Technology,2024,Governance,Stakeholder Engagement,World University Ranking for SDG 7 (Affordable and Clean Energy),19,rank,,Egypt,s2025.pdf
Egypt-Japan University of Science and Technology,2024,Governance,Stakeholder Engagement,World University Ranking for SDG 6 (Clean Water and Sanitation),21,rank,,Egypt,s2025.pdf
Egypt-Japan University of Science and Technology,2024,Governance,Stakeholder Engagement,World University Ranking for SDG 13 (Climate Action),38,rank,,Egypt,s2025.pdf
Egypt-Japan University of Science and Technology,2024,Governance,Stakeholder Engagement,World University Ranking for SDG 1 (No Poverty),101,rank,,Egypt,s2025.pdf
Egypt-Japan University of Science and Technology,2024,Governance,Stakeholder Engagement,World University Ranking for SDG 11 (Sustainable Communities),301,rank,,Egypt,s2025.pdf
Egypt-Japan University of Science and Technology,2024,Governance,Stakeholder Engagement,World University Ranking for SDG 8 (Decent Work and Economic Growth),401,rank,,Egypt,s2025.pdf
Egypt-Japan University of Science and Technology,2024,Social,Community Engagement,Postgraduate students participated in Cairo Water Week 3MT competition,8,students,,Egypt,s2025.pdf
Egypt-Japan University of Science and Technology,2024,Social,Community Engagement,Postgraduate student winning 2nd rank in Cairo Water Week 3MT competition,1,student,,Egypt,s2025.pdf
Egypt-Japan University of Science and Technology,2024,Environmental,Water Usage and Withdrawal,Increase in published articles related to water and wastewater treatment technologies since 2022,70,%,,Egypt,s2025.pdf
Egypt-Japan University of Science and Technology,2024,Environmental,Water Usage and Withdrawal,Reverse osmosis (RO) desalination unit capacity,30,m³/day,,Egypt,s2025.pdf
Egypt-Japan University of Science and Technology,2024,Environmental,Water Usage and Withdrawal,Influent total dissolved solids (TDS) level for RO unit,500,ppm,,Egypt,s2025.pdf
Egypt-Japan University of Science and Technology,2024,Environmental,Water Usage and Withdrawal,Effluent total dissolved solids (TDS) level after RO treatment,150,ppm,,Egypt,s2025.pdf
Egypt-Japan University of Science and Technology,2024,Environmental,Energy consumption,Photovoltaic (PV) system capacity installed in secondary campus,0.56,MW,,Egypt,s2025.pdf
Egypt-Japan University of Science and Technology,2024,Environmental,Carbon footprint and intensity,Green spaces coverage on campus,50,%,,Egypt,s2025.pdf
Egypt-Japan University of Science and Technology,2024,Financial,Sustainability Investments,ASRT share for Green Integrated Solar Fuel Production System project,7970800,LE,,Egypt,s2025.pdf
Egypt-Japan University of Science and Technology,2024,Financial,Sustainability Investments,Fund for reduction of energy consumption project (El Masrya Company),100000,LE,,Egypt,s2025.pdf
Egypt-Japan University of Science and Technology,2024,Financial,Sustainability Investments,STDF fund for Utilization of ammonia for mobility decarbonization project,2496660,LE,,Egypt,s2025.pdf
Egypt-Japan University of Science and Technology,2024,Financial,Sustainability Investments,STDF fund for Clean Energy Generation for Street Lighting project,2900500,LE,,Egypt,s2025.pdf
Egypt-Japan University of Science and Technology,2024,Social,Employee Diversity,Scholars from Energy Resources Engineering department ranked among top 2% of world's most cited scientists,2,%,,Egypt,s2025.pdf
Egypt-Japan University of Science and Technology,2024,Social,Employee Count,Total administrative staff,435,employees,,Egypt,s2025.pdf
Egypt-Japan University of Science and Technology,2021,Social,Training Hours,Employee engagement in training programs,30,%,,Egypt,s2025.pdf
Egypt-Japan University of Science and Technology,2022,Social,Training Hours,Employee engagement in training programs,40,%,,Egypt,s2025.pdf
Egypt-Japan University of Science and Technology,2023,Social,Training Hours,Employee engagement in training programs,58,%,,Egypt,s2025.pdf
Egypt-Japan University of Science and Technology,2024,Social,Training Hours,Target employee engagement in training programs,75,%,,Egypt,s2025.pdf
Egypt-Japan University of Science and Technology,2024,Financial,Sustainability Investments,Budget for training plan,485000,LE,,Egypt,s2025.pdf
Egypt-Japan University of Science and Technology,2024,Governance,Ethics and Compliance Metrics,Patents filed,9,patents,,Egypt,s2025.pdf
Egypt-Japan University of Science and Technology,2024,Governance,Ethics and Compliance Metrics,Total patents filed (since 2014),110,patents,,Egypt,s2025.pdf
Egypt-Japan University of Science and Technology,2024,Governance,Ethics and Compliance Metrics,National patents filed,107,patents,,Egypt,s2025.pdf
Egypt-Japan University of Science and Technology,2024,Governance,Ethics and Compliance Metrics,US patents filed,3,patents,,Egypt,s2025.pdf
Egypt-Japan University of Science and Technology,2019,Governance,Ethics and Compliance Metrics,First granted patent issuing number,28928,number,,Egypt,s2025.pdf
Egypt-Japan University of Science and Technology,2021,Governance,Ethics and Compliance Metrics,Second granted patent year,2021,year,,Egypt,s2025.pdf
Egypt-Japan University of Science and Technology,2024,Financial,Green Finance Metrics,Total number of grants,8,grants,,Egypt,s2025.pdf
Egypt-Japan University of Science and Technology,2024,Financial,Green Finance Metrics,Number of activated grants,4,grants,,Egypt,s2025.pdf
Egypt-Japan University of Science and Technology,2024,Financial,Green Finance Metrics,Number of accepted projects (grants),3,projects,,Egypt,s2025.pdf
Egypt-Japan University of Science and Technology,2024,Financial,Green Finance Metrics,Number of closed projects (grants),1,project,,Egypt,s2025.pdf
Egypt-Japan University of Science and Technology,2024,Financial,Green Finance Metrics,Total budget of 4 active projects,4858782,EGP,,Egypt,s2025.pdf
Egypt-Japan University of Science and Technology,2024,Financial,Green Finance Metrics,Total budget of 3 accepted inside projects,10087500,Yen,,Egypt,s2025.pdf
Egypt-Japan University of Science and Technology,2024,Financial,Green Finance Metrics,Total budget of 3 accepted outside projects,160000,USD,,Egypt,s2025.pdf
Egypt-Japan University of Science and Technology,2024,Social,Community Investment and Donations,Millionaire Club members,1,member,,Egypt,s2025.pdf
Egypt-Japan University of Science and Technology,2024,Social,Community Investment and Donations,Companies created in incubator,4,companies,,Egypt,s2025.pdf
Egypt-Japan University of Science and Technology,2024,Social,Workforce,Publications in S or A ranked International Conferences,45,publications,,Egypt,s2025.pdf
Egypt-Japan University of Science and Technology,2024,Social,Workforce,Publications in Q1 or Q2 ranked Journals,2,publications,,Egypt,s2025.pdf
Egypt-Japan University of Science and Technology,2024,Social,Workforce,Publications in Impacted Journals (PharmD),4,publications,,Egypt,s2025.pdf
Egypt-Japan University of Science and Technology,2024,Social,Employee Diversity,Current international postgraduate students (TICAD7 scholarship),44,students,,Egypt,s2025.pdf
Egypt-Japan University of Science and Technology,2024,Social,Employee Diversity,Current international postgraduate students (TICAD8 scholarship),6,students,,Egypt,s2025.pdf
Egypt-Japan University of Science and Technology,2024,Social,Employee Diversity,Current international postgraduate students (Toyota Tsusho Scholarship),1,student,,Egypt,s2025.pdf
Egypt-Japan University of Science and Technology,2024,Social,Community Investment and Donations,Applications submitted for AUF South-South Mobility Program,5,applications,,Egypt,s2025.pdf
Egypt-Japan University of Science and Technology,2024,Financial,Community Investment and Donations,Percentage of Sharm El Sheikh trip cost covered by E-JUST,80,%,,Egypt,s2025.pdf
Egypt-Japan University of Science and Technology,2024,Financial,Community Investment and Donations,Percentage of Sharm El Sheikh trip cost required from students,20,%,,Egypt,s2025.pdf
Egypt-Japan University of Science and Technology,2024,Social,Community Investment and Donations,International students joining Sharm El Sheikh trip,55,students,,Egypt,s2025.pdf
Egypt-Japan University of Science and Technology,2024,Social,Workforce,New housing compound capacity,1700,employees and students,,Egypt,s2025.pdf
Egypt-Japan University of Science and Technology,2024,Environmental,Carbon footprint and intensity,Green areas in new housing compound,75,%,,Egypt,s2025.pdf
Egypt-Japan University of Science and Technology,2010,Environmental,Energy consumption,Solar electricity generation system capacity,560,kW,,Egypt,s2025.pdf
Egypt-Japan University of Science and Technology,2010,Financial,Sustainability Investments,JICA grant for solar electricity generation system,970000000,Japanese Yen,,Egypt,s2025.pdf
Egypt-Japan University of Science and Technology,2024,Environmental,Carbon footprint and intensity,Area dedicated to greenery,27,acres,,Egypt,s2025.pdf
Egypt-Japan University of Science and Technology,2024,Social,Community Engagement,Children participated in 'Ecological Footprint' workshop,50,children,,Egypt,s2025.pdf
Egypt-Japan University of Science and Technology,2024,Social,Community Engagement,Groups of children working in 'Ecological Footprint' workshop,7,groups,,Egypt,s2025.pdf
Egypt-Japan University of Science and Technology,2024,Social,Community Engagement,Students in Tokyo Metropolitan Government delegation,24,students,,Egypt,s2025.pdf
Egypt-Japan University of Science and Technology,2024,Social,Community Engagement,Teachers in Tokyo Metropolitan Government delegation,6,teachers,,Egypt,s2025.pdf
Egypt-Japan University of Science and Technology,2024,Social,Community Engagement,Staff members in Tokyo Metropolitan Government delegation,3,staff members,,Egypt,s2025.pdf
Egypt-Japan University of Science and Technology,2024,Social,Scholarships,Master's scholarships offered by African Development Bank and Government of Japan,3,scholarships,,Egypt,s2025.pdf
Egypt-Japan University of Science and Technology,2024,Social,Scholarships,Master's scholarships for Egyptian students,2,scholarships,,Egypt,s2025.pdf
Egypt-Japan University of Science and Technology,2024,Social,Scholarships,Master's scholarships for African students,1,scholarship,,Egypt,s2025.pdf
Egypt-Japan University of Science and Technology,2024,Governance,Stakeholder Engagement,Arab University Ranking (Times Higher Education),60,rank,,Egypt,s2025.pdf
Egypt-Japan University of Science and Technology,2024,Governance,Stakeholder Engagement,Rank in Egypt (Times Higher Education Arab University Ranking),8,rank,,Egypt,s2025.pdf
Egypt-Japan University of Science and Technology,2025,Governance,Stakeholder Engagement,World University Ranking (Times Higher Education),501,rank,,Egypt,s2025.pdf
Egypt-Japan University of Science and Technology,2025,Governance,Stakeholder Engagement,Ranking leap in Times Higher Education World University Rankings compared to previous year,100,positions,,Egypt,s2025.pdf
Egypt-Japan University of Science and Technology,2025,Governance,Stakeholder Engagement,Other ranked Egyptian universities in Times Higher Education World University Rankings,35,universities,,Egypt,s2025.pdf
Egypt-Japan University of Science and Technology,2024,Social,Community Investment and Donations,Students winning 2nd place in Go Dive Derby competition,15,students,,Egypt,s2025.pdf
Egypt-Japan University of Science and Technology,2024,Social,Community Investment and Donations,Students winning 2nd place in 8th International Military Technical College Drone Challenge,8,students,,Egypt,s2025.pdf
Egypt-Japan University of Science and Technology,2024,Social,Community Investment and Donations,Team score in SAS Curiosity Cup (out of global competitors),15,rank,,Egypt,s2025.pdf
Egypt-Japan University of Science and Technology,2024,Social,Community Investment and Donations,Total global competitors in SAS Curiosity Cup,110,competitors,,Egypt,s2025.pdf
Egypt-Japan University of Science and Technology,2024,Social,Community Engagement,Students attending E-JUST Science Café,260,students,,Egypt,s2025.pdf
Egypt-Japan University of Science and Technology,2024,Social,Community Engagement,Supervisors attending E-JUST Science Café,15,supervisors,,Egypt,s2025.pdf
Egypt-Japan University of Science and Technology,2024,Social,Community Engagement,Schools attending E-JUST Science Café,7,schools,,Egypt,s2025.pdf
Egypt-Japan University of Science and Technology,2024,Social,Community Investment and Donations,Undergraduate and postgraduate students participated in 'Towards Sustainable Future' competition,26,students,,Egypt,s2025.pdf
Egypt-Japan University of Science and Technology,2024,Social,Community Investment and Donations,Research articles presented in 'Towards Sustainable Future' competition,14,articles,,Egypt,s2025.pdf
Egypt-Japan University of Science and Technology,2024,Financial,Community Investment and Donations,First prize in 'Towards Sustainable Future' competition,17000,LE,,Egypt,s2025.pdf
Egypt-Japan University of Science and Technology,2024,Financial,Community Investment and Donations,Second prize in 'Towards Sustainable Future' competition,12000,LE,,Egypt,s2025.pdf
Egypt-Japan University of Science and Technology,2024,Financial,Community Investment and Donations,Third prize in 'Towards Sustainable Future' competition,7000,LE,,Egypt,s2025.pdf
Egypt-Japan University of Science and Technology,2024,Social,Stakeholder Engagement,Attendees at Industry Day (E-JUST Connect),119,attendees,,Egypt,s2025.pdf
Egypt-Japan University of Science and Technology,2024,Social,Stakeholder Engagement,Companies participating in Industry Day (E-JUST Connect),60,companies,,Egypt,s2025.pdf
saib,1978,Financial,Issued and Paid-up Capital,Issued and paid-up capital,4000000,USD,,Egypt,saib-bank-2023-sustainability-report_20082024-masader.pdf
saib,2023,Financial,Issued and Paid-up Capital,Issued and paid-up capital,331025000,USD,,Egypt,saib-bank-2023-sustainability-report_20082024-masader.pdf
saib,2023,Financial,Shares,Number of shares,33100000,shares,,Egypt,saib-bank-2023-sustainability-report_20082024-masader.pdf
saib,2023,Financial,Shares,Par nominal value per share,10,USD,,Egypt,saib-bank-2023-sustainability-report_20082024-masader.pdf
saib,2023,Social,Customer Count,Number of customers,299894,customers,,Egypt,saib-bank-2023-sustainability-report_20082024-masader.pdf
saib,2023,Social,Customer Accounts,Number of corporate accounts,14004,accounts,,Egypt,saib-bank-2023-sustainability-report_20082024-masader.pdf
saib,2023,Social,Customer Accounts,Number of retail accounts,285890,accounts,,Egypt,saib-bank-2023-sustainability-report_20082024-masader.pdf
saib,2023,Social,Customer Accounts,Number of online banking customers,48464,customers,,Egypt,saib-bank-2023-sustainability-report_20082024-masader.pdf
saib,2023,Social,Branches,Total number of branches,41,branches,,Egypt,saib-bank-2023-sustainability-report_20082024-masader.pdf
saib,2023,Social,Branches,New branches opened,2,branches,,Egypt,saib-bank-2023-sustainability-report_20082024-masader.pdf
saib,2023,Social,ATMs,Total number of ATMs,145,ATMs,,Egypt,saib-bank-2023-sustainability-report_20082024-masader.pdf
saib,2023,Social,ATMs,ATM machines increased in 2023 (from),24,ATMs,,Egypt,saib-bank-2023-sustainability-report_20082024-masader.pdf
saib,2024,Social,ATMs,Planned ATM machines by end of year,200,ATMs,,Egypt,saib-bank-2023-sustainability-report_20082024-masader.pdf
saib,2023,Social,Geographical Spread,Number of governorates with presence,14,governorates,,Egypt,saib-bank-2023-sustainability-report_20082024-masader.pdf
saib,2022,Governance,Ethics and Compliance Metrics,JP Morgan Elite Award for Process Quality accuracy rate (MT 103 payments),99.63,%,,Egypt,saib-bank-2023-sustainability-report_20082024-masader.pdf
saib,2023,Governance,Board Composition and Diversity,Major Shareholder: Arab International Bank,51.02,%,,Egypt,saib-bank-2023-sustainability-report_20082024-masader.pdf
saib,2023,Governance,Board Composition and Diversity,Major Shareholder: The Arab Contractors Investment Company,17.29,%,,Egypt,saib-bank-2023-sustainability-report_20082024-masader.pdf
saib,2023,Governance,Board Composition and Diversity,Major Shareholder: Misr Life Insurance Company,11.29,%,,Egypt,saib-bank-2023-sustainability-report_20082024-masader.pdf
saib,2023,Governance,Board Composition and Diversity,Major Shareholder: Misr Insurance Company,10.27,%,,Egypt,saib-bank-2023-sustainability-report_20082024-masader.pdf
saib,2023,Governance,Board Composition and Diversity,Shares held through public subscription,10.13,%,,Egypt,saib-bank-2023-sustainability-report_20082024-masader.pdf
saib,2023,Financial,Profitability,Pre-tax profit,51300000,USD,,Egypt,saib-bank-2023-sustainability-report_20082024-masader.pdf
saib,2023,Financial,Profitability,Pre-tax profit increase from previous year,6,%,,Egypt,saib-bank-2023-sustainability-report_20082024-masader.pdf
saib,2023,Financial,Profitability,Net profit,31200000,USD,,Egypt,saib-bank-2023-sustainability-report_20082024-masader.pdf
saib,2023,Financial,Profitability,Net profit increase from previous year,3,%,,Egypt,saib-bank-2023-sustainability-report_20082024-masader.pdf
saib,2021,Environmental,Carbon Footprint,First greenhouse gas (GHG) emissions calculations conducted,1,event,,Egypt,saib-bank-2023-sustainability-report_20082024-masader.pdf
saib,2023,Financial,Revenue,Total Revenue,436658497,USD,,Egypt,saib-bank-2023-sustainability-report_20082024-masader.pdf
saib,2023,Financial,Profitability,EBITDA,59410283,USD,,Egypt,saib-bank-2023-sustainability-report_20082024-masader.pdf
saib,2023,Financial,Profitability,Net Profit,31155961,USD,,Egypt,saib-bank-2023-sustainability-report_20082024-masader.pdf
saib,2023,Financial,Balance Sheet,Total Liabilities,3085071368,USD,,Egypt,saib-bank-2023-sustainability-report_20082024-masader.pdf
saib,2023,Financial,Balance Sheet,Total Assets,3484628313,USD,,Egypt,saib-bank-2023-sustainability-report_20082024-masader.pdf
saib,2023,Financial,Balance Sheet,Total Equities,399556945,USD,,Egypt,saib-bank-2023-sustainability-report_20082024-masader.pdf
saib,2023,Governance,Board Composition and Diversity,Women representation on the Board,10,%,,Egypt,saib-bank-2023-sustainability-report_20082024-masader.pdf
saib,2023,Governance,Board Composition and Diversity,Board Meetings Conducted,9,meetings,,Egypt,saib-bank-2023-sustainability-report_20082024-masader.pdf
saib,2023,Governance,Policy Adoption Rates,"Reviewed Policies, Procedures and Operational References",52,policies/procedures,,Egypt,saib-bank-2023-sustainability-report_20082024-masader.pdf
saib,2023,Governance,Ethics and Compliance Metrics,Ethics and Compliance Training hours per employee,28,hours,,Egypt,saib-bank-2023-sustainability-report_20082024-masader.pdf
saib,2023,Social,Employee Diversity,Female Workforce,25.5,%,,Egypt,saib-bank-2023-sustainability-report_20082024-masader.pdf
saib,2023,Social,Total Employees and Workforce,Total Workforce,1781,employees,,Egypt,saib-bank-2023-sustainability-report_20082024-masader.pdf
saib,2023,Social,Total Employees and Workforce,New Hires,153,employees,,Egypt,saib-bank-2023-sustainability-report_20082024-masader.pdf
saib,2023,Social,Health and Safety Metrics,Training Hours,24889,hours,,Egypt,saib-bank-2023-sustainability-report_20082024-masader.pdf
saib,2023,Social,Employee Diversity,Employees with Disability,4.45,%,,Egypt,saib-bank-2023-sustainability-report_20082024-masader.pdf
saib,2023,Environmental,GHG Emissions,Total Carbon Footprint,2340,tCO2e,Total,Egypt,saib-bank-2023-sustainability-report_20082024-masader.pdf
saib,2023,Environmental,Energy Consumption,Total Energy Consumption,2766,MWh,,Egypt,saib-bank-2023-sustainability-report_20082024-masader.pdf
saib,2023,Environmental,Waste Generation and Recycling,Waste Generated,150,Tons,,Egypt,saib-bank-2023-sustainability-report_20082024-masader.pdf
Egypt,2030,Environmental,GHG Emissions,Target to reduce GHG emissions compared to business as usual,33,%,,Egypt,saib-bank-2023-sustainability-report_20082024-masader.pdf
Egypt,2035,Environmental,Energy Consumption,Target to raise share of renewable energy in electricity mix,42,%,,Egypt,saib-bank-2023-sustainability-report_20082024-masader.pdf
Egypt,2023,Social,Employee Diversity,Employment rate of disabled men in formal sector (national data),60,%,,Egypt,saib-bank-2023-sustainability-report_20082024-masader.pdf
Egypt,2023,Social,Employee Diversity,Employment rate of disabled women in informal sector (national data),57.7,%,,Egypt,saib-bank-2023-sustainability-report_20082024-masader.pdf
Egypt,2023,Financial,Green Finance Metrics,CBE encouragement for soft loan allocation to SMEs,25,%,,Egypt,saib-bank-2023-sustainability-report_20082024-masader.pdf
Egypt,2024,Financial,Green Finance Metrics,Target for green projects,50,%,,Egypt,saib-bank-2023-sustainability-report_20082024-masader.pdf
saib,2023,Financial,Balance Sheet,Total Assets (change from previous year),0.1,%,,Egypt,saib-bank-2023-sustainability-report_20082024-masader.pdf
saib,2023,Financial,Balance Sheet,Total Liabilities (change from previous year),2,%,,Egypt,saib-bank-2023-sustainability-report_20082024-masader.pdf
saib,2023,Financial,Customer Deposits,Customer Deposits (change from previous year),6.4,%,,Egypt,saib-bank-2023-sustainability-report_20082024-masader.pdf
saib,2023,Financial,Balance Sheet,Total liabilities and equity (change from previous year),0.1,%,,Egypt,saib-bank-2023-sustainability-report_20082024-masader.pdf
saib,2023,Financial,Balance Sheet,Net Assets (change from previous year),17,%,,Egypt,saib-bank-2023-sustainability-report_20082024-masader.pdf
saib,2023,Financial,Balance Sheet,Total equity (change from previous year),17,%,,Egypt,saib-bank-2023-sustainability-report_20082024-masader.pdf
saib,2023,Financial,Sustainability Investments,Investment in Water for Life Initiative,550000,EGP,,Egypt,saib-bank-2023-sustainability-report_20082024-masader.pdf
saib,2023,Social,Community Investment and Donations,Beneficiaries of Water for Life Initiative,25000,citizens,,Egypt,saib-bank-2023-sustainability-report_20082024-masader.pdf
saib,2023,Governance,Board Composition and Diversity,Board Member Meetings Attendance: Mr. Tarek El-Kholy,9,meetings,,Egypt,saib-bank-2023-sustainability-report_20082024-masader.pdf
saib,2023,Governance,Board Composition and Diversity,Board Member Tenure: Mr. Tarek El-Kholy,5.58,years,,Egypt,saib-bank-2023-sustainability-report_20082024-masader.pdf
saib,2023,Governance,Board Composition and Diversity,Board Member Meetings Attendance: Mr. Fahmy Kamal Hanna,9,meetings,,Egypt,saib-bank-2023-sustainability-report_20082024-masader.pdf
saib,2023,Governance,Board Composition and Diversity,Board Member Tenure: Mr. Fahmy Kamal Hanna,1.08,years,,Egypt,saib-bank-2023-sustainability-report_20082024-masader.pdf
saib,2023,Governance,Board Composition and Diversity,Board Member Meetings Attendance: Mr. Hatem Sadek,9,meetings,,Egypt,saib-bank-2023-sustainability-report_20082024-masader.pdf
saib,2023,Governance,Board Composition and Diversity,Board Member Tenure: Mr. Hatem Sadek,1.75,years,,Egypt,saib-bank-2023-sustainability-report_20082024-masader.pdf
saib,2023,Governance,Board Composition and Diversity,Board Member Meetings Attendance: Mr. Hassan Mokhtar Hegazy Kamal Eldin,9,meetings,,Egypt,saib-bank-2023-sustainability-report_20082024-masader.pdf
saib,2023,Governance,Board Composition and Diversity,Board Member Tenure: Mr. Hassan Mokhtar Hegazy Kamal Eldin,5.67,years,,Egypt,saib-bank-2023-sustainability-report_20082024-masader.pdf
saib,2023,Governance,Board Composition and Diversity,Board Member Meetings Attendance: Gen. Abu Bakr Mahmoud El Gindi,9,meetings,,Egypt,saib-bank-2023-sustainability-report_20082024-masader.pdf
saib,2023,Governance,Board Composition and Diversity,Board Member Tenure: Gen. Abu Bakr Mahmoud El Gindi,5,years,,Egypt,saib-bank-2023-sustainability-report_20082024-masader.pdf
saib,2023,Governance,Board Composition and Diversity,Board Member Meetings Attendance: Mr. Sayed Farouk Abdel Hamid Elbaroudy,9,meetings,,Egypt,saib-bank-2023-sustainability-report_20082024-masader.pdf
saib,2023,Governance,Board Composition and Diversity,Board Member Tenure: Mr. Sayed Farouk Abdel Hamid Elbaroudy,7.42,years,,Egypt,saib-bank-2023-sustainability-report_20082024-masader.pdf
saib,2023,Governance,Board Composition and Diversity,Board Member Meetings Attendance: Mr. Omar Abdelhamid Ibrahim Gouda,9,meetings,,Egypt,saib-bank-2023-sustainability-report_20082024-masader.pdf
saib,2023,Governance,Board Composition and Diversity,Board Member Tenure: Mr. Omar Abdelhamid Ibrahim Gouda,2.67,years,,Egypt,saib-bank-2023-sustainability-report_20082024-masader.pdf
saib,2023,Governance,Board Composition and Diversity,Board Member Meetings Attendance: Dr. Mohamed Ahmed Mohamed Youssef,9,meetings,,Egypt,saib-bank-2023-sustainability-report_20082024-masader.pdf
saib,2023,Governance,Board Composition and Diversity,Board Member Tenure: Dr. Mohamed Ahmed Mohamed Youssef,2.25,years,,Egypt,saib-bank-2023-sustainability-report_20082024-masader.pdf
saib,2023,Governance,Board Composition and Diversity,Board Member Meetings Attendance: Mr. Abdel Rahman Mohamed Shatla,6,meetings,,Egypt,saib-bank-2023-sustainability-report_20082024-masader.pdf
saib,2023,Governance,Board Composition and Diversity,Board Member Tenure: Mr. Abdel Rahman Mohamed Shatla,0.75,years,,Egypt,saib-bank-2023-sustainability-report_20082024-masader.pdf
saib,2023,Governance,Board Composition and Diversity,Board Member Meetings Attendance: Mrs. May Abdel Hamid Ahmed Elsayed,9,meetings,,Egypt,saib-bank-2023-sustainability-report_20082024-masader.pdf
saib,2023,Governance,Board Composition and Diversity,Board Member Tenure: Mrs. May Abdel Hamid Ahmed Elsayed,4.67,years,,Egypt,saib-bank-2023-sustainability-report_20082024-masader.pdf
saib,2023,Governance,Board Composition and Diversity,Board Member Meetings Attendance: Dr. Ahmed Abdel Salam Abdel Aziz,9,meetings,,Egypt,saib-bank-2023-sustainability-report_20082024-masader.pdf
saib,2023,Governance,Board Composition and Diversity,Board Member Tenure: Dr. Ahmed Abdel Salam Abdel Aziz,5.67,years,,Egypt,saib-bank-2023-sustainability-report_20082024-masader.pdf
saib,2023,Governance,Board Composition and Diversity,Board Member Meetings Attendance: Mr. Khaled Gamil Helal Omar,7,meetings,,Egypt,saib-bank-2023-sustainability-report_20082024-masader.pdf
saib,2023,Governance,Board Composition and Diversity,Board Member Tenure: Mr. Khaled Gamil Helal Omar,0.83,years,,Egypt,saib-bank-2023-sustainability-report_20082024-masader.pdf
saib,2023,Governance,Board Composition and Diversity,Shari’ah Board Member Meetings Attendance: Dr. Ahmed Omar Hashem,11,meetings,,Egypt,saib-bank-2023-sustainability-report_20082024-masader.pdf
saib,2023,Governance,Board Composition and Diversity,Shari’ah Board Member Tenure: Dr. Ahmed Omar Hashem,4,years,,Egypt,saib-bank-2023-sustainability-report_20082024-masader.pdf
saib,2023,Governance,Board Composition and Diversity,Shari’ah Board Member Meetings Attendance: Dr. Abbas Abd Allah Abbas Shoman,16,meetings,,Egypt,saib-bank-2023-sustainability-report_20082024-masader.pdf
saib,2023,Governance,Board Composition and Diversity,Shari’ah Board Member Tenure: Dr. Abbas Abd Allah Abbas Shoman,4,years,,Egypt,saib-bank-2023-sustainability-report_20082024-masader.pdf
saib,2023,Governance,Board Composition and Diversity,Shari’ah Board Member Meetings Attendance: Dr. Abdul Salam Abdul Monsef Ali Lasheen,16,meetings,,Egypt,saib-bank-2023-sustainability-report_20082024-masader.pdf
saib,2023,Governance,Board Composition and Diversity,Shari’ah Board Member Tenure: Dr. Abdul Salam Abdul Monsef Ali Lasheen,4,years,,Egypt,saib-bank-2023-sustainability-report_20082024-masader.pdf
saib,2023,Governance,Board Composition and Diversity,Audit Committee Meetings,9,meetings,,Egypt,saib-bank-2023-sustainability-report_20082024-masader.pdf
saib,2023,Governance,Board Composition and Diversity,Risk Committee Meetings,5,meetings,,Egypt,saib-bank-2023-sustainability-report_20082024-masader.pdf
saib,2023,Governance,Board Composition and Diversity,Corporate Governance and Nomination Committee Meetings,2,meetings,,Egypt,saib-bank-2023-sustainability-report_20082024-masader.pdf
saib,2023,Governance,Board Composition and Diversity,Remuneration and Compensation Committee Meetings,3,meetings,,Egypt,saib-bank-2023-sustainability-report_20082024-masader.pdf
saib,2023,Governance,Ethics and Compliance Metrics,Employees receiving and acknowledging ethics & compliance material,100,%,,Egypt,saib-bank-2023-sustainability-report_20082024-masader.pdf
saib,2023,Governance,Ethics and Compliance Metrics,Employees receiving and acknowledging Code of Conduct,100,%,,Egypt,saib-bank-2023-sustainability-report_20082024-masader.pdf
saib,2023,Governance,Ethics and Compliance Metrics,Employees receiving AML & CTF Training Initiative,100,%,,Egypt,saib-bank-2023-sustainability-report_20082024-masader.pdf
saib,2023,Governance,Ethics and Compliance Metrics,Employees receiving Anti-Corruption Training,100,%,,Egypt,saib-bank-2023-sustainability-report_20082024-masader.pdf
saib,2023,Financial,Digitalization and Innovation,Digital banking transactions from total bank entitled transactions,86,%,,Egypt,saib-bank-2023-sustainability-report_20082024-masader.pdf
saib,2023,Financial,Digitalization and Innovation,Total corporate transfers conducted through corporate Internet banking,13.6,%,,Egypt,saib-bank-2023-sustainability-report_20082024-masader.pdf
saib,2023,Social,Customer Accounts,saib Wallet customers,9300,customers,,Egypt,saib-bank-2023-sustainability-report_20082024-masader.pdf
saib,2023,Social,Customer Accounts,saib Wallet transactions,104000,transactions,,Egypt,saib-bank-2023-sustainability-report_20082024-masader.pdf
saib,2023,Financial,Digitalization and Innovation,saib Wallet total transaction value,188000000,EGP,,Egypt,saib-bank-2023-sustainability-report_20082024-masader.pdf
saib,2023,Social,Customer Accounts,IPN subscribers,22519,subscribers,,Egypt,saib-bank-2023-sustainability-report_20082024-masader.pdf
saib,2023,Financial,Digitalization and Innovation,IPN incoming transfers,3700000000,EGP,,Egypt,saib-bank-2023-sustainability-report_20082024-masader.pdf
saib,2023,Financial,Digitalization and Innovation,IPN outgoing transfers,3100000000,EGP,,Egypt,saib-bank-2023-sustainability-report_20082024-masader.pdf
saib,2023,Financial,Digitalization and Innovation,Total credit card payments through all digital channels,81.65,%,,Egypt,saib-bank-2023-sustainability-report_20082024-masader.pdf
saib,2023,Financial,Digitalization and Innovation,Withdrawal and deposit transactions from cards and e-wallets,3200000,transactions,,Egypt,saib-bank-2023-sustainability-report_20082024-masader.pdf
saib,2023,Social,Customer Accounts,SMS subscribers,65000,subscribers,,Egypt,saib-bank-2023-sustainability-report_20082024-masader.pdf
saib,2023,Social,Branches,Number of Cube Places,4,places,,Egypt,saib-bank-2023-sustainability-report_20082024-masader.pdf
Egypt,2013,Social,Customer Count,Total bank customers (national data),9500000,customers,,Egypt,saib-bank-2023-sustainability-report_20082024-masader.pdf
Egypt,2023,Social,Customer Count,Total bank customers (national data),44600000,customers,,Egypt,saib-bank-2023-sustainability-report_20082024-masader.pdf
Egypt,2023,Social,Customer Accounts,Internet banking users as percentage of total customers (national data),25,%,,Egypt,saib-bank-2023-sustainability-report_20082024-masader.pdf
Egypt,2023,Social,Customer Accounts,Issued debit cards by Egyptian banks (national data),24000000,cards,,Egypt,saib-bank-2023-sustainability-report_20082024-masader.pdf
Egypt,2023,Social,Customer Accounts,Issued prepaid cards by Egyptian banks (national data),30000000,cards,,Egypt,saib-bank-2023-sustainability-report_20082024-masader.pdf
Egypt,2023,Social,Customer Accounts,Issued credit cards by Egyptian banks (national data),5000000,cards,,Egypt,saib-bank-2023-sustainability-report_20082024-masader.pdf
saib,2023,Financial,Green Finance Metrics,Sustainable Development Portfolio,1000000000,EGP,,Egypt,saib-bank-2023-sustainability-report_20082024-masader.pdf
saib,2023,Financial,Digitalization and Innovation,InstaPay transactions total value,7000000000,EGP,,Egypt,saib-bank-2023-sustainability-report_20082024-masader.pdf
saib,2023,Financial,Digitalization and Innovation,IPN as percentage of total digital transactions,28,%,,Egypt,saib-bank-2023-sustainability-report_20082024-masader.pdf
saib,2023,Social,Employee Diversity,Females in Management Positions,23,%,,Egypt,saib-bank-2023-sustainability-report_20082024-masader.pdf
saib,2023,Social,Employee Diversity,Females Among New Hires,32.6,%,,Egypt,saib-bank-2023-sustainability-report_20082024-masader.pdf
saib,2023,Social,Employee Diversity,Employees Breakdown by Age Group: Under 30,17,%,,Egypt,saib-bank-2023-sustainability-report_20082024-masader.pdf
saib,2023,Social,Employee Diversity,Employees Breakdown by Age Group: 30-50,63,%,,Egypt,saib-bank-2023-sustainability-report_20082024-masader.pdf
saib,2023,Social,Employee Diversity,Employees Breakdown by Age Group: Above 50,20,%,,Egypt,saib-bank-2023-sustainability-report_20082024-masader.pdf
saib,2023,Social,Total Employees and Workforce,Total turnover rate,2.58,%,,Egypt,saib-bank-2023-sustainability-report_20082024-masader.pdf
saib,2023,Social,Total Employees and Workforce,Employees leaving the organization,46,employees,,Egypt,saib-bank-2023-sustainability-report_20082024-masader.pdf
saib,2023,Social,Total Employees and Workforce,Females leaving the organization,16,females,,Egypt,saib-bank-2023-sustainability-report_20082024-masader.pdf
saib,2023,Social,Health and Safety Metrics,Average Training Hours per Employee,14,hours,,Egypt,saib-bank-2023-sustainability-report_20082024-masader.pdf
saib,2023,Social,Community Investment and Donations,Ramadan bags distributed through 'El Ozouma' initiative,6900,bags,,Egypt,saib-bank-2023-sustainability-report_20082024-masader.pdf
saib,2023,Social,Community Investment and Donations,Students sponsored at Elsewedy Technical Academy (STA),20,students,,Egypt,saib-bank-2023-sustainability-report_20082024-masader.pdf
saib,2023,Social,Community Investment and Donations,Duration of student sponsorship at STA,3,years,,Egypt,saib-bank-2023-sustainability-report_20082024-masader.pdf
saib,2023,Social,Community Investment and Donations,Donation to Al Kasr Al Ainy Medical School for free eye surgeries,3000000,EGP,,Egypt,saib-bank-2023-sustainability-report_20082024-masader.pdf
saib,2023,Social,Community Investment and Donations,"Contribution to Magdi Yacoub Foundation for radiology room, surgeries, and nurse training",3000000,EGP,,Egypt,saib-bank-2023-sustainability-report_20082024-masader.pdf
saib,2023,Social,Community Investment and Donations,Percentage of debit card transaction value donated to Magdi Yacoub Heart Foundation,1,%,,Egypt,saib-bank-2023-sustainability-report_20082024-masader.pdf
saib,2023,Social,Community Investment and Donations,Minimum opening deposit for Youth Account,500,EGP,,Egypt,saib-bank-2023-sustainability-report_20082024-masader.pdf
saib,2023,Social,Community Investment and Donations,Discount on administrative fees for youth personal loans,50,%,,Egypt,saib-bank-2023-sustainability-report_20082024-masader.pdf
saib,2023,Social,Employee Diversity,ATMs upgraded with specialized technologies for disabilities,10,%,,Egypt,saib-bank-2023-sustainability-report_20082024-masader.pdf
saib,2023,Social,Community Investment and Donations,Participants in sports day for people with physical disabilities,300,participants,,Egypt,saib-bank-2023-sustainability-report_20082024-masader.pdf
Deraya University,2024,Governance,Reporting Period,Sustainability Report Coverage Period,1,year,September 2023 to September 2024,Egypt,SUSTAINABILITY-REPORT-2024-2.pdf
Deraya University,2010,Governance,Founding Year,University Establishment Year,2010,year,,Egypt,SUSTAINABILITY-REPORT-2024-2.pdf
Deraya University,2024,Social,Academic Structure,Number of Colleges,4,colleges,,Egypt,SUSTAINABILITY-REPORT-2024-2.pdf
Deraya University,2024,Social,Academic Programs,Number of Undergraduate Programs,7,programs,,Egypt,SUSTAINABILITY-REPORT-2024-2.pdf
Deraya University,2024,Social,Academic Programs,Number of Graduate Programs,2,programs,,Egypt,SUSTAINABILITY-REPORT-2024-2.pdf
Deraya University,2024,Social,University Ranking,Pharmacy College Global Ranking (Shanghai Global Ranking of Academic Subjects),500,rank,Top,Egypt,SUSTAINABILITY-REPORT-2024-2.pdf
Deraya University,2024,Social,Community Investment,Number of Strategic Partnerships (SDG 17),4,partnerships,,Egypt,SUSTAINABILITY-REPORT-2024-2.pdf
Deraya University,2024,Social,Student Enrollment,Number of Undergraduate and Graduate Students,5000,students,Over,Egypt,SUSTAINABILITY-REPORT-2024-2.pdf
Deraya University,2024,Social,Employee Training,Participants in 'Effective Hybrid/Hyflex Strategies and Active Learning' Workshop,16,participants,,Egypt,SUSTAINABILITY-REPORT-2024-2.pdf
Deraya University,2024,Social,Employee Training,Participants in 'Constructive Assessment for Learning in Higher Education' Workshop,19,participants,,Egypt,SUSTAINABILITY-REPORT-2024-2.pdf
Deraya University,2024,Social,Employee Training,Participants in 'Problem Solving and Teamwork Enhancement' Workshop,20,participants,,Egypt,SUSTAINABILITY-REPORT-2024-2.pdf
Deraya University,2024,Social,Employee Training,Participants in 'University Exams and Digital Question Banks' Workshop,26,participants,,Egypt,SUSTAINABILITY-REPORT-2024-2.pdf
Deraya University,2024,Social,Employee Training,Participants in 'Academic Integrity' Workshop,29,participants,,Egypt,SUSTAINABILITY-REPORT-2024-2.pdf
Deraya University,2024,Social,Employee Training,Participants in 'Pre-Empting and Managing Conflict' Workshop,18,participants,,Egypt,SUSTAINABILITY-REPORT-2024-2.pdf
Deraya University,2024,Social,Employee Training,Participants in 'Scientific Writing: Structure and Logic' Workshop,14,participants,,Egypt,SUSTAINABILITY-REPORT-2024-2.pdf
Deraya University,2024,Social,Employee Training,Participants in 'Proposal Writing for Master’s & PhD Candidates' Workshop,15,participants,,Egypt,SUSTAINABILITY-REPORT-2024-2.pdf
Deraya University,2024,Social,Employee Training,Participants in 'Learning Projects in Blended Learning' Workshop,15,participants,,Egypt,SUSTAINABILITY-REPORT-2024-2.pdf
Deraya University,2024,Social,Employee Training,Participants in 'Learning Through Projects' Workshop,28,participants,,Egypt,SUSTAINABILITY-REPORT-2024-2.pdf
Deraya University,2024,Social,Employee Training,Participants in 'Innovation in Chemical and Pharmaceutical Sciences: Reaxys Results' Workshop,30,participants,,Egypt,SUSTAINABILITY-REPORT-2024-2.pdf
Deraya University,2024,Social,Employee Training,Participants in 'Artificial Intelligence in Higher Education' Workshop,25,participants,,Egypt,SUSTAINABILITY-REPORT-2024-2.pdf
Deraya University,2024,Social,Employee Training,Participants in 'Taking Your Classroom Online' Workshop,17,participants,,Egypt,SUSTAINABILITY-REPORT-2024-2.pdf
Deraya University,2024,Social,Employee Training,Total Training Modules Offered by DAAD,1255,modules,Over,Egypt,SUSTAINABILITY-REPORT-2024-2.pdf
Deraya University,2024,Social,Employee Training,Academic Staff Participants in Training Modules,217,staff members,,Egypt,SUSTAINABILITY-REPORT-2024-2.pdf
Deraya University,2024,Social,Community Engagement,Participants in Entrepreneurship Workshop,600,participants,,Egypt,SUSTAINABILITY-REPORT-2024-2.pdf
Deraya University,2024,Social,Community Engagement,Participants in 'Cultural Diversity and Sustainable Development' Lecture,51,participants,,Egypt,SUSTAINABILITY-REPORT-2024-2.pdf
Deraya University,2024,Social,Community Engagement,Participants in 'Sustainable Development in Higher Education' Workshop,63,participants,,Egypt,SUSTAINABILITY-REPORT-2024-2.pdf
Deraya University,2023,Social,Research Publications,Publications Aligned with SDG 3 (Good Health and Well-being),242,publications,,Egypt,SUSTAINABILITY-REPORT-2024-2.pdf
Deraya University,2023,Social,Research Publications,"Publications Aligned with SDG 9 (Industry, Innovation, and Infrastructure)",9,publications,,Egypt,SUSTAINABILITY-REPORT-2024-2.pdf
Deraya University,2023,Social,Research Publications,Publications Aligned with SDG 12 (Responsible Consumption and Production),6,publications,,Egypt,SUSTAINABILITY-REPORT-2024-2.pdf
Deraya University,2023,Social,Research Publications,"Publications Aligned with SDG 16 (Peace, Justice, and Strong Institutions)",5,publications,,Egypt,SUSTAINABILITY-REPORT-2024-2.pdf
Deraya University,2024,Environmental,Research Publications,Publications in Green Chemistry,10,publications,Over,Egypt,SUSTAINABILITY-REPORT-2024-2.pdf
Deraya University,2024,Social,Research Collaboration,International Collaboration Rate,54.8,%,,Egypt,SUSTAINABILITY-REPORT-2024-2.pdf
Deraya University,2024,Social,Research Collaboration,National Collaboration Rate,42.3,%,,Egypt,SUSTAINABILITY-REPORT-2024-2.pdf
Deraya University,2024,Social,Research Collaboration,Institutional Collaboration Rate,2.7,%,,Egypt,SUSTAINABILITY-REPORT-2024-2.pdf
Deraya University,2024,Social,Student Innovation,Teams Participating in Startup Olympics,10,teams,,Egypt,SUSTAINABILITY-REPORT-2024-2.pdf
Deraya University,2024,Social,Student Innovation,Teams Awarded in Startup Olympics,3,teams,,Egypt,SUSTAINABILITY-REPORT-2024-2.pdf
Deraya University,2023,Social,Health and Safety Metrics,Counseling and Wellness Center Cases Managed (since 2022/2023),630,cases,,Egypt,SUSTAINABILITY-REPORT-2024-2.pdf
Deraya University,2024,Social,Health and Safety Metrics,Counseling and Wellness Center Cases Managed Annually,250,cases,Approximately,Egypt,SUSTAINABILITY-REPORT-2024-2.pdf
Deraya University,2024,Social,Community Investment,Adults Receiving Dental Care in Medical Convoys,3255,adults,September 2023 to September 2024,Egypt,SUSTAINABILITY-REPORT-2024-2.pdf
Deraya University,2024,Social,Community Investment,Children Receiving Dental Care in Medical Convoys,475,children,September 2023 to September 2024,Egypt,SUSTAINABILITY-REPORT-2024-2.pdf
Deraya University,2024,Social,Health and Safety Metrics,Orthopedic Physiotherapy Sessions,6328,sessions,2023-2024,Egypt,SUSTAINABILITY-REPORT-2024-2.pdf
Deraya University,2024,Social,Health and Safety Metrics,Neurological Physiotherapy Sessions,3728,sessions,2023-2024,Egypt,SUSTAINABILITY-REPORT-2024-2.pdf
Deraya University,2024,Social,Health and Safety Metrics,Pediatric Physiotherapy Sessions,3853,sessions,2023-2024,Egypt,SUSTAINABILITY-REPORT-2024-2.pdf
Deraya University,2024,Social,Health and Safety Metrics,Dermatological and Burn Physiotherapy Sessions,1258,sessions,2023-2024,Egypt,SUSTAINABILITY-REPORT-2024-2.pdf
Deraya University,2024,Social,Health and Safety Metrics,Women’s Health Physiotherapy Sessions,346,sessions,2023-2024,Egypt,SUSTAINABILITY-REPORT-2024-2.pdf
Deraya University,2024,Social,Health and Safety Metrics,Total Physiotherapy Sessions,16657,sessions,September 2023 to August 2024,Egypt,SUSTAINABILITY-REPORT-2024-2.pdf
Deraya University,2024,Social,Health and Safety Metrics,Economic Physiotherapy Sessions,1620,sessions,September 2023 to August 2024,Egypt,SUSTAINABILITY-REPORT-2024-2.pdf
Deraya University,2024,Social,Health and Safety Metrics,Educational Physiotherapy Sessions,15037,sessions,September 2023 to August 2024,Egypt,SUSTAINABILITY-REPORT-2024-2.pdf
Deraya University,2024,Social,Student Activities,Average Weekly Student Participation in Sports Activities,75,students,,Egypt,SUSTAINABILITY-REPORT-2024-2.pdf
Deraya University,2024,Social,Student Activities,Season Number of Creativity Competition,12,season,,Egypt,SUSTAINABILITY-REPORT-2024-2.pdf
Deraya University,2024,Social,Student Activities,Students Participating in Individual Sports Leagues,138,students,,Egypt,SUSTAINABILITY-REPORT-2024-2.pdf
Deraya University,2024,Social,Student Activities,Football League Teams,38,teams,,Egypt,SUSTAINABILITY-REPORT-2024-2.pdf
Deraya University,2024,Social,Student Activities,Students Participating in Football League,304,students,,Egypt,SUSTAINABILITY-REPORT-2024-2.pdf
Deraya University,2024,Social,Student Activities,Martyr Rifai Course Number,51,course,,Egypt,SUSTAINABILITY-REPORT-2024-2.pdf
Deraya University,2024,Social,Student Activities,Students Engaged in Cultural Information League,44,students,,Egypt,SUSTAINABILITY-REPORT-2024-2.pdf
Deraya University,2024,Social,Student Activities,Students Attending First Aid Course,36,students,,Egypt,SUSTAINABILITY-REPORT-2024-2.pdf
Deraya University,2024,Social,Student Activities,Book Fair Participation Number,55,fair,,Egypt,SUSTAINABILITY-REPORT-2024-2.pdf
Deraya University,2024,Social,Community Investment,Women and Families Receiving Dental Check-ups in Abu Ghrair Village,70,women,,Egypt,SUSTAINABILITY-REPORT-2024-2.pdf
Deraya University,2024,Social,Community Investment,Women Selected for Dental Treatment at University,42,women,,Egypt,SUSTAINABILITY-REPORT-2024-2.pdf
Deraya University,2024,Governance,Policy Adoption Rates,Women’s Violence Unit Establishment Date,2024,year,July 1,Egypt,SUSTAINABILITY-REPORT-2024-2.pdf
Deraya University,2024,Environmental,Water Usage and Withdrawal,Reduction in Water Consumption (due to water well),14,%,July 2023 to July 2024,Egypt,SUSTAINABILITY-REPORT-2024-2.pdf
Deraya University,2026,Environmental,Energy Consumption,Target Reduction in Reliance on Natural Gas,30,%,,Egypt,SUSTAINABILITY-REPORT-2024-2.pdf
Deraya University,2040,Environmental,Carbon Footprint and Intensity,Target for Carbon Neutrality,2040,year,,Egypt,SUSTAINABILITY-REPORT-2024-2.pdf
Deraya University,2024,Environmental,Campus Area,Total Campus Area,47,acres,,Egypt,SUSTAINABILITY-REPORT-2024-2.pdf
Deraya University,2024,Environmental,Campus Area,Total Campus Area,197400,m²,,Egypt,SUSTAINABILITY-REPORT-2024-2.pdf
Deraya University,2024,Environmental,Campus Area,Utilized Campus Area,128746,m²,,Egypt,SUSTAINABILITY-REPORT-2024-2.pdf
Deraya University,2024,Environmental,Campus Area,Building Spaces Area,12850,m²,,Egypt,SUSTAINABILITY-REPORT-2024-2.pdf
Deraya University,2024,Environmental,Campus Area,Green and Planted Areas,12000,m²,,Egypt,SUSTAINABILITY-REPORT-2024-2.pdf
Deraya University,2024,Environmental,Campus Area,"Open Areas (roads, pathways, playgrounds, cafeterias, public spaces)",103896,m²,,Egypt,SUSTAINABILITY-REPORT-2024-2.pdf
Deraya University,2024,Environmental,Sustainable Building Design,Reinforcing Steel Used in Construction,20000,tons,,Egypt,SUSTAINABILITY-REPORT-2024-2.pdf
Deraya University,2024,Environmental,Sustainable Building Design,"Natural Stone, Marble, and Granite Cladding and Flooring Used",100000,m²,,Egypt,SUSTAINABILITY-REPORT-2024-2.pdf
Deraya University,2024,Environmental,Energy Consumption,Reduction in Energy Consumption for Air Conditioning and Heating (due to energy-efficient walls),50,%,,Egypt,SUSTAINABILITY-REPORT-2024-2.pdf
Deraya University,2024,Environmental,Energy Consumption,Reduction in Energy Requirements for Cooling (due to optimal orientation),40,%,,Egypt,SUSTAINABILITY-REPORT-2024-2.pdf
Deraya University,2024,Environmental,Energy Consumption,Reduction in Electricity Consumption (due to LED lighting),30,%,,Egypt,SUSTAINABILITY-REPORT-2024-2.pdf
Deraya University,2024,Environmental,Energy Consumption,Increase in HVAC System Energy Efficiency,20,%,,Egypt,SUSTAINABILITY-REPORT-2024-2.pdf
Deraya University,2024,Environmental,Water Usage and Withdrawal,Reduction in Water Usage (due to low-flow fixtures),25,%,,Egypt,SUSTAINABILITY-REPORT-2024-2.pdf
Deraya University,2024,Environmental,Energy Consumption,Energy Savings from LED Lighting,75,%,Compared to traditional bulbs,Egypt,SUSTAINABILITY-REPORT-2024-2.pdf
Deraya University,2024,Environmental,Energy Consumption,Total Electricity Consumption,2225000,kWh,Annual,Egypt,SUSTAINABILITY-REPORT-2024-2.pdf
Deraya University,2024,Environmental,Water Usage and Withdrawal,Total Annual Water Consumption,79500,m³,Annual,Egypt,SUSTAINABILITY-REPORT-2024-2.pdf
Deraya University,2024,Environmental,Water Usage and Withdrawal,Groundwater Well Production,11185,m³,Annual,Egypt,SUSTAINABILITY-REPORT-2024-2.pdf
Deraya University,2024,Environmental,Water Usage and Withdrawal,Groundwater Well Contribution to Total Water Consumption,14,%,,Egypt,SUSTAINABILITY-REPORT-2024-2.pdf
Deraya University,2024,Environmental,Sustainable Building Design,New Science Building LEED Certification,Gold,LEED Certification,,Egypt,SUSTAINABILITY-REPORT-2024-2.pdf
Deraya University,2024,Environmental,GHG Emissions,Reduction in Greenhouse Gas Emissions (due to energy management systems),20,%,,Egypt,SUSTAINABILITY-REPORT-2024-2.pdf
Deraya University,2024,Environmental,Waste Generation and Recycling,Decrease in Waste Production (due to awareness campaigns),15,%,,Egypt,SUSTAINABILITY-REPORT-2024-2.pdf
Deraya University,2024,Environmental,Waste Generation and Recycling,Reduction in Paper Usage (due to digital initiatives),40,%,,Egypt,SUSTAINABILITY-REPORT-2024-2.pdf
Deraya University,2024,Environmental,Water Usage and Withdrawal,Reduction in Water Usage (due to awareness campaigns),20,%,,Egypt,SUSTAINABILITY-REPORT-2024-2.pdf
Deraya University,2024,Environmental,Water Usage and Withdrawal,Reduction in Water Loss (due to leak detection systems),15,%,,Egypt,SUSTAINABILITY-REPORT-2024-2.pdf
Deraya University,2024,Environmental,Water Usage and Withdrawal,Total Water Demand Covered by Treated Wastewater,50,%,Almost,Egypt,SUSTAINABILITY-REPORT-2024-2.pdf
Deraya University,2024,Environmental,Water Usage and Withdrawal,Campus Landscape Irrigation with Treated Wastewater,100,%,,Egypt,SUSTAINABILITY-REPORT-2024-2.pdf
Deraya University,2024,Environmental,Transportation,Number of Fossil Fuel-Powered Vehicles Owned,6,vehicles,,Egypt,SUSTAINABILITY-REPORT-2024-2.pdf
Deraya University,2024,Environmental,Transportation,Number of Sedan Cars Owned,3,cars,,Egypt,SUSTAINABILITY-REPORT-2024-2.pdf
Deraya University,2024,Environmental,Transportation,Number of Microbuses Owned (14 passengers),1,microbus,,Egypt,SUSTAINABILITY-REPORT-2024-2.pdf
Deraya University,2024,Environmental,Transportation,Number of Minibuses Owned (20-22 passengers),2,minibuses,,Egypt,SUSTAINABILITY-REPORT-2024-2.pdf
Deraya University,2024,Environmental,Transportation,Number of Privately Owned Motorcycles by Employees,25,motorcycles,Approximately,Egypt,SUSTAINABILITY-REPORT-2024-2.pdf
Deraya University,2024,Environmental,Transportation,Number of Rented Minibuses (33 passengers),20,minibuses,20 to 25,Egypt,SUSTAINABILITY-REPORT-2024-2.pdf
Deraya University,2022,Governance,Policy Adoption Rates,Zero-Emission Vehicle (ZEV) Policy Introduction Year,2022,year,,Egypt,SUSTAINABILITY-REPORT-2024-2.pdf
Deraya University,2024,Environmental,Energy Consumption,Number of Electric Vehicle (EV) Charging Stations Installed,20,stations,,Egypt,SUSTAINABILITY-REPORT-2024-2.pdf
Deraya University,2024,Environmental,Transportation,Increase in Electric Vehicles on Campus (since ZEV policy),15,%,,Egypt,SUSTAINABILITY-REPORT-2024-2.pdf
Deraya University,2024,Environmental,GHG Emissions,Estimated Annual CO2 Emission Reduction (due to ZEV policy),200,tons CO2,Annual,Egypt,SUSTAINABILITY-REPORT-2024-2.pdf
Deraya University,2025,Environmental,Transportation,Parking Area Reduction Program Period,2022,year,Start Year,Egypt,SUSTAINABILITY-REPORT-2024-2.pdf
Deraya University,2025,Environmental,Transportation,Parking Area Reduction Program Period,2025,year,End Year,Egypt,SUSTAINABILITY-REPORT-2024-2.pdf
Deraya University,2024,Environmental,Transportation,Annual Parking Area Reduction,10,%,,Egypt,SUSTAINABILITY-REPORT-2024-2.pdf
Deraya University,2024,Environmental,Transportation,Decrease in Private Vehicles on Campus (due to parking reduction),20,%,,Egypt,SUSTAINABILITY-REPORT-2024-2.pdf
Deraya University,2024,Social,University Ranking,Pharmacy Schools in Egypt Recognized by Shanghai Global Ranking,24,schools,,Egypt,SUSTAINABILITY-REPORT-2024-2.pdf
Suez Canal Bank,2022,Governance,Company Ranking,Ranking among top listed companies in Egypt by Forbes,50,rank,,Egypt,Sustainability_2020-2022.pdf
Suez Canal Bank,2022,Financial,Net Profit Growth,Annual increase in net profits,72,%,,Egypt,Sustainability_2020-2022.pdf
Suez Canal Bank,2022,Financial,Net Profit,Net profit surpassing one billion EGP,1000000000,EGP,,Egypt,Sustainability_2020-2022.pdf
Suez Canal Bank,2022,Governance,Awards and Recognition,Best CEO Award from International Finance,1,award,,Egypt,Sustainability_2020-2022.pdf
Suez Canal Bank,2017,Financial,Net Profit,Net profit,360000000,EGP,,Egypt,Sustainability_2020-2022.pdf
Suez Canal Bank,2022,Financial,Net Profit,Net profit,1000000000,EGP,,Egypt,Sustainability_2020-2022.pdf
Suez Canal Bank,2017-2022,Financial,Net Profit Growth,Net profit growth,292,%,,Egypt,Sustainability_2020-2022.pdf
Suez Canal Bank,2017,Financial,Total Equity,Total equity,2400000000,EGP,,Egypt,Sustainability_2020-2022.pdf
Suez Canal Bank,2022,Financial,Total Equity,Total equity,5500000000,EGP,,Egypt,Sustainability_2020-2022.pdf
Suez Canal Bank,2017-2022,Financial,Total Equity Growth,Total equity growth,226,%,,Egypt,Sustainability_2020-2022.pdf
Suez Canal Bank,2017,Financial,Total Assets,Total assets,39000000000,EGP,,Egypt,Sustainability_2020-2022.pdf
Suez Canal Bank,2022,Financial,Total Assets,Total assets,74000000000,EGP,,Egypt,Sustainability_2020-2022.pdf
Suez Canal Bank,2017-2022,Financial,Total Assets Growth,Total assets growth,186,%,,Egypt,Sustainability_2020-2022.pdf
Suez Canal Bank,1978,Financial,Authorized Capital,Authorized capital at establishment,10000000,EGP,,Egypt,Sustainability_2020-2022.pdf
Suez Canal Bank,1978,Financial,Paid-up Capital,Paid-up capital at establishment,2500000,EGP,,Egypt,Sustainability_2020-2022.pdf
Suez Canal Bank,1998,Financial,Authorized Capital,Authorized capital,500000000,EGP,,Egypt,Sustainability_2020-2022.pdf
Suez Canal Bank,1998,Financial,Paid-up Capital,Paid-up capital,100000000,EGP,,Egypt,Sustainability_2020-2022.pdf
Suez Canal Bank,2007,Financial,Authorized Capital,Authorized capital,2000000000,EGP,,Egypt,Sustainability_2020-2022.pdf
Suez Canal Bank,2007,Financial,Paid-up Capital,Paid-up capital,1000000000,EGP,,Egypt,Sustainability_2020-2022.pdf
Suez Canal Bank,2009,Financial,Paid-up Capital,Paid-up capital,2000000000,EGP,,Egypt,Sustainability_2020-2022.pdf
Suez Canal Bank,2022,Financial,Net Profit Growth,Net profit increase,72,%,,Egypt,Sustainability_2020-2022.pdf
Suez Canal Bank,2022,Financial,Net Profit,Net profit surpassing one billion EGP,1000000000,EGP,,Egypt,Sustainability_2020-2022.pdf
Suez Canal Bank,2022,Governance,Awards and Recognition,Best CEO Award from The International Finance,1,award,,Egypt,Sustainability_2020-2022.pdf
Suez Canal Bank,2020-2022,Governance,Materiality Assessment,Number of material topics identified,12,topics,,Egypt,Sustainability_2020-2022.pdf
Suez Canal Bank,2020-2022,Governance,Ethics and Compliance Metrics,Verified grievances related to privacy breaches,0,incidents,,Egypt,Sustainability_2020-2022.pdf
Suez Canal Bank,2020,Financial,Client Count,Number of wholesale clients,204,clients,,Egypt,Sustainability_2020-2022.pdf
Suez Canal Bank,2021,Financial,Client Count,Number of wholesale clients,353,clients,,Egypt,Sustainability_2020-2022.pdf
Suez Canal Bank,2022,Financial,Client Count,Number of wholesale clients,424,clients,,Egypt,Sustainability_2020-2022.pdf
Suez Canal Bank,2020-2022,Financial,Client Count Growth,Total growth rate of wholesale clients,207,%,,Egypt,Sustainability_2020-2022.pdf
Suez Canal Bank,2020,Financial,Lending Volume,Total volume of wholesale lending,24760000000,EGP,,Egypt,Sustainability_2020-2022.pdf
Suez Canal Bank,2021,Financial,Lending Volume,Total volume of wholesale lending,30100000000,EGP,,Egypt,Sustainability_2020-2022.pdf
Suez Canal Bank,2022,Financial,Lending Volume,Total volume of wholesale lending,35200000000,EGP,,Egypt,Sustainability_2020-2022.pdf
Suez Canal Bank,2022,Financial,Green Finance Metrics,Green finance portfolio for Decent life sector,4000000000,EGP,,Egypt,Sustainability_2020-2022.pdf
Suez Canal Bank,2022,Financial,Green Finance Metrics,Green finance portfolio for Renewable energy sector,1900000000,EGP,,Egypt,Sustainability_2020-2022.pdf
Suez Canal Bank,2022,Financial,Green Finance Metrics,Green finance portfolio for Green Efficient Agriculture sector,1200000000,EGP,,Egypt,Sustainability_2020-2022.pdf
Suez Canal Bank,2022,Financial,Green Finance Metrics,Green finance portfolio for Green Buildings sector,550000000,EGP,,Egypt,Sustainability_2020-2022.pdf
Suez Canal Bank,2022,Financial,Green Finance Metrics,Green finance portfolio for Industrial sector,500000000,EGP,,Egypt,Sustainability_2020-2022.pdf
Suez Canal Bank,2022,Financial,Green Finance Metrics,Green finance portfolio for Technology sector,150000000,EGP,,Egypt,Sustainability_2020-2022.pdf
Suez Canal Bank,2020-2022,Financial,Project Financing,SCB contribution to Al Gharably syndicated facility,500000000,EGP,,Egypt,Sustainability_2020-2022.pdf
Suez Canal Bank,2020-2022,Financial,Project Financing,SCB participation in ERC syndicated facility,7000000,USD,,Egypt,Sustainability_2020-2022.pdf
Suez Canal Bank,2020-2022,Financial,Project Financing,SCB investment in Canal Sugar syndicated facility (EGP),300000000,EGP,,Egypt,Sustainability_2020-2022.pdf
Suez Canal Bank,2020-2022,Financial,Project Financing,SCB investment in Canal Sugar syndicated facility (USD),13000000,USD,,Egypt,Sustainability_2020-2022.pdf
Suez Canal Bank,2020-2022,Financial,Project Financing,SCB allocation to SCZone infrastructure initiative,156250000,EGP,,Egypt,Sustainability_2020-2022.pdf
Suez Canal Bank,2020,Financial,Syndications Portfolio,Syndications portfolio value,6500000000,EGP,,Egypt,Sustainability_2020-2022.pdf
Suez Canal Bank,2021,Financial,Syndications Portfolio,Syndications portfolio value,8400000000,EGP,,Egypt,Sustainability_2020-2022.pdf
Suez Canal Bank,2022,Financial,Syndications Portfolio,Syndications portfolio value,9800000000,EGP,,Egypt,Sustainability_2020-2022.pdf
Suez Canal Bank,2021,Financial,Syndications Portfolio Growth,Syndications portfolio growth rate (vs 2020),27.2,%,,Egypt,Sustainability_2020-2022.pdf
Suez Canal Bank,2022,Financial,Syndications Portfolio Growth,Syndications portfolio growth rate (vs 2021),18.2,%,,Egypt,Sustainability_2020-2022.pdf
Suez Canal Bank,2022,Financial,DCM Portfolio,Total Corporate DCM Portfolio size,3436500000,EGP,,Egypt,Sustainability_2020-2022.pdf
Suez Canal Bank,2022,Financial,DCM Portfolio Composition,Sukuk instruments value,946900000,EGP,,Egypt,Sustainability_2020-2022.pdf
Suez Canal Bank,2022,Financial,DCM Portfolio Composition,Sukuk instruments percentage of total DCM Portfolio,27.6,%,,Egypt,Sustainability_2020-2022.pdf
Suez Canal Bank,2022,Financial,DCM Portfolio Composition,Securitized Bonds value,2489600000,EGP,,Egypt,Sustainability_2020-2022.pdf
Suez Canal Bank,2022,Financial,DCM Portfolio Composition,Securitized Bonds percentage of total DCM Portfolio,72.4,%,,Egypt,Sustainability_2020-2022.pdf
Suez Canal Bank,2022,Financial,DCM Portfolio Quality,"Percentage of DCM Portfolio rated AAA, AA, and A",93.6,%,,Egypt,Sustainability_2020-2022.pdf
Suez Canal Bank,2022,Financial,DCM Portfolio Quality,Percentage of DCM Portfolio rated BBB,6.8,%,,Egypt,Sustainability_2020-2022.pdf
Suez Canal Bank,2022,Financial,DCM Portfolio Growth,Net growth rate of corporate securitized bonds and Sukuk portfolio (vs 2020),23,%,,Egypt,Sustainability_2020-2022.pdf
Suez Canal Bank,2020,Financial,DCM Portfolio,Corporate securitized bonds and Sukuk portfolio value,2799000000,EGP,,Egypt,Sustainability_2020-2022.pdf
Suez Canal Bank,2020,Financial,Investment Fund,Money market fund size,250000000,EGP,,Egypt,Sustainability_2020-2022.pdf
Suez Canal Bank,2020-2022,Financial,Investment Fund,SCB share in Catalyst I fund,50000000,EGP,,Egypt,Sustainability_2020-2022.pdf
Suez Canal Bank,2020-2022,Financial,Investment Fund,Total size of Catalyst I fund,500000000,EGP,,Egypt,Sustainability_2020-2022.pdf
Suez Canal Bank,2020-2022,Financial,Investment,SCB share in First Design Company for Investment and Urban Development (EGP),20000000,EGP,,Egypt,Sustainability_2020-2022.pdf
Suez Canal Bank,2020-2022,Financial,Investment,SCB share percentage in First Design Company for Investment and Urban Development,10,%,,Egypt,Sustainability_2020-2022.pdf
Suez Canal Bank,2020-2022,Financial,Investment Fund,SCB share in SVEFI fund,50000000,EGP,,Egypt,Sustainability_2020-2022.pdf
Suez Canal Bank,2020-2022,Financial,Investment Fund,Total size of SVEFI fund,1000000000,EGP,,Egypt,Sustainability_2020-2022.pdf
Suez Canal Bank,2020-2022,Financial,Investment Company,SCB share in Avanz Manara Direct Investment Company,100000000,EGP,,Egypt,Sustainability_2020-2022.pdf
Suez Canal Bank,2020-2022,Financial,Investment Company,Total capital of Avanz Manara Direct Investment Company,905000000,EGP,,Egypt,Sustainability_2020-2022.pdf
Suez Canal Bank,2021,Financial,Investment,Number of shares in e-Finance,1000000,shares,,Egypt,Sustainability_2020-2022.pdf
Suez Canal Bank,2021,Financial,Investment,Percentage of e-Finance company’s capital,0.06,%,,Egypt,Sustainability_2020-2022.pdf
Suez Canal Bank,2021,Financial,Investment,Acquisition cost of e-Finance shares,13980000,EGP,,Egypt,Sustainability_2020-2022.pdf
Suez Canal Bank,2020-2022,Financial,Investment Company,SCB share in Camel Ventures Company,47000000,EGP,,Egypt,Sustainability_2020-2022.pdf
Suez Canal Bank,2020-2022,Financial,Investment Company,Total capital of Camel Ventures Company,470000000,EGP,,Egypt,Sustainability_2020-2022.pdf
Suez Canal Bank,2020-2022,Financial,SME Lending,Maximum financing for SMEs,5000000,EGP,,Egypt,Sustainability_2020-2022.pdf
Suez Canal Bank,2020-2022,Financial,SME Lending,Maximum repayment period for SME financing,5,years,,Egypt,Sustainability_2020-2022.pdf
Suez Canal Bank,2020,Financial,SME Lending Volume,SME portfolio volume,1500000000,EGP,,Egypt,Sustainability_2020-2022.pdf
Suez Canal Bank,2021,Financial,SME Lending Volume,SME portfolio volume,1700000000,EGP,,Egypt,Sustainability_2020-2022.pdf
Suez Canal Bank,2022,Financial,SME Lending Volume,SME portfolio volume,2500000000,EGP,,Egypt,Sustainability_2020-2022.pdf
Suez Canal Bank,2020,Financial,SME Client Count,Number of SME clients,193,clients,,Egypt,Sustainability_2020-2022.pdf
Suez Canal Bank,2021,Financial,SME Client Count,Number of SME clients,252,clients,,Egypt,Sustainability_2020-2022.pdf
Suez Canal Bank,2022,Financial,SME Client Count,Number of SME clients,307,clients,,Egypt,Sustainability_2020-2022.pdf
Suez Canal Bank,2022,Financial,Small Enterprise Portfolio,Percentage of small enterprise clients in industry sector,11,%,,Egypt,Sustainability_2020-2022.pdf
Suez Canal Bank,2022,Financial,Small Enterprise Portfolio,Percentage of total loans provided to small enterprises in industry sector,34.5,%,,Egypt,Sustainability_2020-2022.pdf
Suez Canal Bank,2020,Financial,Small Enterprise Portfolio,Percentage of small enterprise clients in trade sector,70,%,,Egypt,Sustainability_2020-2022.pdf
Suez Canal Bank,2022,Financial,Small Enterprise Portfolio,Percentage of small enterprise clients in trade sector,88,%,,Egypt,Sustainability_2020-2022.pdf
Suez Canal Bank,2020,Financial,Small Enterprise Portfolio,Percentage of total loans provided to small enterprises in trade sector,59,%,,Egypt,Sustainability_2020-2022.pdf
Suez Canal Bank,2022,Financial,Small Enterprise Portfolio,Percentage of total loans provided to small enterprises in trade sector,63.3,%,,Egypt,Sustainability_2020-2022.pdf
Suez Canal Bank,2020,Financial,Small Enterprise Portfolio,Percentage of small enterprise clients served in Lower Egypt,27,%,,Egypt,Sustainability_2020-2022.pdf
Suez Canal Bank,2022,Financial,Small Enterprise Portfolio,Percentage of small enterprise clients served in Lower Egypt,36.2,%,,Egypt,Sustainability_2020-2022.pdf
Suez Canal Bank,2020,Financial,Small Enterprise Portfolio,Percentage of small enterprise clients served in Upper Egypt,11,%,,Egypt,Sustainability_2020-2022.pdf
Suez Canal Bank,2022,Financial,Small Enterprise Portfolio,Percentage of small enterprise clients served in Upper Egypt,13.5,%,,Egypt,Sustainability_2020-2022.pdf
Suez Canal Bank,2020,Financial,Medium Enterprise Portfolio,Percentage of medium enterprise clients in manufacturing sector,41,%,,Egypt,Sustainability_2020-2022.pdf
Suez Canal Bank,2022,Financial,Medium Enterprise Portfolio,Percentage of medium enterprise clients in manufacturing sector,60,%,,Egypt,Sustainability_2020-2022.pdf
Suez Canal Bank,2020,Financial,Medium Enterprise Portfolio,Percentage of total loans provided to medium enterprises in manufacturing sector,48.7,%,,Egypt,Sustainability_2020-2022.pdf
Suez Canal Bank,2022,Financial,Medium Enterprise Portfolio,Percentage of total loans provided to medium enterprises in manufacturing sector,62.6,%,,Egypt,Sustainability_2020-2022.pdf
Suez Canal Bank,2020,Financial,Medium Enterprise Portfolio,Percentage of medium enterprise clients in trade sector,32,%,,Egypt,Sustainability_2020-2022.pdf
Suez Canal Bank,2022,Financial,Medium Enterprise Portfolio,Percentage of medium enterprise clients in trade sector,40,%,,Egypt,Sustainability_2020-2022.pdf
Suez Canal Bank,2020,Financial,Medium Enterprise Portfolio,Percentage of total loans provided to medium enterprises in trade sector,20,%,,Egypt,Sustainability_2020-2022.pdf
Suez Canal Bank,2022,Financial,Medium Enterprise Portfolio,Percentage of total loans provided to medium enterprises in trade sector,37.9,%,,Egypt,Sustainability_2020-2022.pdf
Suez Canal Bank,2020,Financial,Medium Enterprise Portfolio,Percentage of medium enterprise clients served in Lower Egypt,21,%,,Egypt,Sustainability_2020-2022.pdf
Suez Canal Bank,2022,Financial,Medium Enterprise Portfolio,Percentage of medium enterprise clients served in Lower Egypt,50,%,,Egypt,Sustainability_2020-2022.pdf
Suez Canal Bank,2021,Financial,SME Lending,Credit facilities for SMEs,1418000000,EGP,,Egypt,Sustainability_2020-2022.pdf
Suez Canal Bank,2021,Financial,SME Lending,Credit facilities for SMEs as percentage of CBE 25% target,6.99,%,,Egypt,Sustainability_2020-2022.pdf
Suez Canal Bank,2022,Financial,SME Lending,Credit facilities for SMEs,2083000000,EGP,,Egypt,Sustainability_2020-2022.pdf
Suez Canal Bank,2022,Financial,SME Lending,Credit facilities for SMEs as percentage of CBE 25% target,10.27,%,,Egypt,Sustainability_2020-2022.pdf
Suez Canal Bank,2022,Financial,Retail Lending Volume,Total retail lending volume,2200000000,EGP,,Egypt,Sustainability_2020-2022.pdf
Suez Canal Bank,2022,Financial,Retail Lending Volume Growth,Retail lending volume increase from previous year (2021),59.32,%,,Egypt,Sustainability_2020-2022.pdf
Suez Canal Bank,2022,Financial,Retail Lending Distribution,Percentage of total retail loans in Delta region,21.61,%,,Egypt,Sustainability_2020-2022.pdf
Suez Canal Bank,2020-2022,Financial,Retail Lending Distribution,Highest percentage growth rate in retail loan value in Heliopolis district,15.14,%,,Egypt,Sustainability_2020-2022.pdf
Suez Canal Bank,2022,Financial,Retail Lending Distribution,Percentage of total retail loan value for males,87,%,,Egypt,Sustainability_2020-2022.pdf
Suez Canal Bank,2022,Financial,Retail Lending Distribution,Percentage of total retail loan value for females,13,%,,Egypt,Sustainability_2020-2022.pdf
Suez Canal Bank,2022,Financial,Retail Lending Distribution,Percentage of total retail loan amount for 30-50 age group,52.33,%,,Egypt,Sustainability_2020-2022.pdf
Suez Canal Bank,2022,Financial,Retail Lending Distribution,Percentage of total retail loan amount for below 30 age group,3.62,%,,Egypt,Sustainability_2020-2022.pdf
Suez Canal Bank,2022,Financial,Retail Lending Distribution,Percentage of total retail loan amount for above 50 age group,44.05,%,,Egypt,Sustainability_2020-2022.pdf
Suez Canal Bank,2022,Social,Financial Inclusion Infrastructure,Number of governorates covered by ATMs,19,governorates,,Egypt,Sustainability_2020-2022.pdf
Suez Canal Bank,2022,Social,Financial Inclusion Infrastructure,Total number of ATMs,109,ATMs,,Egypt,Sustainability_2020-2022.pdf
Suez Canal Bank,2022,Social,Financial Inclusion Infrastructure,Total number of branches,49,branches,,Egypt,Sustainability_2020-2022.pdf
Suez Canal Bank,2022,Social,Accessibility,Number of branches equipped to serve people with disabilities,4,branches,,Egypt,Sustainability_2020-2022.pdf
Suez Canal Bank,2022,Social,Accessibility,Number of ATMs equipped to serve people with disabilities,22,ATMs,,Egypt,Sustainability_2020-2022.pdf
Suez Canal Bank,2020-2022,Social,Employee Training,Number of employees who undertook sign language training,100,employees,,Egypt,Sustainability_2020-2022.pdf
Suez Canal Bank,2020-2022,Social,Accessibility Policy,Minimum staff members trained in sign language per branch,2,staff,,Egypt,Sustainability_2020-2022.pdf
Suez Canal Bank,2021,Financial,Islamic Banking,Islamic Banking portfolio value,41000000,EGP,,Egypt,Sustainability_2020-2022.pdf
Suez Canal Bank,2022,Financial,Islamic Banking,Islamic Banking portfolio value,287000000,EGP,,Egypt,Sustainability_2020-2022.pdf
Suez Canal Bank,2022,Social,Employee Count,Total number of employees,1442,employees,,Egypt,Sustainability_2020-2022.pdf
Suez Canal Bank,2020,Social,"Employee Diversity (Gender, Age)",Male employees under 30,89,employees,,Egypt,Sustainability_2020-2022.pdf
Suez Canal Bank,2020,Social,"Employee Diversity (Gender, Age)",Female employees under 30,84,employees,,Egypt,Sustainability_2020-2022.pdf
Suez Canal Bank,2020,Social,"Employee Diversity (Gender, Age)",Male employees aged 30-50,599,employees,,Egypt,Sustainability_2020-2022.pdf
Suez Canal Bank,2020,Social,"Employee Diversity (Gender, Age)",Female employees aged 30-50,214,employees,,Egypt,Sustainability_2020-2022.pdf
Suez Canal Bank,2020,Social,"Employee Diversity (Gender, Age)",Male employees over 50,283,employees,,Egypt,Sustainability_2020-2022.pdf
Suez Canal Bank,2020,Social,"Employee Diversity (Gender, Age)",Female employees over 50,83,employees,,Egypt,Sustainability_2020-2022.pdf
Suez Canal Bank,2021,Social,"Employee Diversity (Gender, Age)",Male employees under 30,121,employees,,Egypt,Sustainability_2020-2022.pdf
Suez Canal Bank,2021,Social,"Employee Diversity (Gender, Age)",Female employees under 30,99,employees,,Egypt,Sustainability_2020-2022.pdf
Suez Canal Bank,2021,Social,"Employee Diversity (Gender, Age)",Male employees aged 30-50,629,employees,,Egypt,Sustainability_2020-2022.pdf
Suez Canal Bank,2021,Social,"Employee Diversity (Gender, Age)",Female employees aged 30-50,221,employees,,Egypt,Sustainability_2020-2022.pdf
Suez Canal Bank,2021,Social,"Employee Diversity (Gender, Age)",Male employees over 50,265,employees,,Egypt,Sustainability_2020-2022.pdf
Suez Canal Bank,2021,Social,"Employee Diversity (Gender, Age)",Female employees over 50,76,employees,,Egypt,Sustainability_2020-2022.pdf
Suez Canal Bank,2022,Social,"Employee Diversity (Gender, Age)",Male employees under 30,127,employees,,Egypt,Sustainability_2020-2022.pdf
Suez Canal Bank,2022,Social,"Employee Diversity (Gender, Age)",Female employees under 30,104,employees,,Egypt,Sustainability_2020-2022.pdf
Suez Canal Bank,2022,Social,"Employee Diversity (Gender, Age)",Male employees aged 30-50,625,employees,,Egypt,Sustainability_2020-2022.pdf
Suez Canal Bank,2022,Social,"Employee Diversity (Gender, Age)",Female employees aged 30-50,230,employees,,Egypt,Sustainability_2020-2022.pdf
Suez Canal Bank,2022,Social,"Employee Diversity (Gender, Age)",Male employees over 50,274,employees,,Egypt,Sustainability_2020-2022.pdf
Suez Canal Bank,2022,Social,"Employee Diversity (Gender, Age)",Female employees over 50,82,employees,,Egypt,Sustainability_2020-2022.pdf
Suez Canal Bank,2020,Social,New Hires,Male new hires under 30,60,employees,,Egypt,Sustainability_2020-2022.pdf
Suez Canal Bank,2020,Social,New Hires,Female new hires under 30,50,employees,,Egypt,Sustainability_2020-2022.pdf
Suez Canal Bank,2020,Social,New Hires,Male new hires aged 30-50,40,employees,,Egypt,Sustainability_2020-2022.pdf
Suez Canal Bank,2020,Social,New Hires,Female new hires aged 30-50,20,employees,,Egypt,Sustainability_2020-2022.pdf
Suez Canal Bank,2020,Social,New Hires,Male new hires over 50,10,employees,,Egypt,Sustainability_2020-2022.pdf
Suez Canal Bank,2020,Social,New Hires,Female new hires over 50,0,employees,,Egypt,Sustainability_2020-2022.pdf
Suez Canal Bank,2021,Social,New Hires,Male new hires under 30,50,employees,,Egypt,Sustainability_2020-2022.pdf
Suez Canal Bank,2021,Social,New Hires,Female new hires under 30,40,employees,,Egypt,Sustainability_2020-2022.pdf
Suez Canal Bank,2021,Social,New Hires,Male new hires aged 30-50,30,employees,,Egypt,Sustainability_2020-2022.pdf
Suez Canal Bank,2021,Social,New Hires,Female new hires aged 30-50,20,employees,,Egypt,Sustainability_2020-2022.pdf
Suez Canal Bank,2021,Social,New Hires,Male new hires over 50,10,employees,,Egypt,Sustainability_2020-2022.pdf
Suez Canal Bank,2021,Social,New Hires,Female new hires over 50,0,employees,,Egypt,Sustainability_2020-2022.pdf
Suez Canal Bank,2022,Social,New Hires,Male new hires under 30,40,employees,,Egypt,Sustainability_2020-2022.pdf
Suez Canal Bank,2022,Social,New Hires,Female new hires under 30,30,employees,,Egypt,Sustainability_2020-2022.pdf
Suez Canal Bank,2022,Social,New Hires,Male new hires aged 30-50,20,employees,,Egypt,Sustainability_2020-2022.pdf
Suez Canal Bank,2022,Social,New Hires,Female new hires aged 30-50,10,employees,,Egypt,Sustainability_2020-2022.pdf
Suez Canal Bank,2022,Social,New Hires,Male new hires over 50,0,employees,,Egypt,Sustainability_2020-2022.pdf
Suez Canal Bank,2022,Social,New Hires,Female new hires over 50,0,employees,,Egypt,Sustainability_2020-2022.pdf
Suez Canal Bank,2020,Social,Employee Turnover,Male employee turnover under 30,9,employees,,Egypt,Sustainability_2020-2022.pdf
Suez Canal Bank,2020,Social,Employee Turnover,Female employee turnover under 30,6,employees,,Egypt,Sustainability_2020-2022.pdf
Suez Canal Bank,2020,Social,Employee Turnover,Male employee turnover aged 30-50,22,employees,,Egypt,Sustainability_2020-2022.pdf
Suez Canal Bank,2020,Social,Employee Turnover,Female employee turnover aged 30-50,4,employees,,Egypt,Sustainability_2020-2022.pdf
Suez Canal Bank,2020,Social,Employee Turnover,Male employee turnover over 50,28,employees,,Egypt,Sustainability_2020-2022.pdf
Suez Canal Bank,2020,Social,Employee Turnover,Female employee turnover over 50,11,employees,,Egypt,Sustainability_2020-2022.pdf
Suez Canal Bank,2021,Social,Employee Turnover,Male employee turnover under 30,17,employees,,Egypt,Sustainability_2020-2022.pdf
Suez Canal Bank,2021,Social,Employee Turnover,Female employee turnover under 30,6,employees,,Egypt,Sustainability_2020-2022.pdf
Suez Canal Bank,2021,Social,Employee Turnover,Male employee turnover aged 30-50,28,employees,,Egypt,Sustainability_2020-2022.pdf
Suez Canal Bank,2021,Social,Employee Turnover,Female employee turnover aged 30-50,11,employees,,Egypt,Sustainability_2020-2022.pdf
Suez Canal Bank,2021,Social,Employee Turnover,Male employee turnover over 50,43,employees,,Egypt,Sustainability_2020-2022.pdf
Suez Canal Bank,2021,Social,Employee Turnover,Female employee turnover over 50,14,employees,,Egypt,Sustainability_2020-2022.pdf
Suez Canal Bank,2022,Social,Employee Turnover,Male employee turnover under 30,20,employees,,Egypt,Sustainability_2020-2022.pdf
Suez Canal Bank,2022,Social,Employee Turnover,Female employee turnover under 30,13,employees,,Egypt,Sustainability_2020-2022.pdf
Suez Canal Bank,2022,Social,Employee Turnover,Male employee turnover aged 30-50,31,employees,,Egypt,Sustainability_2020-2022.pdf
Suez Canal Bank,2022,Social,Employee Turnover,Female employee turnover aged 30-50,10,employees,,Egypt,Sustainability_2020-2022.pdf
Suez Canal Bank,2022,Social,Employee Turnover,Male employee turnover over 50,19,employees,,Egypt,Sustainability_2020-2022.pdf
Suez Canal Bank,2022,Social,Employee Turnover,Female employee turnover over 50,3,employees,,Egypt,Sustainability_2020-2022.pdf
Suez Canal Bank,2020,Social,Employee Training,Total training participations,1600,participations,,Egypt,Sustainability_2020-2022.pdf
Suez Canal Bank,2021,Social,Employee Training,Total training participations,2100,participations,,Egypt,Sustainability_2020-2022.pdf
Suez Canal Bank,2022,Social,Employee Training,Total training participations,2800,participations,,Egypt,Sustainability_2020-2022.pdf
Suez Canal Bank,2020,Social,Employee Training,Employees trained in customer protection,60,employees,,Egypt,Sustainability_2020-2022.pdf
Suez Canal Bank,2020,Social,Employee Training,Employees in orientation sessions,150,employees,,Egypt,Sustainability_2020-2022.pdf
Suez Canal Bank,2020-2022,Social,Employee Benefits,Paid maternity leave duration,90,days,,Egypt,Sustainability_2020-2022.pdf
Suez Canal Bank,2020-2022,Social,Employee Benefits,Unpaid maternity leave duration,2,years,,Egypt,Sustainability_2020-2022.pdf
Suez Canal Bank,2020,Social,Health and Safety Metrics,Head Office capacity reduction during COVID-19,30,%,,Egypt,Sustainability_2020-2022.pdf
Suez Canal Bank,2020,Social,Health and Safety Metrics,Branch capacity reduction during COVID-19,50,%,,Egypt,Sustainability_2020-2022.pdf
Suez Canal Bank,2020,Social,Health and Safety Metrics,Professional sanitization of premises,2,times per week,,Egypt,Sustainability_2020-2022.pdf
Suez Canal Bank,2013,Financial,Digital Banking,Online banking launch year,2013,year,,Egypt,Sustainability_2020-2022.pdf
Suez Canal Bank,2020,Financial,Digital Banking Metrics,Total online banking transactions,24874,transactions,,Egypt,Sustainability_2020-2022.pdf
Suez Canal Bank,2021,Financial,Digital Banking Metrics,Total online banking transactions,33557,transactions,,Egypt,Sustainability_2020-2022.pdf
Suez Canal Bank,2022,Financial,Digital Banking Metrics,Total online banking transactions,45542,transactions,,Egypt,Sustainability_2020-2022.pdf
Suez Canal Bank,2020,Financial,Digital Banking Metrics,Total accumulative online banking subscribed customers,5704,customers,,Egypt,Sustainability_2020-2022.pdf
Suez Canal Bank,2021,Financial,Digital Banking Metrics,Total accumulative online banking subscribed customers,7870,customers,,Egypt,Sustainability_2020-2022.pdf
Suez Canal Bank,2022,Financial,Digital Banking Metrics,Total accumulative online banking subscribed customers,10027,customers,,Egypt,Sustainability_2020-2022.pdf
Suez Canal Bank,2019,Financial,Digital Banking,SCB-Wallet launch year,2019,year,,Egypt,Sustainability_2020-2022.pdf
Suez Canal Bank,2020,Financial,Digital Banking Metrics,Total SCB-Wallet transactions,35171,transactions,,Egypt,Sustainability_2020-2022.pdf
Suez Canal Bank,2021,Financial,Digital Banking Metrics,Total SCB-Wallet transactions,61650,transactions,,Egypt,Sustainability_2020-2022.pdf
Suez Canal Bank,2022,Financial,Digital Banking Metrics,Total SCB-Wallet transactions,136757,transactions,,Egypt,Sustainability_2020-2022.pdf
Suez Canal Bank,2020,Financial,Digital Banking Metrics,Total accumulative SCB-Wallet subscribed customers,919,customers,,Egypt,Sustainability_2020-2022.pdf
Suez Canal Bank,2021,Financial,Digital Banking Metrics,Total accumulative SCB-Wallet subscribed customers,1366,customers,,Egypt,Sustainability_2020-2022.pdf
Suez Canal Bank,2022,Financial,Digital Banking Metrics,Total accumulative SCB-Wallet subscribed customers,2080,customers,,Egypt,Sustainability_2020-2022.pdf
Suez Canal Bank,2020,Social,Financial Inclusion,Online banking customers (women),204,customers,,Egypt,Sustainability_2020-2022.pdf
Suez Canal Bank,2020,Social,Financial Inclusion,E-Wallet customers (women),1525,customers,,Egypt,Sustainability_2020-2022.pdf
Suez Canal Bank,2021,Social,Financial Inclusion,Online banking customers (women),2040,customers,,Egypt,Sustainability_2020-2022.pdf
Suez Canal Bank,2021,Social,Financial Inclusion,E-Wallet customers (women),270,customers,,Egypt,Sustainability_2020-2022.pdf
Suez Canal Bank,2022,Social,Financial Inclusion,Online banking customers (women),2573,customers,,Egypt,Sustainability_2020-2022.pdf
Suez Canal Bank,2022,Social,Financial Inclusion,E-Wallet customers (women),399,customers,,Egypt,Sustainability_2020-2022.pdf
Suez Canal Bank,2020,Social,Financial Inclusion,Online banking customers (youth),1135,customers,,Egypt,Sustainability_2020-2022.pdf
Suez Canal Bank,2020,Social,Financial Inclusion,E-Wallet customers (youth),191,customers,,Egypt,Sustainability_2020-2022.pdf
Suez Canal Bank,2021,Social,Financial Inclusion,Online banking customers (youth),1856,customers,,Egypt,Sustainability_2020-2022.pdf
Suez Canal Bank,2021,Social,Financial Inclusion,E-Wallet customers (youth),354,customers,,Egypt,Sustainability_2020-2022.pdf
Suez Canal Bank,2022,Social,Financial Inclusion,Online banking customers (youth),2652,customers,,Egypt,Sustainability_2020-2022.pdf
Suez Canal Bank,2022,Social,Financial Inclusion,E-Wallet customers (youth),597,customers,,Egypt,Sustainability_2020-2022.pdf
Suez Canal Bank,2022,Social,Financial Inclusion,Financial inclusion contribution to new-to-bank retail customers,21,%,,Egypt,Sustainability_2020-2022.pdf
Suez Canal Bank,2022,Social,Financial Inclusion,Participation in CBE annual financial inclusion programs,4,programs,,Egypt,Sustainability_2020-2022.pdf
Suez Canal Bank,2020-2022,Social,Financial Inclusion,Number of unbanked adults in Egypt (CBE data),26000000,adults,,Egypt,Sustainability_2020-2022.pdf
Suez Canal Bank,2020,Social,Financial Inclusion,Number of unbanked/underprivileged customers served,153,customers,,Egypt,Sustainability_2020-2022.pdf
Suez Canal Bank,2021,Social,Financial Inclusion,Number of unbanked/underprivileged customers served,502,customers,,Egypt,Sustainability_2020-2022.pdf
Suez Canal Bank,2022,Social,Financial Inclusion,Number of unbanked/underprivileged customers served,693,customers,,Egypt,Sustainability_2020-2022.pdf
Suez Canal Bank,2020,Financial,Financial Inclusion Lending,Loan volume for unbanked/underprivileged,38000000,EGP,,Egypt,Sustainability_2020-2022.pdf
Suez Canal Bank,2021,Financial,Financial Inclusion Lending,Loan volume for unbanked/underprivileged,122000000,EGP,,Egypt,Sustainability_2020-2022.pdf
Suez Canal Bank,2022,Financial,Financial Inclusion Lending,Loan volume for unbanked/underprivileged,168000000,EGP,,Egypt,Sustainability_2020-2022.pdf
Suez Canal Bank,2020,Social,Financial Inclusion Growth,Growth rate of unbanked/underprivileged customers,61,%,,Egypt,Sustainability_2020-2022.pdf
Suez Canal Bank,2021,Social,Financial Inclusion Growth,Growth rate of unbanked/underprivileged customers,228,%,,Egypt,Sustainability_2020-2022.pdf
Suez Canal Bank,2022,Social,Financial Inclusion Growth,Growth rate of unbanked/underprivileged customers,38,%,,Egypt,Sustainability_2020-2022.pdf
Suez Canal Bank,2020,Financial,Financial Inclusion Lending Growth,Growth rate of loan volume for unbanked/underprivileged,84,%,,Egypt,Sustainability_2020-2022.pdf
Suez Canal Bank,2021,Financial,Financial Inclusion Lending Growth,Growth rate of loan volume for unbanked/underprivileged,218,%,,Egypt,Sustainability_2020-2022.pdf
Suez Canal Bank,2022,Financial,Financial Inclusion Lending Growth,Growth rate of loan volume for unbanked/underprivileged,37,%,,Egypt,Sustainability_2020-2022.pdf
Suez Canal Bank,2020-2022,Social,Accessibility,Percentage of ATM portfolio consisting of handicapped ATMs,10,%,,Egypt,Sustainability_2020-2022.pdf
Suez Canal Bank,2020,Social,Customer Satisfaction,Increase in customer satisfaction ratings,30,%,,Egypt,Sustainability_2020-2022.pdf
Suez Canal Bank,2020,Social,Customer Engagement,Increase in program enrollments,25,%,,Egypt,Sustainability_2020-2022.pdf
Suez Canal Bank,2020-2022,Governance,Board Composition,Number of Board of Directors members,8,members,,Egypt,Sustainability_2020-2022.pdf
Suez Canal Bank,2022,Financial,Cost Savings from Sustainability Initiatives,Cost savings from negotiating IT tenders,437000,USD,,Egypt,Sustainability_2020-2022.pdf
Suez Canal Bank,2022,Financial,Cost Savings from Sustainability Initiatives,Net profit from sale of obsolete assets,3100000,EGP,,Egypt,Sustainability_2020-2022.pdf
Suez Canal Bank,2020-2022,Social,Supply Chain Data,Percentage of local suppliers,100,%,,Egypt,Sustainability_2020-2022.pdf
EFG Hermes,2015,Financial,Community Investment and Donations,Investment in Al-Makhzan Village Development Project,9000000,EGP,,Egypt,Sustainability_Report_2015_bd5b91b3d0.pdf
EFG Hermes,2015,Governance,Board composition and diversity,Majority stake in Crédit Libanais,63.7,%,,Egypt,Sustainability_Report_2015_bd5b91b3d0.pdf
EFG Hermes,2015,Social,Total employees and workforce,Total employees,800,employees,,Egypt,Sustainability_Report_2015_bd5b91b3d0.pdf
EFG Hermes,2015,Social,Employee diversity,Employee nationalities represented,25,nationalities,,Egypt,Sustainability_Report_2015_bd5b91b3d0.pdf
EFG Hermes,2015,Governance,Stakeholder engagement,Active membership in United Nations Global Compact (UNGC),5,years,,Egypt,Sustainability_Report_2015_bd5b91b3d0.pdf
EFG Hermes,2015,Financial,Cost savings from sustainability initiatives,Annual cost savings from reduced paper usage,30000,EGP,,Egypt,Sustainability_Report_2015_bd5b91b3d0.pdf
EFG Hermes,2015,Environmental,Waste generation and recycling,Annual reduction in paper used daily during trading sessions,672000,papers,,Egypt,Sustainability_Report_2015_bd5b91b3d0.pdf
EFG Hermes,2015,Environmental,Energy consumption,Use of virtual servers out of total servers,68,%,,Egypt,Sustainability_Report_2015_bd5b91b3d0.pdf
EFG Hermes,2014,Financial,Sustainability investments,Equity stake in EDPR France’s operational wind energy portfolio,49,%,,France,Sustainability_Report_2015_bd5b91b3d0.pdf
EFG Hermes,2014,Environmental,Renewable energy,Number of wind farms in EDPR France portfolio,33,wind farms,,France,Sustainability_Report_2015_bd5b91b3d0.pdf
EFG Hermes,2014,Environmental,Renewable energy,Total capacity of EDPR France wind energy portfolio,334,MW,,France,Sustainability_Report_2015_bd5b91b3d0.pdf
EFG Hermes,2015,Environmental,Energy consumption,Energy savings in some areas at Egypt HQ,50,%,,Egypt,Sustainability_Report_2015_bd5b91b3d0.pdf
EFG Hermes,2015,Social,Health and safety metrics,Total training hours for employees,5900,hours,,Egypt,Sustainability_Report_2015_bd5b91b3d0.pdf
EFG Hermes,2015,Financial,Sustainability investments,Increase in learning and development budget,16.67,%,,Egypt,Sustainability_Report_2015_bd5b91b3d0.pdf
EFG Hermes,2015,Social,Total employees and workforce,Intern intake in summer,90,interns,,Egypt,Sustainability_Report_2015_bd5b91b3d0.pdf
EFG Hermes,2014,Social,Total employees and workforce,Intern intake in summer,45,interns,,Egypt,Sustainability_Report_2015_bd5b91b3d0.pdf
EFG Hermes,2015,Social,Stakeholder engagement,Completion rate for medical insurance needs survey,62,%,,Egypt,Sustainability_Report_2015_bd5b91b3d0.pdf
EFG Hermes,2015,Financial,Community investment and donations,Cumulative disbursement by EFG Hermes Foundation on integrated development programmes,50000000,EGP,,Egypt,Sustainability_Report_2015_bd5b91b3d0.pdf
EFG Hermes,2014,Financial,Community investment and donations,Kuwaiti Initiative donation for Al-Makhzan Village Development Project,7000000,EGP,,Egypt,Sustainability_Report_2015_bd5b91b3d0.pdf
EFG Hermes,2015,Social,Community investment and donations,Population of Al-Makhzan village,15000,people,,Egypt,Sustainability_Report_2015_bd5b91b3d0.pdf
EFG Hermes,2015,Social,Community investment and donations,Population of Al-Makhzan village living under the poverty line,80,%,,Egypt,Sustainability_Report_2015_bd5b91b3d0.pdf
EFG Hermes,2015,Social,Community investment and donations,Houses demolished and rebuilt for families in Al-Makhzan,28,families,,Egypt,Sustainability_Report_2015_bd5b91b3d0.pdf
EFG Hermes,2015,Social,Community investment and donations,Daily capacity of new bakery in Al-Makhzan,4000,loaves,,Egypt,Sustainability_Report_2015_bd5b91b3d0.pdf
EFG Hermes,2015,Social,Employee engagement,Active mentors in mentorship programmes,6,mentors,,Egypt,Sustainability_Report_2015_bd5b91b3d0.pdf
EFG Hermes,2015,Social,Community investment and donations,Financial literacy tutorial videos developed,4,videos,,Egypt,Sustainability_Report_2015_bd5b91b3d0.pdf
EFG Hermes,2015,Social,Community investment and donations,Blood drives conducted at EFG Hermes HQ,3,drives,,Egypt,Sustainability_Report_2015_bd5b91b3d0.pdf
EFG Hermes,2015,Social,Community investment and donations,Patients benefited from blood drives,370,patients,,Egypt,Sustainability_Report_2015_bd5b91b3d0.pdf
EFG Hermes,2015,Financial,Community investment and donations,Grant to Assiut University Hospital for arthroscopy unit,900000,EGP,,Egypt,Sustainability_Report_2015_bd5b91b3d0.pdf
EFG Hermes,2015,Social,Community investment and donations,Annual capacity of Assiut University Hospital arthroscopy unit,1400,surgeries,,Egypt,Sustainability_Report_2015_bd5b91b3d0.pdf
EFG Hermes,2015,Social,Community investment and donations,Students attended financial literacy workshop at Canadian International College,40,students,,Egypt,Sustainability_Report_2015_bd5b91b3d0.pdf
EFG Hermes,2015,Social,Community investment and donations,Public school students pledged to sponsor for KidZania trips (over four years),20000,students,,Egypt,Sustainability_Report_2015_bd5b91b3d0.pdf
EFG Hermes,2015,Social,Community investment and donations,Blue collar employees awarded tickets to KidZania with children,20,employees,,Egypt,Sustainability_Report_2015_bd5b91b3d0.pdf
EFG Hermes,2015,Social,Community investment and donations,Employees providing monthly support to Children's Cancer Hospital 57357,78,employees,,Egypt,Sustainability_Report_2015_bd5b91b3d0.pdf
EFG Hermes,2015,Financial,Community investment and donations,Yearly donations from employees to Children's Cancer Hospital 57357,192000,EGP,,Egypt,Sustainability_Report_2015_bd5b91b3d0.pdf
EFG Hermes,2019,Social,Employee Count,Total Employees,4400,employees,,Egypt,Sustainability_Report_2019_053482e081.pdf
EFG Hermes,2019,Social,Supply Chain Data,Countries of Operation,13,countries,,Egypt,Sustainability_Report_2019_053482e081.pdf
EFG Hermes,2019,Social,Supply Chain Data,Continents of Operation,4,continents,,Egypt,Sustainability_Report_2019_053482e081.pdf
EFG Hermes,2019,Social,Health and Safety Metrics,SHRM Certified HR Professionals,7,professionals,,Egypt,Sustainability_Report_2019_053482e081.pdf
EFG Hermes,2019,Social,Health and Safety Metrics,Employees participated in Development Needs Assessment (DNA) Open House event,165,employees,,Egypt,Sustainability_Report_2019_053482e081.pdf
EFG Hermes,2019,Social,Health and Safety Metrics,Employees participated in The Academy courses,63,employees,,Egypt,Sustainability_Report_2019_053482e081.pdf
EFG Hermes,2019,Social,Health and Safety Metrics,Training hours from The Academy,1542,hours,,Egypt,Sustainability_Report_2019_053482e081.pdf
EFG Hermes,2019,Social,Health and Safety Metrics,Investment Professionals attended Advanced ESG Training workshop,27,professionals,,Egypt,Sustainability_Report_2019_053482e081.pdf
EFG Hermes,2019,Social,Community Investment and Donations,Children served by Montessori preschool in Naga’ El Fawal,50,children,,Egypt,Sustainability_Report_2019_053482e081.pdf
EFG Hermes,2019,Social,Community Investment and Donations,Employment opportunities created by Montessori preschool in Naga’ El Fawal,30,opportunities,,Egypt,Sustainability_Report_2019_053482e081.pdf
EFG Hermes,2019,Social,Community Investment and Donations,Children with special needs served by Montessori preschool in Naga’ El Fawal,20,children,,Egypt,Sustainability_Report_2019_053482e081.pdf
EFG Hermes,2019,Social,Community Investment and Donations,Houses renovated and upgraded in Naga’ El Fawal,120,houses,,Egypt,Sustainability_Report_2019_053482e081.pdf
EFG Hermes,2019,Social,Community Investment and Donations,Tanmeyah Microfinance branches,271,branches,,Egypt,Sustainability_Report_2019_053482e081.pdf
EFG Hermes,2019,Social,Community Investment and Donations,Students served by transportation service for GEMS schools,6000,students,,Egypt,Sustainability_Report_2019_053482e081.pdf
EFG Hermes,2019,Social,Community Investment and Donations,Total beneficiaries of EFG Hermes Foundation,500000,beneficiaries,,Egypt,Sustainability_Report_2019_053482e081.pdf
EFG Hermes,2019,Social,Health and Safety Metrics,Students vaccinated in HBV University campaign,15000,students,,Egypt,Sustainability_Report_2019_053482e081.pdf
EFG Hermes,2019,Social,Community Investment and Donations,Beneficiaries of Al-Makhzan Integrated Development Project,20000,beneficiaries,,Egypt,Sustainability_Report_2019_053482e081.pdf
EFG Hermes,2019,Social,Community Investment and Donations,Children equipped by El Deir Village preschool (Young Scholars Academy),70,children,,Egypt,Sustainability_Report_2019_053482e081.pdf
EFG Hermes,2019,Social,Community Investment and Donations,Children with special needs catered by El Deir Village preschool,20,children,,Egypt,Sustainability_Report_2019_053482e081.pdf
EFG Hermes,2019,Social,Community Investment and Donations,Children with special needs integrated into Montessori classrooms,4,children,,Egypt,Sustainability_Report_2019_053482e081.pdf
EFG Hermes,2019,Social,Community Investment and Donations,Sustainable jobs created by El Deir Village preschool,27,jobs,,Egypt,Sustainability_Report_2019_053482e081.pdf
EFG Hermes,2019,Social,Community Investment and Donations,Teaching positions created by El Deir Village preschool,23,positions,,Egypt,Sustainability_Report_2019_053482e081.pdf
EFG Hermes,2019,Social,Community Investment and Donations,Partners in Naga’ El Fawal and El Deir Project,5,partners,,Egypt,Sustainability_Report_2019_053482e081.pdf
EFG Hermes,2019,Social,Community Investment and Donations,Houses rebuilt and delivered (Phase I) in Naga’ El Fawal and El Deir Project,20,houses,,Egypt,Sustainability_Report_2019_053482e081.pdf
EFG Hermes,2019,Governance,Stakeholder Engagement,First transparency report submitted for UN PRI,1,report,,Egypt,Sustainability_Report_2019_053482e081.pdf
EFG Hermes,2019,Governance,Board Composition and Diversity,Chairperson recognized as Forbes Top Power Businesswoman in Middle East,1,recognition,,Egypt,Sustainability_Report_2019_053482e081.pdf
EFG Hermes,2019,Financial,Green Finance Metrics,Total Assets Under Management,3400000000,USD,,Egypt,Sustainability_Report_2019_053482e081.pdf
EFG Hermes,2019,Financial,Sustainability Investments,Vortex wind portfolio divested,1,portfolio,,,Sustainability_Report_2019_053482e081.pdf
EFG Hermes,2019,Financial,Sustainability Investments,Solar PV transaction enterprise value,470000000,GBP,,United Kingdom,Sustainability_Report_2019_053482e081.pdf
EFG Hermes,2019,Financial,Sustainability Investments,Operational assets in Solar PV transaction,24,assets,,United Kingdom,Sustainability_Report_2019_053482e081.pdf
EFG Hermes,2019,Financial,Sustainability Investments,Grant facility for SMEs (EFG Hermes Leasing),225000000,EGP,,Egypt,Sustainability_Report_2019_053482e081.pdf
EFG Hermes,2019,Financial,Sustainability Investments,Grant facility directed to SMEs in remote governorates,37500000,EGP,,Egypt,Sustainability_Report_2019_053482e081.pdf
EFG Hermes,2019,Financial,Sustainability Investments,Grant facility directed to agricultural sector,37.5,%,,Egypt,Sustainability_Report_2019_053482e081.pdf
EFG Hermes,2019,Financial,Sustainability Investments,SME component of total portfolio,16,%,,Egypt,Sustainability_Report_2019_053482e081.pdf
EFG Hermes,2019,Financial,Sustainability Investments,Total portfolio value (SME component),3500000000,EGP,,Egypt,Sustainability_Report_2019_053482e081.pdf
EFG Hermes,2019,Financial,Sustainability Investments,RxHM acquired United Pharma,1,acquisition,,Egypt,Sustainability_Report_2019_053482e081.pdf
EFG Hermes,2019,Financial,Sustainability Investments,Fund acquired majority stake in Option Travel,1,acquisition,,Egypt,Sustainability_Report_2019_053482e081.pdf
EFG Hermes,2019,Financial,Sustainability Investments,Investment in Naga’ El Fawal and El Deir Village Integrated Development Project,70000000,EGP,,Egypt,Sustainability_Report_2019_053482e081.pdf
EFG Hermes,2019,Financial,Sustainability Investments,Investment in Ro’ya Project in Ezbet Yacoub,30000000,EGP,,Egypt,Sustainability_Report_2019_053482e081.pdf
EFG Hermes,2019,Financial,Sustainability Investments,Vortex executed transactions (cumulative since 2014),2400000000,EUR,,,Sustainability_Report_2019_053482e081.pdf
EFG Hermes,2019,Financial,Sustainability Investments,"Vortex investments, divestments, and debt re-financings (cumulative since inspection)",7,transactions,,,Sustainability_Report_2019_053482e081.pdf
EFG Hermes,2019,Financial,Sustainability Investments,Vortex acquired wind assets capacity,457,MW,,,Sustainability_Report_2019_053482e081.pdf
EFG Hermes,2019,Financial,Sustainability Investments,Vortex acquired solar assets capacity,365,MW,,United Kingdom,Sustainability_Report_2019_053482e081.pdf
EFG Hermes,2019,Financial,Sustainability Investments,Vortex equity invested,500000000,EUR,,,Sustainability_Report_2019_053482e081.pdf
EFG Hermes,2019,Financial,Sustainability Investments,Vortex total net capacity (Solar & Wind),822,MW,,,Sustainability_Report_2019_053482e081.pdf
EFG Hermes,2018,Governance,Policy Adoption Rates,Signed United Nations Principles for Responsible Investment (UN PRI),1,commitment,,Egypt,Sustainability_Report_2019_053482e081.pdf
EFG Hermes,2018,Governance,Stakeholder Engagement,UNPRI Transparency Report initiated,1,report,,Egypt,Sustainability_Report_2019_053482e081.pdf
EFG Hermes,2018,Financial,Sustainability Investments,K-12 education platform established with GEMS,300000000,USD,,Egypt,Sustainability_Report_2019_053482e081.pdf
EFG Hermes,2017,Governance,Policy Adoption Rates,"Environmental, Social and Governance policy adopted",1,policy,,Egypt,Sustainability_Report_2019_053482e081.pdf
EFG Hermes,2016,Financial,Sustainability Investments,Vortex entered UK Solar market,1,market_entry,,United Kingdom,Sustainability_Report_2019_053482e081.pdf
EFG Hermes,2014,Governance,Stakeholder Engagement,Annual Sustainability Report initiated,1,report,,Egypt,Sustainability_Report_2019_053482e081.pdf
EFG Hermes,2014,Financial,Sustainability Investments,Vortex entered European onshore wind market,1,market_entry,,,Sustainability_Report_2019_053482e081.pdf
EFG Hermes,2011,Governance,Stakeholder Engagement,Commitment to United Nations Global Compact (UNGC),1,commitment,,Egypt,Sustainability_Report_2019_053482e081.pdf
Egyptalum,2022-2023,Environmental,Production Volume,Primary molten aluminum production (range low),300000,tons/year,,Egypt,Sustainability__Report__for_Egyptalum_2022-2023_-_REV01_(4)_Final_version.pdf
Egyptalum,2022-2023,Environmental,Production Volume,Primary molten aluminum production (range high),320000,tons/year,,Egypt,Sustainability__Report__for_Egyptalum_2022-2023_-_REV01_(4)_Final_version.pdf
Egyptalum,2022-2023,Governance,Operational Capacity,Number of Potlines,6,Potlines,,Egypt,Sustainability__Report__for_Egyptalum_2022-2023_-_REV01_(4)_Final_version.pdf
Egyptalum,2022-2023,Governance,Operational Capacity,Number of Potrooms per Potline,2,Potrooms,,Egypt,Sustainability__Report__for_Egyptalum_2022-2023_-_REV01_(4)_Final_version.pdf
Egyptalum,2022-2023,Governance,Operational Capacity,Number of Cells per Potroom,46,Cells,,Egypt,Sustainability__Report__for_Egyptalum_2022-2023_-_REV01_(4)_Final_version.pdf
Egyptalum,2022-2023,Environmental,Production Volume,Cast house sector annual production,320000,tons/year,,Egypt,Sustainability__Report__for_Egyptalum_2022-2023_-_REV01_(4)_Final_version.pdf
Egyptalum,2022-2023,Environmental,Production Volume,Rolling mill hot rolled products output (expected max),108000,tons/year,,Egypt,Sustainability__Report__for_Egyptalum_2022-2023_-_REV01_(4)_Final_version.pdf
Egyptalum,2022-2023,Environmental,Production Capacity,Extrusion plant capacity,12000,Ton/Year,,Egypt,Sustainability__Report__for_Egyptalum_2022-2023_-_REV01_(4)_Final_version.pdf
Egyptalum,2022-2023,Environmental,Production Capacity,Calcined coke production capacity,140000,tons/year,,Egypt,Sustainability__Report__for_Egyptalum_2022-2023_-_REV01_(4)_Final_version.pdf
Egyptalum,2022-2023,Environmental,Production Capacity,Prebaked anode blocks production capacity,172000,ton/year,,Egypt,Sustainability__Report__for_Egyptalum_2022-2023_-_REV01_(4)_Final_version.pdf
Egyptalum,2022-2023,Governance,Ownership Structure,Share capital owned by The Holding Company for Metallurgical Industries,2,%,,Egypt,Sustainability__Report__for_Egyptalum_2022-2023_-_REV01_(4)_Final_version.pdf
Egyptalum,2022-2023,Governance,Ownership Structure,Share capital owned by Al-Nasr Mining Company Q.S.C.,98,%,,Egypt,Sustainability__Report__for_Egyptalum_2022-2023_-_REV01_(4)_Final_version.pdf
Egyptalum,2022-2023,Financial,Share Price,Share price - Conquest,93.8,EGP,,Egypt,Sustainability__Report__for_Egyptalum_2022-2023_-_REV01_(4)_Final_version.pdf
Egyptalum,2022-2023,Financial,Share Price,Share price - Highest,99,EGP,,Egypt,Sustainability__Report__for_Egyptalum_2022-2023_-_REV01_(4)_Final_version.pdf
Egyptalum,2022-2023,Financial,Share Price,Share price - Lowest,93.71,EGP,,Egypt,Sustainability__Report__for_Egyptalum_2022-2023_-_REV01_(4)_Final_version.pdf
Egyptalum,2022-2023,Financial,Share Price,Share price - Latest,94.9,EGP,,Egypt,Sustainability__Report__for_Egyptalum_2022-2023_-_REV01_(4)_Final_version.pdf
Egyptalum,2022-2023,Financial,Share Price,Share price - Closure,94.9,EGP,,Egypt,Sustainability__Report__for_Egyptalum_2022-2023_-_REV01_(4)_Final_version.pdf
Egyptalum,2022-2023,Financial,Share Price Change,Share price change percentage,1.10,%,,Egypt,Sustainability__Report__for_Egyptalum_2022-2023_-_REV01_(4)_Final_version.pdf
Egyptalum,2022-2023,Financial,Share Trading Volume,Quantity of shares traded,285518,shares,,Egypt,Sustainability__Report__for_Egyptalum_2022-2023_-_REV01_(4)_Final_version.pdf
Egyptalum,2022-2023,Financial,Company Shares,Total number of shares,412500000,shares,,Egypt,Sustainability__Report__for_Egyptalum_2022-2023_-_REV01_(4)_Final_version.pdf
Egyptalum,2022-2023,Financial,Company Shares,Par value per share,4.00,EGP,,Egypt,Sustainability__Report__for_Egyptalum_2022-2023_-_REV01_(4)_Final_version.pdf
Egyptalum,2022-2023,Financial,Economic Performance,Net profits,3691336550,EGP,,Egypt,Sustainability__Report__for_Egyptalum_2022-2023_-_REV01_(4)_Final_version.pdf
Egyptalum,2022-2023,Financial,Economic Performance,Earnings per share,8.95,EGP,,Egypt,Sustainability__Report__for_Egyptalum_2022-2023_-_REV01_(4)_Final_version.pdf
Egyptalum,2022-2023,Financial,Economic Performance,Profit multiplier,10.48,ratio,,Egypt,Sustainability__Report__for_Egyptalum_2022-2023_-_REV01_(4)_Final_version.pdf
Egyptalum,2022-2023,Financial,Economic Performance,Market value,38692500000,EGP,,Egypt,Sustainability__Report__for_Egyptalum_2022-2023_-_REV01_(4)_Final_version.pdf
Egyptalum,2022-2023,Financial,Economic Performance,Issued capital,1650000000,EGP,,Egypt,Sustainability__Report__for_Egyptalum_2022-2023_-_REV01_(4)_Final_version.pdf
Egyptalum,2022-2023,Financial,Economic Performance,Licensed capital,5000000000,EGP,,Egypt,Sustainability__Report__for_Egyptalum_2022-2023_-_REV01_(4)_Final_version.pdf
Egyptalum,2022,Governance,Committee Composition,Health and Safety Committee establishment year,2022,Year,,Egypt,Sustainability__Report__for_Egyptalum_2022-2023_-_REV01_(4)_Final_version.pdf
Egyptalum,2022-2023,Governance,Committee Composition,Health and Safety Committee members (total),12,members,,Egypt,Sustainability__Report__for_Egyptalum_2022-2023_-_REV01_(4)_Final_version.pdf
Egyptalum,2022-2023,Governance,Committee Composition,Health and Safety Committee worker representatives,6,representatives,,Egypt,Sustainability__Report__for_Egyptalum_2022-2023_-_REV01_(4)_Final_version.pdf
Egyptalum,2022-2023,Governance,Committee Composition,Health and Safety Committee employer representatives,6,representatives,,Egypt,Sustainability__Report__for_Egyptalum_2022-2023_-_REV01_(4)_Final_version.pdf
Egyptalum,2024,Governance,Committee Composition,Sustainability Committee establishment year,2024,Year,,Egypt,Sustainability__Report__for_Egyptalum_2022-2023_-_REV01_(4)_Final_version.pdf
Egyptalum,2024,Governance,Committee Composition,Sustainability Committee members,34,members,,Egypt,Sustainability__Report__for_Egyptalum_2022-2023_-_REV01_(4)_Final_version.pdf
Egyptalum,2022-2023,Governance,Ethics and Compliance Metrics,Legal compliance violations,0,incidents,,Egypt,Sustainability__Report__for_Egyptalum_2022-2023_-_REV01_(4)_Final_version.pdf
Egyptalum,2022-2023,Governance,Ethics and Compliance Metrics,Legal compliance fines,0,EGP,,Egypt,Sustainability__Report__for_Egyptalum_2022-2023_-_REV01_(4)_Final_version.pdf
Egyptalum,2022-2023,Environmental,Energy Consumption,Energy intensity ratio for primary aluminum production,2.626802285,unspecified,,Egypt,Sustainability__Report__for_Egyptalum_2022-2023_-_REV01_(4)_Final_version.pdf
Egyptalum,2022-2023,Environmental,Energy Consumption,Energy consumption for primary aluminum production (percentage of total),93.38985437,%,,Egypt,Sustainability__Report__for_Egyptalum_2022-2023_-_REV01_(4)_Final_version.pdf
Egyptalum,2022-2023,Environmental,Energy Consumption,Energy consumption for other processes (percentage of total),2.626802285,%,,Egypt,Sustainability__Report__for_Egyptalum_2022-2023_-_REV01_(4)_Final_version.pdf
Egyptalum,2024-2026,Financial,Sustainability Investments,Investment in plant rehabilitation for energy efficiency and CO2 reduction,300000000,USD,,Egypt,Sustainability__Report__for_Egyptalum_2022-2023_-_REV01_(4)_Final_version.pdf
Egyptalum,2022-2023,Environmental,Energy Consumption,Petrol consumption,84199,L,,Egypt,Sustainability__Report__for_Egyptalum_2022-2023_-_REV01_(4)_Final_version.pdf
Egyptalum,2022-2023,Environmental,Energy Consumption,Natural gas consumption,32228550,L,,Egypt,Sustainability__Report__for_Egyptalum_2022-2023_-_REV01_(4)_Final_version.pdf
Egyptalum,2022-2023,Environmental,Energy Consumption,Electricity consumption,4703545513,kwh,,Egypt,Sustainability__Report__for_Egyptalum_2022-2023_-_REV01_(4)_Final_version.pdf
Egyptalum,,Environmental,GHG Emissions Reduction Target,Potential carbon emissions reduction from switching to natural gas,5,%,,Egypt,Sustainability__Report__for_Egyptalum_2022-2023_-_REV01_(4)_Final_version.pdf
Egyptalum,,Environmental,Energy Consumption Reduction Target,Energy consumption reduction target per ton of aluminum from Kanak project,500,kWh/ton Al,,Egypt,Sustainability__Report__for_Egyptalum_2022-2023_-_REV01_(4)_Final_version.pdf
Egyptalum,2022-2023,Environmental,GHG Emissions,Total GHG Emissions,3955246.29,TCO2e,Total,Egypt,Sustainability__Report__for_Egyptalum_2022-2023_-_REV01_(4)_Final_version.pdf
Egyptalum,2022-2023,Environmental,GHG Emissions,Direct GHG Emissions,586611.097,TCO2e,Scope 1,Egypt,Sustainability__Report__for_Egyptalum_2022-2023_-_REV01_(4)_Final_version.pdf
Egyptalum,2022-2023,Environmental,GHG Emissions,Non-biogenic Direct GHG Emissions,586611.097,TCO2e,Scope 1,Egypt,Sustainability__Report__for_Egyptalum_2022-2023_-_REV01_(4)_Final_version.pdf
Egyptalum,2022-2023,Environmental,GHG Emissions,Biogenic Direct GHG Emissions,0,TCO2e,Scope 1,Egypt,Sustainability__Report__for_Egyptalum_2022-2023_-_REV01_(4)_Final_version.pdf
Egyptalum,2022-2023,Environmental,GHG Emissions,Indirect GHG Emissions,3368635.2,TCO2e,Scope 2 & 3,Egypt,Sustainability__Report__for_Egyptalum_2022-2023_-_REV01_(4)_Final_version.pdf
Egyptalum,2022-2023,Environmental,GHG Emissions,GHG Emissions from Imported Energy,2328257.25,TCO2e,Scope 2,Egypt,Sustainability__Report__for_Egyptalum_2022-2023_-_REV01_(4)_Final_version.pdf
Egyptalum,2022-2023,Environmental,GHG Emissions,GHG Emissions from Transportation,32301.678,TCO2e,Scope 3,Egypt,Sustainability__Report__for_Egyptalum_2022-2023_-_REV01_(4)_Final_version.pdf
Egyptalum,2022-2023,Environmental,GHG Emissions,GHG Emissions from Products used by Organization,780617.765,TCO2e,Scope 3,Egypt,Sustainability__Report__for_Egyptalum_2022-2023_-_REV01_(4)_Final_version.pdf
Egyptalum,2022-2023,Environmental,GHG Emissions,GHG Emissions from Other Sources,227458.504,TCO2e,Scope 3,Egypt,Sustainability__Report__for_Egyptalum_2022-2023_-_REV01_(4)_Final_version.pdf
Egyptalum,2022,Environmental,GHG Emissions,GHG Emissions,586611.00,tCO2e,Scope 1,Egypt,Sustainability__Report__for_Egyptalum_2022-2023_-_REV01_(4)_Final_version.pdf
Egyptalum,2022,Environmental,GHG Emissions,GHG Emissions,2328257.25,tCO2e,Scope 2,Egypt,Sustainability__Report__for_Egyptalum_2022-2023_-_REV01_(4)_Final_version.pdf
Egyptalum,2022,Environmental,GHG Emissions,GHG Emissions,1040377.95,tCO2e,Scope 3,Egypt,Sustainability__Report__for_Egyptalum_2022-2023_-_REV01_(4)_Final_version.pdf
Egyptalum,2022,Environmental,GHG Emissions,Total GHG Emissions,3955246.20,tCO2e,Total,Egypt,Sustainability__Report__for_Egyptalum_2022-2023_-_REV01_(4)_Final_version.pdf
Egyptalum,2022,Environmental,Production Volume,Total Aluminum Production,286412.00,t AL,,Egypt,Sustainability__Report__for_Egyptalum_2022-2023_-_REV01_(4)_Final_version.pdf
Egyptalum,2022,Environmental,Carbon Footprint and Intensity,GHG Intensity,13.182,tCO2e/tAl,Total,Egypt,Sustainability__Report__for_Egyptalum_2022-2023_-_REV01_(4)_Final_version.pdf
Egyptalum,,Environmental,Afforestation,Kaya trees planted (target over 5 years),33000,trees,,Egypt,Sustainability__Report__for_Egyptalum_2022-2023_-_REV01_(4)_Final_version.pdf
Egyptalum,,Environmental,Carbon Sequestration,Potential CO2 captured per Kaya tree,34.29,gCO2,,Egypt,Sustainability__Report__for_Egyptalum_2022-2023_-_REV01_(4)_Final_version.pdf
Egyptalum,,Environmental,Afforestation,Area for Kaya trees (target over 5 years),100,acres,,Egypt,Sustainability__Report__for_Egyptalum_2022-2023_-_REV01_(4)_Final_version.pdf
Egyptalum,,Environmental,Afforestation,Kaya trees planting rate (target over 5 years),7000,trees/year,,Egypt,Sustainability__Report__for_Egyptalum_2022-2023_-_REV01_(4)_Final_version.pdf
Egyptalum,,Environmental,Afforestation,Bamboo trees planted (target over 5 years),20000,trees,,Egypt,Sustainability__Report__for_Egyptalum_2022-2023_-_REV01_(4)_Final_version.pdf
Egyptalum,,Environmental,Afforestation,Area for bamboo trees (target over 5 years),50,acres,,Egypt,Sustainability__Report__for_Egyptalum_2022-2023_-_REV01_(4)_Final_version.pdf
Egyptalum,,Environmental,Carbon Sequestration,Potential CO2 absorption per hectare of bamboo forest,60,tonnes CO2/year/hectare,,Egypt,Sustainability__Report__for_Egyptalum_2022-2023_-_REV01_(4)_Final_version.pdf
Egyptalum,,Environmental,Afforestation,Bamboo trees planting rate (target over 5 years),4000,trees/year,,Egypt,Sustainability__Report__for_Egyptalum_2022-2023_-_REV01_(4)_Final_version.pdf
Egyptalum,2022-2023,Environmental,Renewable Energy,Percentage of energy from solar,33,%,,Egypt,Sustainability__Report__for_Egyptalum_2022-2023_-_REV01_(4)_Final_version.pdf
Egyptalum,,Environmental,Renewable Energy Capacity,Planned solar power station total capacity,1,gigawatt,,Egypt,Sustainability__Report__for_Egyptalum_2022-2023_-_REV01_(4)_Final_version.pdf
Egyptalum,,Environmental,Renewable Energy Capacity,Planned solar power station phase capacity,500,megawatts,,Egypt,Sustainability__Report__for_Egyptalum_2022-2023_-_REV01_(4)_Final_version.pdf
Egyptalum,,Environmental,Renewable Energy Project Timeline,Solar power station phase 1 completion timeline,18,months,,Egypt,Sustainability__Report__for_Egyptalum_2022-2023_-_REV01_(4)_Final_version.pdf
Egyptalum,,Environmental,Renewable Energy Project Timeline,Solar power station phase 2 completion timeline,24,months,,Egypt,Sustainability__Report__for_Egyptalum_2022-2023_-_REV01_(4)_Final_version.pdf
Egyptalum,2022-2023,Environmental,Water Usage and Withdrawal,Underground water usage for irrigation,929609,m3/y,,Egypt,Sustainability__Report__for_Egyptalum_2022-2023_-_REV01_(4)_Final_version.pdf
Egyptalum,2022-2023,Environmental,Water Usage and Withdrawal,Domestic water consumption,2712000,m3/y,,Egypt,Sustainability__Report__for_Egyptalum_2022-2023_-_REV01_(4)_Final_version.pdf
Egyptalum,2022-2023,Environmental,Water Usage and Withdrawal,Industrial water consumption (Cooling + Compensating),1936250,m3/y,,Egypt,Sustainability__Report__for_Egyptalum_2022-2023_-_REV01_(4)_Final_version.pdf
Egyptalum,2022-2023,Environmental,Water Usage and Withdrawal,Domestic treated water (input to primary stage),5259500,m3/y,,Egypt,Sustainability__Report__for_Egyptalum_2022-2023_-_REV01_(4)_Final_version.pdf
Egyptalum,2022-2023,Environmental,Water Usage and Withdrawal,Treated effluent (output from primary stage),2227000,m3/y,,Egypt,Sustainability__Report__for_Egyptalum_2022-2023_-_REV01_(4)_Final_version.pdf
Egyptalum,2022-2023,Environmental,Water Usage and Withdrawal Target,Fresh water treatment plant efficiency target (baseline),91,%,,Egypt,Sustainability__Report__for_Egyptalum_2022-2023_-_REV01_(4)_Final_version.pdf
Egyptalum,,Environmental,Water Usage and Withdrawal Target,Fresh water treatment plant efficiency target (goal),95,%,,Egypt,Sustainability__Report__for_Egyptalum_2022-2023_-_REV01_(4)_Final_version.pdf
Egyptalum,2022-2023,Environmental,Biodiversity,Number of Indigenous Plant species,126,species,,Egypt,Sustainability__Report__for_Egyptalum_2022-2023_-_REV01_(4)_Final_version.pdf
Egyptalum,2022-2023,Environmental,Biodiversity,Number of Water Bird species,56,species,,Egypt,Sustainability__Report__for_Egyptalum_2022-2023_-_REV01_(4)_Final_version.pdf
Egyptalum,2022-2023,Environmental,Biodiversity,Number of Mammal species,12,species,,Egypt,Sustainability__Report__for_Egyptalum_2022-2023_-_REV01_(4)_Final_version.pdf
Egyptalum,2022-2023,Environmental,Biodiversity,Number of Amphibian and Reptile species,27,species,,Egypt,Sustainability__Report__for_Egyptalum_2022-2023_-_REV01_(4)_Final_version.pdf
Egyptalum,2022-2023,Environmental,Biodiversity,Number of Fish species,56,species,,Egypt,Sustainability__Report__for_Egyptalum_2022-2023_-_REV01_(4)_Final_version.pdf
Egyptalum,2007,Environmental,Protected Areas,Dababia protected area establishment year,2007,Year,,Egypt,Sustainability__Report__for_Egyptalum_2022-2023_-_REV01_(4)_Final_version.pdf
Egyptalum,,Environmental,Protected Areas,Dababia protected area geological age (min),50,million years,,Egypt,Sustainability__Report__for_Egyptalum_2022-2023_-_REV01_(4)_Final_version.pdf
Egyptalum,,Environmental,Protected Areas,Dababia protected area geological age (max),55,million years,,Egypt,Sustainability__Report__for_Egyptalum_2022-2023_-_REV01_(4)_Final_version.pdf
Egyptalum,2022-2023,Environmental,Protected Areas,Distance to Dababia protected area,120,Km,,Egypt,Sustainability__Report__for_Egyptalum_2022-2023_-_REV01_(4)_Final_version.pdf
Egyptalum,2022-2023,Environmental,Waste Generation,Hazardous waste generated - SPL,2000,Ton/Year,,Egypt,Sustainability__Report__for_Egyptalum_2022-2023_-_REV01_(4)_Final_version.pdf
Egyptalum,2022-2023,Environmental,Waste Generation,Hazardous waste generated - Oils,500,Ton/Year,,Egypt,Sustainability__Report__for_Egyptalum_2022-2023_-_REV01_(4)_Final_version.pdf
Egyptalum,2022-2023,Environmental,Waste Generation,Hazardous waste generated - Dross,6000,Ton/Year,,Egypt,Sustainability__Report__for_Egyptalum_2022-2023_-_REV01_(4)_Final_version.pdf
Egyptalum,2022-2023,Social,Human Rights Indicators,Human rights violations,0,incidents,,Egypt,Sustainability__Report__for_Egyptalum_2022-2023_-_REV01_(4)_Final_version.pdf
Egyptalum,2022-2023,Social,Human Rights Indicators,Human rights grievances,0,grievances,,Egypt,Sustainability__Report__for_Egyptalum_2022-2023_-_REV01_(4)_Final_version.pdf
Egyptalum,2022-2023,Social,Health and Safety Metrics,Number of Accidents,3,accidents,,Egypt,Sustainability__Report__for_Egyptalum_2022-2023_-_REV01_(4)_Final_version.pdf
Egyptalum,2022-2023,Social,Health and Safety Metrics,Accident Rate,0.06,rate,,Egypt,Sustainability__Report__for_Egyptalum_2022-2023_-_REV01_(4)_Final_version.pdf
Egyptalum,2022-2023,Social,Health and Safety Metrics,Absence sickness cases,23,days,,Egypt,Sustainability__Report__for_Egyptalum_2022-2023_-_REV01_(4)_Final_version.pdf
Egyptalum,2022-2023,Social,Health and Safety Metrics,Number of Damage and serious accidents,0,accidents,,Egypt,Sustainability__Report__for_Egyptalum_2022-2023_-_REV01_(4)_Final_version.pdf
Egyptalum,2022-2023,Social,Health and Safety Metrics,Number of road accident injuries,0,injuries,,Egypt,Sustainability__Report__for_Egyptalum_2022-2023_-_REV01_(4)_Final_version.pdf
Egyptalum,2022-2023,Social,Health and Safety Metrics,Number of hours away from work,161,hrs,,Egypt,Sustainability__Report__for_Egyptalum_2022-2023_-_REV01_(4)_Final_version.pdf
Egyptalum,2022-2023,Social,Health and Safety Metrics,Number of days without injury,20,days,,Egypt,Sustainability__Report__for_Egyptalum_2022-2023_-_REV01_(4)_Final_version.pdf
Egyptalum,2022-2023,Social,Health and Safety Metrics,Number of working hours without injury,796960,Hrs,,Egypt,Sustainability__Report__for_Egyptalum_2022-2023_-_REV01_(4)_Final_version.pdf
Egyptalum,2025,Social,Health and Safety Target,Zero injuries target,0,injuries,,Egypt,Sustainability__Report__for_Egyptalum_2022-2023_-_REV01_(4)_Final_version.pdf
Egyptalum,2022-2023,Social,Employee Welfare,Paid maternity leave duration,60,days,,Egypt,Sustainability__Report__for_Egyptalum_2022-2023_-_REV01_(4)_Final_version.pdf
Egyptalum,2022-2023,Social,Employee Welfare,Unpaid maternity leave option duration,15,days,,Egypt,Sustainability__Report__for_Egyptalum_2022-2023_-_REV01_(4)_Final_version.pdf
Egyptalum,2022-2023,Social,Employee Welfare,Daily childcare break duration,2,hours/day,,Egypt,Sustainability__Report__for_Egyptalum_2022-2023_-_REV01_(4)_Final_version.pdf
Egyptalum,2022-2023,Social,Employee Workforce,Employee turnover rate,0.25,%,,Egypt,Sustainability__Report__for_Egyptalum_2022-2023_-_REV01_(4)_Final_version.pdf
Egyptalum,2022-2023,Social,Employee Diversity (Gender),Female workforce percentage,1.2,%,,Egypt,Sustainability__Report__for_Egyptalum_2022-2023_-_REV01_(4)_Final_version.pdf
Egyptalum,2020-2023,Social,Training and Development,Interns per year (average),10,students/year,,Egypt,Sustainability__Report__for_Egyptalum_2022-2023_-_REV01_(4)_Final_version.pdf
Egyptalum,2022-2023,Social,Training and Development,Total training hours delivered,27263,hours,,Egypt,Sustainability__Report__for_Egyptalum_2022-2023_-_REV01_(4)_Final_version.pdf
Egyptalum,2022-2023,Social,Training and Development,Percentage of employees receiving human rights training,27.5,%,,Egypt,Sustainability__Report__for_Egyptalum_2022-2023_-_REV01_(4)_Final_version.pdf
Egyptalum,2022-2023,Social,Training and Development,Average training hours per employee,5.55,Hrs/person,,Egypt,Sustainability__Report__for_Egyptalum_2022-2023_-_REV01_(4)_Final_version.pdf
Egyptalum,2022-2023,Social,Training and Development,Total interns,100,students,,Egypt,Sustainability__Report__for_Egyptalum_2022-2023_-_REV01_(4)_Final_version.pdf
Egyptalum,,Social,Training and Development Target,Target number of interns,120,students,,Egypt,Sustainability__Report__for_Egyptalum_2022-2023_-_REV01_(4)_Final_version.pdf
Vodafone Egypt,2020-2022,Financial,Sustainability Investments,Energy investments over the past 2 years,800000000,EGP,,Egypt,vodafone-egypt-sustainability-report-20-22.pdf
Vodafone Egypt,2021,Environmental,Energy Consumption,Electricity consumption,370,GWh,,Egypt,vodafone-egypt-sustainability-report-20-22.pdf
Vodafone Egypt,2025,Environmental,Renewable Energy Target,Target for 100% renewable energy,100,%,,Egypt,vodafone-egypt-sustainability-report-20-22.pdf
Vodafone Egypt,2030,Environmental,GHG Emissions Target,Target to eliminate all emissions from direct fuel consumption and purchased electricity,2030,Year,Scope 1/2,Egypt,vodafone-egypt-sustainability-report-20-22.pdf
Vodafone Egypt,2040,Environmental,Carbon Footprint Target,Target to eliminate full carbon footprint,2040,Year,Total,Egypt,vodafone-egypt-sustainability-report-20-22.pdf
Vodafone Egypt,2018,Environmental,GHG Emissions,Total Greenhouse Gas Emissions,285799,tCO2e,Total,Egypt,vodafone-egypt-sustainability-report-20-22.pdf
Vodafone Egypt,2019,Environmental,GHG Emissions,Total Greenhouse Gas Emissions,223299,tCO2e,Total,Egypt,vodafone-egypt-sustainability-report-20-22.pdf
Vodafone Egypt,2020,Environmental,GHG Emissions,Total Greenhouse Gas Emissions,155104,tCO2e,Total,Egypt,vodafone-egypt-sustainability-report-20-22.pdf
Vodafone Egypt,2020,Environmental,GHG Emissions Reduction,Reduction in total GHG emissions from 2018 baseline,45,%,Total,Egypt,vodafone-egypt-sustainability-report-20-22.pdf
Vodafone Egypt,2020-2022,Environmental,Solar PV Sites,Number of sites operating with solar PV,120,sites,,Egypt,vodafone-egypt-sustainability-report-20-22.pdf
Vodafone Egypt,2021-2022,Environmental,Renewable Energy Generation,Solar PV generation from Beni Suef building,88.5,MWh,,Egypt,vodafone-egypt-sustainability-report-20-22.pdf
Vodafone Egypt,2021-2022,Environmental,Avoided Emissions,Avoided emissions from purchased electricity (Beni Suef),37,tCO2e,,Egypt,vodafone-egypt-sustainability-report-20-22.pdf
Vodafone Egypt,2021-2022,Environmental,Renewable Energy Generation,Solar PV generation from Smart Village facility,366,MWh,,Egypt,vodafone-egypt-sustainability-report-20-22.pdf
Vodafone Egypt,2021-2022,Environmental,Avoided Emissions,Avoided emissions from purchased electricity (Smart Village),156,tCO2e,,Egypt,vodafone-egypt-sustainability-report-20-22.pdf
Vodafone Egypt,2030,Environmental,Green Power Target,Target for reliance on green power,10,%,,Egypt,vodafone-egypt-sustainability-report-20-22.pdf
Vodafone Egypt,2019-2020,Environmental,Renewable Energy Generation,Solar PV generation,3469,MWh,,Egypt,vodafone-egypt-sustainability-report-20-22.pdf
Vodafone Egypt,2020-2021,Environmental,Renewable Energy Generation,Solar PV generation,3524,MWh,,Egypt,vodafone-egypt-sustainability-report-20-22.pdf
Vodafone Egypt,2021-2022,Environmental,Renewable Energy Generation,Solar PV generation,4151,MWh,,Egypt,vodafone-egypt-sustainability-report-20-22.pdf
Vodafone Egypt,2016-2017,Environmental,Energy Consumption,Purchased electricity consumption,47,GWh,,Egypt,vodafone-egypt-sustainability-report-20-22.pdf
Vodafone Egypt,2016-2017,Environmental,Energy Consumption,Purchased heating & cooling consumption,33,GWh,,Egypt,vodafone-egypt-sustainability-report-20-22.pdf
Vodafone Egypt,2017-2018,Environmental,Energy Consumption,Purchased electricity consumption,62,GWh,,Egypt,vodafone-egypt-sustainability-report-20-22.pdf
Vodafone Egypt,2017-2018,Environmental,Energy Consumption,Purchased heating & cooling consumption,32,GWh,,Egypt,vodafone-egypt-sustainability-report-20-22.pdf
Vodafone Egypt,2018-2019,Environmental,Energy Consumption,Purchased electricity consumption,289,GWh,,Egypt,vodafone-egypt-sustainability-report-20-22.pdf
Vodafone Egypt,2018-2019,Environmental,Energy Consumption,Purchased heating & cooling consumption,31,GWh,,Egypt,vodafone-egypt-sustainability-report-20-22.pdf
Vodafone Egypt,2019-2020,Environmental,Energy Consumption,Purchased electricity consumption,349,GWh,,Egypt,vodafone-egypt-sustainability-report-20-22.pdf
Vodafone Egypt,2019-2020,Environmental,Energy Consumption,Purchased heating & cooling consumption,29,GWh,,Egypt,vodafone-egypt-sustainability-report-20-22.pdf
Vodafone Egypt,2020-2021,Environmental,Energy Consumption,Purchased electricity consumption,369,GWh,,Egypt,vodafone-egypt-sustainability-report-20-22.pdf
Vodafone Egypt,2020-2021,Environmental,Energy Consumption,Purchased heating & cooling consumption,25,GWh,,Egypt,vodafone-egypt-sustainability-report-20-22.pdf
Vodafone Egypt,2021-2022,Environmental,Energy Consumption,Purchased electricity consumption,370,GWh,,Egypt,vodafone-egypt-sustainability-report-20-22.pdf
Vodafone Egypt,2021-2022,Environmental,Energy Consumption,Purchased heating & cooling consumption,24,GWh,,Egypt,vodafone-egypt-sustainability-report-20-22.pdf
Vodafone Egypt,2021,Environmental,GHG Emissions Reduction,Annual CO2e reduction from LED fixtures,940,mtCO2e/yr,,Egypt,vodafone-egypt-sustainability-report-20-22.pdf
Vodafone Egypt,2021,Environmental,Electricity Consumption Reduction,Electricity consumption reduction across buildings from LED fixtures,26,%,,Egypt,vodafone-egypt-sustainability-report-20-22.pdf
Vodafone Egypt,2021,Environmental,Electricity Consumption Reduction,Electricity consumption reduction across cell sites from LED fixtures,7,%,,Egypt,vodafone-egypt-sustainability-report-20-22.pdf
Vodafone Egypt,2020-2022,Environmental,GHG Emissions Reduction,Annual CO2e reduction from water-cooled chillers,1200,mtCO2e/yr,,Egypt,vodafone-egypt-sustainability-report-20-22.pdf
Vodafone Egypt,2020-2022,Environmental,Electricity Consumption Reduction,Electricity consumption reduction from water-cooled chillers,30,%,,Egypt,vodafone-egypt-sustainability-report-20-22.pdf
Vodafone Egypt,2020-2022,Environmental,GHG Emissions Reduction,Annual CO2e reduction from adiabatic cooling system,200,mtCO2e/yr,,Egypt,vodafone-egypt-sustainability-report-20-22.pdf
Vodafone Egypt,2020-2022,Environmental,Electricity Consumption Reduction,Electricity consumption reduction from adiabatic cooling system,32,%,,Egypt,vodafone-egypt-sustainability-report-20-22.pdf
Vodafone Egypt,2020-2022,Environmental,GHG Emissions Reduction,Annual CO2e reduction from water-efficient fixtures,110,mtCO2e/yr,,Egypt,vodafone-egypt-sustainability-report-20-22.pdf
Vodafone Egypt,2020-2022,Environmental,Water Consumption Reduction,Water consumption reduction from water-efficient fixtures,50,%,,Egypt,vodafone-egypt-sustainability-report-20-22.pdf
Vodafone Egypt,2020-2022,Environmental,Paper Waste Reduction,E-certificates issued per month,200,certificates/month,,Egypt,vodafone-egypt-sustainability-report-20-22.pdf
Vodafone Egypt,2020-2022,Environmental,Waste Generation,Average waste generated per employee,2.8,kg/year,,Egypt,vodafone-egypt-sustainability-report-20-22.pdf
Vodafone Egypt,2020-2022,Environmental,Waste Generation,Paper/Cardboard waste by volume,45,%,,Egypt,vodafone-egypt-sustainability-report-20-22.pdf
Vodafone Egypt,2020-2022,Environmental,Waste Generation,Metal waste by volume,5,%,,Egypt,vodafone-egypt-sustainability-report-20-22.pdf
Vodafone Egypt,2020-2022,Environmental,Waste Generation,Plastic waste by volume,10,%,,Egypt,vodafone-egypt-sustainability-report-20-22.pdf
Vodafone Egypt,2020-2022,Environmental,Waste Generation,Organic waste by volume,28,%,,Egypt,vodafone-egypt-sustainability-report-20-22.pdf
Vodafone Egypt,2020-2022,Environmental,Waste Generation,Glass waste by volume,2,%,,Egypt,vodafone-egypt-sustainability-report-20-22.pdf
Vodafone Egypt,2020-2022,Environmental,Waste Generation,Other waste by volume,7,%,,Egypt,vodafone-egypt-sustainability-report-20-22.pdf
Vodafone Egypt,2020-2022,Environmental,E-waste Generation (Contextual),Approximate e-waste generated in Egypt per year,500,kt/year,,Egypt,vodafone-egypt-sustainability-report-20-22.pdf
Vodafone Egypt,2020-2022,Environmental,E-waste Generation (Contextual),Approximate e-waste generated in Egypt per year (upper bound),600,kt/year,,Egypt,vodafone-egypt-sustainability-report-20-22.pdf
Vodafone Egypt,2020-2022,Environmental,E-waste Recycling,Electronic waste donated to e-Tadweer initiative,10000,tons,,Egypt,vodafone-egypt-sustainability-report-20-22.pdf
Vodafone Egypt,2020-2022,Social,Community Engagement,Number of people who downloaded e-Tadweer app,180000,people,,Egypt,vodafone-egypt-sustainability-report-20-22.pdf
Vodafone Egypt,2020-2022,Social,Community Engagement,Number of people exposed to e-Tadweer app launch,1200000,people,,Egypt,vodafone-egypt-sustainability-report-20-22.pdf
Vodafone Egypt,2020-2022,Environmental,Carbon Emissions Reduction Target,Annual carbon emissions reduction target through #Passion4Action,4,tons,,Egypt,vodafone-egypt-sustainability-report-20-22.pdf
Vodafone Egypt,2021,Social,Employee Diversity,Women applied to Fekretek Ideathon,170,women,,Egypt,vodafone-egypt-sustainability-report-20-22.pdf
Vodafone Egypt,2021,Social,Community Investment,Total prize budget for Fekretek Ideathon,450000,EGP,,Egypt,vodafone-egypt-sustainability-report-20-22.pdf
Vodafone Egypt,2021,Social,Community Engagement,Women attendees registered for Fekretek Ideathon,1000,women,,Egypt,vodafone-egypt-sustainability-report-20-22.pdf
Vodafone Egypt,2021,Social,Community Investment,1st place prize for Fekretek Ideathon,250000,EGP,,Egypt,vodafone-egypt-sustainability-report-20-22.pdf
Vodafone Egypt,2021,Social,Community Investment,2nd place prize for Fekretek Ideathon,150000,EGP,,Egypt,vodafone-egypt-sustainability-report-20-22.pdf
Vodafone Egypt,2021,Social,Community Investment,3rd place prize for Fekretek Ideathon,50000,EGP,,Egypt,vodafone-egypt-sustainability-report-20-22.pdf
Vodafone Egypt,2020-2022,Social,Community Investment,Customers encouraged to donate via SMS campaign,44000000,customers,,Egypt,vodafone-egypt-sustainability-report-20-22.pdf
Vodafone Egypt,2020-2022,Social,Community Investment,Donation amount to Ministry of Health from SMS campaign,10000000,EGP,,Egypt,vodafone-egypt-sustainability-report-20-22.pdf
Vodafone Egypt,2020-2022,Social,Community Engagement,Yalla Sharek volunteering missions accomplished,25,missions,,Egypt,vodafone-egypt-sustainability-report-20-22.pdf
Vodafone Egypt,2020-2022,Social,Community Engagement,Yalla Sharek volunteering hours,2700,hours,,Egypt,vodafone-egypt-sustainability-report-20-22.pdf
Vodafone Egypt,2020-2022,Social,Community Engagement,Yalla Sharek volunteers,700,volunteers,,Egypt,vodafone-egypt-sustainability-report-20-22.pdf
Vodafone Egypt,2020-2022,Social,Community Investment,Donations collected for Connectivity to Orphanages,24000,EGP,,Egypt,vodafone-egypt-sustainability-report-20-22.pdf
Vodafone Egypt,2020-2022,Social,Community Engagement,Students benefiting from Catholic Relief program,3700,students,,Egypt,vodafone-egypt-sustainability-report-20-22.pdf
Vodafone Egypt,2020-2022,Social,Community Engagement,Participants in Catholic Relief program,110,participants,,Egypt,vodafone-egypt-sustainability-report-20-22.pdf
Vodafone Egypt,2020-2022,Social,Employee Engagement,Participants in International Women’s Day events,1791,participants,,Egypt,vodafone-egypt-sustainability-report-20-22.pdf
Vodafone Egypt,2017-2018,Social,Employee Diversity,People with disabilities within workforce,3.9,%,,Egypt,vodafone-egypt-sustainability-report-20-22.pdf
Vodafone Egypt,2018-2019,Social,Employee Diversity,People with disabilities within workforce,2.3,%,,Egypt,vodafone-egypt-sustainability-report-20-22.pdf
Vodafone Egypt,2019-2020,Social,Employee Diversity,People with disabilities within workforce,3.0,%,,Egypt,vodafone-egypt-sustainability-report-20-22.pdf
Vodafone Egypt,2020-2021,Social,Employee Diversity,People with disabilities within workforce,3.2,%,,Egypt,vodafone-egypt-sustainability-report-20-22.pdf
Vodafone Egypt,2021-2022,Social,Employee Diversity,People with disabilities within workforce,3.9,%,,Egypt,vodafone-egypt-sustainability-report-20-22.pdf
Vodafone Egypt,2020-2022,Social,Education & Training,Users of Ta3limy Online Education Platform,1800000,users,,Egypt,vodafone-egypt-sustainability-report-20-22.pdf
Vodafone Egypt,2020-2022,Social,Education & Training,Schools granted access to Ta3limy full ecosystem,103,schools,,Egypt,vodafone-egypt-sustainability-report-20-22.pdf
Vodafone Egypt,2020-2022,Social,Education & Training,Classrooms equipped for Instant Network Schools program,18,classrooms,,Egypt,vodafone-egypt-sustainability-report-20-22.pdf
Vodafone Egypt,2020-2022,Social,Education & Training,Target for Instant Network Schools program expansion,40,schools,,Egypt,vodafone-egypt-sustainability-report-20-22.pdf
Vodafone Egypt,2020-2022,Social,Education & Training,Beneficiaries of Instant Network Schools program,54000,beneficiaries,,Egypt,vodafone-egypt-sustainability-report-20-22.pdf
Vodafone Egypt,2020-2022,Social,Education & Training,Learning Week sessions conducted,12,sessions,,Egypt,vodafone-egypt-sustainability-report-20-22.pdf
Vodafone Egypt,2020-2022,Social,Education & Training,Learning Week topics covered,11,topics,,Egypt,vodafone-egypt-sustainability-report-20-22.pdf
Vodafone Egypt,2020-2022,Social,Education & Training,Average learning hours during Learning Week,12,hours,,Egypt,vodafone-egypt-sustainability-report-20-22.pdf
Vodafone Egypt,2020-2022,Social,Employee Development,New top talents identified from F Bands (senior managers),9,talents,,Egypt,vodafone-egypt-sustainability-report-20-22.pdf
Vodafone Egypt,2020-2022,Social,Employee Development,Total F Bands attendees,215,attendees,,Egypt,vodafone-egypt-sustainability-report-20-22.pdf
Vodafone Egypt,2020-2022,Social,Employee Development,New top talents identified from G Bands (seniors),78,talents,,Egypt,vodafone-egypt-sustainability-report-20-22.pdf
Vodafone Egypt,2020-2022,Social,Employee Development,Total G Bands attendees,2031,attendees,,Egypt,vodafone-egypt-sustainability-report-20-22.pdf
Vodafone Egypt,2020-2022,Social,Employee Development,Top talents graduated from local Accelerate program,40,talents,,Egypt,vodafone-egypt-sustainability-report-20-22.pdf
Vodafone Egypt,2020-2022,Social,Employee Development,Participants in hybrid summer internships,140,participants,,Egypt,vodafone-egypt-sustainability-report-20-22.pdf
Vodafone Egypt,2020-2022,Social,Employee Development,Participants in Leadership Academy,1286,participants,,Egypt,vodafone-egypt-sustainability-report-20-22.pdf
Vodafone Egypt,2020-2022,Social,Health and Safety,Employees covered by wellbeing initiatives,100,%,,Egypt,vodafone-egypt-sustainability-report-20-22.pdf
Vodafone Egypt,2020-2022,Social,Health and Safety,Training events participated in HSE training sessions,110,events,,Egypt,vodafone-egypt-sustainability-report-20-22.pdf
Vodafone Egypt,2020-2022,Social,Health and Safety,Employees worked on HSE,767,employees,,Egypt,vodafone-egypt-sustainability-report-20-22.pdf
Vodafone Egypt,2020-2022,Social,Health and Safety,Total HSE training hours per employee,8.5,hours/employee,,Egypt,vodafone-egypt-sustainability-report-20-22.pdf
Vodafone Egypt,2020-2022,Social,Health and Safety,Employees & subcontractors covered by OSHA system,8000,people,,Egypt,vodafone-egypt-sustainability-report-20-22.pdf
Vodafone Egypt,2020-2022,Social,Health and Safety,Employees & subcontractors reviewed by internal audits and external certification,5600,people,,Egypt,vodafone-egypt-sustainability-report-20-22.pdf
Vodafone Egypt,2020-2022,Social,Health and Safety,"Fatalities, injuries & cases of work-related ill-health",0,cases,,Egypt,vodafone-egypt-sustainability-report-20-22.pdf
Vodafone Egypt,2020-2022,Social,Health and Safety,Hazards identified and addressed,86,hazards,,Egypt,vodafone-egypt-sustainability-report-20-22.pdf
Vodafone Egypt,2020-2022,Social,Employee Engagement,Rounds of Pulse Surveys conducted,7,rounds,,Egypt,vodafone-egypt-sustainability-report-20-22.pdf
Vodafone Egypt,2020-2022,Social,Health and Safety,"Employees instructed as trained, certified champions for emergency preparedness",11,employees,,Egypt,vodafone-egypt-sustainability-report-20-22.pdf
Vodafone Egypt,2020-2022,Social,Health and Safety,Tier 1 drivers covered by road safety collaboration,433,drivers,,Egypt,vodafone-egypt-sustainability-report-20-22.pdf
Vodafone Egypt,2020-2022,Social,Health and Safety,Employees covered by road safety collaboration,11,employees,,Egypt,vodafone-egypt-sustainability-report-20-22.pdf
Vodafone Egypt,2020-2022,Social,Employee Engagement,Completion rate for Spirit team conversations,88,%,,Egypt,vodafone-egypt-sustainability-report-20-22.pdf
Vodafone Egypt,2020-2022,Social,Employee Engagement,Sessions conducted for Purpose & Spirit initiative,16,sessions,,Egypt,vodafone-egypt-sustainability-report-20-22.pdf
Vodafone Egypt,2020-2022,Social,Employee Engagement,Employees participating in Purpose & Spirit sessions,800,employees,,Egypt,vodafone-egypt-sustainability-report-20-22.pdf
Vodafone Egypt,2020-2022,Governance,Board Composition,Youth Committee members,7,members,,Egypt,vodafone-egypt-sustainability-report-20-22.pdf
Vodafone Egypt,2020-2022,Governance,Board Diversity,Female Youth Committee members,3,females,,Egypt,vodafone-egypt-sustainability-report-20-22.pdf
Vodafone Egypt,2020-2022,Governance,Ethics and Compliance,Speak Up cases during the reporting period,13,cases,,Egypt,vodafone-egypt-sustainability-report-20-22.pdf
Vodafone Egypt,2020-2022,Governance,Ethics and Compliance,"Cases of non-compliance on environment, human rights, health and safety impacts of products and services, information, labeling and marketing, laws and regulations",0,cases,,Egypt,vodafone-egypt-sustainability-report-20-22.pdf
Vodafone Egypt,2020-2022,Governance,Ethics and Compliance,Internal audits conducted during the reporting period,7,audits,,Egypt,vodafone-egypt-sustainability-report-20-22.pdf
Vodafone Egypt,2020-2022,Social,Supply Chain Data,Active vendors across the world,1048,vendors,,Egypt,vodafone-egypt-sustainability-report-20-22.pdf
Vodafone Egypt,2018-2020,Social,Supply Chain Data,Spending on local supplies,45,%,,Egypt,vodafone-egypt-sustainability-report-20-22.pdf
Vodafone Egypt,2020-2021,Social,Supply Chain Data,Spending on local supplies,49,%,,Egypt,vodafone-egypt-sustainability-report-20-22.pdf
Vodafone Egypt,2021-2022,Social,Supply Chain Data,Spending on local supplies,49,%,,Egypt,vodafone-egypt-sustainability-report-20-22.pdf
Vodafone Egypt,2019,Financial,Supplier Spending,Total spent on suppliers,461,Million Euros,,Egypt,vodafone-egypt-sustainability-report-20-22.pdf
Vodafone Egypt,2020,Financial,Supplier Spending,Total spent on suppliers,394,Million Euros,,Egypt,vodafone-egypt-sustainability-report-20-22.pdf
Vodafone Egypt,2021,Financial,Supplier Spending,Total spent on suppliers,256,Million Euros,,Egypt,vodafone-egypt-sustainability-report-20-22.pdf
Vodafone Egypt,2021,Social,Supply Chain Data,Beneficiaries of supplier training (tier 1 and tier 2 vendors),94,beneficiaries,,Egypt,vodafone-egypt-sustainability-report-20-22.pdf
Vodafone Egypt,2020-2022,Financial,Revenue,Revenue growth compared to previous reporting period,17,%,,Egypt,vodafone-egypt-sustainability-report-20-22.pdf
Vodafone Egypt,2020-2022,Financial,Customer Growth,New customers added compared to previous reporting period,1100000,customers,,Egypt,vodafone-egypt-sustainability-report-20-22.pdf
Vodafone Egypt,2020,Financial,Revenue,Total Revenue,26333000000,EGP,,Egypt,vodafone-egypt-sustainability-report-20-22.pdf
Vodafone Egypt,2021,Financial,Revenue,Total Revenue,28334000000,EGP,,Egypt,vodafone-egypt-sustainability-report-20-22.pdf
Vodafone Egypt,2022,Financial,Revenue,Total Revenue,33252000000,EGP,,Egypt,vodafone-egypt-sustainability-report-20-22.pdf
Vodafone Egypt,2020,Financial,Dividends,Total Dividends,1178000000,EGP,,Egypt,vodafone-egypt-sustainability-report-20-22.pdf
Vodafone Egypt,2021,Financial,Dividends,Total Dividends,3755000000,EGP,,Egypt,vodafone-egypt-sustainability-report-20-22.pdf
Vodafone Egypt,2022,Financial,Dividends,Total Dividends,8342000000,EGP,,Egypt,vodafone-egypt-sustainability-report-20-22.pdf
Vodafone Egypt,2020,Financial,Customer Count,Total number of customers,40243800,customers,,Egypt,vodafone-egypt-sustainability-report-20-22.pdf
Vodafone Egypt,2021,Financial,Customer Count,Total number of customers,41701900,customers,,Egypt,vodafone-egypt-sustainability-report-20-22.pdf
Vodafone Egypt,2022,Financial,Customer Count,Total number of customers,42816200,customers,,Egypt,vodafone-egypt-sustainability-report-20-22.pdf
Vodafone Egypt,2020-2022,Financial,Tax Distribution,VAT contribution,60,%,,Egypt,vodafone-egypt-sustainability-report-20-22.pdf
Vodafone Egypt,2020-2022,Social,Financial Inclusion (Contextual),Total population in Egypt,100000000,people,,Egypt,vodafone-egypt-sustainability-report-20-22.pdf
Vodafone Egypt,2020-2022,Social,Financial Inclusion (Contextual),Population eligible for a bank account,63000000,people,,Egypt,vodafone-egypt-sustainability-report-20-22.pdf
Vodafone Egypt,2020-2022,Social,Financial Inclusion (Contextual),Population banked,14000000,people,,Egypt,vodafone-egypt-sustainability-report-20-22.pdf
Vodafone Egypt,2020-2022,Social,Financial Inclusion (Contextual),Population with mobile wallets,16300000,people,,Egypt,vodafone-egypt-sustainability-report-20-22.pdf
Vodafone Egypt,2020-2022,Social,Financial Inclusion (Contextual),Population not benefiting from financial services,86,%,,Egypt,vodafone-egypt-sustainability-report-20-22.pdf
Vodafone Egypt,2020-2022,Social,Financial Inclusion,Registered Vodafone Cash wallet users,16300000,users,,Egypt,vodafone-egypt-sustainability-report-20-22.pdf
Vodafone Egypt,2020-2022,Social,Financial Inclusion,Total e-wallet transactions in Egypt,81000000,transactions,,Egypt,vodafone-egypt-sustainability-report-20-22.pdf
Vodafone Egypt,2020-2022,Social,Financial Inclusion,Market share of total e-wallet transactions,65,%,,Egypt,vodafone-egypt-sustainability-report-20-22.pdf
Vodafone Egypt,2020-2022,Social,Financial Inclusion,Vodafone Cash channels nationwide,400000,channels,,Egypt,vodafone-egypt-sustainability-report-20-22.pdf
Vodafone Egypt,2020-2022,Social,Financial Inclusion,Bank partnerships for Vodafone Cash,11,partnerships,,Egypt,vodafone-egypt-sustainability-report-20-22.pdf
Vodafone Egypt,2020-2022,Social,Employment,Digital content on Begin platform,40,content pieces,,Egypt,vodafone-egypt-sustainability-report-20-22.pdf
Vodafone Egypt,2020-2022,Social,Employment,Freelancers on Begin platform,3500,freelancers,,Egypt,vodafone-egypt-sustainability-report-20-22.pdf
Vodafone Egypt,2020-2022,Social,Employment,Clients on Begin platform,2000,clients,,Egypt,vodafone-egypt-sustainability-report-20-22.pdf
Vodafone Egypt,2020-2022,Social,Digitalization,Births and deaths offices fully digitalized,2800,offices,,Egypt,vodafone-egypt-sustainability-report-20-22.pdf
Vodafone Egypt,2020-2022,Social,Digitalization,Retail stores equipped with self-help machines,150,stores,,Egypt,vodafone-egypt-sustainability-report-20-22.pdf
Vodafone Egypt,2020-2022,Social,Digitalization,Isolated villages with new coverage,59,villages,,Egypt,vodafone-egypt-sustainability-report-20-22.pdf
Vodafone Egypt,2020-2022,Social,Digitalization,Customers served in newly covered areas,800000,customers,,Egypt,vodafone-egypt-sustainability-report-20-22.pdf
Vodafone Egypt,2020-2022,Social,Digitalization,3G/4G nationwide coverage,95,%,,Egypt,vodafone-egypt-sustainability-report-20-22.pdf
Vodafone Egypt,2020-2022,Social,Digitalization,SIMs provided for Edgeconn data centers and gateways,2000,SIMs,,Egypt,vodafone-egypt-sustainability-report-20-22.pdf
Vodafone Egypt,2020-2022,Governance,Policy Adoption,Proposed changes to DP Law 151/2020 adopted by Parliament and Government,90,%,,Egypt,vodafone-egypt-sustainability-report-20-22.pdf
Vodafone Egypt,2020-2022,Social,Health and Safety,COVID-19 awareness sessions conducted by HSE Department,52,sessions,,Egypt,vodafone-egypt-sustainability-report-20-22.pdf
Vodafone Egypt,2020-2022,Social,Health and Safety,Employees vaccinated on premises,3400,employees,,Egypt,vodafone-egypt-sustainability-report-20-22.pdf
Vodafone Egypt,2020-2022,Social,Health and Safety,People impacted by internal healthcare coverage scheme,8000,people,,Egypt,vodafone-egypt-sustainability-report-20-22.pdf
Vodafone Egypt,2020-2022,Social,Community Investment,Free minutes provided to medical staff per month,3000,minutes,,Egypt,vodafone-egypt-sustainability-report-20-22.pdf
Vodafone Egypt,2020-2022,Social,Community Investment,Free data provided to medical staff per month,10,GB,,Egypt,vodafone-egypt-sustainability-report-20-22.pdf
Vodafone Egypt,2020-2022,Governance,Ethics and Compliance,Non-compliance cases,0,cases,,Egypt,vodafone-egypt-sustainability-report-20-22.pdf
Vodafone Egypt,2020-2022,Governance,Board Diversity,Female members on Board,25,%,,Egypt,vodafone-egypt-sustainability-report-20-22.pdf
Vodafone Egypt,2020-2022,Financial,Cost Savings from Sustainability Initiatives,Reduction in paper costs due to digitalization of processes,31,%,,Egypt,vodafone-egypt-sustainability-report-20-22.pdf
Vodafone Egypt,2020-2022,Social,Total Employees,Total employees (headcount),5537,employees,,Egypt,vodafone-egypt-sustainability-report-20-22.pdf
Vodafone Egypt,2020-2022,Social,Employee Count,New employees hired,757,employees,,Egypt,vodafone-egypt-sustainability-report-20-22.pdf
Vodafone Egypt,2020-2022,Social,Health and Safety,Employees covered by ISO45001 OSHA Management System,5537,employees,,Egypt,vodafone-egypt-sustainability-report-20-22.pdf
Vodafone Egypt,2020-2022,Social,Health and Safety,Subcontractors covered by ISO45001 OSHA Management System,113,subcontractors,,Egypt,vodafone-egypt-sustainability-report-20-22.pdf
Vodafone Egypt,2020-2022,Social,Employee Diversity,Women in management positions,26,%,,Egypt,vodafone-egypt-sustainability-report-20-22.pdf
Vodafone Egypt,2020-2022,Social,Training,Management training on anti-corruption,100,%,,Egypt,vodafone-egypt-sustainability-report-20-22.pdf
Vodafone Egypt,2020-2022,Social,Health and Safety,Medical checkups and vaccinations for contractors,5782,checkups/vaccinations,,Egypt,vodafone-egypt-sustainability-report-20-22.pdf
Vodafone Egypt,2020-2022,Social,Training,Trainings on leadership and performance development,5700,trainings,,Egypt,vodafone-egypt-sustainability-report-20-22.pdf
Vodafone Egypt,2020-2022,Social,Training,Employee training on anti-corruption,91,%,,Egypt,vodafone-egypt-sustainability-report-20-22.pdf
Vodafone Egypt,2020-2022,Social,Employee Diversity,Male to female ratio,2.1,ratio,,Egypt,vodafone-egypt-sustainability-report-20-22.pdf
Vodafone Egypt,2021-2022,Environmental,Energy Consumption,Purchased electricity consumption,369910307,kWh,,Egypt,vodafone-egypt-sustainability-report-20-22.pdf
Vodafone Egypt,2021-2022,Environmental,Energy Consumption,Purchased heating & cooling consumption,23588.609,kWh,,Egypt,vodafone-egypt-sustainability-report-20-22.pdf
Vodafone Egypt,2021-2022,Environmental,Renewable Energy Generation,Renewable energy generation from solar PV,4150749,kWh,,Egypt,vodafone-egypt-sustainability-report-20-22.pdf
Vodafone Egypt,2021-2022,Environmental,Fuel Consumption,Diesel consumption,23557000,liters,,Egypt,vodafone-egypt-sustainability-report-20-22.pdf
Vodafone Egypt,2021-2022,Environmental,Renewable Energy Generation,Solar PV generation from Beni Suef solar powered building,88553,kWh,,Egypt,vodafone-egypt-sustainability-report-20-22.pdf
Vodafone Egypt,2021-2022,Environmental,Avoided Emissions,Equivalent CO2e reduction from Beni Suef solar powered building,37,tCO2e,,Egypt,vodafone-egypt-sustainability-report-20-22.pdf
Vodafone Egypt,2021-2022,Environmental,Renewable Energy Generation,Solar PV generation from C2 & C3 solar powered buildings,366995,kWh,,Egypt,vodafone-egypt-sustainability-report-20-22.pdf
Vodafone Egypt,2021-2022,Environmental,Avoided Emissions,Equivalent CO2e reduction from C2 & C3 solar powered buildings,156,tCO2e,,Egypt,vodafone-egypt-sustainability-report-20-22.pdf
Vodafone Egypt,2020-2022,Environmental,Energy Reduction,Electricity consumption reduction from LED fixtures in VF Buildings,111050948,kWh,,Egypt,vodafone-egypt-sustainability-report-20-22.pdf
Vodafone Egypt,2020-2022,Environmental,Energy Reduction,Percentage electricity consumption reduction from LED fixtures in VF Buildings,26,%,,Egypt,vodafone-egypt-sustainability-report-20-22.pdf
Vodafone Egypt,2020-2022,Environmental,Energy Reduction,Electricity consumption reduction from LED fixtures in VF MTX’s,2307044,kWh,,Egypt,vodafone-egypt-sustainability-report-20-22.pdf
Vodafone Egypt,2020-2022,Environmental,Energy Reduction,Percentage electricity consumption reduction from LED fixtures in VF MTX’s,7,%,,Egypt,vodafone-egypt-sustainability-report-20-22.pdf
Vodafone Egypt,2020-2022,Environmental,GHG Emissions Reduction,CO2e reduction from LED fixtures in VF MTX’s,391,tCO2e,,Egypt,vodafone-egypt-sustainability-report-20-22.pdf
Vodafone Egypt,2020-2022,Environmental,Energy Reduction,Power consumption reduction from HQ Water Cooled Chiller,124362,kWh,,Egypt,vodafone-egypt-sustainability-report-20-22.pdf
Vodafone Egypt,2020-2022,Environmental,Energy Reduction,Percentage power consumption reduction from HQ Water Cooled Chiller,30,%,,Egypt,vodafone-egypt-sustainability-report-20-22.pdf
Vodafone Egypt,2020-2022,Environmental,GHG Emissions Reduction,CO2e reduction from HQ Water Cooled Chiller,12000,tCO2e,,Egypt,vodafone-egypt-sustainability-report-20-22.pdf
Vodafone Egypt,2020-2022,Environmental,Energy Reduction,Power consumption reduction from Adiabatic Cooling,132653,kWh,,Egypt,vodafone-egypt-sustainability-report-20-22.pdf
Vodafone Egypt,2020-2022,Environmental,Energy Reduction,Percentage power consumption reduction from Adiabatic Cooling,32,%,,Egypt,vodafone-egypt-sustainability-report-20-22.pdf
Vodafone Egypt,2020-2022,Environmental,GHG Emissions Reduction,CO2e reduction from Adiabatic Cooling,200,tCO2e,,Egypt,vodafone-egypt-sustainability-report-20-22.pdf
Vodafone Egypt,2020-2022,Environmental,Water Consumption Reduction,Percentage water consumption reduction from Adiabatic Cooling,50,%,,Egypt,vodafone-egypt-sustainability-report-20-22.pdf
Vodafone Egypt,2020-2022,Environmental,GHG Emissions Reduction,CO2e reduction from Water Efficient Fixtures,110,tCO2e,,Egypt,vodafone-egypt-sustainability-report-20-22.pdf
Vodafone Egypt,2020-2022,Environmental,Fuel Consumption,Number of owned private cars,120,cars,,Egypt,vodafone-egypt-sustainability-report-20-22.pdf
Vodafone Egypt,2020-2022,Environmental,Fuel Consumption,Gasoline fuel consumed by owned vehicles,455809,liters,,Egypt,vodafone-egypt-sustainability-report-20-22.pdf
Vodafone Egypt,2020-2022,Environmental,Water Usage,Municipal water consumption,49490,m3,,Egypt,vodafone-egypt-sustainability-report-20-22.pdf
Vodafone Egypt,2020-2022,Environmental,Water Usage,Cooling water consumption,1683480,m3,,Egypt,vodafone-egypt-sustainability-report-20-22.pdf
Vodafone Egypt,2020-2022,Environmental,Water Usage,Total water consumption,1732970,m3,,Egypt,vodafone-egypt-sustainability-report-20-22.pdf
Vodafone Egypt,2020-2022,Environmental,Waste Generation,Total solid waste generated,1.89,tons,,Egypt,vodafone-egypt-sustainability-report-20-22.pdf
Vodafone Egypt,2020-2022,Environmental,Waste Generation,Paper/Cardboard waste by volume from total generated,45,%,,Egypt,vodafone-egypt-sustainability-report-20-22.pdf
Vodafone Egypt,2020-2022,Environmental,Waste Generation,Metal waste by volume from total generated,5,%,,Egypt,vodafone-egypt-sustainability-report-20-22.pdf
Vodafone Egypt,2020-2022,Environmental,Waste Generation,Plastic waste by volume from total generated,10,%,,Egypt,vodafone-egypt-sustainability-report-20-22.pdf
Vodafone Egypt,2020-2022,Environmental,Waste Generation,Organic waste by volume from total generated,27,%,,Egypt,vodafone-egypt-sustainability-report-20-22.pdf
Vodafone Egypt,2020-2022,Environmental,Waste Generation,Glass waste by volume from total generated,1,%,,Egypt,vodafone-egypt-sustainability-report-20-22.pdf
Vodafone Egypt,2020-2022,Environmental,Waste Generation,Other waste by volume from total generated,12,%,,Egypt,vodafone-egypt-sustainability-report-20-22.pdf
Vodafone Egypt,2020-2022,Social,Total Employees,Total employees (headcount),5537,employees,,Egypt,vodafone-egypt-sustainability-report-20-22.pdf
Vodafone Egypt,2020-2022,Social,Employee Count,Permanent contract employees,340,employees,,Egypt,vodafone-egypt-sustainability-report-20-22.pdf
Vodafone Egypt,2020-2022,Social,Employee Diversity,Female permanent contract employees,25,%,,Egypt,vodafone-egypt-sustainability-report-20-22.pdf
Vodafone Egypt,2020-2022,Social,Employee Count,Temporary contract employees,5197,employees,,Egypt,vodafone-egypt-sustainability-report-20-22.pdf
Vodafone Egypt,2020-2022,Social,Employee Diversity,Female temporary contract employees,32,%,,Egypt,vodafone-egypt-sustainability-report-20-22.pdf
Vodafone Egypt,2020-2022,Social,Employee Count,Full-time employees,5329,employees,,Egypt,vodafone-egypt-sustainability-report-20-22.pdf
Vodafone Egypt,2020-2022,Social,Employee Diversity,Female full-time employees,32,%,,Egypt,vodafone-egypt-sustainability-report-20-22.pdf
Vodafone Egypt,2020-2022,Social,Employee Count,Part-time employees,208,employees,,Egypt,vodafone-egypt-sustainability-report-20-22.pdf
Vodafone Egypt,2020-2022,Social,Employee Diversity,Female part-time employees,35,%,,Egypt,vodafone-egypt-sustainability-report-20-22.pdf
Vodafone Egypt,2020-2022,Social,Employee Diversity,Employees under 30 years,1409,employees,,Egypt,vodafone-egypt-sustainability-report-20-22.pdf
Vodafone Egypt,2020-2022,Social,Employee Diversity,Employees between 30-50 years,4063,employees,,Egypt,vodafone-egypt-sustainability-report-20-22.pdf
Vodafone Egypt,2020-2022,Social,Employee Diversity,Employees over 50 years,65,employees,,Egypt,vodafone-egypt-sustainability-report-20-22.pdf
Vodafone Egypt,2020-2022,Social,Employee Diversity,Male to female ratio,2.1,ratio,,Egypt,vodafone-egypt-sustainability-report-20-22.pdf
Vodafone Egypt,2020-2022,Social,Employee Diversity,People with disabilities,217,employees,,Egypt,vodafone-egypt-sustainability-report-20-22.pdf
Vodafone Egypt,2020-2022,Social,Employee Diversity,Total employees in STEM positions,1283,employees,,Egypt,vodafone-egypt-sustainability-report-20-22.pdf
Vodafone Egypt,2020-2022,Social,Employee Diversity,Male employees in STEM positions,894,employees,,Egypt,vodafone-egypt-sustainability-report-20-22.pdf
Vodafone Egypt,2020-2022,Social,Employee Diversity,Female employees in STEM positions,389,employees,,Egypt,vodafone-egypt-sustainability-report-20-22.pdf
Vodafone Egypt,2020-2022,Social,Employee Diversity,Employees in management positions,701,employees,,Egypt,vodafone-egypt-sustainability-report-20-22.pdf
Vodafone Egypt,2020-2022,Social,Employee Diversity,Female employees in management positions,186,employees,,Egypt,vodafone-egypt-sustainability-report-20-22.pdf
Vodafone Egypt,2020-2022,Social,Employee Diversity,Male employees in management positions,515,employees,,Egypt,vodafone-egypt-sustainability-report-20-22.pdf
Vodafone Egypt,2020-2022,Governance,Board Composition,Total Board of Directors members,8,members,,Egypt,vodafone-egypt-sustainability-report-20-22.pdf
Vodafone Egypt,2020-2022,Governance,Board Diversity,Female Board of Directors members,2,members,,Egypt,vodafone-egypt-sustainability-report-20-22.pdf
Vodafone Egypt,2020-2022,Governance,Board Diversity,Male Board of Directors members,6,members,,Egypt,vodafone-egypt-sustainability-report-20-22.pdf
Vodafone Egypt,2020-2022,Social,Employee Diversity,Top management employees,53,employees,,Egypt,vodafone-egypt-sustainability-report-20-22.pdf
Vodafone Egypt,2020-2022,Social,Employee Diversity,Female top management employees,13,employees,,Egypt,vodafone-egypt-sustainability-report-20-22.pdf
Vodafone Egypt,2020-2022,Social,Employee Diversity,Male top management employees,40,employees,,Egypt,vodafone-egypt-sustainability-report-20-22.pdf
Vodafone Egypt,2020-2022,Social,Employee Diversity,Middle management employees,210,employees,,Egypt,vodafone-egypt-sustainability-report-20-22.pdf
Vodafone Egypt,2020-2022,Social,Employee Diversity,Female middle management employees,51,employees,,Egypt,vodafone-egypt-sustainability-report-20-22.pdf
Vodafone Egypt,2020-2022,Social,Employee Diversity,Male middle management employees,159,employees,,Egypt,vodafone-egypt-sustainability-report-20-22.pdf
Vodafone Egypt,2020-2022,Social,Employee Diversity,Junior management employees,205,employees,,Egypt,vodafone-egypt-sustainability-report-20-22.pdf
Vodafone Egypt,2020-2022,Social,Employee Diversity,Female junior management employees,53,employees,,Egypt,vodafone-egypt-sustainability-report-20-22.pdf
Vodafone Egypt,2020-2022,Social,Employee Diversity,Male junior management employees,152,employees,,Egypt,vodafone-egypt-sustainability-report-20-22.pdf
Vodafone Egypt,2020-2022,Social,Employee Diversity,Management employees in revenue-generating functions,447,employees,,Egypt,vodafone-egypt-sustainability-report-20-22.pdf
Vodafone Egypt,2020-2022,Social,Employee Diversity,Female management employees in revenue-generating functions,122,employees,,Egypt,vodafone-egypt-sustainability-report-20-22.pdf
Vodafone Egypt,2020-2022,Social,Employee Diversity,Male management employees in revenue-generating functions,325,employees,,Egypt,vodafone-egypt-sustainability-report-20-22.pdf
Vodafone Egypt,2020-2022,Social,Employee Retention,New hires,757,hires,,Egypt,vodafone-egypt-sustainability-report-20-22.pdf
Vodafone Egypt,2020-2022,Social,Employee Diversity,Male new hires,421,hires,,Egypt,vodafone-egypt-sustainability-report-20-22.pdf
Vodafone Egypt,2020-2022,Social,Employee Diversity,Female new hires,336,hires,,Egypt,vodafone-egypt-sustainability-report-20-22.pdf
Vodafone Egypt,2020-2022,Social,Employee Diversity,New hires under 30 years,561,hires,,Egypt,vodafone-egypt-sustainability-report-20-22.pdf
Vodafone Egypt,2020-2022,Social,Employee Diversity,New hires between 30-50 years,169,hires,,Egypt,vodafone-egypt-sustainability-report-20-22.pdf
Vodafone Egypt,2020-2022,Social,Employee Diversity,New hires with disabilities,1,hires,,Egypt,vodafone-egypt-sustainability-report-20-22.pdf
Vodafone Egypt,2020-2022,Social,Employee Retention,Employee turnover,894,employees,,Egypt,vodafone-egypt-sustainability-report-20-22.pdf
Vodafone Egypt,2020-2022,Social,Employee Diversity,Male employee turnover,599,employees,,Egypt,vodafone-egypt-sustainability-report-20-22.pdf
Vodafone Egypt,2020-2022,Social,Employee Diversity,Female employee turnover,295,employees,,Egypt,vodafone-egypt-sustainability-report-20-22.pdf
Vodafone Egypt,2020-2022,Social,Employee Diversity,Employee turnover under 30 years,484,employees,,Egypt,vodafone-egypt-sustainability-report-20-22.pdf
Vodafone Egypt,2020-2022,Social,Employee Diversity,Employee turnover between 30-50 years,410,employees,,Egypt,vodafone-egypt-sustainability-report-20-22.pdf
Vodafone Egypt,2020-2022,Social,Parental Leave,Employees entitled to parental leave,5537,employees,,Egypt,vodafone-egypt-sustainability-report-20-22.pdf
Vodafone Egypt,2020-2021,Social,Parental Leave,Employees who took parental leave,207,employees,,Egypt,vodafone-egypt-sustainability-report-20-22.pdf
Vodafone Egypt,2020-2021,Social,Parental Leave,Male employees who took parental leave,141,employees,,Egypt,vodafone-egypt-sustainability-report-20-22.pdf
Vodafone Egypt,2020-2021,Social,Parental Leave,Female employees who took parental leave,66,employees,,Egypt,vodafone-egypt-sustainability-report-20-22.pdf
Vodafone Egypt,2020-2022,Social,Training,Top Management trained on anti-corruption policies and procedures,100,%,,Egypt,vodafone-egypt-sustainability-report-20-22.pdf
Vodafone Egypt,2020-2022,Social,Training,Middle Management trained on anti-corruption policies and procedures,100,%,,Egypt,vodafone-egypt-sustainability-report-20-22.pdf
Vodafone Egypt,2020-2022,Social,Training,Employees trained on anti-corruption policies and procedures,91,%,,Egypt,vodafone-egypt-sustainability-report-20-22.pdf
Vodafone Egypt,2020-2022,Social,Training,Business Partners and Stakeholders trained on anti-corruption policies and procedures,93,%,,Egypt,vodafone-egypt-sustainability-report-20-22.pdf
Vodafone Egypt,2020-2022,Social,Performance Management,Male employees receiving performance dialogue,94.6,%,,Egypt,vodafone-egypt-sustainability-report-20-22.pdf
Vodafone Egypt,2020-2022,Social,Performance Management,Female employees receiving performance dialogue,90.6,%,,Egypt,vodafone-egypt-sustainability-report-20-22.pdf
Vodafone Egypt,2020-2022,Social,Training,Male employees attending Leadership Academy,100,%,,Egypt,vodafone-egypt-sustainability-report-20-22.pdf
Vodafone Egypt,2020-2022,Social,Training,Female employees attending Leadership Academy,100,%,,Egypt,vodafone-egypt-sustainability-report-20-22.pdf
Vodafone Egypt,2020-2022,Social,Training,Male F Band (Senior Managers) attending Accelerate F,100,%,,Egypt,vodafone-egypt-sustainability-report-20-22.pdf
Vodafone Egypt,2020-2022,Social,Training,Female F Band (Senior Managers) attending Accelerate F,100,%,,Egypt,vodafone-egypt-sustainability-report-20-22.pdf
Vodafone Egypt,2020-2022,Social,Training,Male employees F Band attending Accelerate G (Seniors),100,%,,Egypt,vodafone-egypt-sustainability-report-20-22.pdf
Vodafone Egypt,2020-2022,Social,Training,Female employees F Band attending Accelerate G (Seniors),100,%,,Egypt,vodafone-egypt-sustainability-report-20-22.pdf
Vodafone Egypt,2020-2022,Social,Training,Entry Level employees participating in Performance Dialogue,3028,employees,,Egypt,vodafone-egypt-sustainability-report-20-22.pdf
Vodafone Egypt,2020-2022,Social,Training,Entry Level employees participating in Leadership Academy,46,employees,,Egypt,vodafone-egypt-sustainability-report-20-22.pdf
Vodafone Egypt,2020-2022,Social,Training,Staff employees participating in Performance Dialogue,1984,employees,,Egypt,vodafone-egypt-sustainability-report-20-22.pdf
Vodafone Egypt,2020-2022,Social,Training,Staff employees participating in Leadership Academy,193,employees,,Egypt,vodafone-egypt-sustainability-report-20-22.pdf
Vodafone Egypt,2020-2022,Social,Training,Staff employees participating in Top Talent Program,78,employees,,Egypt,vodafone-egypt-sustainability-report-20-22.pdf
Vodafone Egypt,2020-2022,Social,Training,Middle Management employees participating in Performance Dialogue,215,employees,,Egypt,vodafone-egypt-sustainability-report-20-22.pdf
Vodafone Egypt,2020-2022,Social,Training,Middle Management employees participating in Leadership Academy,104,employees,,Egypt,vodafone-egypt-sustainability-report-20-22.pdf
Vodafone Egypt,2020-2022,Social,Training,Middle Management employees participating in Top Talent Program,9,employees,,Egypt,vodafone-egypt-sustainability-report-20-22.pdf
Vodafone Egypt,2020-2022,Social,Training,Senior Management employees participating in Performance Dialogue,38,employees,,Egypt,vodafone-egypt-sustainability-report-20-22.pdf
Vodafone Egypt,2020-2022,Social,Training,Senior Management employees participating in Leadership Academy,33,employees,,Egypt,vodafone-egypt-sustainability-report-20-22.pdf
Vodafone Egypt,2022,Financial,Tax Distribution,Salary tax,153300225.58,EGP,,Egypt,vodafone-egypt-sustainability-report-20-22.pdf
Vodafone Egypt,2022,Financial,Tax Distribution,Corporate tax,1792419135,EGP,,Egypt,vodafone-egypt-sustainability-report-20-22.pdf
Vodafone Egypt,2022,Financial,Tax Distribution,Stamp tax,411899373.3,EGP,,Egypt,vodafone-egypt-sustainability-report-20-22.pdf
Vodafone Egypt,2022,Financial,Tax Distribution,State Development Levy tax,522122359.34,EGP,,Egypt,vodafone-egypt-sustainability-report-20-22.pdf
Vodafone Egypt,2022,Financial,Tax Distribution,WHT - local tax,205366185.77,EGP,,Egypt,vodafone-egypt-sustainability-report-20-22.pdf
Vodafone Egypt,2022,Financial,Tax Distribution,Royalty tax,259465989.79,EGP,,Egypt,vodafone-egypt-sustainability-report-20-22.pdf
Vodafone Egypt,2022,Financial,Tax Distribution,Real estate tax,11234908.83,EGP,,Egypt,vodafone-egypt-sustainability-report-20-22.pdf
Vodafone Egypt,2022,Financial,Tax Distribution,VAT tax,5112757197,EGP,,Egypt,vodafone-egypt-sustainability-report-20-22.pdf
Vodafone Egypt,2022,Financial,Tax Distribution,Total tax,8468565374.88,EGP,,Egypt,vodafone-egypt-sustainability-report-20-22.pdf
Vodafone Egypt,2016,Financial,Tax Distribution,Salary tax,88823000,EGP,,Egypt,vodafone-egypt-sustainability-report-20-22.pdf
Vodafone Egypt,2016,Financial,Tax Distribution,Corporate tax,1025086000.26,EGP,,Egypt,vodafone-egypt-sustainability-report-20-22.pdf
Vodafone Egypt,2016,Financial,Tax Distribution,Stamp Tax,284400000,EGP,,Egypt,vodafone-egypt-sustainability-report-20-22.pdf
Vodafone Egypt,2016,Financial,Tax Distribution,WHT - local tax,78666009.6,EGP,,Egypt,vodafone-egypt-sustainability-report-20-22.pdf
Vodafone Egypt,2016,Financial,Tax Distribution,Royalty tax,132873372.61,EGP,,Egypt,vodafone-egypt-sustainability-report-20-22.pdf
Vodafone Egypt,2016,Financial,Tax Distribution,Real estate tax,4737000,EGP,,Egypt,vodafone-egypt-sustainability-report-20-22.pdf
Vodafone Egypt,2016,Financial,Tax Distribution,Sales/VAT tax,1624058000,EGP,,Egypt,vodafone-egypt-sustainability-report-20-22.pdf
Vodafone Egypt,2016,Financial,Tax Distribution,Total tax,3238643382.47,EGP,,Egypt,vodafone-egypt-sustainability-report-20-22.pdf
Vodafone Egypt,2017,Financial,Tax Distribution,Salary tax,149494000,EGP,,Egypt,vodafone-egypt-sustainability-report-20-22.pdf
Vodafone Egypt,2017,Financial,Tax Distribution,Corporate tax,860938000,EGP,,Egypt,vodafone-egypt-sustainability-report-20-22.pdf
Vodafone Egypt,2017,Financial,Tax Distribution,Stamp Tax,303781000,EGP,,Egypt,vodafone-egypt-sustainability-report-20-22.pdf
Vodafone Egypt,2017,Financial,Tax Distribution,WHT - local tax,106298397,EGP,,Egypt,vodafone-egypt-sustainability-report-20-22.pdf
Vodafone Egypt,2017,Financial,Tax Distribution,Royalty tax,512332137.71,EGP,,Egypt,vodafone-egypt-sustainability-report-20-22.pdf
Vodafone Egypt,2017,Financial,Tax Distribution,Real estate tax,13263000,EGP,,Egypt,vodafone-egypt-sustainability-report-20-22.pdf
Vodafone Egypt,2017,Financial,Tax Distribution,Sales/VAT tax,2326416000,EGP,,Egypt,vodafone-egypt-sustainability-report-20-22.pdf
Vodafone Egypt,2017,Financial,Tax Distribution,Total tax,4272522534.71,EGP,,Egypt,vodafone-egypt-sustainability-report-20-22.pdf
Vodafone Egypt,2018,Financial,Tax Distribution,Salary tax,183648185.06,EGP,,Egypt,vodafone-egypt-sustainability-report-20-22.pdf
Vodafone Egypt,2018,Financial,Tax Distribution,Corporate tax,956184535.99,EGP,,Egypt,vodafone-egypt-sustainability-report-20-22.pdf
Vodafone Egypt,2018,Financial,Tax Distribution,Stamp Tax,349876713,EGP,,Egypt,vodafone-egypt-sustainability-report-20-22.pdf
Vodafone Egypt,2018,Financial,Tax Distribution,WHT - local tax,112449779.86,EGP,,Egypt,vodafone-egypt-sustainability-report-20-22.pdf
Vodafone Egypt,2018,Financial,Tax Distribution,Royalty tax,482157574.34,EGP,,Egypt,vodafone-egypt-sustainability-report-20-22.pdf
Vodafone Egypt,2018,Financial,Tax Distribution,Real estate tax,16018507.69,EGP,,Egypt,vodafone-egypt-sustainability-report-20-22.pdf
Vodafone Egypt,2018,Financial,Tax Distribution,Sales/VAT tax,2915960264.88,EGP,,Egypt,vodafone-egypt-sustainability-report-20-22.pdf
Vodafone Egypt,2018,Financial,Tax Distribution,Total tax,5016295560.82,EGP,,Egypt,vodafone-egypt-sustainability-report-20-22.pdf
Vodafone Egypt,2019,Financial,Tax Distribution,Salary tax,198482680.74,EGP,,Egypt,vodafone-egypt-sustainability-report-20-22.pdf
Vodafone Egypt,2019,Financial,Tax Distribution,Corporate tax,956355025.04,EGP,,Egypt,vodafone-egypt-sustainability-report-20-22.pdf
Vodafone Egypt,2019,Financial,Tax Distribution,Stamp Tax,399445741.31,EGP,,Egypt,vodafone-egypt-sustainability-report-20-22.pdf
Vodafone Egypt,2019,Financial,Tax Distribution,State Development Levy tax,232542263.28,EGP,,Egypt,vodafone-egypt-sustainability-report-20-22.pdf
Vodafone Egypt,2019,Financial,Tax Distribution,WHT - local tax,127287060.96,EGP,,Egypt,vodafone-egypt-sustainability-report-20-22.pdf
Vodafone Egypt,2019,Financial,Tax Distribution,Royalty tax,199326620.23,EGP,,Egypt,vodafone-egypt-sustainability-report-20-22.pdf
Vodafone Egypt,2019,Financial,Tax Distribution,Real estate tax,12745438.99,EGP,,Egypt,vodafone-egypt-sustainability-report-20-22.pdf
Vodafone Egypt,2019,Financial,Tax Distribution,Sales/VAT tax,3939866113.62,EGP,,Egypt,vodafone-egypt-sustainability-report-20-22.pdf
Vodafone Egypt,2019,Financial,Tax Distribution,Total tax,6066050944.17,EGP,,Egypt,vodafone-egypt-sustainability-report-20-22.pdf
Vodafone Egypt,2020,Financial,Tax Distribution,Salary tax,219929467.85,EGP,,Egypt,vodafone-egypt-sustainability-report-20-22.pdf
Vodafone Egypt,2020,Financial,Tax Distribution,Corporate tax,1584036473.91,EGP,,Egypt,vodafone-egypt-sustainability-report-20-22.pdf
Vodafone Egypt,2020,Financial,Tax Distribution,Stamp Tax,404665398.74,EGP,,Egypt,vodafone-egypt-sustainability-report-20-22.pdf
Vodafone Egypt,2020,Financial,Tax Distribution,State Development Levy tax,402583046.01,EGP,,Egypt,vodafone-egypt-sustainability-report-20-22.pdf
Vodafone Egypt,2020,Financial,Tax Distribution,WHT - local tax,189918020.75,EGP,,Egypt,vodafone-egypt-sustainability-report-20-22.pdf
Vodafone Egypt,2020,Financial,Tax Distribution,Royalty tax,269693305.82,EGP,,Egypt,vodafone-egypt-sustainability-report-20-22.pdf
Vodafone Egypt,2020,Financial,Tax Distribution,Real estate tax,4283924.04,EGP,,Egypt,vodafone-egypt-sustainability-report-20-22.pdf
Vodafone Egypt,2020,Financial,Tax Distribution,Sales/VAT tax,4309498925.98,EGP,,Egypt,vodafone-egypt-sustainability-report-20-22.pdf
Vodafone Egypt,2020,Financial,Tax Distribution,Total tax,7384608563.1,EGP,,Egypt,vodafone-egypt-sustainability-report-20-22.pdf
Vodafone Egypt,2021,Financial,Tax Distribution,Salary tax,131612101.18,EGP,,Egypt,vodafone-egypt-sustainability-report-20-22.pdf
Vodafone Egypt,2021,Financial,Tax Distribution,Corporate tax,1880629606.25,EGP,,Egypt,vodafone-egypt-sustainability-report-20-22.pdf
Vodafone Egypt,2021,Financial,Tax Distribution,Stamp Tax,372153413.22,EGP,,Egypt,vodafone-egypt-sustainability-report-20-22.pdf
Vodafone Egypt,2021,Financial,Tax Distribution,State Development Levy tax,370881932.01,EGP,,Egypt,vodafone-egypt-sustainability-report-20-22.pdf
Vodafone Egypt,2021,Financial,Tax Distribution,WHT - local tax,121590904.66,EGP,,Egypt,vodafone-egypt-sustainability-report-20-22.pdf
Vodafone Egypt,2021,Financial,Tax Distribution,Royalty tax,363256454.02,EGP,,Egypt,vodafone-egypt-sustainability-report-20-22.pdf
Vodafone Egypt,2021,Financial,Tax Distribution,Real estate tax,15176848.9,EGP,,Egypt,vodafone-egypt-sustainability-report-20-22.pdf
Vodafone Egypt,2021,Financial,Tax Distribution,Sales/VAT tax,4370137225.71,EGP,,Egypt,vodafone-egypt-sustainability-report-20-22.pdf
Vodafone Egypt,2021,Financial,Tax Distribution,Covid Contribution tax,3083044.61,EGP,,Egypt,vodafone-egypt-sustainability-report-20-22.pdf
Vodafone Egypt,2021,Financial,Tax Distribution,Total tax,7628521530.56,EGP,,Egypt,vodafone-egypt-sustainability-report-20-22.pdf
