id,company_id,company_name,fiscal_year,is_target_year,scope,category,subcategory,value_tonnes_co2e,unit,confidence_score,quality_flag,extraction_method,source_document,document_id,extracted_at,created_at,updated_at,data_version,record_status
ce169281-4ada-49f8-a727-e8259d80ffca,a349fdd913bf,Meta Platforms Inc,2020,,Total,General,Unspecified,94,tonnes CO2e,0.80,high,statement_extraction,2020_FB_Sustainability-Report.pdf,a349fdd913bf,2025-10-25T17:32:16.335Z,2025-10-25T17:32:16.335Z,2025-10-25T17:32:16.335Z,1.0,active
7471fdff-47fb-46d8-85e8-fcfd2558df8e,a349fdd913bf,Meta Platforms Inc,2025,,Scope 1,General,Unspecified,3,tonnes CO2e,0.75,high,statement_extraction,2020_FB_Sustainability-Report.pdf,a349fdd913bf,2025-10-25T17:32:16.335Z,2025-10-25T17:32:16.335Z,2025-10-25T17:32:16.335Z,1.0,active
d0de0610-0066-4e14-9ffd-6b9fc69ca594,a349fdd913bf,Meta Platforms Inc,2015,,Scope 3,General,Unspecified,3,tonnes CO2e,0.90,high,statement_extraction,2020_FB_Sustainability-Report.pdf,a349fdd913bf,2025-10-25T17:32:16.335Z,2025-10-25T17:32:16.335Z,2025-10-25T17:32:16.335Z,1.0,active
25f9a235-dade-4a95-8384-4f4d9f0f454d,a349fdd913bf,Meta Platforms Inc,2020,,Total,Energy,Energy,5.9,tonnes CO2e,0.90,high,statement_extraction,2020_FB_Sustainability-Report.pdf,a349fdd913bf,2025-10-25T17:32:16.335Z,2025-10-25T17:32:16.335Z,2025-10-25T17:32:16.335Z,1.0,active
296e0eac-2804-464f-8d51-2bf9829be866,a349fdd913bf,Meta Platforms Inc,2025,,Total,Energy,Energy,100,tonnes CO2e,0.75,high,statement_extraction,2020_FB_Sustainability-Report.pdf,a349fdd913bf,2025-10-25T17:32:16.335Z,2025-10-25T17:32:16.335Z,2025-10-25T17:32:16.335Z,1.0,active
974b1bad-d292-44c7-b097-654eb47ce2bf,a349fdd913bf,Meta Platforms Inc,2020,,Total,General,Unspecified,1.5,tonnes CO2e,0.80,high,statement_extraction,2020_FB_Sustainability-Report.pdf,a349fdd913bf,2025-10-25T17:32:16.335Z,2025-10-25T17:32:16.335Z,2025-10-25T17:32:16.335Z,1.0,active
aff55de4-d65c-4808-a8af-d5828ce06eba,a349fdd913bf,Meta Platforms Inc,2020,,Total,General,Unspecified,23,tonnes CO2e,0.80,high,statement_extraction,2020_FB_Sustainability-Report.pdf,a349fdd913bf,2025-10-25T17:32:16.335Z,2025-10-25T17:32:16.335Z,2025-10-25T17:32:16.335Z,1.0,active
a778f89f-96a6-42ab-8061-6aa0a6d1c05a,a349fdd913bf,Meta Platforms Inc,2020,,Total,Waste,Waste,78,tonnes CO2e,0.90,high,statement_extraction,2020_FB_Sustainability-Report.pdf,a349fdd913bf,2025-10-25T17:32:16.335Z,2025-10-25T17:32:16.335Z,2025-10-25T17:32:16.335Z,1.0,active
e98f3007-d7eb-49a3-8d40-2c9b3c878e87,a349fdd913bf,Meta Platforms Inc,2030,1,Total,General,Unspecified,50,tonnes CO2e,0.80,high,statement_extraction,2020_FB_Sustainability-Report.pdf,a349fdd913bf,2025-10-25T17:32:16.335Z,2025-10-25T17:32:16.335Z,2025-10-25T17:32:16.335Z,1.0,active
3ac08dfa-7fa1-4710-8f75-8aefc5f82179,a349fdd913bf,Meta Platforms Inc,2025,,Scope 1,General,Unspecified,2,tonnes CO2e,0.75,high,statement_extraction,2020_FB_Sustainability-Report.pdf,a349fdd913bf,2025-10-25T17:32:16.335Z,2025-10-25T17:32:16.335Z,2025-10-25T17:32:16.335Z,1.0,active
a0c3c63a-1081-4828-be13-b9af042889e0,a349fdd913bf,Meta Platforms Inc,2025,,Total,General,Unspecified,3000000,tonnes CO2e,0.65,medium,statement_extraction,2020_FB_Sustainability-Report.pdf,a349fdd913bf,2025-10-25T17:32:16.335Z,2025-10-25T17:32:16.335Z,2025-10-25T17:32:16.335Z,1.0,active
f98eefec-99bf-4141-a9f3-ad1f0c6ba09b,a349fdd913bf,Meta Platforms Inc,2025,,Total,General,Unspecified,726000,tonnes CO2e,0.65,medium,statement_extraction,2020_FB_Sustainability-Report.pdf,a349fdd913bf,2025-10-25T17:32:16.335Z,2025-10-25T17:32:16.335Z,2025-10-25T17:32:16.335Z,1.0,active
3ca134ff-3226-4943-a842-4d17f5359195,a349fdd913bf,Meta Platforms Inc,2025,,Total,General,Unspecified,2202000,tonnes CO2e,0.65,medium,statement_extraction,2020_FB_Sustainability-Report.pdf,a349fdd913bf,2025-10-25T17:32:16.335Z,2025-10-25T17:32:16.335Z,2025-10-25T17:32:16.335Z,1.0,active
d10ef7e1-7a14-45de-8ba1-08c12a55d354,a349fdd913bf,Meta Platforms Inc,2025,,Total,General,Unspecified,3726000,tonnes CO2e,0.65,medium,statement_extraction,2020_FB_Sustainability-Report.pdf,a349fdd913bf,2025-10-25T17:32:16.335Z,2025-10-25T17:32:16.335Z,2025-10-25T17:32:16.335Z,1.0,active
034ecd3c-8b9a-458e-8411-bc0796bbef31,a349fdd913bf,Meta Platforms Inc,2025,,Scope 2,Energy,Purchased Electricity,3,tonnes CO2e,0.85,high,statement_extraction,2020_FB_Sustainability-Report.pdf,a349fdd913bf,2025-10-25T17:32:16.335Z,2025-10-25T17:32:16.335Z,2025-10-25T17:32:16.335Z,1.0,active
ade2f620-fe39-4f34-bbdb-27a3654fd035,a349fdd913bf,Meta Platforms Inc,2025,,Scope 1,Transportation,Company Vehicles,1,tonnes CO2e,0.85,high,statement_extraction,2020_FB_Sustainability-Report.pdf,a349fdd913bf,2025-10-25T17:32:16.335Z,2025-10-25T17:32:16.335Z,2025-10-25T17:32:16.335Z,1.0,active
1573919a-792d-41c7-a604-361aabb73429,a349fdd913bf,Meta Platforms Inc,2019,,Scope 2,Direct Emissions,Indirect Energy,3,tonnes CO2e,1.00,high,statement_extraction,2020_FB_Sustainability-Report.pdf,a349fdd913bf,2025-10-25T17:32:16.335Z,2025-10-25T17:32:16.335Z,2025-10-25T17:32:16.335Z,1.0,active
7772170b-f772-4a8e-98af-7578bae094f3,a349fdd913bf,Meta Platforms Inc,2018,,Scope 3,Direct Emissions,Value Chain,3,tonnes CO2e,1.00,high,statement_extraction,2020_FB_Sustainability-Report.pdf,a349fdd913bf,2025-10-25T17:32:16.335Z,2025-10-25T17:32:16.335Z,2025-10-25T17:32:16.335Z,1.0,active
94fd9efd-4ad1-43da-95f5-41d8939962f1,a349fdd913bf,Meta Platforms Inc,2017,,Scope 3,Transportation,Business Travel & Logistics,75,tonnes CO2e,1.00,high,statement_extraction,2020_FB_Sustainability-Report.pdf,a349fdd913bf,2025-10-25T17:32:16.335Z,2025-10-25T17:32:16.335Z,2025-10-25T17:32:16.335Z,1.0,active
363b761b-b3b8-483f-8a37-365c972fbe6d,a349fdd913bf,Meta Platforms Inc,2020,,Total,General,Unspecified,8,tonnes CO2e,0.80,high,statement_extraction,2020_FB_Sustainability-Report.pdf,a349fdd913bf,2025-10-25T17:32:16.335Z,2025-10-25T17:32:16.335Z,2025-10-25T17:32:16.335Z,1.0,active
b7a3d3df-92f5-4f54-9016-c8cc8b6a4855,a349fdd913bf,Meta Platforms Inc,2025,,Scope 2,General,Unspecified,3,tonnes CO2e,0.75,high,statement_extraction,2020_FB_Sustainability-Report.pdf,a349fdd913bf,2025-10-25T17:32:16.335Z,2025-10-25T17:32:16.335Z,2025-10-25T17:32:16.335Z,1.0,active
edee41d9-c65c-4c2a-942c-350e9436de1b,a349fdd913bf,Meta Platforms Inc,2020,,Scope 2,General,Unspecified,10,tonnes CO2e,0.90,high,statement_extraction,2020_FB_Sustainability-Report.pdf,a349fdd913bf,2025-10-25T17:32:16.335Z,2025-10-25T17:32:16.335Z,2025-10-25T17:32:16.335Z,1.0,active
e7a9ccb5-3723-459c-9750-00e329225019,a349fdd913bf,Meta Platforms Inc,2025,,Scope 3,Energy,Energy-Related Activities,3,tonnes CO2e,0.85,high,statement_extraction,2020_FB_Sustainability-Report.pdf,a349fdd913bf,2025-10-25T17:32:16.335Z,2025-10-25T17:32:16.335Z,2025-10-25T17:32:16.335Z,1.0,active
4d3fc840-c27f-4e37-98d8-85f1bddce618,a349fdd913bf,Meta Platforms Inc,2025,,Scope 1,Direct Emissions,Direct Operations,3,tonnes CO2e,0.85,high,statement_extraction,2020_FB_Sustainability-Report.pdf,a349fdd913bf,2025-10-25T17:32:16.335Z,2025-10-25T17:32:16.335Z,2025-10-25T17:32:16.335Z,1.0,active
25390aaa-c485-4862-bea1-9a597c7e2efc,a349fdd913bf,Meta Platforms Inc,2025,,Scope 1,Direct Emissions,Direct Operations,1,tonnes CO2e,0.85,high,statement_extraction,2020_FB_Sustainability-Report.pdf,a349fdd913bf,2025-10-25T17:32:16.335Z,2025-10-25T17:32:16.335Z,2025-10-25T17:32:16.335Z,1.0,active
e56854a9-9dae-464f-af21-b9be30b654a2,a349fdd913bf,Meta Platforms Inc,2017,,Total,Direct Emissions,Direct Emissions,94,tonnes CO2e,0.90,high,statement_extraction,2020_FB_Sustainability-Report.pdf,a349fdd913bf,2025-10-25T17:32:16.335Z,2025-10-25T17:32:16.335Z,2025-10-25T17:32:16.335Z,1.0,active
7922cd20-1a48-44c6-9f4e-b5d50046bb0c,a349fdd913bf,Meta Platforms Inc,2025,,Scope 1,Energy,Fossil Fuel Combustion,2,tonnes CO2e,0.85,high,statement_extraction,2020_FB_Sustainability-Report.pdf,a349fdd913bf,2025-10-25T17:32:16.335Z,2025-10-25T17:32:16.335Z,2025-10-25T17:32:16.335Z,1.0,active
47f3c616-27e1-47d4-a9ef-8a709878f43f,a349fdd913bf,Meta Platforms Inc,2025,,Scope 1,General,Unspecified,10,tonnes CO2e,0.75,high,statement_extraction,2020_FB_Sustainability-Report.pdf,a349fdd913bf,2025-10-25T17:32:16.335Z,2025-10-25T17:32:16.335Z,2025-10-25T17:32:16.335Z,1.0,active
7ea4b594-b550-42ac-a3bb-4c550ff0bd02,a349fdd913bf,Meta Platforms Inc,2015,,Scope 1,General,Unspecified,3,tonnes CO2e,0.90,high,statement_extraction,2020_FB_Sustainability-Report.pdf,a349fdd913bf,2025-10-25T17:32:16.335Z,2025-10-25T17:32:16.335Z,2025-10-25T17:32:16.335Z,1.0,active
f5b48a0a-7dbb-4072-a693-6f4daa1e82cb,a349fdd913bf,Meta Platforms Inc,2020,,Total,Direct Emissions,Direct Emissions,145000,tonnes CO2e,0.90,high,statement_extraction,2020_FB_Sustainability-Report.pdf,a349fdd913bf,2025-10-25T17:32:16.335Z,2025-10-25T17:32:16.335Z,2025-10-25T17:32:16.335Z,1.0,active
bccac48c-818b-4b55-8fc9-c182e99a78af,a349fdd913bf,Meta Platforms Inc,2025,,Total,Energy,Energy,3370,tonnes CO2e,0.75,high,statement_extraction,2020_FB_Sustainability-Report.pdf,a349fdd913bf,2025-10-25T17:32:16.335Z,2025-10-25T17:32:16.335Z,2025-10-25T17:32:16.335Z,1.0,active
e3b63565-7390-4d6f-895d-ee6c9b8efd19,a349fdd913bf,Meta Platforms Inc,2017,,Scope 1,General,Unspecified,2,tonnes CO2e,0.90,high,statement_extraction,2020_FB_Sustainability-Report.pdf,a349fdd913bf,2025-10-25T17:32:16.335Z,2025-10-25T17:32:16.335Z,2025-10-25T17:32:16.335Z,1.0,active
56d86236-ac87-4b1e-9384-3aa32e64bebd,a349fdd913bf,Meta Platforms Inc,2025,,Scope 3,General,Unspecified,3,tonnes CO2e,0.75,high,statement_extraction,2020_FB_Sustainability-Report.pdf,a349fdd913bf,2025-10-25T17:32:16.335Z,2025-10-25T17:32:16.335Z,2025-10-25T17:32:16.335Z,1.0,active
ff65eb8a-26fe-40ac-af37-4342449a5f3e,a349fdd913bf,Meta Platforms Inc,2025,,Scope 1,Direct Emissions,Direct Operations,2,tonnes CO2e,0.85,high,statement_extraction,2020_FB_Sustainability-Report.pdf,a349fdd913bf,2025-10-25T17:32:16.335Z,2025-10-25T17:32:16.335Z,2025-10-25T17:32:16.335Z,1.0,active
e7c2c19e-8385-41fa-bdee-06345a1361d5,a349fdd913bf,Meta Platforms Inc,2019,,Scope 1,General,Unspecified,10,tonnes CO2e,0.90,high,statement_extraction,2020_FB_Sustainability-Report.pdf,a349fdd913bf,2025-10-25T17:32:16.335Z,2025-10-25T17:32:16.335Z,2025-10-25T17:32:16.335Z,1.0,active
8ca383fc-76cd-496b-aa1a-815f7f7ef303,a349fdd913bf,Meta Platforms Inc,2020,,Scope 2,General,Unspecified,3,tonnes CO2e,0.90,high,statement_extraction,2020_FB_Sustainability-Report.pdf,a349fdd913bf,2025-10-25T17:32:16.335Z,2025-10-25T17:32:16.335Z,2025-10-25T17:32:16.335Z,1.0,active
b6a01405-4dab-402e-9741-f5e934f584cb,a349fdd913bf,Meta Platforms Inc,2019,,Scope 3,General,Unspecified,2015,tonnes CO2e,0.90,high,statement_extraction,2020_FB_Sustainability-Report.pdf,a349fdd913bf,2025-10-25T17:32:16.335Z,2025-10-25T17:32:16.335Z,2025-10-25T17:32:16.335Z,1.0,active
899d3c8c-c210-466f-817d-7041f018d60d,a349fdd913bf,Meta Platforms Inc,2018,,Scope 3,Direct Emissions,Value Chain,2019,tonnes CO2e,1.00,high,statement_extraction,2020_FB_Sustainability-Report.pdf,a349fdd913bf,2025-10-25T17:32:16.335Z,2025-10-25T17:32:16.335Z,2025-10-25T17:32:16.335Z,1.0,active
5b0bc010-b0d5-4356-b1fa-0b8940826e35,a349fdd913bf,Meta Platforms Inc,2018,,Scope 3,Direct Emissions,Value Chain,2015,tonnes CO2e,1.00,high,statement_extraction,2020_FB_Sustainability-Report.pdf,a349fdd913bf,2025-10-25T17:32:16.335Z,2025-10-25T17:32:16.335Z,2025-10-25T17:32:16.335Z,1.0,active
71086102-aa17-4ea1-a8ee-53bbf090f1d6,a349fdd913bf,Meta Platforms Inc,2019,,Scope 3,General,Unspecified,2019,tonnes CO2e,0.90,high,statement_extraction,2020_FB_Sustainability-Report.pdf,a349fdd913bf,2025-10-25T17:32:16.335Z,2025-10-25T17:32:16.335Z,2025-10-25T17:32:16.335Z,1.0,active
25574792-f732-43b3-894f-1d987dc1aa61,1c8937cb801c,Microsoft Corporation,2025,,Scope 1,General,Unspecified,2,tonnes CO2e,0.75,high,statement_extraction,2022_Citizenship_Report.pdf,1c8937cb801c,2025-10-25T17:32:16.335Z,2025-10-25T17:32:16.335Z,2025-10-25T17:32:16.335Z,1.0,active
b9e0ae41-91c4-4c5a-b771-55375f666edd,1c8937cb801c,Microsoft Corporation,2030,1,Scope 1,General,Unspecified,50,tonnes CO2e,0.90,high,statement_extraction,2022_Citizenship_Report.pdf,1c8937cb801c,2025-10-25T17:32:16.335Z,2025-10-25T17:32:16.335Z,2025-10-25T17:32:16.335Z,1.0,active
d6bacda8-1d4b-4693-a525-59c6b5dbae24,1c8937cb801c,Microsoft Corporation,2025,,Total,Energy,Energy,1000,tonnes CO2e,0.75,high,statement_extraction,2022_Citizenship_Report.pdf,1c8937cb801c,2025-10-25T17:32:16.335Z,2025-10-25T17:32:16.335Z,2025-10-25T17:32:16.335Z,1.0,active
a190f487-b54f-4ea8-ba6a-4fb788f95564,1c8937cb801c,Microsoft Corporation,2022,,Scope 2,General,Unspecified,2323446,tonnes CO2e,0.90,high,statement_extraction,2022_Citizenship_Report.pdf,1c8937cb801c,2025-10-25T17:32:16.335Z,2025-10-25T17:32:16.335Z,2025-10-25T17:32:16.335Z,1.0,active
391f024b-7578-45c1-bf26-3acc2eeb98e3,1c8937cb801c,Microsoft Corporation,2025,,Total,General,Unspecified,95,tonnes CO2e,0.65,medium,statement_extraction,2022_Citizenship_Report.pdf,1c8937cb801c,2025-10-25T17:32:16.335Z,2025-10-25T17:32:16.335Z,2025-10-25T17:32:16.335Z,1.0,active
30e471cc-0185-457c-aa87-5d7d4267abd5,1c8937cb801c,Microsoft Corporation,2022,,Scope 1,General,Unspecified,2323446,tonnes CO2e,0.90,high,statement_extraction,2022_Citizenship_Report.pdf,1c8937cb801c,2025-10-25T17:32:16.335Z,2025-10-25T17:32:16.335Z,2025-10-25T17:32:16.335Z,1.0,active
e4580a1f-f338-47c1-b012-e01f6f83db78,1c8937cb801c,Microsoft Corporation,2025,,Total,General,Unspecified,776220,tonnes CO2e,0.65,medium,statement_extraction,2022_Citizenship_Report.pdf,1c8937cb801c,2025-10-25T17:32:16.335Z,2025-10-25T17:32:16.335Z,2025-10-25T17:32:16.335Z,1.0,active
02839511-b8b6-448d-bb93-a7df07b2a4fb,1c8937cb801c,Microsoft Corporation,2025,,Total,General,Unspecified,96469,tonnes CO2e,0.65,medium,statement_extraction,2022_Citizenship_Report.pdf,1c8937cb801c,2025-10-25T17:32:16.335Z,2025-10-25T17:32:16.335Z,2025-10-25T17:32:16.335Z,1.0,active
cbce37c1-c474-46ce-8a6f-6ef50b2cec9a,1c8937cb801c,Microsoft Corporation,2030,1,Scope 1,Energy,Fossil Fuel Combustion,50,tonnes CO2e,1.00,high,statement_extraction,2022_Citizenship_Report.pdf,1c8937cb801c,2025-10-25T17:32:16.335Z,2025-10-25T17:32:16.335Z,2025-10-25T17:32:16.335Z,1.0,active
8af87fd1-2adb-4f7e-b882-0dd71ebce9ad,1c8937cb801c,Microsoft Corporation,2022,,Scope 1,General,Unspecified,2,tonnes CO2e,0.90,high,statement_extraction,2022_Citizenship_Report.pdf,1c8937cb801c,2025-10-25T17:32:16.335Z,2025-10-25T17:32:16.335Z,2025-10-25T17:32:16.335Z,1.0,active
9c8248d6-7560-49c4-aec1-2945d71573b7,fc33bbb373ca,Unknown Company,2025,,Total,General,Unspecified,61,tonnes CO2e,0.65,medium,statement_extraction,2023-sustainability-report.pdf,fc33bbb373ca,2025-10-25T17:32:16.335Z,2025-10-25T17:32:16.335Z,2025-10-25T17:32:16.335Z,1.0,active
d9542af7-99dd-42ef-b9c0-a6d0545fa372,fc33bbb373ca,Unknown Company,2017,,Total,General,Unspecified,17,tonnes CO2e,0.65,medium,statement_extraction,2023-sustainability-report.pdf,fc33bbb373ca,2025-10-25T17:32:16.335Z,2025-10-25T17:32:16.335Z,2025-10-25T17:32:16.335Z,1.0,active
48783ffb-a706-4935-9522-aa41f3863a04,fc33bbb373ca,Unknown Company,2025,,Total,General,Unspecified,89,tonnes CO2e,0.65,medium,statement_extraction,2023-sustainability-report.pdf,fc33bbb373ca,2025-10-25T17:32:16.335Z,2025-10-25T17:32:16.335Z,2025-10-25T17:32:16.335Z,1.0,active
34723d09-e8cb-42ff-a39b-dfbc26e8e7a8,fc33bbb373ca,Unknown Company,2025,,Total,General,Unspecified,100,tonnes CO2e,0.65,medium,statement_extraction,2023-sustainability-report.pdf,fc33bbb373ca,2025-10-25T17:32:16.335Z,2025-10-25T17:32:16.335Z,2025-10-25T17:32:16.335Z,1.0,active
d9763bc3-5541-42e7-a120-696e022b6445,fc33bbb373ca,Unknown Company,2025,,Scope 1,General,Unspecified,2,tonnes CO2e,0.60,medium,statement_extraction,2023-sustainability-report.pdf,fc33bbb373ca,2025-10-25T17:32:16.335Z,2025-10-25T17:32:16.335Z,2025-10-25T17:32:16.335Z,1.0,active
d1b98dae-73ab-4e62-b3c3-71961c982b93,fc33bbb373ca,Unknown Company,2025,,Scope 1,Direct Emissions,Direct Operations,2,tonnes CO2e,0.70,high,statement_extraction,2023-sustainability-report.pdf,fc33bbb373ca,2025-10-25T17:32:16.335Z,2025-10-25T17:32:16.335Z,2025-10-25T17:32:16.335Z,1.0,active
c5900b25-1cb1-402a-a9b4-28940e4fd0b8,fc33bbb373ca,Unknown Company,2025,,Total,General,Unspecified,2,tonnes CO2e,0.50,medium,statement_extraction,2023-sustainability-report.pdf,fc33bbb373ca,2025-10-25T17:32:16.335Z,2025-10-25T17:32:16.335Z,2025-10-25T17:32:16.335Z,1.0,active
1011ec9c-cb8d-4699-b099-f7da8fcc35a0,fc33bbb373ca,Unknown Company,2025,,Scope 1,Energy,Fossil Fuel Combustion,2,tonnes CO2e,0.70,high,statement_extraction,2023-sustainability-report.pdf,fc33bbb373ca,2025-10-25T17:32:16.335Z,2025-10-25T17:32:16.335Z,2025-10-25T17:32:16.335Z,1.0,active
0e7b411e-e6a5-4ffa-adc6-b0e7ad7aa948,fc33bbb373ca,Unknown Company,2023,,Total,General,Unspecified,51,tonnes CO2e,0.65,medium,statement_extraction,2023-sustainability-report.pdf,fc33bbb373ca,2025-10-25T17:32:16.335Z,2025-10-25T17:32:16.335Z,2025-10-25T17:32:16.335Z,1.0,active
8d4bcf40-3a36-4cca-a3b5-dee043269ffe,fc33bbb373ca,Unknown Company,2025,,Scope 1,General,Unspecified,134,tonnes CO2e,0.60,medium,statement_extraction,2023-sustainability-report.pdf,fc33bbb373ca,2025-10-25T17:32:16.335Z,2025-10-25T17:32:16.335Z,2025-10-25T17:32:16.335Z,1.0,active
ef2a2a2b-c98e-401b-95b7-50fe0c0698a6,fc33bbb373ca,Unknown Company,2023,,Scope 2,General,Unspecified,2,tonnes CO2e,0.75,high,statement_extraction,2023-sustainability-report.pdf,fc33bbb373ca,2025-10-25T17:32:16.335Z,2025-10-25T17:32:16.335Z,2025-10-25T17:32:16.335Z,1.0,active
e817e110-3ebd-4461-bee2-69af29dd869e,fc33bbb373ca,Unknown Company,2025,,Scope 1,General,Unspecified,67,tonnes CO2e,0.60,medium,statement_extraction,2023-sustainability-report.pdf,fc33bbb373ca,2025-10-25T17:32:16.335Z,2025-10-25T17:32:16.335Z,2025-10-25T17:32:16.335Z,1.0,active
dab56202-0c23-44ec-bbfa-fdd06d4e1b93,fc33bbb373ca,Unknown Company,2030,1,Scope 1,General,Unspecified,2,tonnes CO2e,0.75,high,statement_extraction,2023-sustainability-report.pdf,fc33bbb373ca,2025-10-25T17:32:16.335Z,2025-10-25T17:32:16.335Z,2025-10-25T17:32:16.335Z,1.0,active
a8b890ac-702a-478a-adc2-c03d6c70ed2b,fc33bbb373ca,Unknown Company,2025,,Scope 3,General,Unspecified,3,tonnes CO2e,0.60,medium,statement_extraction,2023-sustainability-report.pdf,fc33bbb373ca,2025-10-25T17:32:16.335Z,2025-10-25T17:32:16.335Z,2025-10-25T17:32:16.335Z,1.0,active
a44b7d4b-3a93-4289-ba36-c1f9c1946f6a,fc33bbb373ca,Unknown Company,2025,,Scope 1,General,Unspecified,3,tonnes CO2e,0.60,medium,statement_extraction,2023-sustainability-report.pdf,fc33bbb373ca,2025-10-25T17:32:16.335Z,2025-10-25T17:32:16.335Z,2025-10-25T17:32:16.335Z,1.0,active
f62a73b3-b84d-4512-ab2d-39697de8b6dd,fc33bbb373ca,Unknown Company,2024,,Scope 1,General,Unspecified,2,tonnes CO2e,0.75,high,statement_extraction,2023-sustainability-report.pdf,fc33bbb373ca,2025-10-25T17:32:16.335Z,2025-10-25T17:32:16.335Z,2025-10-25T17:32:16.335Z,1.0,active
c467d49d-0dbc-4732-96fc-93a07ab434ae,fc33bbb373ca,Unknown Company,2025,,Total,General,Unspecified,4,tonnes CO2e,0.50,medium,statement_extraction,2023-sustainability-report.pdf,fc33bbb373ca,2025-10-25T17:32:16.335Z,2025-10-25T17:32:16.335Z,2025-10-25T17:32:16.335Z,1.0,active
1436d73f-9a0d-4424-873b-8d3426fd63da,fc33bbb373ca,Unknown Company,2025,,Total,Waste,Waste,50,tonnes CO2e,0.75,high,statement_extraction,2023-sustainability-report.pdf,fc33bbb373ca,2025-10-25T17:32:16.335Z,2025-10-25T17:32:16.335Z,2025-10-25T17:32:16.335Z,1.0,active
cc72670e-b1a6-48f4-93e1-565ec983e993,fc33bbb373ca,Unknown Company,2025,,Total,General,Unspecified,24,tonnes CO2e,0.50,medium,statement_extraction,2023-sustainability-report.pdf,fc33bbb373ca,2025-10-25T17:32:16.335Z,2025-10-25T17:32:16.335Z,2025-10-25T17:32:16.335Z,1.0,active
d9e81825-d095-492c-9924-5a49bed05419,fc33bbb373ca,Unknown Company,2023,,Scope 3,General,Unspecified,2500,tonnes CO2e,0.75,high,statement_extraction,2023-sustainability-report.pdf,fc33bbb373ca,2025-10-25T17:32:16.335Z,2025-10-25T17:32:16.335Z,2025-10-25T17:32:16.335Z,1.0,active
d217ca50-e26b-406f-8a5d-6f5aa9f201df,fc33bbb373ca,Unknown Company,2025,,Scope 2,General,Unspecified,2,tonnes CO2e,0.60,medium,statement_extraction,2023-sustainability-report.pdf,fc33bbb373ca,2025-10-25T17:32:16.335Z,2025-10-25T17:32:16.335Z,2025-10-25T17:32:16.335Z,1.0,active
d4ae76ed-0d3b-4845-a76d-4fea1bbbe38f,fc33bbb373ca,Unknown Company,2025,,Scope 3,General,Unspecified,1,tonnes CO2e,0.60,medium,statement_extraction,2023-sustainability-report.pdf,fc33bbb373ca,2025-10-25T17:32:16.335Z,2025-10-25T17:32:16.335Z,2025-10-25T17:32:16.335Z,1.0,active
a32fc86f-6908-4401-b690-8df6576444a1,fc33bbb373ca,Unknown Company,2025,,Total,General,Unspecified,3,tonnes CO2e,0.50,medium,statement_extraction,2023-sustainability-report.pdf,fc33bbb373ca,2025-10-25T17:32:16.335Z,2025-10-25T17:32:16.335Z,2025-10-25T17:32:16.335Z,1.0,active
581cde0b-cdd5-4a2e-a4c1-31e8570ab157,fc33bbb373ca,Unknown Company,2025,,Scope 1,Energy,Fossil Fuel Combustion,1,tonnes CO2e,0.70,high,statement_extraction,2023-sustainability-report.pdf,fc33bbb373ca,2025-10-25T17:32:16.335Z,2025-10-25T17:32:16.335Z,2025-10-25T17:32:16.335Z,1.0,active
0d947e7e-4377-44cd-9173-eccc24d43853,fc33bbb373ca,Unknown Company,2022,,Scope 3,Transportation,Business Travel & Logistics,5,tonnes CO2e,0.85,high,statement_extraction,2023-sustainability-report.pdf,fc33bbb373ca,2025-10-25T17:32:16.335Z,2025-10-25T17:32:16.335Z,2025-10-25T17:32:16.335Z,1.0,active
17ae7593-8ef2-4453-bcc4-da58f3864574,fc33bbb373ca,Unknown Company,2025,,Scope 1,Energy,Fossil Fuel Combustion,1000,tonnes CO2e,0.70,high,statement_extraction,2023-sustainability-report.pdf,fc33bbb373ca,2025-10-25T17:32:16.335Z,2025-10-25T17:32:16.335Z,2025-10-25T17:32:16.335Z,1.0,active
fc031634-f1c1-425d-918f-ea5ea6a3a631,fc33bbb373ca,Unknown Company,2025,,Scope 2,General,Unspecified,1000,tonnes CO2e,0.60,medium,statement_extraction,2023-sustainability-report.pdf,fc33bbb373ca,2025-10-25T17:32:16.335Z,2025-10-25T17:32:16.335Z,2025-10-25T17:32:16.335Z,1.0,active
95c325ad-7ac7-405f-a279-db77e7d73a8f,fc33bbb373ca,Unknown Company,2025,,Total,General,Unspecified,29,tonnes CO2e,0.50,medium,statement_extraction,2023-sustainability-report.pdf,fc33bbb373ca,2025-10-25T17:32:16.335Z,2025-10-25T17:32:16.335Z,2025-10-25T17:32:16.335Z,1.0,active
42251664-6fff-4b45-ac98-94a1a200b13c,fc33bbb373ca,Unknown Company,2025,,Scope 3,Transportation,Business Travel & Logistics,3,tonnes CO2e,0.70,high,statement_extraction,2023-sustainability-report.pdf,fc33bbb373ca,2025-10-25T17:32:16.335Z,2025-10-25T17:32:16.335Z,2025-10-25T17:32:16.335Z,1.0,active
118c21a1-f97f-4a55-aacc-331344c1da89,fc33bbb373ca,Unknown Company,2017,,Total,General,Unspecified,51,tonnes CO2e,0.65,medium,statement_extraction,2023-sustainability-report.pdf,fc33bbb373ca,2025-10-25T17:32:16.335Z,2025-10-25T17:32:16.335Z,2025-10-25T17:32:16.335Z,1.0,active
bc51dd5c-7656-4345-b0e8-95dcafb20d32,fc33bbb373ca,Unknown Company,2025,,Scope 3,Purchased Goods,Supply Chain Emissions,3,tonnes CO2e,0.70,high,statement_extraction,2023-sustainability-report.pdf,fc33bbb373ca,2025-10-25T17:32:16.335Z,2025-10-25T17:32:16.335Z,2025-10-25T17:32:16.335Z,1.0,active
67456080-5d5b-447c-99cb-3621c89b9bf0,fc33bbb373ca,Unknown Company,2025,,Scope 3,Purchased Goods,Supply Chain Emissions,1000,tonnes CO2e,0.70,high,statement_extraction,2023-sustainability-report.pdf,fc33bbb373ca,2025-10-25T17:32:16.335Z,2025-10-25T17:32:16.335Z,2025-10-25T17:32:16.335Z,1.0,active
fe87e5ca-456c-4aa2-b9c9-d36db698e991,fc33bbb373ca,Unknown Company,2023,,Total,General,Unspecified,3.2,tonnes CO2e,0.65,medium,statement_extraction,2023-sustainability-report.pdf,fc33bbb373ca,2025-10-25T17:32:16.335Z,2025-10-25T17:32:16.335Z,2025-10-25T17:32:16.335Z,1.0,active
29a2fc62-4bfa-4ea2-bdc7-cfe2706cd8b1,fc33bbb373ca,Unknown Company,2021,,Total,General,Unspecified,19,tonnes CO2e,0.65,medium,statement_extraction,2023-sustainability-report.pdf,fc33bbb373ca,2025-10-25T17:32:16.335Z,2025-10-25T17:32:16.335Z,2025-10-25T17:32:16.335Z,1.0,active
f6f394fc-d9d1-4e00-ae93-a6f06bc9244f,fc33bbb373ca,Unknown Company,2025,,Total,General,Unspecified,171,tonnes CO2e,0.50,medium,statement_extraction,2023-sustainability-report.pdf,fc33bbb373ca,2025-10-25T17:32:16.335Z,2025-10-25T17:32:16.335Z,2025-10-25T17:32:16.335Z,1.0,active
07764830-96ab-4efd-b097-56abc81508dc,fc33bbb373ca,Unknown Company,2023,,Total,General,Unspecified,168,tonnes CO2e,0.65,medium,statement_extraction,2023-sustainability-report.pdf,fc33bbb373ca,2025-10-25T17:32:16.335Z,2025-10-25T17:32:16.335Z,2025-10-25T17:32:16.335Z,1.0,active
1566db46-ceb4-415e-b4bf-8c8f735923c9,fc33bbb373ca,Unknown Company,2023,,Total,General,Unspecified,171,tonnes CO2e,0.65,medium,statement_extraction,2023-sustainability-report.pdf,fc33bbb373ca,2025-10-25T17:32:16.335Z,2025-10-25T17:32:16.335Z,2025-10-25T17:32:16.335Z,1.0,active
feb0e10d-1876-433f-85ff-4f8567f9f240,fc33bbb373ca,Unknown Company,2025,,Scope 1,Direct Emissions,Direct Operations,1,tonnes CO2e,0.70,high,statement_extraction,2023-sustainability-report.pdf,fc33bbb373ca,2025-10-25T17:32:16.335Z,2025-10-25T17:32:16.335Z,2025-10-25T17:32:16.335Z,1.0,active
e9569e50-2a93-4288-8d82-58ddc8768f38,fc33bbb373ca,Unknown Company,2025,,Scope 2,Direct Emissions,Indirect Energy,2,tonnes CO2e,0.70,high,statement_extraction,2023-sustainability-report.pdf,fc33bbb373ca,2025-10-25T17:32:16.335Z,2025-10-25T17:32:16.335Z,2025-10-25T17:32:16.335Z,1.0,active
4c1377a5-550f-40f2-bab1-c6c909fe94ad,fc33bbb373ca,Unknown Company,2018,,Scope 2,General,Unspecified,2,tonnes CO2e,0.75,high,statement_extraction,2023-sustainability-report.pdf,fc33bbb373ca,2025-10-25T17:32:16.335Z,2025-10-25T17:32:16.335Z,2025-10-25T17:32:16.335Z,1.0,active
4baa295c-a580-466b-8990-7bafe5f119bc,fc33bbb373ca,Unknown Company,2025,,Scope 2,General,Unspecified,339,tonnes CO2e,0.60,medium,statement_extraction,2023-sustainability-report.pdf,fc33bbb373ca,2025-10-25T17:32:16.335Z,2025-10-25T17:32:16.335Z,2025-10-25T17:32:16.335Z,1.0,active
8b257918-6f8a-44cf-9547-590812e1525e,fc33bbb373ca,Unknown Company,2025,,Scope 3,Direct Emissions,Value Chain,3,tonnes CO2e,0.70,high,statement_extraction,2023-sustainability-report.pdf,fc33bbb373ca,2025-10-25T17:32:16.335Z,2025-10-25T17:32:16.335Z,2025-10-25T17:32:16.335Z,1.0,active
3929589c-153a-47df-858a-dfc5cf5478e2,fc33bbb373ca,Unknown Company,2025,,Total,General,Unspecified,5,tonnes CO2e,0.50,medium,statement_extraction,2023-sustainability-report.pdf,fc33bbb373ca,2025-10-25T17:32:16.335Z,2025-10-25T17:32:16.335Z,2025-10-25T17:32:16.335Z,1.0,active
e8dbfb85-3e3b-41fb-95fa-2bb1c90970bc,fc33bbb373ca,Unknown Company,2023,,Total,General,Unspecified,137,tonnes CO2e,0.65,medium,statement_extraction,2023-sustainability-report.pdf,fc33bbb373ca,2025-10-25T17:32:16.335Z,2025-10-25T17:32:16.335Z,2025-10-25T17:32:16.335Z,1.0,active
33342895-7d29-407e-89c0-63c79bc3061c,fc33bbb373ca,Unknown Company,2025,,Total,General,Unspecified,1,tonnes CO2e,0.50,medium,statement_extraction,2023-sustainability-report.pdf,fc33bbb373ca,2025-10-25T17:32:16.335Z,2025-10-25T17:32:16.335Z,2025-10-25T17:32:16.335Z,1.0,active
c8ff3445-9787-4138-bf52-d41d9056ca64,fc33bbb373ca,Unknown Company,2023,,Total,General,Unspecified,5650,tonnes CO2e,0.65,medium,statement_extraction,2023-sustainability-report.pdf,fc33bbb373ca,2025-10-25T17:32:16.335Z,2025-10-25T17:32:16.335Z,2025-10-25T17:32:16.335Z,1.0,active
be30c54c-d7ef-4a19-a572-eccc5e4d938a,fc33bbb373ca,Unknown Company,2025,,Scope 3,General,Unspecified,100,tonnes CO2e,0.75,high,statement_extraction,2023-sustainability-report.pdf,fc33bbb373ca,2025-10-25T17:32:16.335Z,2025-10-25T17:32:16.335Z,2025-10-25T17:32:16.335Z,1.0,active
c0c10350-ea0d-457b-90d1-8f04668a3d63,fc33bbb373ca,Unknown Company,2016,,Total,General,Unspecified,186000,tonnes CO2e,0.65,medium,statement_extraction,2023-sustainability-report.pdf,fc33bbb373ca,2025-10-25T17:32:16.335Z,2025-10-25T17:32:16.335Z,2025-10-25T17:32:16.335Z,1.0,active
98ca113a-2a21-4bc0-a724-81fb39847256,fc33bbb373ca,Unknown Company,2023,,Total,Energy,Energy,3,tonnes CO2e,0.75,high,statement_extraction,2023-sustainability-report.pdf,fc33bbb373ca,2025-10-25T17:32:16.335Z,2025-10-25T17:32:16.335Z,2025-10-25T17:32:16.335Z,1.0,active
fd48426c-0173-4950-bdf0-141cf75469df,fc33bbb373ca,Unknown Company,2023,,Total,Energy,Energy,0.6,tonnes CO2e,0.75,high,statement_extraction,2023-sustainability-report.pdf,fc33bbb373ca,2025-10-25T17:32:16.335Z,2025-10-25T17:32:16.335Z,2025-10-25T17:32:16.335Z,1.0,active
e9f4c995-e438-4e10-8ba7-8cfa990463b9,fc33bbb373ca,Unknown Company,2023,,Total,Energy,Energy,0.4,tonnes CO2e,0.75,high,statement_extraction,2023-sustainability-report.pdf,fc33bbb373ca,2025-10-25T17:32:16.335Z,2025-10-25T17:32:16.335Z,2025-10-25T17:32:16.335Z,1.0,active
45843093-cd21-4c7e-b022-a6051b6a5244,fc33bbb373ca,Unknown Company,2023,,Total,General,Unspecified,625524,tonnes CO2e,0.65,medium,statement_extraction,2023-sustainability-report.pdf,fc33bbb373ca,2025-10-25T17:32:16.335Z,2025-10-25T17:32:16.335Z,2025-10-25T17:32:16.335Z,1.0,active
c1320e76-3abb-44a3-ad43-79ed5fa1800b,fc33bbb373ca,Unknown Company,2025,,Total,General,Unspecified,570,tonnes CO2e,0.50,medium,statement_extraction,2023-sustainability-report.pdf,fc33bbb373ca,2025-10-25T17:32:16.335Z,2025-10-25T17:32:16.335Z,2025-10-25T17:32:16.335Z,1.0,active
30440f72-47d7-4011-9081-b62e64471034,fc33bbb373ca,Unknown Company,2025,,Scope 1,General,Unspecified,32846,tonnes CO2e,0.60,medium,statement_extraction,2023-sustainability-report.pdf,fc33bbb373ca,2025-10-25T17:32:16.335Z,2025-10-25T17:32:16.335Z,2025-10-25T17:32:16.335Z,1.0,active
882b571b-0f5a-490b-b048-eb79b437d469,fc33bbb373ca,Unknown Company,2022,,Scope 3,Energy,Energy-Related Activities,22,tonnes CO2e,0.85,high,statement_extraction,2023-sustainability-report.pdf,fc33bbb373ca,2025-10-25T17:32:16.335Z,2025-10-25T17:32:16.335Z,2025-10-25T17:32:16.335Z,1.0,active
9f9b886e-6b7a-4b46-b361-4e4b98603493,fc33bbb373ca,Unknown Company,2025,,Total,Energy,Energy,1000,tonnes CO2e,0.60,medium,statement_extraction,2023-sustainability-report.pdf,fc33bbb373ca,2025-10-25T17:32:16.335Z,2025-10-25T17:32:16.335Z,2025-10-25T17:32:16.335Z,1.0,active
63cc1db6-4c03-4e66-ae2e-1dc3651e7c4c,fc33bbb373ca,Unknown Company,2025,,Total,Energy,Energy,11000,tonnes CO2e,0.60,medium,statement_extraction,2023-sustainability-report.pdf,fc33bbb373ca,2025-10-25T17:32:16.335Z,2025-10-25T17:32:16.335Z,2025-10-25T17:32:16.335Z,1.0,active
10379ae5-2475-4dd3-825e-10db79507bfa,fc33bbb373ca,Unknown Company,2025,,Total,Waste,Waste,11000,tonnes CO2e,0.60,medium,statement_extraction,2023-sustainability-report.pdf,fc33bbb373ca,2025-10-25T17:32:16.335Z,2025-10-25T17:32:16.335Z,2025-10-25T17:32:16.335Z,1.0,active
ecf36f2c-14b5-48a3-89e3-c19cad914b18,fc33bbb373ca,Unknown Company,2025,,Total,Waste,Waste,1000,tonnes CO2e,0.60,medium,statement_extraction,2023-sustainability-report.pdf,fc33bbb373ca,2025-10-25T17:32:16.335Z,2025-10-25T17:32:16.335Z,2025-10-25T17:32:16.335Z,1.0,active
9b6675cf-66d2-43a1-95ad-58d9ea0124d0,fc33bbb373ca,Unknown Company,2025,,Scope 1,General,Unspecified,448,tonnes CO2e,0.60,medium,statement_extraction,2023-sustainability-report.pdf,fc33bbb373ca,2025-10-25T17:32:16.335Z,2025-10-25T17:32:16.335Z,2025-10-25T17:32:16.335Z,1.0,active
dfdd8b94-d8e7-45d2-a7b5-04cc4872dfed,fc33bbb373ca,Unknown Company,2023,,Scope 2,Direct Emissions,Indirect Energy,339,tonnes CO2e,0.85,high,statement_extraction,2023-sustainability-report.pdf,fc33bbb373ca,2025-10-25T17:32:16.335Z,2025-10-25T17:32:16.335Z,2025-10-25T17:32:16.335Z,1.0,active
aff1b3d7-300c-4c81-ae04-a79b3970356b,fc33bbb373ca,Unknown Company,2023,,Scope 1,General,Unspecified,134,tonnes CO2e,0.75,high,statement_extraction,2023-sustainability-report.pdf,fc33bbb373ca,2025-10-25T17:32:16.335Z,2025-10-25T17:32:16.335Z,2025-10-25T17:32:16.335Z,1.0,active
bd83c82b-89c1-4f9c-a5c3-d63e05faa1e3,fc33bbb373ca,Unknown Company,2030,1,Scope 1,General,Unspecified,67,tonnes CO2e,0.75,high,statement_extraction,2023-sustainability-report.pdf,fc33bbb373ca,2025-10-25T17:32:16.335Z,2025-10-25T17:32:16.335Z,2025-10-25T17:32:16.335Z,1.0,active
7d180874-3028-425e-9f44-074d29ba6133,fc33bbb373ca,Unknown Company,2024,,Scope 1,General,Unspecified,2024,tonnes CO2e,0.75,high,statement_extraction,2023-sustainability-report.pdf,fc33bbb373ca,2025-10-25T17:32:16.335Z,2025-10-25T17:32:16.335Z,2025-10-25T17:32:16.335Z,1.0,active
0e0232fc-5cce-489e-a459-db1003e7918a,fc33bbb373ca,Unknown Company,2025,,Scope 1,General,Unspecified,305,tonnes CO2e,0.60,medium,statement_extraction,2023-sustainability-report.pdf,fc33bbb373ca,2025-10-25T17:32:16.335Z,2025-10-25T17:32:16.335Z,2025-10-25T17:32:16.335Z,1.0,active
8d7070af-e285-4c19-ab1d-c71ee661c63e,fc33bbb373ca,Unknown Company,2030,1,Scope 2,General,Unspecified,2023,tonnes CO2e,0.75,high,statement_extraction,2023-sustainability-report.pdf,fc33bbb373ca,2025-10-25T17:32:16.335Z,2025-10-25T17:32:16.335Z,2025-10-25T17:32:16.335Z,1.0,active
c20bf50b-50a9-4f3f-a628-612f8ce7ff82,fc33bbb373ca,Unknown Company,2025,,Scope 2,Energy,Purchased Electricity,1000,tonnes CO2e,0.70,high,statement_extraction,2023-sustainability-report.pdf,fc33bbb373ca,2025-10-25T17:32:16.335Z,2025-10-25T17:32:16.335Z,2025-10-25T17:32:16.335Z,1.0,active
7d06ba30-44d6-48cd-8440-bb96e3f1ba46,fc33bbb373ca,Unknown Company,2018,,Scope 2,Energy,Purchased Electricity,2018,tonnes CO2e,0.85,high,statement_extraction,2023-sustainability-report.pdf,fc33bbb373ca,2025-10-25T17:32:16.335Z,2025-10-25T17:32:16.335Z,2025-10-25T17:32:16.335Z,1.0,active
c35bd2f3-ace1-4624-8cc9-df92fe105f5a,fc33bbb373ca,Unknown Company,2023,,Scope 2,General,Unspecified,339,tonnes CO2e,0.75,high,statement_extraction,2023-sustainability-report.pdf,fc33bbb373ca,2025-10-25T17:32:16.335Z,2025-10-25T17:32:16.335Z,2025-10-25T17:32:16.335Z,1.0,active
2f1bb3dc-06ca-4c85-be9f-b39617791349,fc33bbb373ca,Unknown Company,2025,,Scope 3,General,Unspecified,305,tonnes CO2e,0.60,medium,statement_extraction,2023-sustainability-report.pdf,fc33bbb373ca,2025-10-25T17:32:16.335Z,2025-10-25T17:32:16.335Z,2025-10-25T17:32:16.335Z,1.0,active
13df3866-ca0b-42a6-99e0-47dd6317e87c,d7e20b81c1bd,Coca-Cola Europacific Partners,2024,,Total,General,Unspecified,260,tonnes CO2e,0.80,high,statement_extraction,2024-CCEP-Annual-Report_2025.03.21_Interactive.pdf,d7e20b81c1bd,2025-10-25T17:32:16.335Z,2025-10-25T17:32:16.335Z,2025-10-25T17:32:16.335Z,1.0,active
3777f863-b7c4-4e74-b588-3aa51babb934,d7e20b81c1bd,Coca-Cola Europacific Partners,2024,,Total,General,Unspecified,31,tonnes CO2e,0.80,high,statement_extraction,2024-CCEP-Annual-Report_2025.03.21_Interactive.pdf,d7e20b81c1bd,2025-10-25T17:32:16.335Z,2025-10-25T17:32:16.335Z,2025-10-25T17:32:16.335Z,1.0,active
1af4f2d2-561f-4d33-8046-1fd071e9708b,d7e20b81c1bd,Coca-Cola Europacific Partners,2019,,Total,General,Unspecified,30,tonnes CO2e,0.80,high,statement_extraction,2024-CCEP-Annual-Report_2025.03.21_Interactive.pdf,d7e20b81c1bd,2025-10-25T17:32:16.335Z,2025-10-25T17:32:16.335Z,2025-10-25T17:32:16.335Z,1.0,active
532bbd7c-e706-4d77-933e-3bd49185394a,d7e20b81c1bd,Coca-Cola Europacific Partners,2025,,Scope 1,General,Unspecified,2040,tonnes CO2e,0.75,high,statement_extraction,2024-CCEP-Annual-Report_2025.03.21_Interactive.pdf,d7e20b81c1bd,2025-10-25T17:32:16.335Z,2025-10-25T17:32:16.335Z,2025-10-25T17:32:16.335Z,1.0,active
3221f580-3116-4ce8-abb3-845778ef6ca6,d7e20b81c1bd,Coca-Cola Europacific Partners,2030,1,Scope 1,General,Unspecified,30,tonnes CO2e,0.90,high,statement_extraction,2024-CCEP-Annual-Report_2025.03.21_Interactive.pdf,d7e20b81c1bd,2025-10-25T17:32:16.335Z,2025-10-25T17:32:16.335Z,2025-10-25T17:32:16.335Z,1.0,active
45aa269c-f471-4080-af52-b5a2d6d63ae8,d7e20b81c1bd,Coca-Cola Europacific Partners,2030,1,Total,General,Unspecified,100,tonnes CO2e,0.80,high,statement_extraction,2024-CCEP-Annual-Report_2025.03.21_Interactive.pdf,d7e20b81c1bd,2025-10-25T17:32:16.335Z,2025-10-25T17:32:16.335Z,2025-10-25T17:32:16.335Z,1.0,active
ac672798-9fec-43c6-9af1-ecc3d91b2374,d7e20b81c1bd,Coca-Cola Europacific Partners,2025,,Scope 1,General,Unspecified,2,tonnes CO2e,0.75,high,statement_extraction,2024-CCEP-Annual-Report_2025.03.21_Interactive.pdf,d7e20b81c1bd,2025-10-25T17:32:16.335Z,2025-10-25T17:32:16.335Z,2025-10-25T17:32:16.335Z,1.0,active
ba4079d2-de3f-4d3c-bb97-bdedf5f8c895,d7e20b81c1bd,Coca-Cola Europacific Partners,2025,,Scope 1,Energy,Fossil Fuel Combustion,3,tonnes CO2e,0.85,high,statement_extraction,2024-CCEP-Annual-Report_2025.03.21_Interactive.pdf,d7e20b81c1bd,2025-10-25T17:32:16.335Z,2025-10-25T17:32:16.335Z,2025-10-25T17:32:16.335Z,1.0,active
eaba6aae-beda-46b2-bf43-37a2734991ab,d7e20b81c1bd,Coca-Cola Europacific Partners,2025,,Scope 1,General,Unspecified,3,tonnes CO2e,0.75,high,statement_extraction,2024-CCEP-Annual-Report_2025.03.21_Interactive.pdf,d7e20b81c1bd,2025-10-25T17:32:16.335Z,2025-10-25T17:32:16.335Z,2025-10-25T17:32:16.335Z,1.0,active
33d1c298-6f59-4c3c-a7bf-29dc3bd7280d,d7e20b81c1bd,Coca-Cola Europacific Partners,2019,,Scope 1,General,Unspecified,3,tonnes CO2e,0.90,high,statement_extraction,2024-CCEP-Annual-Report_2025.03.21_Interactive.pdf,d7e20b81c1bd,2025-10-25T17:32:16.335Z,2025-10-25T17:32:16.335Z,2025-10-25T17:32:16.335Z,1.0,active
fbae193e-318e-4f0a-98aa-87bec62fb3b6,d7e20b81c1bd,Coca-Cola Europacific Partners,2019,,Total,General,Unspecified,2,tonnes CO2e,0.80,high,statement_extraction,2024-CCEP-Annual-Report_2025.03.21_Interactive.pdf,d7e20b81c1bd,2025-10-25T17:32:16.335Z,2025-10-25T17:32:16.335Z,2025-10-25T17:32:16.335Z,1.0,active
4b0945b1-7072-41db-aeea-ef1d5f876a96,d7e20b81c1bd,Coca-Cola Europacific Partners,2025,,Scope 2,General,Unspecified,185,tonnes CO2e,0.75,high,statement_extraction,2024-CCEP-Annual-Report_2025.03.21_Interactive.pdf,d7e20b81c1bd,2025-10-25T17:32:16.335Z,2025-10-25T17:32:16.335Z,2025-10-25T17:32:16.335Z,1.0,active
362a3d44-c505-4e7d-83dc-bacdfd82c74d,d7e20b81c1bd,Coca-Cola Europacific Partners,2024,,Total,General,Unspecified,45,tonnes CO2e,0.80,high,statement_extraction,2024-CCEP-Annual-Report_2025.03.21_Interactive.pdf,d7e20b81c1bd,2025-10-25T17:32:16.335Z,2025-10-25T17:32:16.335Z,2025-10-25T17:32:16.335Z,1.0,active
dd0a35b3-7df2-49b8-a4d0-c3d57f864ba5,d7e20b81c1bd,Coca-Cola Europacific Partners,2023,,Total,General,Unspecified,400,tonnes CO2e,0.80,high,statement_extraction,2024-CCEP-Annual-Report_2025.03.21_Interactive.pdf,d7e20b81c1bd,2025-10-25T17:32:16.335Z,2025-10-25T17:32:16.335Z,2025-10-25T17:32:16.335Z,1.0,active
e9ba5423-8eb8-4a9e-8da2-5b84d401b2d3,d7e20b81c1bd,Coca-Cola Europacific Partners,2026,1,Total,General,Unspecified,405,tonnes CO2e,0.80,high,statement_extraction,2024-CCEP-Annual-Report_2025.03.21_Interactive.pdf,d7e20b81c1bd,2025-10-25T17:32:16.335Z,2025-10-25T17:32:16.335Z,2025-10-25T17:32:16.335Z,1.0,active
70c29262-3b65-45ad-8c17-c935ebd96a42,d7e20b81c1bd,Coca-Cola Europacific Partners,2023,,Total,General,Unspecified,100,tonnes CO2e,0.80,high,statement_extraction,2024-CCEP-Annual-Report_2025.03.21_Interactive.pdf,d7e20b81c1bd,2025-10-25T17:32:16.335Z,2025-10-25T17:32:16.335Z,2025-10-25T17:32:16.335Z,1.0,active
de3d1560-6855-406e-8179-c3235fa81353,d7e20b81c1bd,Coca-Cola Europacific Partners,2030,1,Total,General,Unspecified,2040,tonnes CO2e,0.80,high,statement_extraction,2024-CCEP-Annual-Report_2025.03.21_Interactive.pdf,d7e20b81c1bd,2025-10-25T17:32:16.335Z,2025-10-25T17:32:16.335Z,2025-10-25T17:32:16.335Z,1.0,active
e73c9976-f147-4038-a8d6-db08db2d40f4,d7e20b81c1bd,Coca-Cola Europacific Partners,2025,,Total,General,Unspecified,2.5,tonnes CO2e,0.65,medium,statement_extraction,2024-CCEP-Annual-Report_2025.03.21_Interactive.pdf,d7e20b81c1bd,2025-10-25T17:32:16.335Z,2025-10-25T17:32:16.335Z,2025-10-25T17:32:16.335Z,1.0,active
960ae962-9b46-47a3-8b14-8842f857ede5,d7e20b81c1bd,Coca-Cola Europacific Partners,2025,,Total,General,Unspecified,123.1,tonnes CO2e,0.65,medium,statement_extraction,2024-CCEP-Annual-Report_2025.03.21_Interactive.pdf,d7e20b81c1bd,2025-10-25T17:32:16.335Z,2025-10-25T17:32:16.335Z,2025-10-25T17:32:16.335Z,1.0,active
1b87f66b-68f8-4ed4-974a-1458499fdcc3,d7e20b81c1bd,Coca-Cola Europacific Partners,2025,,Total,General,Unspecified,1,tonnes CO2e,0.65,medium,statement_extraction,2024-CCEP-Annual-Report_2025.03.21_Interactive.pdf,d7e20b81c1bd,2025-10-25T17:32:16.335Z,2025-10-25T17:32:16.335Z,2025-10-25T17:32:16.335Z,1.0,active
5be7e8fd-38bf-4cc8-ad6f-5feb11dfff64,d7e20b81c1bd,Coca-Cola Europacific Partners,2025,,Scope 1,Direct Emissions,Direct Operations,107798,tonnes CO2e,0.85,high,statement_extraction,2024-CCEP-Annual-Report_2025.03.21_Interactive.pdf,d7e20b81c1bd,2025-10-25T17:32:16.335Z,2025-10-25T17:32:16.335Z,2025-10-25T17:32:16.335Z,1.0,active
a860a981-1102-4a54-96fb-dde09041bdc0,d7e20b81c1bd,Coca-Cola Europacific Partners,2025,,Scope 1,Direct Emissions,Direct Operations,96146,tonnes CO2e,0.85,high,statement_extraction,2024-CCEP-Annual-Report_2025.03.21_Interactive.pdf,d7e20b81c1bd,2025-10-25T17:32:16.335Z,2025-10-25T17:32:16.335Z,2025-10-25T17:32:16.335Z,1.0,active
012d6713-65ab-400e-abc1-3f744a1a49f0,d7e20b81c1bd,Coca-Cola Europacific Partners,2025,,Scope 1,Direct Emissions,Direct Operations,203944,tonnes CO2e,0.85,high,statement_extraction,2024-CCEP-Annual-Report_2025.03.21_Interactive.pdf,d7e20b81c1bd,2025-10-25T17:32:16.335Z,2025-10-25T17:32:16.335Z,2025-10-25T17:32:16.335Z,1.0,active
9e436dbd-d2fb-4e22-80b2-ae17d4f73a64,d7e20b81c1bd,Coca-Cola Europacific Partners,2025,,Total,General,Unspecified,3.5,tonnes CO2e,0.65,medium,statement_extraction,2024-CCEP-Annual-Report_2025.03.21_Interactive.pdf,d7e20b81c1bd,2025-10-25T17:32:16.335Z,2025-10-25T17:32:16.335Z,2025-10-25T17:32:16.335Z,1.0,active
e1527b43-5e79-455b-9fc2-840d97febab8,d7e20b81c1bd,Coca-Cola Europacific Partners,2025,,Total,General,Unspecified,11.7,tonnes CO2e,0.65,medium,statement_extraction,2024-CCEP-Annual-Report_2025.03.21_Interactive.pdf,d7e20b81c1bd,2025-10-25T17:32:16.335Z,2025-10-25T17:32:16.335Z,2025-10-25T17:32:16.335Z,1.0,active
2643bbc5-5b8d-42ee-a941-2712558121c4,d7e20b81c1bd,Coca-Cola Europacific Partners,2025,,Total,Energy,Energy,100,tonnes CO2e,0.75,high,statement_extraction,2024-CCEP-Annual-Report_2025.03.21_Interactive.pdf,d7e20b81c1bd,2025-10-25T17:32:16.335Z,2025-10-25T17:32:16.335Z,2025-10-25T17:32:16.335Z,1.0,active
768bda55-953d-4c98-adc7-0be937d6e276,d7e20b81c1bd,Coca-Cola Europacific Partners,2025,,Total,General,Unspecified,2.9,tonnes CO2e,0.65,medium,statement_extraction,2024-CCEP-Annual-Report_2025.03.21_Interactive.pdf,d7e20b81c1bd,2025-10-25T17:32:16.335Z,2025-10-25T17:32:16.335Z,2025-10-25T17:32:16.335Z,1.0,active
37667426-c597-4287-9be4-fbfaf7eda961,d7e20b81c1bd,Coca-Cola Europacific Partners,2025,,Total,General,Unspecified,2.3,tonnes CO2e,0.65,medium,statement_extraction,2024-CCEP-Annual-Report_2025.03.21_Interactive.pdf,d7e20b81c1bd,2025-10-25T17:32:16.335Z,2025-10-25T17:32:16.335Z,2025-10-25T17:32:16.335Z,1.0,active
936b099a-379b-4a50-9590-e82b169e3573,d7e20b81c1bd,Coca-Cola Europacific Partners,2025,,Total,General,Unspecified,6.6,tonnes CO2e,0.65,medium,statement_extraction,2024-CCEP-Annual-Report_2025.03.21_Interactive.pdf,d7e20b81c1bd,2025-10-25T17:32:16.335Z,2025-10-25T17:32:16.335Z,2025-10-25T17:32:16.335Z,1.0,active
5783ce69-d6af-46b4-86c3-693b71039588,d7e20b81c1bd,Coca-Cola Europacific Partners,2025,,Total,General,Unspecified,14.2,tonnes CO2e,0.65,medium,statement_extraction,2024-CCEP-Annual-Report_2025.03.21_Interactive.pdf,d7e20b81c1bd,2025-10-25T17:32:16.335Z,2025-10-25T17:32:16.335Z,2025-10-25T17:32:16.335Z,1.0,active
6a243331-149b-4d4f-a4e5-dd18c0c08823,d7e20b81c1bd,Coca-Cola Europacific Partners,2025,,Total,General,Unspecified,13.2,tonnes CO2e,0.65,medium,statement_extraction,2024-CCEP-Annual-Report_2025.03.21_Interactive.pdf,d7e20b81c1bd,2025-10-25T17:32:16.335Z,2025-10-25T17:32:16.335Z,2025-10-25T17:32:16.335Z,1.0,active
a9f3549a-e3d8-4cb5-a0d4-36adc965be71,d7e20b81c1bd,Coca-Cola Europacific Partners,2025,,Total,General,Unspecified,4,tonnes CO2e,0.65,medium,statement_extraction,2024-CCEP-Annual-Report_2025.03.21_Interactive.pdf,d7e20b81c1bd,2025-10-25T17:32:16.335Z,2025-10-25T17:32:16.335Z,2025-10-25T17:32:16.335Z,1.0,active
9eb9bf9c-45d8-426b-9c99-f32fe7ec5e1e,d7e20b81c1bd,Coca-Cola Europacific Partners,2024,,Total,General,Unspecified,65,tonnes CO2e,0.80,high,statement_extraction,2024-CCEP-Annual-Report_2025.03.21_Interactive.pdf,d7e20b81c1bd,2025-10-25T17:32:16.335Z,2025-10-25T17:32:16.335Z,2025-10-25T17:32:16.335Z,1.0,active
2359b83b-c4cb-4011-bb3c-ccbd05bdfa6f,d7e20b81c1bd,Coca-Cola Europacific Partners,2025,,Total,General,Unspecified,11396,tonnes CO2e,0.65,medium,statement_extraction,2024-CCEP-Annual-Report_2025.03.21_Interactive.pdf,d7e20b81c1bd,2025-10-25T17:32:16.335Z,2025-10-25T17:32:16.335Z,2025-10-25T17:32:16.335Z,1.0,active
675d8d78-e63d-4854-bdb2-2248b9cb6d50,d7e20b81c1bd,Coca-Cola Europacific Partners,2023,,Total,General,Unspecified,3.5,tonnes CO2e,0.80,high,statement_extraction,2024-CCEP-Annual-Report_2025.03.21_Interactive.pdf,d7e20b81c1bd,2025-10-25T17:32:16.335Z,2025-10-25T17:32:16.335Z,2025-10-25T17:32:16.335Z,1.0,active
ac7340ac-094b-49c2-8bc3-a4a0f765b867,d7e20b81c1bd,Coca-Cola Europacific Partners,2023,,Total,General,Unspecified,841,tonnes CO2e,0.80,high,statement_extraction,2024-CCEP-Annual-Report_2025.03.21_Interactive.pdf,d7e20b81c1bd,2025-10-25T17:32:16.335Z,2025-10-25T17:32:16.335Z,2025-10-25T17:32:16.335Z,1.0,active
aa159551-269b-43fa-8b8c-3f6e53e2c242,d7e20b81c1bd,Coca-Cola Europacific Partners,2025,,Total,General,Unspecified,190,tonnes CO2e,0.65,medium,statement_extraction,2024-CCEP-Annual-Report_2025.03.21_Interactive.pdf,d7e20b81c1bd,2025-10-25T17:32:16.335Z,2025-10-25T17:32:16.335Z,2025-10-25T17:32:16.335Z,1.0,active
f0c66f60-fb28-4bd8-b202-a2619503c09d,d7e20b81c1bd,Coca-Cola Europacific Partners,2025,,Total,General,Unspecified,174,tonnes CO2e,0.65,medium,statement_extraction,2024-CCEP-Annual-Report_2025.03.21_Interactive.pdf,d7e20b81c1bd,2025-10-25T17:32:16.335Z,2025-10-25T17:32:16.335Z,2025-10-25T17:32:16.335Z,1.0,active
2b1f608c-f2e6-4fc8-a3be-d36605659e43,d7e20b81c1bd,Coca-Cola Europacific Partners,2025,,Total,General,Unspecified,28,tonnes CO2e,0.65,medium,statement_extraction,2024-CCEP-Annual-Report_2025.03.21_Interactive.pdf,d7e20b81c1bd,2025-10-25T17:32:16.335Z,2025-10-25T17:32:16.335Z,2025-10-25T17:32:16.335Z,1.0,active
9e1dfc09-d8df-4283-9f1d-60bf9c732e46,d7e20b81c1bd,Coca-Cola Europacific Partners,2025,,Total,General,Unspecified,100,tonnes CO2e,0.65,medium,statement_extraction,2024-CCEP-Annual-Report_2025.03.21_Interactive.pdf,d7e20b81c1bd,2025-10-25T17:32:16.335Z,2025-10-25T17:32:16.335Z,2025-10-25T17:32:16.335Z,1.0,active
ad2ddeef-abaf-48e8-8918-51f6daa91758,d7e20b81c1bd,Coca-Cola Europacific Partners,2025,,Total,General,Unspecified,15,tonnes CO2e,0.65,medium,statement_extraction,2024-CCEP-Annual-Report_2025.03.21_Interactive.pdf,d7e20b81c1bd,2025-10-25T17:32:16.335Z,2025-10-25T17:32:16.335Z,2025-10-25T17:32:16.335Z,1.0,active
64834bbb-d20c-4cd2-b362-b2a59d106dee,d7e20b81c1bd,Coca-Cola Europacific Partners,2025,,Total,General,Unspecified,39000,tonnes CO2e,0.65,medium,statement_extraction,2024-CCEP-Annual-Report_2025.03.21_Interactive.pdf,d7e20b81c1bd,2025-10-25T17:32:16.335Z,2025-10-25T17:32:16.335Z,2025-10-25T17:32:16.335Z,1.0,active
04a1a0ee-9c24-4802-a796-62414ee35b07,d7e20b81c1bd,Coca-Cola Europacific Partners,2025,,Total,General,Unspecified,52000,tonnes CO2e,0.65,medium,statement_extraction,2024-CCEP-Annual-Report_2025.03.21_Interactive.pdf,d7e20b81c1bd,2025-10-25T17:32:16.335Z,2025-10-25T17:32:16.335Z,2025-10-25T17:32:16.335Z,1.0,active
2ccc4236-7a8f-4bdc-a50d-6bb69b21a830,d7e20b81c1bd,Coca-Cola Europacific Partners,2025,,Total,General,Unspecified,58000,tonnes CO2e,0.65,medium,statement_extraction,2024-CCEP-Annual-Report_2025.03.21_Interactive.pdf,d7e20b81c1bd,2025-10-25T17:32:16.335Z,2025-10-25T17:32:16.335Z,2025-10-25T17:32:16.335Z,1.0,active
bf0fe738-a0f3-4048-924d-b19ee7019878,d7e20b81c1bd,Coca-Cola Europacific Partners,2024,,Total,General,Unspecified,23,tonnes CO2e,0.80,high,statement_extraction,2024-CCEP-Annual-Report_2025.03.21_Interactive.pdf,d7e20b81c1bd,2025-10-25T17:32:16.335Z,2025-10-25T17:32:16.335Z,2025-10-25T17:32:16.335Z,1.0,active
28329bb8-e4fe-46d4-94a5-faf3e35fba11,d7e20b81c1bd,Coca-Cola Europacific Partners,2024,,Total,General,Unspecified,1543,tonnes CO2e,0.80,high,statement_extraction,2024-CCEP-Annual-Report_2025.03.21_Interactive.pdf,d7e20b81c1bd,2025-10-25T17:32:16.335Z,2025-10-25T17:32:16.335Z,2025-10-25T17:32:16.335Z,1.0,active
9cef3c99-3658-4d78-9263-42538bd432b6,d7e20b81c1bd,Coca-Cola Europacific Partners,2025,,Total,General,Unspecified,6,tonnes CO2e,0.65,medium,statement_extraction,2024-CCEP-Annual-Report_2025.03.21_Interactive.pdf,d7e20b81c1bd,2025-10-25T17:32:16.335Z,2025-10-25T17:32:16.335Z,2025-10-25T17:32:16.335Z,1.0,active
25e7e8b4-76ae-4874-a5a7-bbdeacaa3d4e,d7e20b81c1bd,Coca-Cola Europacific Partners,2025,,Total,General,Unspecified,114,tonnes CO2e,0.65,medium,statement_extraction,2024-CCEP-Annual-Report_2025.03.21_Interactive.pdf,d7e20b81c1bd,2025-10-25T17:32:16.335Z,2025-10-25T17:32:16.335Z,2025-10-25T17:32:16.335Z,1.0,active
ac457464-6aba-4387-a20c-58966a9f3a05,d7e20b81c1bd,Coca-Cola Europacific Partners,2025,,Total,General,Unspecified,22649,tonnes CO2e,0.65,medium,statement_extraction,2024-CCEP-Annual-Report_2025.03.21_Interactive.pdf,d7e20b81c1bd,2025-10-25T17:32:16.335Z,2025-10-25T17:32:16.335Z,2025-10-25T17:32:16.335Z,1.0,active
00cd4ea9-8cb3-4ac8-9b3a-6df2d2b66758,d7e20b81c1bd,Coca-Cola Europacific Partners,2025,,Total,General,Unspecified,6605,tonnes CO2e,0.65,medium,statement_extraction,2024-CCEP-Annual-Report_2025.03.21_Interactive.pdf,d7e20b81c1bd,2025-10-25T17:32:16.335Z,2025-10-25T17:32:16.335Z,2025-10-25T17:32:16.335Z,1.0,active
08ce7b5a-d1e0-4153-8358-d9b063a54233,d7e20b81c1bd,Coca-Cola Europacific Partners,2025,,Total,General,Unspecified,29254,tonnes CO2e,0.65,medium,statement_extraction,2024-CCEP-Annual-Report_2025.03.21_Interactive.pdf,d7e20b81c1bd,2025-10-25T17:32:16.335Z,2025-10-25T17:32:16.335Z,2025-10-25T17:32:16.335Z,1.0,active
eb4bff80-b1a4-46ae-92b3-fc4e1441cd49,d7e20b81c1bd,Coca-Cola Europacific Partners,2025,,Total,General,Unspecified,14000,tonnes CO2e,0.65,medium,statement_extraction,2024-CCEP-Annual-Report_2025.03.21_Interactive.pdf,d7e20b81c1bd,2025-10-25T17:32:16.335Z,2025-10-25T17:32:16.335Z,2025-10-25T17:32:16.335Z,1.0,active
8bdd20a7-1853-43bb-96db-575b8a54ea7b,d7e20b81c1bd,Coca-Cola Europacific Partners,2025,,Total,General,Unspecified,7278,tonnes CO2e,0.65,medium,statement_extraction,2024-CCEP-Annual-Report_2025.03.21_Interactive.pdf,d7e20b81c1bd,2025-10-25T17:32:16.335Z,2025-10-25T17:32:16.335Z,2025-10-25T17:32:16.335Z,1.0,active
dad9ad9a-17b4-4c6f-99a6-87fd3abd4446,d7e20b81c1bd,Coca-Cola Europacific Partners,2025,,Total,General,Unspecified,21278,tonnes CO2e,0.65,medium,statement_extraction,2024-CCEP-Annual-Report_2025.03.21_Interactive.pdf,d7e20b81c1bd,2025-10-25T17:32:16.335Z,2025-10-25T17:32:16.335Z,2025-10-25T17:32:16.335Z,1.0,active
37b48276-1711-4c0b-8c48-532a77835a5e,d7e20b81c1bd,Coca-Cola Europacific Partners,2025,,Total,General,Unspecified,7976,tonnes CO2e,0.65,medium,statement_extraction,2024-CCEP-Annual-Report_2025.03.21_Interactive.pdf,d7e20b81c1bd,2025-10-25T17:32:16.335Z,2025-10-25T17:32:16.335Z,2025-10-25T17:32:16.335Z,1.0,active
102457bb-8e51-45c4-978a-4667351e46ad,d7e20b81c1bd,Coca-Cola Europacific Partners,2025,,Total,General,Unspecified,1229,tonnes CO2e,0.65,medium,statement_extraction,2024-CCEP-Annual-Report_2025.03.21_Interactive.pdf,d7e20b81c1bd,2025-10-25T17:32:16.335Z,2025-10-25T17:32:16.335Z,2025-10-25T17:32:16.335Z,1.0,active
8d3559aa-f0fe-48cd-9c35-49dcbccdd83e,d7e20b81c1bd,Coca-Cola Europacific Partners,2025,,Total,General,Unspecified,1363,tonnes CO2e,0.65,medium,statement_extraction,2024-CCEP-Annual-Report_2025.03.21_Interactive.pdf,d7e20b81c1bd,2025-10-25T17:32:16.335Z,2025-10-25T17:32:16.335Z,2025-10-25T17:32:16.335Z,1.0,active
5218fc55-82e6-45b2-98f7-e81b02d5bfe7,d7e20b81c1bd,Coca-Cola Europacific Partners,2025,,Total,General,Unspecified,1411,tonnes CO2e,0.65,medium,statement_extraction,2024-CCEP-Annual-Report_2025.03.21_Interactive.pdf,d7e20b81c1bd,2025-10-25T17:32:16.335Z,2025-10-25T17:32:16.335Z,2025-10-25T17:32:16.335Z,1.0,active
a1edaf51-90e1-4374-b5e2-9ed3b5266e2d,d7e20b81c1bd,Coca-Cola Europacific Partners,2025,,Total,General,Unspecified,1.54,tonnes CO2e,0.65,medium,statement_extraction,2024-CCEP-Annual-Report_2025.03.21_Interactive.pdf,d7e20b81c1bd,2025-10-25T17:32:16.335Z,2025-10-25T17:32:16.335Z,2025-10-25T17:32:16.335Z,1.0,active
e19d16b1-62ff-4bea-9a24-dfd1369ac4f2,d7e20b81c1bd,Coca-Cola Europacific Partners,2023,,Total,General,Unspecified,196,tonnes CO2e,0.80,high,statement_extraction,2024-CCEP-Annual-Report_2025.03.21_Interactive.pdf,d7e20b81c1bd,2025-10-25T17:32:16.335Z,2025-10-25T17:32:16.335Z,2025-10-25T17:32:16.335Z,1.0,active
d9a4401f-62ac-4c27-b74e-86cc9e27bb0e,d7e20b81c1bd,Coca-Cola Europacific Partners,2022,,Total,General,Unspecified,223,tonnes CO2e,0.80,high,statement_extraction,2024-CCEP-Annual-Report_2025.03.21_Interactive.pdf,d7e20b81c1bd,2025-10-25T17:32:16.335Z,2025-10-25T17:32:16.335Z,2025-10-25T17:32:16.335Z,1.0,active
5ba69b3e-7323-49c5-9ce1-20cb561f42e5,d7e20b81c1bd,Coca-Cola Europacific Partners,2025,,Total,General,Unspecified,13529,tonnes CO2e,0.65,medium,statement_extraction,2024-CCEP-Annual-Report_2025.03.21_Interactive.pdf,d7e20b81c1bd,2025-10-25T17:32:16.335Z,2025-10-25T17:32:16.335Z,2025-10-25T17:32:16.335Z,1.0,active
13590506-bedb-483a-b0cf-a0cedccf06f0,d7e20b81c1bd,Coca-Cola Europacific Partners,2025,,Total,General,Unspecified,3791,tonnes CO2e,0.65,medium,statement_extraction,2024-CCEP-Annual-Report_2025.03.21_Interactive.pdf,d7e20b81c1bd,2025-10-25T17:32:16.335Z,2025-10-25T17:32:16.335Z,2025-10-25T17:32:16.335Z,1.0,active
11b4e451-9f98-46a3-a916-40c823e0f749,d7e20b81c1bd,Coca-Cola Europacific Partners,2025,,Total,General,Unspecified,17320,tonnes CO2e,0.65,medium,statement_extraction,2024-CCEP-Annual-Report_2025.03.21_Interactive.pdf,d7e20b81c1bd,2025-10-25T17:32:16.335Z,2025-10-25T17:32:16.335Z,2025-10-25T17:32:16.335Z,1.0,active
4f19eef5-d3d9-4d18-be4b-d2eb1e08721f,d7e20b81c1bd,Coca-Cola Europacific Partners,2025,,Total,General,Unspecified,15114,tonnes CO2e,0.65,medium,statement_extraction,2024-CCEP-Annual-Report_2025.03.21_Interactive.pdf,d7e20b81c1bd,2025-10-25T17:32:16.335Z,2025-10-25T17:32:16.335Z,2025-10-25T17:32:16.335Z,1.0,active
6ca74a4a-8671-4e80-9bc5-b757c6eb3490,d7e20b81c1bd,Coca-Cola Europacific Partners,2025,,Total,General,Unspecified,7434,tonnes CO2e,0.65,medium,statement_extraction,2024-CCEP-Annual-Report_2025.03.21_Interactive.pdf,d7e20b81c1bd,2025-10-25T17:32:16.335Z,2025-10-25T17:32:16.335Z,2025-10-25T17:32:16.335Z,1.0,active
119916ad-c308-4631-89a7-5ca5de1a266c,d7e20b81c1bd,Coca-Cola Europacific Partners,2025,,Total,General,Unspecified,22548,tonnes CO2e,0.65,medium,statement_extraction,2024-CCEP-Annual-Report_2025.03.21_Interactive.pdf,d7e20b81c1bd,2025-10-25T17:32:16.335Z,2025-10-25T17:32:16.335Z,2025-10-25T17:32:16.335Z,1.0,active
b8700acf-2e93-4a10-9909-37c473706a33,d7e20b81c1bd,Coca-Cola Europacific Partners,2025,,Total,General,Unspecified,681,tonnes CO2e,0.65,medium,statement_extraction,2024-CCEP-Annual-Report_2025.03.21_Interactive.pdf,d7e20b81c1bd,2025-10-25T17:32:16.335Z,2025-10-25T17:32:16.335Z,2025-10-25T17:32:16.335Z,1.0,active
5275d3be-4cb7-4fab-bd3c-5093aebc6ae2,d7e20b81c1bd,Coca-Cola Europacific Partners,2024,,Total,General,Unspecified,186,tonnes CO2e,0.80,high,statement_extraction,2024-CCEP-Annual-Report_2025.03.21_Interactive.pdf,d7e20b81c1bd,2025-10-25T17:32:16.335Z,2025-10-25T17:32:16.335Z,2025-10-25T17:32:16.335Z,1.0,active
6671c23c-4142-45d9-aae0-7c0c0e76bc42,d7e20b81c1bd,Coca-Cola Europacific Partners,2025,,Total,General,Unspecified,159,tonnes CO2e,0.65,medium,statement_extraction,2024-CCEP-Annual-Report_2025.03.21_Interactive.pdf,d7e20b81c1bd,2025-10-25T17:32:16.335Z,2025-10-25T17:32:16.335Z,2025-10-25T17:32:16.335Z,1.0,active
fedee114-53d1-4457-9404-8eed51db473b,d7e20b81c1bd,Coca-Cola Europacific Partners,2023,,Total,General,Unspecified,31,tonnes CO2e,0.80,high,statement_extraction,2024-CCEP-Annual-Report_2025.03.21_Interactive.pdf,d7e20b81c1bd,2025-10-25T17:32:16.335Z,2025-10-25T17:32:16.335Z,2025-10-25T17:32:16.335Z,1.0,active
b58961fe-b3c6-4edb-a885-c343d3039c72,d7e20b81c1bd,Coca-Cola Europacific Partners,2025,,Total,General,Unspecified,1356,tonnes CO2e,0.65,medium,statement_extraction,2024-CCEP-Annual-Report_2025.03.21_Interactive.pdf,d7e20b81c1bd,2025-10-25T17:32:16.335Z,2025-10-25T17:32:16.335Z,2025-10-25T17:32:16.335Z,1.0,active
1adc230f-3b76-4f2c-a443-927a4fdb2918,d7e20b81c1bd,Coca-Cola Europacific Partners,2025,,Total,General,Unspecified,41,tonnes CO2e,0.65,medium,statement_extraction,2024-CCEP-Annual-Report_2025.03.21_Interactive.pdf,d7e20b81c1bd,2025-10-25T17:32:16.335Z,2025-10-25T17:32:16.335Z,2025-10-25T17:32:16.335Z,1.0,active
46b32477-7110-4044-9502-7811bf5c0c25,d7e20b81c1bd,Coca-Cola Europacific Partners,2025,,Total,General,Unspecified,2547,tonnes CO2e,0.65,medium,statement_extraction,2024-CCEP-Annual-Report_2025.03.21_Interactive.pdf,d7e20b81c1bd,2025-10-25T17:32:16.335Z,2025-10-25T17:32:16.335Z,2025-10-25T17:32:16.335Z,1.0,active
541e0566-4ce0-4e08-b80b-fa389f696038,d7e20b81c1bd,Coca-Cola Europacific Partners,2025,,Total,General,Unspecified,1419,tonnes CO2e,0.65,medium,statement_extraction,2024-CCEP-Annual-Report_2025.03.21_Interactive.pdf,d7e20b81c1bd,2025-10-25T17:32:16.335Z,2025-10-25T17:32:16.335Z,2025-10-25T17:32:16.335Z,1.0,active
03838ef7-4e67-4d5a-a76c-e78ba9573e42,d7e20b81c1bd,Coca-Cola Europacific Partners,2025,,Total,General,Unspecified,261,tonnes CO2e,0.65,medium,statement_extraction,2024-CCEP-Annual-Report_2025.03.21_Interactive.pdf,d7e20b81c1bd,2025-10-25T17:32:16.335Z,2025-10-25T17:32:16.335Z,2025-10-25T17:32:16.335Z,1.0,active
c93faff6-835c-4288-bd99-2db725fc8c8d,d7e20b81c1bd,Coca-Cola Europacific Partners,2025,,Total,General,Unspecified,268,tonnes CO2e,0.65,medium,statement_extraction,2024-CCEP-Annual-Report_2025.03.21_Interactive.pdf,d7e20b81c1bd,2025-10-25T17:32:16.335Z,2025-10-25T17:32:16.335Z,2025-10-25T17:32:16.335Z,1.0,active
3aa3e3d9-f414-4ff7-9bc5-2d1ee5827dd1,d7e20b81c1bd,Coca-Cola Europacific Partners,2025,,Total,General,Unspecified,149,tonnes CO2e,0.65,medium,statement_extraction,2024-CCEP-Annual-Report_2025.03.21_Interactive.pdf,d7e20b81c1bd,2025-10-25T17:32:16.335Z,2025-10-25T17:32:16.335Z,2025-10-25T17:32:16.335Z,1.0,active
f30c72ee-cff4-4640-bcda-614b3396eb8d,d7e20b81c1bd,Coca-Cola Europacific Partners,2025,,Total,General,Unspecified,2,tonnes CO2e,0.65,medium,statement_extraction,2024-CCEP-Annual-Report_2025.03.21_Interactive.pdf,d7e20b81c1bd,2025-10-25T17:32:16.335Z,2025-10-25T17:32:16.335Z,2025-10-25T17:32:16.335Z,1.0,active
e8afbc93-ca35-483a-8182-f946d89d305f,d7e20b81c1bd,Coca-Cola Europacific Partners,2025,,Total,General,Unspecified,5,tonnes CO2e,0.65,medium,statement_extraction,2024-CCEP-Annual-Report_2025.03.21_Interactive.pdf,d7e20b81c1bd,2025-10-25T17:32:16.335Z,2025-10-25T17:32:16.335Z,2025-10-25T17:32:16.335Z,1.0,active
869ea549-b31a-4941-974e-aa518f9dcad0,d7e20b81c1bd,Coca-Cola Europacific Partners,2025,,Total,General,Unspecified,10096,tonnes CO2e,0.65,medium,statement_extraction,2024-CCEP-Annual-Report_2025.03.21_Interactive.pdf,d7e20b81c1bd,2025-10-25T17:32:16.335Z,2025-10-25T17:32:16.335Z,2025-10-25T17:32:16.335Z,1.0,active
5a869ce6-640e-4e68-87bd-84baf699c145,d7e20b81c1bd,Coca-Cola Europacific Partners,2025,,Total,General,Unspecified,1300,tonnes CO2e,0.65,medium,statement_extraction,2024-CCEP-Annual-Report_2025.03.21_Interactive.pdf,d7e20b81c1bd,2025-10-25T17:32:16.335Z,2025-10-25T17:32:16.335Z,2025-10-25T17:32:16.335Z,1.0,active
4f2a8a6e-df6e-4dd6-a63f-afd2c99d428d,d7e20b81c1bd,Coca-Cola Europacific Partners,2025,,Total,General,Unspecified,90,tonnes CO2e,0.65,medium,statement_extraction,2024-CCEP-Annual-Report_2025.03.21_Interactive.pdf,d7e20b81c1bd,2025-10-25T17:32:16.335Z,2025-10-25T17:32:16.335Z,2025-10-25T17:32:16.335Z,1.0,active
0d806683-69c8-458f-bb70-424b8d372e25,d7e20b81c1bd,Coca-Cola Europacific Partners,2025,,Total,General,Unspecified,17,tonnes CO2e,0.65,medium,statement_extraction,2024-CCEP-Annual-Report_2025.03.21_Interactive.pdf,d7e20b81c1bd,2025-10-25T17:32:16.335Z,2025-10-25T17:32:16.335Z,2025-10-25T17:32:16.335Z,1.0,active
9f97b6a2-d55d-40cc-be8b-16a71a4fa88f,d7e20b81c1bd,Coca-Cola Europacific Partners,2025,,Total,General,Unspecified,1209,tonnes CO2e,0.65,medium,statement_extraction,2024-CCEP-Annual-Report_2025.03.21_Interactive.pdf,d7e20b81c1bd,2025-10-25T17:32:16.335Z,2025-10-25T17:32:16.335Z,2025-10-25T17:32:16.335Z,1.0,active
5c27c297-520c-497e-a4df-062eb6dcddad,d7e20b81c1bd,Coca-Cola Europacific Partners,2025,,Total,General,Unspecified,400,tonnes CO2e,0.65,medium,statement_extraction,2024-CCEP-Annual-Report_2025.03.21_Interactive.pdf,d7e20b81c1bd,2025-10-25T17:32:16.335Z,2025-10-25T17:32:16.335Z,2025-10-25T17:32:16.335Z,1.0,active
9aff5ae9-02cb-4ca8-a7e9-04cb64c240e2,d7e20b81c1bd,Coca-Cola Europacific Partners,2025,,Total,General,Unspecified,42,tonnes CO2e,0.65,medium,statement_extraction,2024-CCEP-Annual-Report_2025.03.21_Interactive.pdf,d7e20b81c1bd,2025-10-25T17:32:16.335Z,2025-10-25T17:32:16.335Z,2025-10-25T17:32:16.335Z,1.0,active
f637041b-061d-4e94-a0a6-63cad249440d,d7e20b81c1bd,Coca-Cola Europacific Partners,2025,,Total,General,Unspecified,165,tonnes CO2e,0.65,medium,statement_extraction,2024-CCEP-Annual-Report_2025.03.21_Interactive.pdf,d7e20b81c1bd,2025-10-25T17:32:16.335Z,2025-10-25T17:32:16.335Z,2025-10-25T17:32:16.335Z,1.0,active
a213a91c-b746-4e01-b0b4-fad4a5ca2e7e,d7e20b81c1bd,Coca-Cola Europacific Partners,2025,,Total,General,Unspecified,5234,tonnes CO2e,0.65,medium,statement_extraction,2024-CCEP-Annual-Report_2025.03.21_Interactive.pdf,d7e20b81c1bd,2025-10-25T17:32:16.335Z,2025-10-25T17:32:16.335Z,2025-10-25T17:32:16.335Z,1.0,active
41ad9545-5d2e-465e-8921-21ba3f85415b,d7e20b81c1bd,Coca-Cola Europacific Partners,2025,,Total,General,Unspecified,16,tonnes CO2e,0.65,medium,statement_extraction,2024-CCEP-Annual-Report_2025.03.21_Interactive.pdf,d7e20b81c1bd,2025-10-25T17:32:16.335Z,2025-10-25T17:32:16.335Z,2025-10-25T17:32:16.335Z,1.0,active
89882728-b4dc-46cd-af2b-ea7e91861bd2,d7e20b81c1bd,Coca-Cola Europacific Partners,2025,,Total,General,Unspecified,280,tonnes CO2e,0.65,medium,statement_extraction,2024-CCEP-Annual-Report_2025.03.21_Interactive.pdf,d7e20b81c1bd,2025-10-25T17:32:16.335Z,2025-10-25T17:32:16.335Z,2025-10-25T17:32:16.335Z,1.0,active
0e70b178-b2c9-414c-a52c-786fecb38e6e,d7e20b81c1bd,Coca-Cola Europacific Partners,2025,,Total,General,Unspecified,32,tonnes CO2e,0.65,medium,statement_extraction,2024-CCEP-Annual-Report_2025.03.21_Interactive.pdf,d7e20b81c1bd,2025-10-25T17:32:16.335Z,2025-10-25T17:32:16.335Z,2025-10-25T17:32:16.335Z,1.0,active
ed2abaad-302b-4f88-9b21-bd72710c1bb6,d7e20b81c1bd,Coca-Cola Europacific Partners,2025,,Total,General,Unspecified,33,tonnes CO2e,0.65,medium,statement_extraction,2024-CCEP-Annual-Report_2025.03.21_Interactive.pdf,d7e20b81c1bd,2025-10-25T17:32:16.335Z,2025-10-25T17:32:16.335Z,2025-10-25T17:32:16.335Z,1.0,active
b84773fd-3334-47b7-b067-70111dc3d061,d7e20b81c1bd,Coca-Cola Europacific Partners,2024,,Total,Direct Emissions,Direct Emissions,31,tonnes CO2e,0.90,high,statement_extraction,2024-CCEP-Annual-Report_2025.03.21_Interactive.pdf,d7e20b81c1bd,2025-10-25T17:32:16.335Z,2025-10-25T17:32:16.335Z,2025-10-25T17:32:16.335Z,1.0,active
3f9464de-77f0-44f6-9007-8cef31e2afb6,d7e20b81c1bd,Coca-Cola Europacific Partners,2025,,Total,General,Unspecified,507,tonnes CO2e,0.65,medium,statement_extraction,2024-CCEP-Annual-Report_2025.03.21_Interactive.pdf,d7e20b81c1bd,2025-10-25T17:32:16.335Z,2025-10-25T17:32:16.335Z,2025-10-25T17:32:16.335Z,1.0,active
afcc6759-527e-4c52-b1e3-e8a2c747d23a,d7e20b81c1bd,Coca-Cola Europacific Partners,2025,,Total,General,Unspecified,763,tonnes CO2e,0.65,medium,statement_extraction,2024-CCEP-Annual-Report_2025.03.21_Interactive.pdf,d7e20b81c1bd,2025-10-25T17:32:16.335Z,2025-10-25T17:32:16.335Z,2025-10-25T17:32:16.335Z,1.0,active
64b57390-ef97-4b82-bf0c-113ea275f07d,d7e20b81c1bd,Coca-Cola Europacific Partners,2025,,Total,General,Unspecified,1250,tonnes CO2e,0.65,medium,statement_extraction,2024-CCEP-Annual-Report_2025.03.21_Interactive.pdf,d7e20b81c1bd,2025-10-25T17:32:16.335Z,2025-10-25T17:32:16.335Z,2025-10-25T17:32:16.335Z,1.0,active
b8c2ed97-6fc9-4203-9e1e-114a95016558,d7e20b81c1bd,Coca-Cola Europacific Partners,2025,,Total,Transportation,Transportation,4234,tonnes CO2e,0.75,high,statement_extraction,2024-CCEP-Annual-Report_2025.03.21_Interactive.pdf,d7e20b81c1bd,2025-10-25T17:32:16.335Z,2025-10-25T17:32:16.335Z,2025-10-25T17:32:16.335Z,1.0,active
83d6a639-6f9c-4e5a-81d9-7bb7b61158e4,d7e20b81c1bd,Coca-Cola Europacific Partners,2025,,Total,Direct Emissions,Direct Emissions,2318,tonnes CO2e,0.75,high,statement_extraction,2024-CCEP-Annual-Report_2025.03.21_Interactive.pdf,d7e20b81c1bd,2025-10-25T17:32:16.335Z,2025-10-25T17:32:16.335Z,2025-10-25T17:32:16.335Z,1.0,active
a29923d1-cf9e-4e93-82ab-5d6af28245c5,d7e20b81c1bd,Coca-Cola Europacific Partners,2025,,Total,General,Unspecified,33.1,tonnes CO2e,0.65,medium,statement_extraction,2024-CCEP-Annual-Report_2025.03.21_Interactive.pdf,d7e20b81c1bd,2025-10-25T17:32:16.335Z,2025-10-25T17:32:16.335Z,2025-10-25T17:32:16.335Z,1.0,active
843eadaf-3e39-43ae-ad3a-ea66b40142de,d7e20b81c1bd,Coca-Cola Europacific Partners,2025,,Total,General,Unspecified,9384,tonnes CO2e,0.65,medium,statement_extraction,2024-CCEP-Annual-Report_2025.03.21_Interactive.pdf,d7e20b81c1bd,2025-10-25T17:32:16.335Z,2025-10-25T17:32:16.335Z,2025-10-25T17:32:16.335Z,1.0,active
9227411f-e254-401e-9d76-06a99cfe8231,d7e20b81c1bd,Coca-Cola Europacific Partners,2025,,Total,General,Unspecified,10646,tonnes CO2e,0.65,medium,statement_extraction,2024-CCEP-Annual-Report_2025.03.21_Interactive.pdf,d7e20b81c1bd,2025-10-25T17:32:16.335Z,2025-10-25T17:32:16.335Z,2025-10-25T17:32:16.335Z,1.0,active
dd94f1ef-776c-4591-884a-bc0c3a8a4feb,d7e20b81c1bd,Coca-Cola Europacific Partners,2022,,Total,General,Unspecified,50,tonnes CO2e,0.80,high,statement_extraction,2024-CCEP-Annual-Report_2025.03.21_Interactive.pdf,d7e20b81c1bd,2025-10-25T17:32:16.335Z,2025-10-25T17:32:16.335Z,2025-10-25T17:32:16.335Z,1.0,active
d1ee473f-cda5-458d-a3d3-a8a342f7d38e,d7e20b81c1bd,Coca-Cola Europacific Partners,2025,,Total,General,Unspecified,31,tonnes CO2e,0.65,medium,statement_extraction,2024-CCEP-Annual-Report_2025.03.21_Interactive.pdf,d7e20b81c1bd,2025-10-25T17:32:16.335Z,2025-10-25T17:32:16.335Z,2025-10-25T17:32:16.335Z,1.0,active
2c354e7f-1875-46ac-89e4-d586df99fdc2,d7e20b81c1bd,Coca-Cola Europacific Partners,2024,,Total,General,Unspecified,19.08,tonnes CO2e,0.80,high,statement_extraction,2024-CCEP-Annual-Report_2025.03.21_Interactive.pdf,d7e20b81c1bd,2025-10-25T17:32:16.335Z,2025-10-25T17:32:16.335Z,2025-10-25T17:32:16.335Z,1.0,active
6f585dc0-c6b9-4451-b96f-2a76ca11a3a5,d7e20b81c1bd,Coca-Cola Europacific Partners,2024,,Total,Direct Emissions,Direct Emissions,20.71,tonnes CO2e,0.90,high,statement_extraction,2024-CCEP-Annual-Report_2025.03.21_Interactive.pdf,d7e20b81c1bd,2025-10-25T17:32:16.335Z,2025-10-25T17:32:16.335Z,2025-10-25T17:32:16.335Z,1.0,active
9dd6a3c6-64d1-47a5-abb8-c1b97c69654f,d7e20b81c1bd,Coca-Cola Europacific Partners,2025,,Total,General,Unspecified,45,tonnes CO2e,0.65,medium,statement_extraction,2024-CCEP-Annual-Report_2025.03.21_Interactive.pdf,d7e20b81c1bd,2025-10-25T17:32:16.335Z,2025-10-25T17:32:16.335Z,2025-10-25T17:32:16.335Z,1.0,active
49639645-bc8e-4fed-9d7c-a40dd9974f14,d7e20b81c1bd,Coca-Cola Europacific Partners,2025,,Total,General,Unspecified,423,tonnes CO2e,0.65,medium,statement_extraction,2024-CCEP-Annual-Report_2025.03.21_Interactive.pdf,d7e20b81c1bd,2025-10-25T17:32:16.335Z,2025-10-25T17:32:16.335Z,2025-10-25T17:32:16.335Z,1.0,active
34aeaaa2-518c-4875-ba23-46747672d1cf,d7e20b81c1bd,Coca-Cola Europacific Partners,2025,,Total,General,Unspecified,13,tonnes CO2e,0.65,medium,statement_extraction,2024-CCEP-Annual-Report_2025.03.21_Interactive.pdf,d7e20b81c1bd,2025-10-25T17:32:16.335Z,2025-10-25T17:32:16.335Z,2025-10-25T17:32:16.335Z,1.0,active
0738be58-5347-40a1-9852-74398b7764ab,d7e20b81c1bd,Coca-Cola Europacific Partners,2025,,Total,General,Unspecified,10,tonnes CO2e,0.65,medium,statement_extraction,2024-CCEP-Annual-Report_2025.03.21_Interactive.pdf,d7e20b81c1bd,2025-10-25T17:32:16.335Z,2025-10-25T17:32:16.335Z,2025-10-25T17:32:16.335Z,1.0,active
a93f6272-8ee9-4d4d-8b23-fa87f7e98a2a,d7e20b81c1bd,Coca-Cola Europacific Partners,2025,,Total,General,Unspecified,436,tonnes CO2e,0.65,medium,statement_extraction,2024-CCEP-Annual-Report_2025.03.21_Interactive.pdf,d7e20b81c1bd,2025-10-25T17:32:16.335Z,2025-10-25T17:32:16.335Z,2025-10-25T17:32:16.335Z,1.0,active
c5dc00bd-ea60-4419-bfdc-b0ac93f2e4ba,d7e20b81c1bd,Coca-Cola Europacific Partners,2025,,Total,General,Unspecified,410,tonnes CO2e,0.65,medium,statement_extraction,2024-CCEP-Annual-Report_2025.03.21_Interactive.pdf,d7e20b81c1bd,2025-10-25T17:32:16.335Z,2025-10-25T17:32:16.335Z,2025-10-25T17:32:16.335Z,1.0,active
f97c05db-6566-4014-8642-4bcadd8c7656,d7e20b81c1bd,Coca-Cola Europacific Partners,2025,,Total,General,Unspecified,2.2,tonnes CO2e,0.65,medium,statement_extraction,2024-CCEP-Annual-Report_2025.03.21_Interactive.pdf,d7e20b81c1bd,2025-10-25T17:32:16.335Z,2025-10-25T17:32:16.335Z,2025-10-25T17:32:16.335Z,1.0,active
9add856d-7b14-4e79-9b01-76fff0fabc3b,d7e20b81c1bd,Coca-Cola Europacific Partners,2025,,Total,General,Unspecified,351,tonnes CO2e,0.65,medium,statement_extraction,2024-CCEP-Annual-Report_2025.03.21_Interactive.pdf,d7e20b81c1bd,2025-10-25T17:32:16.335Z,2025-10-25T17:32:16.335Z,2025-10-25T17:32:16.335Z,1.0,active
093830f7-e831-45c5-99d5-03c9009f091f,d7e20b81c1bd,Coca-Cola Europacific Partners,2025,,Total,General,Unspecified,22,tonnes CO2e,0.65,medium,statement_extraction,2024-CCEP-Annual-Report_2025.03.21_Interactive.pdf,d7e20b81c1bd,2025-10-25T17:32:16.335Z,2025-10-25T17:32:16.335Z,2025-10-25T17:32:16.335Z,1.0,active
a15edcb7-ea02-48bf-b377-8e9d4bbd7871,d7e20b81c1bd,Coca-Cola Europacific Partners,2025,,Total,General,Unspecified,295,tonnes CO2e,0.65,medium,statement_extraction,2024-CCEP-Annual-Report_2025.03.21_Interactive.pdf,d7e20b81c1bd,2025-10-25T17:32:16.335Z,2025-10-25T17:32:16.335Z,2025-10-25T17:32:16.335Z,1.0,active
bd4075b5-91d5-41dd-9f43-0be254446aad,d7e20b81c1bd,Coca-Cola Europacific Partners,2025,,Total,General,Unspecified,39,tonnes CO2e,0.65,medium,statement_extraction,2024-CCEP-Annual-Report_2025.03.21_Interactive.pdf,d7e20b81c1bd,2025-10-25T17:32:16.335Z,2025-10-25T17:32:16.335Z,2025-10-25T17:32:16.335Z,1.0,active
a35a97c0-60cd-4139-95c5-f93dbd5ce484,d7e20b81c1bd,Coca-Cola Europacific Partners,2025,,Total,General,Unspecified,5554,tonnes CO2e,0.65,medium,statement_extraction,2024-CCEP-Annual-Report_2025.03.21_Interactive.pdf,d7e20b81c1bd,2025-10-25T17:32:16.335Z,2025-10-25T17:32:16.335Z,2025-10-25T17:32:16.335Z,1.0,active
da2ed040-2daf-4db4-948c-57dec22bac99,d7e20b81c1bd,Coca-Cola Europacific Partners,2025,,Total,General,Unspecified,5800,tonnes CO2e,0.65,medium,statement_extraction,2024-CCEP-Annual-Report_2025.03.21_Interactive.pdf,d7e20b81c1bd,2025-10-25T17:32:16.335Z,2025-10-25T17:32:16.335Z,2025-10-25T17:32:16.335Z,1.0,active
8ba067f7-a9d9-42b8-a8d4-03423937d808,d7e20b81c1bd,Coca-Cola Europacific Partners,2025,,Total,General,Unspecified,252,tonnes CO2e,0.65,medium,statement_extraction,2024-CCEP-Annual-Report_2025.03.21_Interactive.pdf,d7e20b81c1bd,2025-10-25T17:32:16.335Z,2025-10-25T17:32:16.335Z,2025-10-25T17:32:16.335Z,1.0,active
f281f4c8-679b-4440-a006-2c7c18924b2a,d7e20b81c1bd,Coca-Cola Europacific Partners,2025,,Total,General,Unspecified,27450,tonnes CO2e,0.65,medium,statement_extraction,2024-CCEP-Annual-Report_2025.03.21_Interactive.pdf,d7e20b81c1bd,2025-10-25T17:32:16.335Z,2025-10-25T17:32:16.335Z,2025-10-25T17:32:16.335Z,1.0,active
6e6826fe-fbe1-426e-bf0d-c3bc1f196980,d7e20b81c1bd,Coca-Cola Europacific Partners,2025,,Total,General,Unspecified,58,tonnes CO2e,0.65,medium,statement_extraction,2024-CCEP-Annual-Report_2025.03.21_Interactive.pdf,d7e20b81c1bd,2025-10-25T17:32:16.335Z,2025-10-25T17:32:16.335Z,2025-10-25T17:32:16.335Z,1.0,active
df710e48-63c8-4518-a3e1-207f31f83d99,d7e20b81c1bd,Coca-Cola Europacific Partners,2025,,Total,General,Unspecified,27508,tonnes CO2e,0.65,medium,statement_extraction,2024-CCEP-Annual-Report_2025.03.21_Interactive.pdf,d7e20b81c1bd,2025-10-25T17:32:16.335Z,2025-10-25T17:32:16.335Z,2025-10-25T17:32:16.335Z,1.0,active
cf0e0104-fcaf-443f-b72b-f5065a55dc75,d7e20b81c1bd,Coca-Cola Europacific Partners,2025,,Total,General,Unspecified,8295,tonnes CO2e,0.65,medium,statement_extraction,2024-CCEP-Annual-Report_2025.03.21_Interactive.pdf,d7e20b81c1bd,2025-10-25T17:32:16.335Z,2025-10-25T17:32:16.335Z,2025-10-25T17:32:16.335Z,1.0,active
e5dd7905-60f4-44cb-b0cf-6c96f9934844,d7e20b81c1bd,Coca-Cola Europacific Partners,2025,,Total,General,Unspecified,5286,tonnes CO2e,0.65,medium,statement_extraction,2024-CCEP-Annual-Report_2025.03.21_Interactive.pdf,d7e20b81c1bd,2025-10-25T17:32:16.335Z,2025-10-25T17:32:16.335Z,2025-10-25T17:32:16.335Z,1.0,active
e50ff8ff-3e3b-40f7-8852-d45b57141c08,d7e20b81c1bd,Coca-Cola Europacific Partners,2025,,Total,General,Unspecified,13581,tonnes CO2e,0.65,medium,statement_extraction,2024-CCEP-Annual-Report_2025.03.21_Interactive.pdf,d7e20b81c1bd,2025-10-25T17:32:16.335Z,2025-10-25T17:32:16.335Z,2025-10-25T17:32:16.335Z,1.0,active
8dfe8728-db3c-4aa8-97d1-26f493541c93,d7e20b81c1bd,Coca-Cola Europacific Partners,2025,,Total,General,Unspecified,13927,tonnes CO2e,0.65,medium,statement_extraction,2024-CCEP-Annual-Report_2025.03.21_Interactive.pdf,d7e20b81c1bd,2025-10-25T17:32:16.335Z,2025-10-25T17:32:16.335Z,2025-10-25T17:32:16.335Z,1.0,active
639c9d50-9504-4de1-a80b-2ce0cd971a44,d7e20b81c1bd,Coca-Cola Europacific Partners,2025,,Total,General,Unspecified,995,tonnes CO2e,0.65,medium,statement_extraction,2024-CCEP-Annual-Report_2025.03.21_Interactive.pdf,d7e20b81c1bd,2025-10-25T17:32:16.335Z,2025-10-25T17:32:16.335Z,2025-10-25T17:32:16.335Z,1.0,active
200fffcd-f9e1-4a23-a31c-e7165f34f76b,d7e20b81c1bd,Coca-Cola Europacific Partners,2025,,Total,General,Unspecified,2577,tonnes CO2e,0.65,medium,statement_extraction,2024-CCEP-Annual-Report_2025.03.21_Interactive.pdf,d7e20b81c1bd,2025-10-25T17:32:16.335Z,2025-10-25T17:32:16.335Z,2025-10-25T17:32:16.335Z,1.0,active
574c8e58-0dff-4e1e-a4e7-3732c23cc683,d7e20b81c1bd,Coca-Cola Europacific Partners,2025,,Total,General,Unspecified,1275,tonnes CO2e,0.65,medium,statement_extraction,2024-CCEP-Annual-Report_2025.03.21_Interactive.pdf,d7e20b81c1bd,2025-10-25T17:32:16.335Z,2025-10-25T17:32:16.335Z,2025-10-25T17:32:16.335Z,1.0,active
c687a097-44f1-42c7-90cf-e99d7d87f20b,d7e20b81c1bd,Coca-Cola Europacific Partners,2025,,Total,General,Unspecified,3227,tonnes CO2e,0.65,medium,statement_extraction,2024-CCEP-Annual-Report_2025.03.21_Interactive.pdf,d7e20b81c1bd,2025-10-25T17:32:16.335Z,2025-10-25T17:32:16.335Z,2025-10-25T17:32:16.335Z,1.0,active
49320447-9d86-4b09-b0c2-d2fa54619860,d7e20b81c1bd,Coca-Cola Europacific Partners,2025,,Total,General,Unspecified,4130,tonnes CO2e,0.65,medium,statement_extraction,2024-CCEP-Annual-Report_2025.03.21_Interactive.pdf,d7e20b81c1bd,2025-10-25T17:32:16.335Z,2025-10-25T17:32:16.335Z,2025-10-25T17:32:16.335Z,1.0,active
7bdc2e7f-faef-4c8a-a6e6-71aa5a366a89,d7e20b81c1bd,Coca-Cola Europacific Partners,2025,,Total,General,Unspecified,7357,tonnes CO2e,0.65,medium,statement_extraction,2024-CCEP-Annual-Report_2025.03.21_Interactive.pdf,d7e20b81c1bd,2025-10-25T17:32:16.335Z,2025-10-25T17:32:16.335Z,2025-10-25T17:32:16.335Z,1.0,active
629760f0-1d26-4bf2-a7f1-4d6e9a52876e,d7e20b81c1bd,Coca-Cola Europacific Partners,2025,,Total,General,Unspecified,4979,tonnes CO2e,0.65,medium,statement_extraction,2024-CCEP-Annual-Report_2025.03.21_Interactive.pdf,d7e20b81c1bd,2025-10-25T17:32:16.335Z,2025-10-25T17:32:16.335Z,2025-10-25T17:32:16.335Z,1.0,active
714eb701-c71b-4ade-8e22-ac27d5ac38b6,d7e20b81c1bd,Coca-Cola Europacific Partners,2025,,Total,General,Unspecified,1089,tonnes CO2e,0.65,medium,statement_extraction,2024-CCEP-Annual-Report_2025.03.21_Interactive.pdf,d7e20b81c1bd,2025-10-25T17:32:16.335Z,2025-10-25T17:32:16.335Z,2025-10-25T17:32:16.335Z,1.0,active
81330982-cee1-40ac-9c21-70a510fd6212,d7e20b81c1bd,Coca-Cola Europacific Partners,2025,,Total,General,Unspecified,6068,tonnes CO2e,0.65,medium,statement_extraction,2024-CCEP-Annual-Report_2025.03.21_Interactive.pdf,d7e20b81c1bd,2025-10-25T17:32:16.335Z,2025-10-25T17:32:16.335Z,2025-10-25T17:32:16.335Z,1.0,active
fa7eb5eb-2393-4e6e-adbb-ce7925224914,d7e20b81c1bd,Coca-Cola Europacific Partners,2025,,Scope 3,Purchased Goods,Supply Chain Emissions,1,tonnes CO2e,0.85,high,statement_extraction,2024-CCEP-Annual-Report_2025.03.21_Interactive.pdf,d7e20b81c1bd,2025-10-25T17:32:16.335Z,2025-10-25T17:32:16.335Z,2025-10-25T17:32:16.335Z,1.0,active
d9e54903-e2dc-497d-aaaa-d0cd9fd00786,d7e20b81c1bd,Coca-Cola Europacific Partners,2025,,Scope 3,Transportation,Business Travel & Logistics,4,tonnes CO2e,0.85,high,statement_extraction,2024-CCEP-Annual-Report_2025.03.21_Interactive.pdf,d7e20b81c1bd,2025-10-25T17:32:16.335Z,2025-10-25T17:32:16.335Z,2025-10-25T17:32:16.335Z,1.0,active
b250a03e-fa06-4c46-ae6b-7c9f5f2ae6c7,d7e20b81c1bd,Coca-Cola Europacific Partners,2025,,Scope 3,General,Unspecified,13,tonnes CO2e,0.75,high,statement_extraction,2024-CCEP-Annual-Report_2025.03.21_Interactive.pdf,d7e20b81c1bd,2025-10-25T17:32:16.335Z,2025-10-25T17:32:16.335Z,2025-10-25T17:32:16.335Z,1.0,active
68037677-d268-4667-a372-d27e831743e6,d7e20b81c1bd,Coca-Cola Europacific Partners,2025,,Total,Energy,Energy,2598979,tonnes CO2e,0.75,high,statement_extraction,2024-CCEP-Annual-Report_2025.03.21_Interactive.pdf,d7e20b81c1bd,2025-10-25T17:32:16.335Z,2025-10-25T17:32:16.335Z,2025-10-25T17:32:16.335Z,1.0,active
faeec749-ecea-4f6d-affd-4eedab8c82c1,d7e20b81c1bd,Coca-Cola Europacific Partners,2025,,Total,General,Unspecified,40,tonnes CO2e,0.65,medium,statement_extraction,2024-CCEP-Annual-Report_2025.03.21_Interactive.pdf,d7e20b81c1bd,2025-10-25T17:32:16.335Z,2025-10-25T17:32:16.335Z,2025-10-25T17:32:16.335Z,1.0,active
92084c5f-fee9-4431-8b85-1774a113e8bf,d7e20b81c1bd,Coca-Cola Europacific Partners,2019,,Scope 1,General,Unspecified,21.118,tonnes CO2e,0.90,high,statement_extraction,2024-CCEP-Annual-Report_2025.03.21_Interactive.pdf,d7e20b81c1bd,2025-10-25T17:32:16.335Z,2025-10-25T17:32:16.335Z,2025-10-25T17:32:16.335Z,1.0,active
6ddb17c5-390c-4959-9351-eeefa2fd29ed,d7e20b81c1bd,Coca-Cola Europacific Partners,2021,,Scope 1,General,Unspecified,14.411,tonnes CO2e,0.90,high,statement_extraction,2024-CCEP-Annual-Report_2025.03.21_Interactive.pdf,d7e20b81c1bd,2025-10-25T17:32:16.335Z,2025-10-25T17:32:16.335Z,2025-10-25T17:32:16.335Z,1.0,active
11d29630-d638-43ad-992b-9e66bb0f24ec,d7e20b81c1bd,Coca-Cola Europacific Partners,2022,,Scope 1,General,Unspecified,8.05,tonnes CO2e,0.90,high,statement_extraction,2024-CCEP-Annual-Report_2025.03.21_Interactive.pdf,d7e20b81c1bd,2025-10-25T17:32:16.335Z,2025-10-25T17:32:16.335Z,2025-10-25T17:32:16.335Z,1.0,active
fd797194-1ed5-41f4-bc76-eaf07aec97d5,d7e20b81c1bd,Coca-Cola Europacific Partners,2025,,Total,General,Unspecified,100,tonnes CO2e,0.80,high,statement_extraction,2024-CCEP-Annual-Report_2025.03.21_Interactive.pdf,d7e20b81c1bd,2025-10-25T17:32:16.335Z,2025-10-25T17:32:16.335Z,2025-10-25T17:32:16.335Z,1.0,active
e565c808-c0bd-432a-b7a3-fa5a6152e873,d7e20b81c1bd,Coca-Cola Europacific Partners,2023,,Total,General,Unspecified,38.4,tonnes CO2e,0.80,high,statement_extraction,2024-CCEP-Annual-Report_2025.03.21_Interactive.pdf,d7e20b81c1bd,2025-10-25T17:32:16.335Z,2025-10-25T17:32:16.335Z,2025-10-25T17:32:16.335Z,1.0,active
2eddba3e-7d2a-44e6-bf28-049f59f8d2f9,d7e20b81c1bd,Coca-Cola Europacific Partners,2025,,Scope 3,General,Unspecified,3,tonnes CO2e,0.75,high,statement_extraction,2024-CCEP-Annual-Report_2025.03.21_Interactive.pdf,d7e20b81c1bd,2025-10-25T17:32:16.335Z,2025-10-25T17:32:16.335Z,2025-10-25T17:32:16.335Z,1.0,active
bf9f3b2c-1b24-4c38-a5d8-076fd56e4356,d7e20b81c1bd,Coca-Cola Europacific Partners,2025,,Scope 3,Purchased Goods,Supply Chain Emissions,3,tonnes CO2e,0.85,high,statement_extraction,2024-CCEP-Annual-Report_2025.03.21_Interactive.pdf,d7e20b81c1bd,2025-10-25T17:32:16.335Z,2025-10-25T17:32:16.335Z,2025-10-25T17:32:16.335Z,1.0,active
06413911-0b45-44c7-b79b-7f8c44d784d1,d7e20b81c1bd,Coca-Cola Europacific Partners,2025,,Scope 1,Energy,Fossil Fuel Combustion,1,tonnes CO2e,0.85,high,statement_extraction,2024-CCEP-Annual-Report_2025.03.21_Interactive.pdf,d7e20b81c1bd,2025-10-25T17:32:16.335Z,2025-10-25T17:32:16.335Z,2025-10-25T17:32:16.335Z,1.0,active
7680b2d1-5cfb-4b39-a3dd-80c8a07040d2,d7e20b81c1bd,Coca-Cola Europacific Partners,2025,,Scope 3,General,Unspecified,14,tonnes CO2e,0.75,high,statement_extraction,2024-CCEP-Annual-Report_2025.03.21_Interactive.pdf,d7e20b81c1bd,2025-10-25T17:32:16.335Z,2025-10-25T17:32:16.335Z,2025-10-25T17:32:16.335Z,1.0,active
80035670-beb4-4ca4-92f1-2611b5527577,d7e20b81c1bd,Coca-Cola Europacific Partners,2019,,Scope 1,General,Unspecified,1,tonnes CO2e,0.90,high,statement_extraction,2024-CCEP-Annual-Report_2025.03.21_Interactive.pdf,d7e20b81c1bd,2025-10-25T17:32:16.335Z,2025-10-25T17:32:16.335Z,2025-10-25T17:32:16.335Z,1.0,active
ed9dc0a8-8938-410c-b71f-ad9d5b0654af,d7e20b81c1bd,Coca-Cola Europacific Partners,2025,,Total,General,Unspecified,3,tonnes CO2e,0.65,medium,statement_extraction,2024-CCEP-Annual-Report_2025.03.21_Interactive.pdf,d7e20b81c1bd,2025-10-25T17:32:16.335Z,2025-10-25T17:32:16.335Z,2025-10-25T17:32:16.335Z,1.0,active
b765bd95-41e5-4704-a3b7-74c9349384fa,d7e20b81c1bd,Coca-Cola Europacific Partners,2025,,Scope 3,Transportation,Business Travel & Logistics,3,tonnes CO2e,0.85,high,statement_extraction,2024-CCEP-Annual-Report_2025.03.21_Interactive.pdf,d7e20b81c1bd,2025-10-25T17:32:16.335Z,2025-10-25T17:32:16.335Z,2025-10-25T17:32:16.335Z,1.0,active
438e13a9-fa25-4d04-926c-878c1ca62b16,d7e20b81c1bd,Coca-Cola Europacific Partners,2025,,Scope 3,Direct Emissions,Value Chain,3,tonnes CO2e,0.85,high,statement_extraction,2024-CCEP-Annual-Report_2025.03.21_Interactive.pdf,d7e20b81c1bd,2025-10-25T17:32:16.335Z,2025-10-25T17:32:16.335Z,2025-10-25T17:32:16.335Z,1.0,active
d4ce6c41-b588-4c48-ab6f-b8bf9fd2b838,d7e20b81c1bd,Coca-Cola Europacific Partners,2024,,Total,General,Unspecified,185,tonnes CO2e,0.80,high,statement_extraction,2024-CCEP-Annual-Report_2025.03.21_Interactive.pdf,d7e20b81c1bd,2025-10-25T17:32:16.335Z,2025-10-25T17:32:16.335Z,2025-10-25T17:32:16.335Z,1.0,active
cbc1d277-a31e-4530-9252-512a114e8801,d7e20b81c1bd,Coca-Cola Europacific Partners,2025,,Total,Energy,Energy,3,tonnes CO2e,0.75,high,statement_extraction,2024-CCEP-Annual-Report_2025.03.21_Interactive.pdf,d7e20b81c1bd,2025-10-25T17:32:16.335Z,2025-10-25T17:32:16.335Z,2025-10-25T17:32:16.335Z,1.0,active
15042104-bcd4-41d5-89d6-d1b0f6ee4c5a,d7e20b81c1bd,Coca-Cola Europacific Partners,2025,,Scope 1,General,Unspecified,53,tonnes CO2e,0.75,high,statement_extraction,2024-CCEP-Annual-Report_2025.03.21_Interactive.pdf,d7e20b81c1bd,2025-10-25T17:32:16.335Z,2025-10-25T17:32:16.335Z,2025-10-25T17:32:16.335Z,1.0,active
492213d9-4150-4bc6-944e-aaa9382a149c,d7e20b81c1bd,Coca-Cola Europacific Partners,2025,,Total,General,Unspecified,99.99,tonnes CO2e,0.65,medium,statement_extraction,2024-CCEP-Annual-Report_2025.03.21_Interactive.pdf,d7e20b81c1bd,2025-10-25T17:32:16.335Z,2025-10-25T17:32:16.335Z,2025-10-25T17:32:16.335Z,1.0,active
499bf6e1-feff-4ef4-9b30-d1b203d0a60b,d7e20b81c1bd,Coca-Cola Europacific Partners,2025,,Total,General,Unspecified,111,tonnes CO2e,0.65,medium,statement_extraction,2024-CCEP-Annual-Report_2025.03.21_Interactive.pdf,d7e20b81c1bd,2025-10-25T17:32:16.335Z,2025-10-25T17:32:16.335Z,2025-10-25T17:32:16.335Z,1.0,active
04346f2e-1d0f-4b10-b16a-29ed53af1e3e,d7e20b81c1bd,Coca-Cola Europacific Partners,2025,,Total,General,Unspecified,19237,tonnes CO2e,0.65,medium,statement_extraction,2024-CCEP-Annual-Report_2025.03.21_Interactive.pdf,d7e20b81c1bd,2025-10-25T17:32:16.335Z,2025-10-25T17:32:16.335Z,2025-10-25T17:32:16.335Z,1.0,active
5bc16cb1-3943-44c1-892f-d24a8849e35c,d7e20b81c1bd,Coca-Cola Europacific Partners,2025,,Total,General,Unspecified,13212,tonnes CO2e,0.65,medium,statement_extraction,2024-CCEP-Annual-Report_2025.03.21_Interactive.pdf,d7e20b81c1bd,2025-10-25T17:32:16.335Z,2025-10-25T17:32:16.335Z,2025-10-25T17:32:16.335Z,1.0,active
b09cc1d3-f48f-4186-a812-a0651320e522,d7e20b81c1bd,Coca-Cola Europacific Partners,2025,,Total,General,Unspecified,6025,tonnes CO2e,0.65,medium,statement_extraction,2024-CCEP-Annual-Report_2025.03.21_Interactive.pdf,d7e20b81c1bd,2025-10-25T17:32:16.335Z,2025-10-25T17:32:16.335Z,2025-10-25T17:32:16.335Z,1.0,active
7af373a4-27a1-4cc8-86ec-e3bee31ea581,d7e20b81c1bd,Coca-Cola Europacific Partners,2025,,Total,General,Unspecified,4488,tonnes CO2e,0.65,medium,statement_extraction,2024-CCEP-Annual-Report_2025.03.21_Interactive.pdf,d7e20b81c1bd,2025-10-25T17:32:16.335Z,2025-10-25T17:32:16.335Z,2025-10-25T17:32:16.335Z,1.0,active
96212147-6e1d-4e21-bbc8-3517a58dda01,d7e20b81c1bd,Coca-Cola Europacific Partners,2025,,Total,General,Unspecified,4.5,tonnes CO2e,0.65,medium,statement_extraction,2024-CCEP-Annual-Report_2025.03.21_Interactive.pdf,d7e20b81c1bd,2025-10-25T17:32:16.335Z,2025-10-25T17:32:16.335Z,2025-10-25T17:32:16.335Z,1.0,active
e3688c43-faf6-4ac7-bc75-08a28adc00ad,d7e20b81c1bd,Coca-Cola Europacific Partners,2023,,Total,General,Unspecified,120,tonnes CO2e,0.80,high,statement_extraction,2024-CCEP-Annual-Report_2025.03.21_Interactive.pdf,d7e20b81c1bd,2025-10-25T17:32:16.335Z,2025-10-25T17:32:16.335Z,2025-10-25T17:32:16.335Z,1.0,active
00d92b8b-35e1-495a-9d41-d977f9c23b8f,d7e20b81c1bd,Coca-Cola Europacific Partners,2024,,Total,General,Unspecified,3061,tonnes CO2e,0.80,high,statement_extraction,2024-CCEP-Annual-Report_2025.03.21_Interactive.pdf,d7e20b81c1bd,2025-10-25T17:32:16.335Z,2025-10-25T17:32:16.335Z,2025-10-25T17:32:16.335Z,1.0,active
9c9c6100-5654-42e8-9a5f-e8d6a101d58d,d7e20b81c1bd,Coca-Cola Europacific Partners,2025,,Total,Supply Chain,Supply Chain,672,tonnes CO2e,0.75,high,statement_extraction,2024-CCEP-Annual-Report_2025.03.21_Interactive.pdf,d7e20b81c1bd,2025-10-25T17:32:16.335Z,2025-10-25T17:32:16.335Z,2025-10-25T17:32:16.335Z,1.0,active
dde16d2f-896b-49b7-af4b-147f482a0a2d,d7e20b81c1bd,Coca-Cola Europacific Partners,2023,,Total,General,Unspecified,973,tonnes CO2e,0.80,high,statement_extraction,2024-CCEP-Annual-Report_2025.03.21_Interactive.pdf,d7e20b81c1bd,2025-10-25T17:32:16.335Z,2025-10-25T17:32:16.335Z,2025-10-25T17:32:16.335Z,1.0,active
7c694432-494f-4a48-8659-bd21db860dc5,d7e20b81c1bd,Coca-Cola Europacific Partners,2025,,Total,General,Unspecified,694,tonnes CO2e,0.65,medium,statement_extraction,2024-CCEP-Annual-Report_2025.03.21_Interactive.pdf,d7e20b81c1bd,2025-10-25T17:32:16.335Z,2025-10-25T17:32:16.335Z,2025-10-25T17:32:16.335Z,1.0,active
d1e3cdae-fa76-4794-8a25-17aecf997e7a,d7e20b81c1bd,Coca-Cola Europacific Partners,2025,,Total,General,Unspecified,1307,tonnes CO2e,0.65,medium,statement_extraction,2024-CCEP-Annual-Report_2025.03.21_Interactive.pdf,d7e20b81c1bd,2025-10-25T17:32:16.335Z,2025-10-25T17:32:16.335Z,2025-10-25T17:32:16.335Z,1.0,active
6cb43db1-dcc8-472d-8379-68c1b2c3ee4e,d7e20b81c1bd,Coca-Cola Europacific Partners,2025,,Total,General,Unspecified,30,tonnes CO2e,0.65,medium,statement_extraction,2024-CCEP-Annual-Report_2025.03.21_Interactive.pdf,d7e20b81c1bd,2025-10-25T17:32:16.335Z,2025-10-25T17:32:16.335Z,2025-10-25T17:32:16.335Z,1.0,active
e2bdf7c8-5657-4199-bb89-a5e432faf471,d7e20b81c1bd,Coca-Cola Europacific Partners,2025,,Total,General,Unspecified,9,tonnes CO2e,0.65,medium,statement_extraction,2024-CCEP-Annual-Report_2025.03.21_Interactive.pdf,d7e20b81c1bd,2025-10-25T17:32:16.335Z,2025-10-25T17:32:16.335Z,2025-10-25T17:32:16.335Z,1.0,active
0e38c2b8-7773-45f5-bc10-33537c9a7654,d7e20b81c1bd,Coca-Cola Europacific Partners,2025,,Total,General,Unspecified,52,tonnes CO2e,0.65,medium,statement_extraction,2024-CCEP-Annual-Report_2025.03.21_Interactive.pdf,d7e20b81c1bd,2025-10-25T17:32:16.335Z,2025-10-25T17:32:16.335Z,2025-10-25T17:32:16.335Z,1.0,active
3dd13ae0-20df-46e3-a370-c85837b5f89f,d7e20b81c1bd,Coca-Cola Europacific Partners,2025,,Total,General,Unspecified,47,tonnes CO2e,0.65,medium,statement_extraction,2024-CCEP-Annual-Report_2025.03.21_Interactive.pdf,d7e20b81c1bd,2025-10-25T17:32:16.335Z,2025-10-25T17:32:16.335Z,2025-10-25T17:32:16.335Z,1.0,active
cdeb74db-41ef-4d39-a00e-1ac29f86d169,d7e20b81c1bd,Coca-Cola Europacific Partners,2025,,Total,Energy,Energy,34000,tonnes CO2e,0.75,high,statement_extraction,2024-CCEP-Annual-Report_2025.03.21_Interactive.pdf,d7e20b81c1bd,2025-10-25T17:32:16.335Z,2025-10-25T17:32:16.335Z,2025-10-25T17:32:16.335Z,1.0,active
6fd0811b-d002-49f5-84ed-ae96596abb1e,d7e20b81c1bd,Coca-Cola Europacific Partners,2025,,Total,Direct Emissions,Direct Emissions,1.7,tonnes CO2e,0.75,high,statement_extraction,2024-CCEP-Annual-Report_2025.03.21_Interactive.pdf,d7e20b81c1bd,2025-10-25T17:32:16.335Z,2025-10-25T17:32:16.335Z,2025-10-25T17:32:16.335Z,1.0,active
d870c349-3669-40a4-87fc-ba92c79ed06f,d7e20b81c1bd,Coca-Cola Europacific Partners,2025,,Total,General,Unspecified,80,tonnes CO2e,0.65,medium,statement_extraction,2024-CCEP-Annual-Report_2025.03.21_Interactive.pdf,d7e20b81c1bd,2025-10-25T17:32:16.335Z,2025-10-25T17:32:16.335Z,2025-10-25T17:32:16.335Z,1.0,active
3df5498d-54f6-4442-bc22-688337c8bef2,d7e20b81c1bd,Coca-Cola Europacific Partners,2030,1,Scope 1,General,Unspecified,2040,tonnes CO2e,0.90,high,statement_extraction,2024-CCEP-Annual-Report_2025.03.21_Interactive.pdf,d7e20b81c1bd,2025-10-25T17:32:16.335Z,2025-10-25T17:32:16.335Z,2025-10-25T17:32:16.335Z,1.0,active
dbd0eb24-2887-4848-bcb1-ca4603b6d9d7,d7e20b81c1bd,Coca-Cola Europacific Partners,2030,1,Scope 1,General,Unspecified,2019,tonnes CO2e,0.90,high,statement_extraction,2024-CCEP-Annual-Report_2025.03.21_Interactive.pdf,d7e20b81c1bd,2025-10-25T17:32:16.335Z,2025-10-25T17:32:16.335Z,2025-10-25T17:32:16.335Z,1.0,active
e362a90a-1817-4e1f-88be-6c591fb0759b,d7e20b81c1bd,Coca-Cola Europacific Partners,2025,,Scope 1,Direct Emissions,Direct Operations,2787757,tonnes CO2e,0.85,high,statement_extraction,2024-CCEP-Annual-Report_2025.03.21_Interactive.pdf,d7e20b81c1bd,2025-10-25T17:32:16.335Z,2025-10-25T17:32:16.335Z,2025-10-25T17:32:16.335Z,1.0,active
dcafb387-f58d-482e-ba45-d5dd2efa5494,d7e20b81c1bd,Coca-Cola Europacific Partners,2019,,Scope 1,General,Unspecified,2019,tonnes CO2e,0.90,high,statement_extraction,2024-CCEP-Annual-Report_2025.03.21_Interactive.pdf,d7e20b81c1bd,2025-10-25T17:32:16.335Z,2025-10-25T17:32:16.335Z,2025-10-25T17:32:16.335Z,1.0,active
68749481-8934-42a7-b6ab-609cb801efff,d7e20b81c1bd,Coca-Cola Europacific Partners,2019,,Scope 1,General,Unspecified,2,tonnes CO2e,0.90,high,statement_extraction,2024-CCEP-Annual-Report_2025.03.21_Interactive.pdf,d7e20b81c1bd,2025-10-25T17:32:16.335Z,2025-10-25T17:32:16.335Z,2025-10-25T17:32:16.335Z,1.0,active
faf5733a-91c0-4e21-9f8c-379953e5a4f1,d7e20b81c1bd,Coca-Cola Europacific Partners,2025,,Scope 1,General,Unspecified,2,tonnes CO2e,0.90,high,statement_extraction,2024-CCEP-Annual-Report_2025.03.21_Interactive.pdf,d7e20b81c1bd,2025-10-25T17:32:16.335Z,2025-10-25T17:32:16.335Z,2025-10-25T17:32:16.335Z,1.0,active
fe5e4d4e-738c-4d34-a134-a586e27356c3,d7e20b81c1bd,Coca-Cola Europacific Partners,2021,,Scope 1,General,Unspecified,2,tonnes CO2e,0.90,high,statement_extraction,2024-CCEP-Annual-Report_2025.03.21_Interactive.pdf,d7e20b81c1bd,2025-10-25T17:32:16.335Z,2025-10-25T17:32:16.335Z,2025-10-25T17:32:16.335Z,1.0,active
20845d13-c183-4757-a594-8ad63ca60bea,d7e20b81c1bd,Coca-Cola Europacific Partners,2022,,Scope 1,General,Unspecified,2,tonnes CO2e,0.90,high,statement_extraction,2024-CCEP-Annual-Report_2025.03.21_Interactive.pdf,d7e20b81c1bd,2025-10-25T17:32:16.335Z,2025-10-25T17:32:16.335Z,2025-10-25T17:32:16.335Z,1.0,active
42e55b4c-df64-4b11-8d76-f957c7f93d73,d7e20b81c1bd,Coca-Cola Europacific Partners,2030,1,Scope 1,Supply Chain,Supply Chain,2,tonnes CO2e,1.00,high,statement_extraction,2024-CCEP-Annual-Report_2025.03.21_Interactive.pdf,d7e20b81c1bd,2025-10-25T17:32:16.335Z,2025-10-25T17:32:16.335Z,2025-10-25T17:32:16.335Z,1.0,active
ba552c1f-e8dc-4aa7-b607-f389cb1b1bc4,d7e20b81c1bd,Coca-Cola Europacific Partners,2025,,Scope 1,Energy,Fossil Fuel Combustion,2,tonnes CO2e,0.85,high,statement_extraction,2024-CCEP-Annual-Report_2025.03.21_Interactive.pdf,d7e20b81c1bd,2025-10-25T17:32:16.335Z,2025-10-25T17:32:16.335Z,2025-10-25T17:32:16.335Z,1.0,active
354b490c-b370-4ba9-8561-45ce9a6d9ff4,d7e20b81c1bd,Coca-Cola Europacific Partners,2025,,Scope 2,Direct Emissions,Indirect Energy,1205682,tonnes CO2e,0.85,high,statement_extraction,2024-CCEP-Annual-Report_2025.03.21_Interactive.pdf,d7e20b81c1bd,2025-10-25T17:32:16.335Z,2025-10-25T17:32:16.335Z,2025-10-25T17:32:16.335Z,1.0,active
36d1fd19-bec9-47aa-ae7e-c616ab1a9037,d7e20b81c1bd,Coca-Cola Europacific Partners,2025,,Scope 2,Direct Emissions,Indirect Energy,1,tonnes CO2e,0.85,high,statement_extraction,2024-CCEP-Annual-Report_2025.03.21_Interactive.pdf,d7e20b81c1bd,2025-10-25T17:32:16.335Z,2025-10-25T17:32:16.335Z,2025-10-25T17:32:16.335Z,1.0,active
81afba72-f292-480e-b34a-4bb62b20b8ee,d7e20b81c1bd,Coca-Cola Europacific Partners,2025,,Scope 3,General,Unspecified,185,tonnes CO2e,0.90,high,statement_extraction,2024-CCEP-Annual-Report_2025.03.21_Interactive.pdf,d7e20b81c1bd,2025-10-25T17:32:16.335Z,2025-10-25T17:32:16.335Z,2025-10-25T17:32:16.335Z,1.0,active
1214276f-1cc9-4046-8229-687c834e310e,d7e20b81c1bd,Coca-Cola Europacific Partners,2025,,Scope 3,Transportation,Business Travel & Logistics,13,tonnes CO2e,0.85,high,statement_extraction,2024-CCEP-Annual-Report_2025.03.21_Interactive.pdf,d7e20b81c1bd,2025-10-25T17:32:16.335Z,2025-10-25T17:32:16.335Z,2025-10-25T17:32:16.335Z,1.0,active
082de340-bc1a-49d6-9e6a-91ccbcb0cc79,d7e20b81c1bd,Coca-Cola Europacific Partners,2025,,Scope 3,Direct Emissions,Value Chain,9,tonnes CO2e,0.85,high,statement_extraction,2024-CCEP-Annual-Report_2025.03.21_Interactive.pdf,d7e20b81c1bd,2025-10-25T17:32:16.335Z,2025-10-25T17:32:16.335Z,2025-10-25T17:32:16.335Z,1.0,active
df4ce703-ed08-45dd-a062-2f5b12761b5a,5508d7581a2e,summary performance metrics,2025,,Scope 1,General,Unspecified,1.5,tonnes CO2e,0.75,high,statement_extraction,2024-esg-summary-esg-performance-metrics.pdf,5508d7581a2e,2025-10-25T17:32:16.335Z,2025-10-25T17:32:16.335Z,2025-10-25T17:32:16.335Z,1.0,active
a0655c8a-d256-4206-81f9-73f7ab854589,5508d7581a2e,summary performance metrics,2025,,Scope 1,Energy,Fossil Fuel Combustion,2,tonnes CO2e,0.85,high,statement_extraction,2024-esg-summary-esg-performance-metrics.pdf,5508d7581a2e,2025-10-25T17:32:16.335Z,2025-10-25T17:32:16.335Z,2025-10-25T17:32:16.335Z,1.0,active
8fd9ad62-2870-460b-be3a-3e98be45ab2a,5508d7581a2e,summary performance metrics,2025,,Scope 1,General,Unspecified,3,tonnes CO2e,0.75,high,statement_extraction,2024-esg-summary-esg-performance-metrics.pdf,5508d7581a2e,2025-10-25T17:32:16.335Z,2025-10-25T17:32:16.335Z,2025-10-25T17:32:16.335Z,1.0,active
b9c1efd9-f308-4975-b504-19facfbd00a9,5508d7581a2e,summary performance metrics,2025,,Scope 1,General,Unspecified,2,tonnes CO2e,0.75,high,statement_extraction,2024-esg-summary-esg-performance-metrics.pdf,5508d7581a2e,2025-10-25T17:32:16.335Z,2025-10-25T17:32:16.335Z,2025-10-25T17:32:16.335Z,1.0,active
46176c13-ecfc-46db-a61d-101b3526c8a4,5508d7581a2e,summary performance metrics,2025,,Scope 3,General,Unspecified,3,tonnes CO2e,0.75,high,statement_extraction,2024-esg-summary-esg-performance-metrics.pdf,5508d7581a2e,2025-10-25T17:32:16.335Z,2025-10-25T17:32:16.335Z,2025-10-25T17:32:16.335Z,1.0,active
bd057bdb-7d37-44eb-8614-73ba0217906f,5508d7581a2e,summary performance metrics,2025,,Scope 3,Energy,Energy-Related Activities,3,tonnes CO2e,0.85,high,statement_extraction,2024-esg-summary-esg-performance-metrics.pdf,5508d7581a2e,2025-10-25T17:32:16.335Z,2025-10-25T17:32:16.335Z,2025-10-25T17:32:16.335Z,1.0,active
c16410ea-7415-4d70-91f7-37d941be4fde,5508d7581a2e,summary performance metrics,2025,,Scope 1,Purchased Goods,Purchased Goods,2,tonnes CO2e,0.85,high,statement_extraction,2024-esg-summary-esg-performance-metrics.pdf,5508d7581a2e,2025-10-25T17:32:16.335Z,2025-10-25T17:32:16.335Z,2025-10-25T17:32:16.335Z,1.0,active
69f0272f-7c60-487a-b668-e3039c187e73,5508d7581a2e,summary performance metrics,2025,,Scope 1,Purchased Goods,Purchased Goods,3,tonnes CO2e,0.85,high,statement_extraction,2024-esg-summary-esg-performance-metrics.pdf,5508d7581a2e,2025-10-25T17:32:16.335Z,2025-10-25T17:32:16.335Z,2025-10-25T17:32:16.335Z,1.0,active
1869548d-cd3a-45ef-ba38-7393ab21ee6c,5508d7581a2e,summary performance metrics,2025,,Scope 1,Direct Emissions,Direct Operations,2,tonnes CO2e,0.85,high,statement_extraction,2024-esg-summary-esg-performance-metrics.pdf,5508d7581a2e,2025-10-25T17:32:16.335Z,2025-10-25T17:32:16.335Z,2025-10-25T17:32:16.335Z,1.0,active
43252553-d616-4c01-98f4-8366abc1f383,5508d7581a2e,summary performance metrics,2025,,Scope 1,Direct Emissions,Direct Operations,3,tonnes CO2e,0.85,high,statement_extraction,2024-esg-summary-esg-performance-metrics.pdf,5508d7581a2e,2025-10-25T17:32:16.335Z,2025-10-25T17:32:16.335Z,2025-10-25T17:32:16.335Z,1.0,active
99822f12-c046-4080-9be2-20b91046d373,5508d7581a2e,summary performance metrics,2025,,Scope 3,Energy,Energy-Related Activities,2,tonnes CO2e,0.85,high,statement_extraction,2024-esg-summary-esg-performance-metrics.pdf,5508d7581a2e,2025-10-25T17:32:16.335Z,2025-10-25T17:32:16.335Z,2025-10-25T17:32:16.335Z,1.0,active
abec3154-52f9-49e6-8141-7856d95e6ae1,5508d7581a2e,summary performance metrics,2025,,Scope 3,Purchased Goods,Supply Chain Emissions,3,tonnes CO2e,0.85,high,statement_extraction,2024-esg-summary-esg-performance-metrics.pdf,5508d7581a2e,2025-10-25T17:32:16.335Z,2025-10-25T17:32:16.335Z,2025-10-25T17:32:16.335Z,1.0,active
48171b34-07b0-48cb-99ae-b331c25b836e,5508d7581a2e,summary performance metrics,2030,1,Scope 1,General,Unspecified,1,tonnes CO2e,0.90,high,statement_extraction,2024-esg-summary-esg-performance-metrics.pdf,5508d7581a2e,2025-10-25T17:32:16.335Z,2025-10-25T17:32:16.335Z,2025-10-25T17:32:16.335Z,1.0,active
664ebc60-4ffc-47ae-8168-b7224e7eb18d,5508d7581a2e,summary performance metrics,2024,,Total,General,Unspecified,9,tonnes CO2e,0.80,high,statement_extraction,2024-esg-summary-esg-performance-metrics.pdf,5508d7581a2e,2025-10-25T17:32:16.335Z,2025-10-25T17:32:16.335Z,2025-10-25T17:32:16.335Z,1.0,active
57584c96-ed11-41a9-9505-b52e00b76d3b,5508d7581a2e,summary performance metrics,2024,,Total,General,Unspecified,80,tonnes CO2e,0.80,high,statement_extraction,2024-esg-summary-esg-performance-metrics.pdf,5508d7581a2e,2025-10-25T17:32:16.335Z,2025-10-25T17:32:16.335Z,2025-10-25T17:32:16.335Z,1.0,active
6cab46fc-53ba-42fa-9fb2-c84daf01d8c2,5508d7581a2e,summary performance metrics,2024,,Total,General,Unspecified,85,tonnes CO2e,0.80,high,statement_extraction,2024-esg-summary-esg-performance-metrics.pdf,5508d7581a2e,2025-10-25T17:32:16.335Z,2025-10-25T17:32:16.335Z,2025-10-25T17:32:16.335Z,1.0,active
2100258f-dbb8-4e52-a0bf-9765319f1411,5508d7581a2e,summary performance metrics,2024,,Total,General,Unspecified,84,tonnes CO2e,0.80,high,statement_extraction,2024-esg-summary-esg-performance-metrics.pdf,5508d7581a2e,2025-10-25T17:32:16.335Z,2025-10-25T17:32:16.335Z,2025-10-25T17:32:16.335Z,1.0,active
05a65ca6-35e9-4cdd-b1d7-c5a7cedbb29c,5508d7581a2e,summary performance metrics,2023,,Total,General,Unspecified,84,tonnes CO2e,0.80,high,statement_extraction,2024-esg-summary-esg-performance-metrics.pdf,5508d7581a2e,2025-10-25T17:32:16.335Z,2025-10-25T17:32:16.335Z,2025-10-25T17:32:16.335Z,1.0,active
50b12767-ca92-4c52-987d-de18fe2929f4,5508d7581a2e,summary performance metrics,2022,,Scope 1,General,Unspecified,2,tonnes CO2e,0.90,high,statement_extraction,2024-esg-summary-esg-performance-metrics.pdf,5508d7581a2e,2025-10-25T17:32:16.335Z,2025-10-25T17:32:16.335Z,2025-10-25T17:32:16.335Z,1.0,active
088a45fe-e997-4899-8995-f421f955152a,5508d7581a2e,summary performance metrics,2030,1,Total,General,Unspecified,3,tonnes CO2e,0.80,high,statement_extraction,2024-esg-summary-esg-performance-metrics.pdf,5508d7581a2e,2025-10-25T17:32:16.335Z,2025-10-25T17:32:16.335Z,2025-10-25T17:32:16.335Z,1.0,active
76d8e555-e86f-467e-b74c-49a8840c1d6f,5508d7581a2e,summary performance metrics,2024,,Total,General,Unspecified,1.6,tonnes CO2e,0.80,high,statement_extraction,2024-esg-summary-esg-performance-metrics.pdf,5508d7581a2e,2025-10-25T17:32:16.335Z,2025-10-25T17:32:16.335Z,2025-10-25T17:32:16.335Z,1.0,active
2374e7c7-25f5-4ab1-a99b-f22109e6579c,5508d7581a2e,summary performance metrics,2025,,Scope 1,General,Unspecified,2,tonnes CO2e,0.90,high,statement_extraction,2024-esg-summary-esg-performance-metrics.pdf,5508d7581a2e,2025-10-25T17:32:16.335Z,2025-10-25T17:32:16.335Z,2025-10-25T17:32:16.335Z,1.0,active
9120b981-360e-4386-a733-78c4aea46586,5508d7581a2e,summary performance metrics,2024,,Scope 1,Energy,Fossil Fuel Combustion,2030,tonnes CO2e,1.00,high,statement_extraction,2024-esg-summary-esg-performance-metrics.pdf,5508d7581a2e,2025-10-25T17:32:16.335Z,2025-10-25T17:32:16.335Z,2025-10-25T17:32:16.335Z,1.0,active
94170c89-c4d3-4e85-b523-b92bb53b4aac,5508d7581a2e,summary performance metrics,2025,,Scope 3,Energy,Energy-Related Activities,1.2,tonnes CO2e,1.00,high,statement_extraction,2024-esg-summary-esg-performance-metrics.pdf,5508d7581a2e,2025-10-25T17:32:16.335Z,2025-10-25T17:32:16.335Z,2025-10-25T17:32:16.335Z,1.0,active
9da7d36c-d95a-4e6a-8d9a-99eeefa9d781,fe5844a2e623,Unknown Company,2025,,Scope 1,General,Unspecified,3,tonnes CO2e,0.60,medium,statement_extraction,2024-sustainability-report.pdf,fe5844a2e623,2025-10-25T17:32:16.335Z,2025-10-25T17:32:16.335Z,2025-10-25T17:32:16.335Z,1.0,active
5a9d6da9-189f-4787-b832-b559ce9c35d4,fe5844a2e623,Unknown Company,2023,,Total,General,Unspecified,24,tonnes CO2e,0.65,medium,statement_extraction,2024-sustainability-report.pdf,fe5844a2e623,2025-10-25T17:32:16.335Z,2025-10-25T17:32:16.335Z,2025-10-25T17:32:16.335Z,1.0,active
e44e77c0-d600-4562-ada7-7f95db963dd3,fe5844a2e623,Unknown Company,2025,,Total,General,Unspecified,26,tonnes CO2e,0.50,medium,statement_extraction,2024-sustainability-report.pdf,fe5844a2e623,2025-10-25T17:32:16.335Z,2025-10-25T17:32:16.335Z,2025-10-25T17:32:16.335Z,1.0,active
eae2ab1a-b927-4aae-953b-421df73e2c51,fe5844a2e623,Unknown Company,2025,,Total,General,Unspecified,2,tonnes CO2e,0.50,medium,statement_extraction,2024-sustainability-report.pdf,fe5844a2e623,2025-10-25T17:32:16.335Z,2025-10-25T17:32:16.335Z,2025-10-25T17:32:16.335Z,1.0,active
be882442-32ae-4875-b8f8-2c4996f6b773,fe5844a2e623,Unknown Company,2030,1,Scope 1,General,Unspecified,3,tonnes CO2e,0.75,high,statement_extraction,2024-sustainability-report.pdf,fe5844a2e623,2025-10-25T17:32:16.335Z,2025-10-25T17:32:16.335Z,2025-10-25T17:32:16.335Z,1.0,active
173419e3-b39c-4028-9b2e-4fd7eb4edeaa,fe5844a2e623,Unknown Company,2019,,Scope 1,Purchased Goods,Purchased Goods,46.2,tonnes CO2e,0.85,high,statement_extraction,2024-sustainability-report.pdf,fe5844a2e623,2025-10-25T17:32:16.335Z,2025-10-25T17:32:16.335Z,2025-10-25T17:32:16.335Z,1.0,active
65abc417-7ae4-4971-a0a3-6a6ad5e05147,fe5844a2e623,Unknown Company,2027,1,Scope 1,Purchased Goods,Purchased Goods,76,tonnes CO2e,0.85,high,statement_extraction,2024-sustainability-report.pdf,fe5844a2e623,2025-10-25T17:32:16.335Z,2025-10-25T17:32:16.335Z,2025-10-25T17:32:16.335Z,1.0,active
06b59036-1195-40e3-9d7d-f7c3549a4f72,fe5844a2e623,Unknown Company,2025,,Total,General,Unspecified,5,tonnes CO2e,0.50,medium,statement_extraction,2024-sustainability-report.pdf,fe5844a2e623,2025-10-25T17:32:16.335Z,2025-10-25T17:32:16.335Z,2025-10-25T17:32:16.335Z,1.0,active
025f9531-08fd-43f8-8202-1d5a8549bee0,fe5844a2e623,Unknown Company,2020,,Total,General,Unspecified,21,tonnes CO2e,0.65,medium,statement_extraction,2024-sustainability-report.pdf,fe5844a2e623,2025-10-25T17:32:16.335Z,2025-10-25T17:32:16.335Z,2025-10-25T17:32:16.335Z,1.0,active
11ae4ec3-dfee-4959-be0a-d0fc7e8e27cb,fe5844a2e623,Unknown Company,2025,,Scope 3,Waste,Waste Disposal & Treatment,3,tonnes CO2e,0.70,high,statement_extraction,2024-sustainability-report.pdf,fe5844a2e623,2025-10-25T17:32:16.335Z,2025-10-25T17:32:16.335Z,2025-10-25T17:32:16.335Z,1.0,active
58db0973-9f8c-4b75-9d14-b1c6a7c42d19,fe5844a2e623,Unknown Company,2025,,Total,General,Unspecified,3,tonnes CO2e,0.50,medium,statement_extraction,2024-sustainability-report.pdf,fe5844a2e623,2025-10-25T17:32:16.335Z,2025-10-25T17:32:16.335Z,2025-10-25T17:32:16.335Z,1.0,active
2ac865dc-fbe4-4846-b775-8b8807ecfada,fe5844a2e623,Unknown Company,2019,,Total,General,Unspecified,20,tonnes CO2e,0.65,medium,statement_extraction,2024-sustainability-report.pdf,fe5844a2e623,2025-10-25T17:32:16.335Z,2025-10-25T17:32:16.335Z,2025-10-25T17:32:16.335Z,1.0,active
d093f8bb-8e6c-4691-8467-c67e77c067c0,fe5844a2e623,Unknown Company,2025,,Scope 1,Direct Emissions,Direct Operations,2,tonnes CO2e,0.70,high,statement_extraction,2024-sustainability-report.pdf,fe5844a2e623,2025-10-25T17:32:16.335Z,2025-10-25T17:32:16.335Z,2025-10-25T17:32:16.335Z,1.0,active
d4c2613a-b9d0-4cfc-848c-5288080825b7,fe5844a2e623,Unknown Company,2025,,Scope 1,General,Unspecified,2,tonnes CO2e,0.60,medium,statement_extraction,2024-sustainability-report.pdf,fe5844a2e623,2025-10-25T17:32:16.335Z,2025-10-25T17:32:16.335Z,2025-10-25T17:32:16.335Z,1.0,active
0aedd96b-d901-46d7-b5e3-717c3051142b,fe5844a2e623,Unknown Company,2025,,Scope 3,General,Unspecified,3,tonnes CO2e,0.60,medium,statement_extraction,2024-sustainability-report.pdf,fe5844a2e623,2025-10-25T17:32:16.335Z,2025-10-25T17:32:16.335Z,2025-10-25T17:32:16.335Z,1.0,active
a09d8522-c6fd-46ed-9c27-c30a8246a644,fe5844a2e623,Unknown Company,2023,,Scope 3,Purchased Goods,Supply Chain Emissions,3,tonnes CO2e,0.85,high,statement_extraction,2024-sustainability-report.pdf,fe5844a2e623,2025-10-25T17:32:16.335Z,2025-10-25T17:32:16.335Z,2025-10-25T17:32:16.335Z,1.0,active
3ac5b12a-7825-4f5c-acfc-5e489061ac3a,fe5844a2e623,Unknown Company,2025,,Scope 3,Purchased Goods,Supply Chain Emissions,3,tonnes CO2e,0.70,high,statement_extraction,2024-sustainability-report.pdf,fe5844a2e623,2025-10-25T17:32:16.335Z,2025-10-25T17:32:16.335Z,2025-10-25T17:32:16.335Z,1.0,active
47817a74-4c01-460f-a945-d059da8c945e,fe5844a2e623,Unknown Company,2030,1,Scope 3,General,Unspecified,2,tonnes CO2e,0.75,high,statement_extraction,2024-sustainability-report.pdf,fe5844a2e623,2025-10-25T17:32:16.335Z,2025-10-25T17:32:16.335Z,2025-10-25T17:32:16.335Z,1.0,active
33a9427e-a018-4426-a89a-54ab226dc9b1,fe5844a2e623,Unknown Company,2030,1,Scope 3,General,Unspecified,3,tonnes CO2e,0.75,high,statement_extraction,2024-sustainability-report.pdf,fe5844a2e623,2025-10-25T17:32:16.335Z,2025-10-25T17:32:16.335Z,2025-10-25T17:32:16.335Z,1.0,active
4cfc57f8-2c3c-45dd-aea8-0f425907b81f,fe5844a2e623,Unknown Company,2023,,Total,General,Unspecified,100,tonnes CO2e,0.65,medium,statement_extraction,2024-sustainability-report.pdf,fe5844a2e623,2025-10-25T17:32:16.335Z,2025-10-25T17:32:16.335Z,2025-10-25T17:32:16.335Z,1.0,active
cd9b1a5f-dd96-4952-a010-703dd26c4574,fe5844a2e623,Unknown Company,2022,,Total,General,Unspecified,23,tonnes CO2e,0.65,medium,statement_extraction,2024-sustainability-report.pdf,fe5844a2e623,2025-10-25T17:32:16.335Z,2025-10-25T17:32:16.335Z,2025-10-25T17:32:16.335Z,1.0,active
7e4ee39e-abd2-45bf-ac84-ef1a77a33a8f,fe5844a2e623,Unknown Company,2025,,Total,Energy,Energy,3,tonnes CO2e,0.60,medium,statement_extraction,2024-sustainability-report.pdf,fe5844a2e623,2025-10-25T17:32:16.335Z,2025-10-25T17:32:16.335Z,2025-10-25T17:32:16.335Z,1.0,active
428bbf6e-c7cf-4728-abda-b9077c240fd0,fe5844a2e623,Unknown Company,2025,,Scope 3,Purchased Goods,Supply Chain Emissions,20,tonnes CO2e,0.70,high,statement_extraction,2024-sustainability-report.pdf,fe5844a2e623,2025-10-25T17:32:16.335Z,2025-10-25T17:32:16.335Z,2025-10-25T17:32:16.335Z,1.0,active
d35820aa-9933-4ab8-a2dd-3699d291b99c,fe5844a2e623,Unknown Company,2025,,Total,Waste,Waste,1438424,tonnes CO2e,0.60,medium,statement_extraction,2024-sustainability-report.pdf,fe5844a2e623,2025-10-25T17:32:16.335Z,2025-10-25T17:32:16.335Z,2025-10-25T17:32:16.335Z,1.0,active
c07e3481-ee1b-45e7-8c72-3450b7f000ea,fe5844a2e623,Unknown Company,2025,,Total,General,Unspecified,11014256,tonnes CO2e,0.50,medium,statement_extraction,2024-sustainability-report.pdf,fe5844a2e623,2025-10-25T17:32:16.335Z,2025-10-25T17:32:16.335Z,2025-10-25T17:32:16.335Z,1.0,active
0cafcf0d-bc51-438a-bffc-18a7b9ae0b66,fe5844a2e623,Unknown Company,2025,,Total,Energy,Energy,90,tonnes CO2e,0.60,medium,statement_extraction,2024-sustainability-report.pdf,fe5844a2e623,2025-10-25T17:32:16.335Z,2025-10-25T17:32:16.335Z,2025-10-25T17:32:16.335Z,1.0,active
d19943d4-c484-41b7-ac49-263dc22e4c81,fe5844a2e623,Unknown Company,2025,,Total,Energy,Energy,12.2,tonnes CO2e,0.60,medium,statement_extraction,2024-sustainability-report.pdf,fe5844a2e623,2025-10-25T17:32:16.335Z,2025-10-25T17:32:16.335Z,2025-10-25T17:32:16.335Z,1.0,active
db479318-adb5-49e2-8535-dee86615b836,fe5844a2e623,Unknown Company,2025,,Total,General,Unspecified,13.1,tonnes CO2e,0.50,medium,statement_extraction,2024-sustainability-report.pdf,fe5844a2e623,2025-10-25T17:32:16.335Z,2025-10-25T17:32:16.335Z,2025-10-25T17:32:16.335Z,1.0,active
3614a5b7-88f6-4502-8a1c-e5a8dc793011,fe5844a2e623,Unknown Company,2025,,Total,Energy,Energy,2,tonnes CO2e,0.60,medium,statement_extraction,2024-sustainability-report.pdf,fe5844a2e623,2025-10-25T17:32:16.335Z,2025-10-25T17:32:16.335Z,2025-10-25T17:32:16.335Z,1.0,active
dec6a3fb-f176-4c59-ac2d-bc7e037369a6,fe5844a2e623,Unknown Company,2025,,Total,General,Unspecified,67,tonnes CO2e,0.50,medium,statement_extraction,2024-sustainability-report.pdf,fe5844a2e623,2025-10-25T17:32:16.335Z,2025-10-25T17:32:16.335Z,2025-10-25T17:32:16.335Z,1.0,active
8c015d37-5049-4189-927a-7f3a08f3360f,fe5844a2e623,Unknown Company,2025,,Total,Waste,Waste,99000,tonnes CO2e,0.75,high,statement_extraction,2024-sustainability-report.pdf,fe5844a2e623,2025-10-25T17:32:16.335Z,2025-10-25T17:32:16.335Z,2025-10-25T17:32:16.335Z,1.0,active
1ca7430e-7c69-4526-b698-414e5091f4af,fe5844a2e623,Unknown Company,2025,,Total,Waste,Waste,99000,tonnes CO2e,0.60,medium,statement_extraction,2024-sustainability-report.pdf,fe5844a2e623,2025-10-25T17:32:16.335Z,2025-10-25T17:32:16.335Z,2025-10-25T17:32:16.335Z,1.0,active
90ab5ed6-0f47-4341-b23c-7ad3f53f816f,fe5844a2e623,Unknown Company,2030,1,Total,Waste,Waste,5,tonnes CO2e,0.75,high,statement_extraction,2024-sustainability-report.pdf,fe5844a2e623,2025-10-25T17:32:16.335Z,2025-10-25T17:32:16.335Z,2025-10-25T17:32:16.335Z,1.0,active
c7dc63c3-7e73-4a38-ac13-ba54290b6c6b,fe5844a2e623,Unknown Company,2023,,Total,General,Unspecified,200,tonnes CO2e,0.65,medium,statement_extraction,2024-sustainability-report.pdf,fe5844a2e623,2025-10-25T17:32:16.335Z,2025-10-25T17:32:16.335Z,2025-10-25T17:32:16.335Z,1.0,active
a7295674-886c-48c1-b37c-a210c64c1818,fe5844a2e623,Unknown Company,2025,,Total,Direct Emissions,Direct Emissions,200,tonnes CO2e,0.60,medium,statement_extraction,2024-sustainability-report.pdf,fe5844a2e623,2025-10-25T17:32:16.335Z,2025-10-25T17:32:16.335Z,2025-10-25T17:32:16.335Z,1.0,active
e2024b9a-139b-4310-8f41-429659e4257c,fe5844a2e623,Unknown Company,2019,,Total,Waste,Waste,165840,tonnes CO2e,0.75,high,statement_extraction,2024-sustainability-report.pdf,fe5844a2e623,2025-10-25T17:32:16.335Z,2025-10-25T17:32:16.335Z,2025-10-25T17:32:16.335Z,1.0,active
d108d87d-1533-41d9-943b-e6b3ea7dce09,fe5844a2e623,Unknown Company,2019,,Total,Waste,Waste,204637,tonnes CO2e,0.75,high,statement_extraction,2024-sustainability-report.pdf,fe5844a2e623,2025-10-25T17:32:16.335Z,2025-10-25T17:32:16.335Z,2025-10-25T17:32:16.335Z,1.0,active
e52b6088-7eb8-4901-a059-a446040365a0,fe5844a2e623,Unknown Company,2030,1,Total,General,Unspecified,5,tonnes CO2e,0.65,medium,statement_extraction,2024-sustainability-report.pdf,fe5844a2e623,2025-10-25T17:32:16.335Z,2025-10-25T17:32:16.335Z,2025-10-25T17:32:16.335Z,1.0,active
dc51063f-455d-452e-bb91-705d56006e98,fe5844a2e623,Unknown Company,2022,,Scope 1,General,Unspecified,6985269,tonnes CO2e,0.75,high,statement_extraction,2024-sustainability-report.pdf,fe5844a2e623,2025-10-25T17:32:16.335Z,2025-10-25T17:32:16.335Z,2025-10-25T17:32:16.335Z,1.0,active
cd9073dd-8058-4c7c-8fe7-760bb9eb6c7c,fe5844a2e623,Unknown Company,2022,,Total,General,Unspecified,7391418,tonnes CO2e,0.65,medium,statement_extraction,2024-sustainability-report.pdf,fe5844a2e623,2025-10-25T17:32:16.335Z,2025-10-25T17:32:16.335Z,2025-10-25T17:32:16.335Z,1.0,active
fc640ea9-bd02-497f-8887-a3071112c285,fe5844a2e623,Unknown Company,2019,,Scope 1,General,Unspecified,8645693,tonnes CO2e,0.75,high,statement_extraction,2024-sustainability-report.pdf,fe5844a2e623,2025-10-25T17:32:16.335Z,2025-10-25T17:32:16.335Z,2025-10-25T17:32:16.335Z,1.0,active
fcd134d3-78f8-4fba-8fac-edda2d30a98f,fe5844a2e623,Unknown Company,2025,,Scope 1,Energy,Fossil Fuel Combustion,14000,tonnes CO2e,0.70,high,statement_extraction,2024-sustainability-report.pdf,fe5844a2e623,2025-10-25T17:32:16.335Z,2025-10-25T17:32:16.335Z,2025-10-25T17:32:16.335Z,1.0,active
f3cca80a-294c-4cd1-a858-947f70cd924c,fe5844a2e623,Unknown Company,2025,,Scope 3,Energy,Energy-Related Activities,27000,tonnes CO2e,0.70,high,statement_extraction,2024-sustainability-report.pdf,fe5844a2e623,2025-10-25T17:32:16.335Z,2025-10-25T17:32:16.335Z,2025-10-25T17:32:16.335Z,1.0,active
fd2e7e2e-55a6-4bb5-af5c-897a63f7f93f,fe5844a2e623,Unknown Company,2023,,Total,General,Unspecified,50000,tonnes CO2e,0.65,medium,statement_extraction,2024-sustainability-report.pdf,fe5844a2e623,2025-10-25T17:32:16.335Z,2025-10-25T17:32:16.335Z,2025-10-25T17:32:16.335Z,1.0,active
5f0639ae-e734-4585-841d-6d932f6aa075,fe5844a2e623,Unknown Company,2025,,Total,General,Unspecified,14000,tonnes CO2e,0.50,medium,statement_extraction,2024-sustainability-report.pdf,fe5844a2e623,2025-10-25T17:32:16.335Z,2025-10-25T17:32:16.335Z,2025-10-25T17:32:16.335Z,1.0,active
160556a8-a92f-4aab-9e3f-621918291532,fe5844a2e623,Unknown Company,2025,,Total,General,Unspecified,4000,tonnes CO2e,0.50,medium,statement_extraction,2024-sustainability-report.pdf,fe5844a2e623,2025-10-25T17:32:16.335Z,2025-10-25T17:32:16.335Z,2025-10-25T17:32:16.335Z,1.0,active
b31472d5-cb9e-4ba3-a21e-523aa1f57c53,fe5844a2e623,Unknown Company,2025,,Total,General,Unspecified,99000,tonnes CO2e,0.65,medium,statement_extraction,2024-sustainability-report.pdf,fe5844a2e623,2025-10-25T17:32:16.335Z,2025-10-25T17:32:16.335Z,2025-10-25T17:32:16.335Z,1.0,active
c2bc4ea5-09c8-4768-9f89-4ede29e30fd9,fe5844a2e623,Unknown Company,2025,,Total,General,Unspecified,6000,tonnes CO2e,0.50,medium,statement_extraction,2024-sustainability-report.pdf,fe5844a2e623,2025-10-25T17:32:16.335Z,2025-10-25T17:32:16.335Z,2025-10-25T17:32:16.335Z,1.0,active
bbd5b717-2697-4b40-8b3c-dcad15eaba6f,fe5844a2e623,Unknown Company,2025,,Total,General,Unspecified,450000,tonnes CO2e,0.50,medium,statement_extraction,2024-sustainability-report.pdf,fe5844a2e623,2025-10-25T17:32:16.335Z,2025-10-25T17:32:16.335Z,2025-10-25T17:32:16.335Z,1.0,active
6b0b08a2-bf91-4636-b3a3-7fbe951bb7bb,fe5844a2e623,Unknown Company,2030,1,Scope 3,General,Unspecified,2030,tonnes CO2e,0.75,high,statement_extraction,2024-sustainability-report.pdf,fe5844a2e623,2025-10-25T17:32:16.335Z,2025-10-25T17:32:16.335Z,2025-10-25T17:32:16.335Z,1.0,active
6150aa3f-bd6b-4b0c-913a-96eaa7bc8d33,fe5844a2e623,Unknown Company,2025,,Scope 3,Purchased Goods,Supply Chain Emissions,2023,tonnes CO2e,0.70,high,statement_extraction,2024-sustainability-report.pdf,fe5844a2e623,2025-10-25T17:32:16.335Z,2025-10-25T17:32:16.335Z,2025-10-25T17:32:16.335Z,1.0,active
81638df0-c474-4902-ba53-ff42dbf5b61a,fe5844a2e623,Unknown Company,2025,,Scope 3,Direct Emissions,Value Chain,11,tonnes CO2e,0.70,high,statement_extraction,2024-sustainability-report.pdf,fe5844a2e623,2025-10-25T17:32:16.335Z,2025-10-25T17:32:16.335Z,2025-10-25T17:32:16.335Z,1.0,active
808fe535-2d0b-47f9-92f1-370e5788e449,672f729ee11e,Tesla Inc,2025,,Total,General,Unspecified,52,tonnes CO2e,0.65,medium,statement_extraction,2024-tesla-impact-report.pdf,672f729ee11e,2025-10-25T17:32:16.335Z,2025-10-25T17:32:16.335Z,2025-10-25T17:32:16.335Z,1.0,active
521e431b-2677-448e-9bbf-c17ed79df16f,6f34d349e08f,Unilever,2025,,Total,General,Unspecified,2,tonnes CO2e,0.65,medium,statement_extraction,2024_Impact_Report-June_20_FINAL.pdf,6f34d349e08f,2025-10-25T17:32:16.335Z,2025-10-25T17:32:16.335Z,2025-10-25T17:32:16.335Z,1.0,active
1fe111ac-20d5-44cc-b4ef-fefbd0c54e8b,6f34d349e08f,Unilever,2025,,Total,General,Unspecified,3,tonnes CO2e,0.65,medium,statement_extraction,2024_Impact_Report-June_20_FINAL.pdf,6f34d349e08f,2025-10-25T17:32:16.335Z,2025-10-25T17:32:16.335Z,2025-10-25T17:32:16.335Z,1.0,active
26631e3c-8642-4f68-b9f7-426e4a6ffd3f,6f34d349e08f,Unilever,2025,,Scope 1,General,Unspecified,50,tonnes CO2e,0.75,high,statement_extraction,2024_Impact_Report-June_20_FINAL.pdf,6f34d349e08f,2025-10-25T17:32:16.335Z,2025-10-25T17:32:16.335Z,2025-10-25T17:32:16.335Z,1.0,active
682bcc3b-29cc-4ec9-a9a4-c4517d3728ce,6f34d349e08f,Unilever,2025,,Scope 1,Purchased Goods,Purchased Goods,50,tonnes CO2e,0.85,high,statement_extraction,2024_Impact_Report-June_20_FINAL.pdf,6f34d349e08f,2025-10-25T17:32:16.335Z,2025-10-25T17:32:16.335Z,2025-10-25T17:32:16.335Z,1.0,active
face8af2-21d5-413e-ba91-7a6be8b5afbd,6f34d349e08f,Unilever,2025,,Scope 2,Transportation,Transportation,50,tonnes CO2e,0.85,high,statement_extraction,2024_Impact_Report-June_20_FINAL.pdf,6f34d349e08f,2025-10-25T17:32:16.335Z,2025-10-25T17:32:16.335Z,2025-10-25T17:32:16.335Z,1.0,active
2761b1a7-d5d3-4dc4-80ac-803cbfa3bef5,6f34d349e08f,Unilever,2025,,Scope 3,Transportation,Business Travel & Logistics,30,tonnes CO2e,0.85,high,statement_extraction,2024_Impact_Report-June_20_FINAL.pdf,6f34d349e08f,2025-10-25T17:32:16.335Z,2025-10-25T17:32:16.335Z,2025-10-25T17:32:16.335Z,1.0,active
8ba847b2-fa9d-4c58-867c-f8a9c63c2f16,6f34d349e08f,Unilever,2025,,Scope 1,General,Unspecified,30,tonnes CO2e,0.75,high,statement_extraction,2024_Impact_Report-June_20_FINAL.pdf,6f34d349e08f,2025-10-25T17:32:16.335Z,2025-10-25T17:32:16.335Z,2025-10-25T17:32:16.335Z,1.0,active
a2b218ea-6757-4c36-a75c-828fa50bad13,6f34d349e08f,Unilever,2025,,Scope 1,Purchased Goods,Purchased Goods,28,tonnes CO2e,0.85,high,statement_extraction,2024_Impact_Report-June_20_FINAL.pdf,6f34d349e08f,2025-10-25T17:32:16.335Z,2025-10-25T17:32:16.335Z,2025-10-25T17:32:16.335Z,1.0,active
887af7ae-0469-4165-8bd7-91315fcd444f,6f34d349e08f,Unilever,2025,,Scope 2,Transportation,Transportation,42,tonnes CO2e,0.85,high,statement_extraction,2024_Impact_Report-June_20_FINAL.pdf,6f34d349e08f,2025-10-25T17:32:16.335Z,2025-10-25T17:32:16.335Z,2025-10-25T17:32:16.335Z,1.0,active
cff752a9-28f9-490c-8fff-0fd260258983,6f34d349e08f,Unilever,2025,,Scope 3,Transportation,Business Travel & Logistics,76,tonnes CO2e,0.85,high,statement_extraction,2024_Impact_Report-June_20_FINAL.pdf,6f34d349e08f,2025-10-25T17:32:16.335Z,2025-10-25T17:32:16.335Z,2025-10-25T17:32:16.335Z,1.0,active
f08828ab-311d-4e4c-ae72-e82bd98de10e,6f34d349e08f,Unilever,2025,,Scope 3,Energy,Energy-Related Activities,17,tonnes CO2e,0.85,high,statement_extraction,2024_Impact_Report-June_20_FINAL.pdf,6f34d349e08f,2025-10-25T17:32:16.335Z,2025-10-25T17:32:16.335Z,2025-10-25T17:32:16.335Z,1.0,active
848c197a-f9b1-4e5e-bdf6-5d9694db1be6,6f34d349e08f,Unilever,2024,,Total,Energy,Energy,90,tonnes CO2e,0.90,high,statement_extraction,2024_Impact_Report-June_20_FINAL.pdf,6f34d349e08f,2025-10-25T17:32:16.335Z,2025-10-25T17:32:16.335Z,2025-10-25T17:32:16.335Z,1.0,active
376e5d22-2347-4125-aa9e-015131970aa5,6f34d349e08f,Unilever,2019,,Total,General,Unspecified,35,tonnes CO2e,0.80,high,statement_extraction,2024_Impact_Report-June_20_FINAL.pdf,6f34d349e08f,2025-10-25T17:32:16.335Z,2025-10-25T17:32:16.335Z,2025-10-25T17:32:16.335Z,1.0,active
3cb5728b-5736-4c76-84d6-ffc50f2c4edd,6f34d349e08f,Unilever,2019,,Total,General,Unspecified,46,tonnes CO2e,0.80,high,statement_extraction,2024_Impact_Report-June_20_FINAL.pdf,6f34d349e08f,2025-10-25T17:32:16.335Z,2025-10-25T17:32:16.335Z,2025-10-25T17:32:16.335Z,1.0,active
428f5646-5328-4d05-8365-74093dc91017,6f34d349e08f,Unilever,2019,,Total,General,Unspecified,21,tonnes CO2e,0.80,high,statement_extraction,2024_Impact_Report-June_20_FINAL.pdf,6f34d349e08f,2025-10-25T17:32:16.335Z,2025-10-25T17:32:16.335Z,2025-10-25T17:32:16.335Z,1.0,active
ac73ec63-5977-4a48-bd3b-817020908da4,6f34d349e08f,Unilever,2024,,Total,General,Unspecified,1,tonnes CO2e,0.80,high,statement_extraction,2024_Impact_Report-June_20_FINAL.pdf,6f34d349e08f,2025-10-25T17:32:16.335Z,2025-10-25T17:32:16.335Z,2025-10-25T17:32:16.335Z,1.0,active
36a2ccf8-182b-4300-b81f-2aa25fe71f49,6f34d349e08f,Unilever,2024,,Total,General,Unspecified,98,tonnes CO2e,0.80,high,statement_extraction,2024_Impact_Report-June_20_FINAL.pdf,6f34d349e08f,2025-10-25T17:32:16.335Z,2025-10-25T17:32:16.335Z,2025-10-25T17:32:16.335Z,1.0,active
4857a208-f5fe-400c-ba47-45995a8177fb,6f34d349e08f,Unilever,2024,,Total,General,Unspecified,2040,tonnes CO2e,0.80,high,statement_extraction,2024_Impact_Report-June_20_FINAL.pdf,6f34d349e08f,2025-10-25T17:32:16.335Z,2025-10-25T17:32:16.335Z,2025-10-25T17:32:16.335Z,1.0,active
959c2d83-2574-4c1a-a19f-26e9180d4674,6f34d349e08f,Unilever,2019,,Total,General,Unspecified,42,tonnes CO2e,0.80,high,statement_extraction,2024_Impact_Report-June_20_FINAL.pdf,6f34d349e08f,2025-10-25T17:32:16.335Z,2025-10-25T17:32:16.335Z,2025-10-25T17:32:16.335Z,1.0,active
50dff5e1-fe98-4d6f-91a7-7747058e7cb2,6f34d349e08f,Unilever,2024,,Total,General,Unspecified,4,tonnes CO2e,0.80,high,statement_extraction,2024_Impact_Report-June_20_FINAL.pdf,6f34d349e08f,2025-10-25T17:32:16.335Z,2025-10-25T17:32:16.335Z,2025-10-25T17:32:16.335Z,1.0,active
fc6de8f7-1a88-460a-9f6f-d33fbd932fbc,6f34d349e08f,Unilever,2025,,Total,Direct Emissions,Direct Emissions,2,tonnes CO2e,0.75,high,statement_extraction,2024_Impact_Report-June_20_FINAL.pdf,6f34d349e08f,2025-10-25T17:32:16.335Z,2025-10-25T17:32:16.335Z,2025-10-25T17:32:16.335Z,1.0,active
0947bb25-b9cb-4552-98c0-2c4cee20c24d,6f34d349e08f,Unilever,2024,,Total,General,Unspecified,400,tonnes CO2e,0.80,high,statement_extraction,2024_Impact_Report-June_20_FINAL.pdf,6f34d349e08f,2025-10-25T17:32:16.335Z,2025-10-25T17:32:16.335Z,2025-10-25T17:32:16.335Z,1.0,active
5d245076-a6ad-411c-97de-21d3f8257d96,6f34d349e08f,Unilever,2025,,Total,General,Unspecified,97,tonnes CO2e,0.65,medium,statement_extraction,2024_Impact_Report-June_20_FINAL.pdf,6f34d349e08f,2025-10-25T17:32:16.335Z,2025-10-25T17:32:16.335Z,2025-10-25T17:32:16.335Z,1.0,active
98a49e0c-e010-4d27-bb67-f4ec162d69eb,6f34d349e08f,Unilever,2025,,Scope 1,General,Unspecified,2,tonnes CO2e,0.75,high,statement_extraction,2024_Impact_Report-June_20_FINAL.pdf,6f34d349e08f,2025-10-25T17:32:16.335Z,2025-10-25T17:32:16.335Z,2025-10-25T17:32:16.335Z,1.0,active
300306d1-f3e5-4072-9aff-3b958c03ec51,6f34d349e08f,Unilever,2025,,Total,General,Unspecified,21,tonnes CO2e,0.65,medium,statement_extraction,2024_Impact_Report-June_20_FINAL.pdf,6f34d349e08f,2025-10-25T17:32:16.335Z,2025-10-25T17:32:16.335Z,2025-10-25T17:32:16.335Z,1.0,active
314a8fdc-a993-4cec-bdba-331191d8d5c5,6f34d349e08f,Unilever,2025,,Scope 1,Direct Emissions,Direct Operations,1,tonnes CO2e,0.85,high,statement_extraction,2024_Impact_Report-June_20_FINAL.pdf,6f34d349e08f,2025-10-25T17:32:16.335Z,2025-10-25T17:32:16.335Z,2025-10-25T17:32:16.335Z,1.0,active
fb197cf8-ead8-4f6a-b6d3-a4b72e96e7fb,6f34d349e08f,Unilever,2025,,Scope 2,Direct Emissions,Indirect Energy,2,tonnes CO2e,0.85,high,statement_extraction,2024_Impact_Report-June_20_FINAL.pdf,6f34d349e08f,2025-10-25T17:32:16.335Z,2025-10-25T17:32:16.335Z,2025-10-25T17:32:16.335Z,1.0,active
f495cc31-cdbd-4984-aa59-7777ff68a266,6f34d349e08f,Unilever,2025,,Scope 3,Direct Emissions,Value Chain,3,tonnes CO2e,0.85,high,statement_extraction,2024_Impact_Report-June_20_FINAL.pdf,6f34d349e08f,2025-10-25T17:32:16.335Z,2025-10-25T17:32:16.335Z,2025-10-25T17:32:16.335Z,1.0,active
38002f9a-f4fe-40b8-80a9-0b26067fee00,6f34d349e08f,Unilever,2025,,Total,General,Unspecified,4,tonnes CO2e,0.65,medium,statement_extraction,2024_Impact_Report-June_20_FINAL.pdf,6f34d349e08f,2025-10-25T17:32:16.335Z,2025-10-25T17:32:16.335Z,2025-10-25T17:32:16.335Z,1.0,active
f4053232-8cea-4bb7-b600-b159370e212f,6f34d349e08f,Unilever,2025,,Total,General,Unspecified,5,tonnes CO2e,0.65,medium,statement_extraction,2024_Impact_Report-June_20_FINAL.pdf,6f34d349e08f,2025-10-25T17:32:16.335Z,2025-10-25T17:32:16.335Z,2025-10-25T17:32:16.335Z,1.0,active
c5602987-9cd3-46f9-948e-1e90b1a5b5de,6f34d349e08f,Unilever,2025,,Total,General,Unspecified,6,tonnes CO2e,0.65,medium,statement_extraction,2024_Impact_Report-June_20_FINAL.pdf,6f34d349e08f,2025-10-25T17:32:16.335Z,2025-10-25T17:32:16.335Z,2025-10-25T17:32:16.335Z,1.0,active
71757cf7-32ad-4b6f-bccc-9defd4b5c850,6f34d349e08f,Unilever,2024,,Total,Energy,Energy,515540,tonnes CO2e,0.90,high,statement_extraction,2024_Impact_Report-June_20_FINAL.pdf,6f34d349e08f,2025-10-25T17:32:16.335Z,2025-10-25T17:32:16.335Z,2025-10-25T17:32:16.335Z,1.0,active
604fd4c5-7eb4-432b-b9ab-b8326b366339,6f34d349e08f,Unilever,2025,,Total,General,Unspecified,8.5,kg CO2e,0.65,medium,statement_extraction,2024_Impact_Report-June_20_FINAL.pdf,6f34d349e08f,2025-10-25T17:32:16.335Z,2025-10-25T17:32:16.335Z,2025-10-25T17:32:16.335Z,1.0,active
9c38f34b-6189-451e-8146-a0596d565c45,6f34d349e08f,Unilever,2025,,Scope 1,General,Unspecified,3,tonnes CO2e,0.75,high,statement_extraction,2024_Impact_Report-June_20_FINAL.pdf,6f34d349e08f,2025-10-25T17:32:16.335Z,2025-10-25T17:32:16.335Z,2025-10-25T17:32:16.335Z,1.0,active
3fee3ac6-a3cf-451b-9768-8a03a987915d,6f34d349e08f,Unilever,2024,,Total,Waste,Waste,257,tonnes CO2e,0.90,high,statement_extraction,2024_Impact_Report-June_20_FINAL.pdf,6f34d349e08f,2025-10-25T17:32:16.335Z,2025-10-25T17:32:16.335Z,2025-10-25T17:32:16.335Z,1.0,active
0b278bc9-390f-48c5-a60c-40b1162bb486,6f34d349e08f,Unilever,2016,,Total,General,Unspecified,3.4,kg CO2e,0.80,high,statement_extraction,2024_Impact_Report-June_20_FINAL.pdf,6f34d349e08f,2025-10-25T17:32:16.335Z,2025-10-25T17:32:16.335Z,2025-10-25T17:32:16.335Z,1.0,active
b0d17bb8-450e-4cbe-8d97-b13128f258be,6f34d349e08f,Unilever,2016,,Total,General,Unspecified,6.7,kg CO2e,0.80,high,statement_extraction,2024_Impact_Report-June_20_FINAL.pdf,6f34d349e08f,2025-10-25T17:32:16.335Z,2025-10-25T17:32:16.335Z,2025-10-25T17:32:16.335Z,1.0,active
d4a84b00-0215-4a88-bb9c-e8e7fdb3d89e,6f34d349e08f,Unilever,2016,,Total,General,Unspecified,38000,kg CO2e,0.80,high,statement_extraction,2024_Impact_Report-June_20_FINAL.pdf,6f34d349e08f,2025-10-25T17:32:16.335Z,2025-10-25T17:32:16.335Z,2025-10-25T17:32:16.335Z,1.0,active
06fd2175-ed12-4b6d-98cc-2055451c99b7,6f34d349e08f,Unilever,2016,,Total,General,Unspecified,27000,kg CO2e,0.80,high,statement_extraction,2024_Impact_Report-June_20_FINAL.pdf,6f34d349e08f,2025-10-25T17:32:16.335Z,2025-10-25T17:32:16.335Z,2025-10-25T17:32:16.335Z,1.0,active
0de66c00-f7be-44dd-b873-fd57c662f11a,6f34d349e08f,Unilever,2024,,Total,Energy,Energy,4152,tonnes CO2e,0.90,high,statement_extraction,2024_Impact_Report-June_20_FINAL.pdf,6f34d349e08f,2025-10-25T17:32:16.335Z,2025-10-25T17:32:16.335Z,2025-10-25T17:32:16.335Z,1.0,active
ee8b55b0-4eb5-424c-8599-aafbd388154f,6f34d349e08f,Unilever,2019,,Scope 1,General,Unspecified,2,tonnes CO2e,0.90,high,statement_extraction,2024_Impact_Report-June_20_FINAL.pdf,6f34d349e08f,2025-10-25T17:32:16.335Z,2025-10-25T17:32:16.335Z,2025-10-25T17:32:16.335Z,1.0,active
65ba93bb-eca4-45ab-89b9-6251d49caf6c,6f34d349e08f,Unilever,2019,,Scope 1,Transportation,Company Vehicles,50,tonnes CO2e,1.00,high,statement_extraction,2024_Impact_Report-June_20_FINAL.pdf,6f34d349e08f,2025-10-25T17:32:16.335Z,2025-10-25T17:32:16.335Z,2025-10-25T17:32:16.335Z,1.0,active
9f56bac4-560b-4b5b-a99a-95fcc52f8510,6f34d349e08f,Unilever,2019,,Scope 1,Energy,Fossil Fuel Combustion,30,tonnes CO2e,1.00,high,statement_extraction,2024_Impact_Report-June_20_FINAL.pdf,6f34d349e08f,2025-10-25T17:32:16.335Z,2025-10-25T17:32:16.335Z,2025-10-25T17:32:16.335Z,1.0,active
7fe7872b-c208-4351-9068-65f8933690a6,6f34d349e08f,Unilever,2024,,Scope 1,General,Unspecified,2,tonnes CO2e,0.90,high,statement_extraction,2024_Impact_Report-June_20_FINAL.pdf,6f34d349e08f,2025-10-25T17:32:16.335Z,2025-10-25T17:32:16.335Z,2025-10-25T17:32:16.335Z,1.0,active
9b79bab6-0ef0-4b93-a3fd-46bb76823f3e,6f34d349e08f,Unilever,2019,,Scope 2,Transportation,Transportation,50,tonnes CO2e,1.00,high,statement_extraction,2024_Impact_Report-June_20_FINAL.pdf,6f34d349e08f,2025-10-25T17:32:16.335Z,2025-10-25T17:32:16.335Z,2025-10-25T17:32:16.335Z,1.0,active
85d50364-2a6c-434f-9619-671f5140dbfc,6f34d349e08f,Unilever,2019,,Scope 2,Energy,Purchased Electricity,28,tonnes CO2e,1.00,high,statement_extraction,2024_Impact_Report-June_20_FINAL.pdf,6f34d349e08f,2025-10-25T17:32:16.335Z,2025-10-25T17:32:16.335Z,2025-10-25T17:32:16.335Z,1.0,active
17ceff52-293d-4609-aa2a-a9614afcae0f,6f34d349e08f,Unilever,2019,,Scope 3,General,Unspecified,1,tonnes CO2e,0.90,high,statement_extraction,2024_Impact_Report-June_20_FINAL.pdf,6f34d349e08f,2025-10-25T17:32:16.335Z,2025-10-25T17:32:16.335Z,2025-10-25T17:32:16.335Z,1.0,active
f8d729d5-62b5-4e41-848b-3e12f22a1981,6f34d349e08f,Unilever,2019,,Scope 3,Transportation,Business Travel & Logistics,50,tonnes CO2e,1.00,high,statement_extraction,2024_Impact_Report-June_20_FINAL.pdf,6f34d349e08f,2025-10-25T17:32:16.335Z,2025-10-25T17:32:16.335Z,2025-10-25T17:32:16.335Z,1.0,active
7a6d8c61-accc-4dff-b5ab-3395f56f0476,6f34d349e08f,Unilever,2019,,Scope 3,Transportation,Business Travel & Logistics,30,tonnes CO2e,1.00,high,statement_extraction,2024_Impact_Report-June_20_FINAL.pdf,6f34d349e08f,2025-10-25T17:32:16.335Z,2025-10-25T17:32:16.335Z,2025-10-25T17:32:16.335Z,1.0,active
6e858d79-6a2f-4d48-a150-26d1a0b0a38b,6f34d349e08f,Unilever,2019,,Scope 3,Energy,Energy-Related Activities,42,tonnes CO2e,1.00,high,statement_extraction,2024_Impact_Report-June_20_FINAL.pdf,6f34d349e08f,2025-10-25T17:32:16.335Z,2025-10-25T17:32:16.335Z,2025-10-25T17:32:16.335Z,1.0,active
550fd991-bcc1-4c04-a3b0-4fbe9838dec5,6f34d349e08f,Unilever,2019,,Scope 3,Direct Emissions,Value Chain,76,tonnes CO2e,1.00,high,statement_extraction,2024_Impact_Report-June_20_FINAL.pdf,6f34d349e08f,2025-10-25T17:32:16.335Z,2025-10-25T17:32:16.335Z,2025-10-25T17:32:16.335Z,1.0,active
b00ee728-e46c-4d7f-9acd-d1446a0daf77,6f34d349e08f,Unilever,2019,,Scope 3,Direct Emissions,Value Chain,17,tonnes CO2e,1.00,high,statement_extraction,2024_Impact_Report-June_20_FINAL.pdf,6f34d349e08f,2025-10-25T17:32:16.335Z,2025-10-25T17:32:16.335Z,2025-10-25T17:32:16.335Z,1.0,active
681c57be-1138-43c3-a2d0-5a5e51d85bea,6f34d349e08f,Unilever,2024,,Scope 3,General,Unspecified,97,tonnes CO2e,0.90,high,statement_extraction,2024_Impact_Report-June_20_FINAL.pdf,6f34d349e08f,2025-10-25T17:32:16.335Z,2025-10-25T17:32:16.335Z,2025-10-25T17:32:16.335Z,1.0,active
6a1362f0-696b-4ff4-944c-7421e1e84def,77cfd4632a6a,Burg Groep,2025,,Total,General,Unspecified,21,tonnes CO2e,0.65,medium,statement_extraction,30060-Burg-MVO-CSR-verslag-EN-2024-v6.pdf,77cfd4632a6a,2025-10-25T17:32:16.335Z,2025-10-25T17:32:16.335Z,2025-10-25T17:32:16.335Z,1.0,active
1ceb8e86-0e10-4be8-94ab-cfc05c4988af,77cfd4632a6a,Burg Groep,2025,,Total,General,Unspecified,22,tonnes CO2e,0.65,medium,statement_extraction,30060-Burg-MVO-CSR-verslag-EN-2024-v6.pdf,77cfd4632a6a,2025-10-25T17:32:16.335Z,2025-10-25T17:32:16.335Z,2025-10-25T17:32:16.335Z,1.0,active
127b3547-9ecb-4bac-ba13-b862fd29e726,77cfd4632a6a,Burg Groep,2025,,Total,General,Unspecified,50,tonnes CO2e,0.65,medium,statement_extraction,30060-Burg-MVO-CSR-verslag-EN-2024-v6.pdf,77cfd4632a6a,2025-10-25T17:32:16.335Z,2025-10-25T17:32:16.335Z,2025-10-25T17:32:16.335Z,1.0,active
3bc02674-f22a-440a-b31a-5bb167417516,77cfd4632a6a,Burg Groep,2025,,Scope 1,General,Unspecified,2,tonnes CO2e,0.75,high,statement_extraction,30060-Burg-MVO-CSR-verslag-EN-2024-v6.pdf,77cfd4632a6a,2025-10-25T17:32:16.335Z,2025-10-25T17:32:16.335Z,2025-10-25T17:32:16.335Z,1.0,active
cbd67426-6474-4c1f-8d81-c86be97b343b,77cfd4632a6a,Burg Groep,2025,,Scope 3,General,Unspecified,94.419,tonnes CO2e,0.75,high,statement_extraction,30060-Burg-MVO-CSR-verslag-EN-2024-v6.pdf,77cfd4632a6a,2025-10-25T17:32:16.335Z,2025-10-25T17:32:16.335Z,2025-10-25T17:32:16.335Z,1.0,active
868b45c8-bcf9-4466-88f4-4a2b2505c160,77cfd4632a6a,Burg Groep,2024,,Scope 3,General,Unspecified,3,tonnes CO2e,0.90,high,statement_extraction,30060-Burg-MVO-CSR-verslag-EN-2024-v6.pdf,77cfd4632a6a,2025-10-25T17:32:16.335Z,2025-10-25T17:32:16.335Z,2025-10-25T17:32:16.335Z,1.0,active
82a29d02-1048-4bf3-809e-8e4f971ed185,77cfd4632a6a,Burg Groep,2016,,Scope 1,General,Unspecified,2,tonnes CO2e,0.90,high,statement_extraction,30060-Burg-MVO-CSR-verslag-EN-2024-v6.pdf,77cfd4632a6a,2025-10-25T17:32:16.335Z,2025-10-25T17:32:16.335Z,2025-10-25T17:32:16.335Z,1.0,active
7ea7548d-dbf8-4c70-86d5-fcee5db1ebf5,77cfd4632a6a,Burg Groep,2025,,Scope 1,General,Unspecified,3,tonnes CO2e,0.90,high,statement_extraction,30060-Burg-MVO-CSR-verslag-EN-2024-v6.pdf,77cfd4632a6a,2025-10-25T17:32:16.335Z,2025-10-25T17:32:16.335Z,2025-10-25T17:32:16.335Z,1.0,active
18f884c4-0025-437f-b344-79b774da6038,77cfd4632a6a,Burg Groep,2025,,Scope 1,General,Unspecified,3,tonnes CO2e,0.75,high,statement_extraction,30060-Burg-MVO-CSR-verslag-EN-2024-v6.pdf,77cfd4632a6a,2025-10-25T17:32:16.335Z,2025-10-25T17:32:16.335Z,2025-10-25T17:32:16.335Z,1.0,active
78bbc5a0-4520-49b5-841c-4ff2b636f68b,77cfd4632a6a,Burg Groep,2025,,Scope 1,General,Unspecified,20252030,tonnes CO2e,0.75,high,statement_extraction,30060-Burg-MVO-CSR-verslag-EN-2024-v6.pdf,77cfd4632a6a,2025-10-25T17:32:16.335Z,2025-10-25T17:32:16.335Z,2025-10-25T17:32:16.335Z,1.0,active
49d0b5b5-b0df-48d3-bd87-20a61c91bd43,77cfd4632a6a,Burg Groep,2025,,Scope 1,General,Unspecified,99,tonnes CO2e,0.75,high,statement_extraction,30060-Burg-MVO-CSR-verslag-EN-2024-v6.pdf,77cfd4632a6a,2025-10-25T17:32:16.335Z,2025-10-25T17:32:16.335Z,2025-10-25T17:32:16.335Z,1.0,active
b0c3cd9f-e375-4ecf-8666-294d9df8a5c9,77cfd4632a6a,Burg Groep,2025,,Scope 3,General,Unspecified,3,tonnes CO2e,0.90,high,statement_extraction,30060-Burg-MVO-CSR-verslag-EN-2024-v6.pdf,77cfd4632a6a,2025-10-25T17:32:16.335Z,2025-10-25T17:32:16.335Z,2025-10-25T17:32:16.335Z,1.0,active
ce2e6066-b2be-49cf-bfb7-63bb189e7b6d,77cfd4632a6a,Burg Groep,2025,,Total,General,Unspecified,3,tonnes CO2e,0.65,medium,statement_extraction,30060-Burg-MVO-CSR-verslag-EN-2024-v6.pdf,77cfd4632a6a,2025-10-25T17:32:16.335Z,2025-10-25T17:32:16.335Z,2025-10-25T17:32:16.335Z,1.0,active
94b40e21-4efe-43a6-ae20-7082aa12e429,77cfd4632a6a,Burg Groep,2025,,Scope 1,General,Unspecified,4,tonnes CO2e,0.75,high,statement_extraction,30060-Burg-MVO-CSR-verslag-EN-2024-v6.pdf,77cfd4632a6a,2025-10-25T17:32:16.335Z,2025-10-25T17:32:16.335Z,2025-10-25T17:32:16.335Z,1.0,active
b5867e11-1ec8-4b1a-8810-408549f68889,77cfd4632a6a,Burg Groep,2025,,Scope 2,General,Unspecified,51,tonnes CO2e,0.75,high,statement_extraction,30060-Burg-MVO-CSR-verslag-EN-2024-v6.pdf,77cfd4632a6a,2025-10-25T17:32:16.335Z,2025-10-25T17:32:16.335Z,2025-10-25T17:32:16.335Z,1.0,active
34b54a4b-4822-496d-b1d6-0d679067351f,77cfd4632a6a,Burg Groep,2025,,Scope 2,General,Unspecified,47,tonnes CO2e,0.75,high,statement_extraction,30060-Burg-MVO-CSR-verslag-EN-2024-v6.pdf,77cfd4632a6a,2025-10-25T17:32:16.335Z,2025-10-25T17:32:16.335Z,2025-10-25T17:32:16.335Z,1.0,active
dd88462e-959b-4c0b-a3c0-d98e89d6bf0b,77cfd4632a6a,Burg Groep,2025,,Scope 1,Energy,Fossil Fuel Combustion,558,tonnes CO2e,0.85,high,statement_extraction,30060-Burg-MVO-CSR-verslag-EN-2024-v6.pdf,77cfd4632a6a,2025-10-25T17:32:16.335Z,2025-10-25T17:32:16.335Z,2025-10-25T17:32:16.335Z,1.0,active
975bde72-2cff-459f-8d22-9f8726545906,77cfd4632a6a,Burg Groep,2025,,Total,General,Unspecified,2,tonnes CO2e,0.65,medium,statement_extraction,30060-Burg-MVO-CSR-verslag-EN-2024-v6.pdf,77cfd4632a6a,2025-10-25T17:32:16.335Z,2025-10-25T17:32:16.335Z,2025-10-25T17:32:16.335Z,1.0,active
5946cb52-1211-4ffd-afde-d123070ccc24,77cfd4632a6a,Burg Groep,2025,,Total,General,Unspecified,1,tonnes CO2e,0.65,medium,statement_extraction,30060-Burg-MVO-CSR-verslag-EN-2024-v6.pdf,77cfd4632a6a,2025-10-25T17:32:16.335Z,2025-10-25T17:32:16.335Z,2025-10-25T17:32:16.335Z,1.0,active
70cba33c-ee38-4f12-bf90-07c32cd0250a,77cfd4632a6a,Burg Groep,2025,,Total,General,Unspecified,100,tonnes CO2e,0.65,medium,statement_extraction,30060-Burg-MVO-CSR-verslag-EN-2024-v6.pdf,77cfd4632a6a,2025-10-25T17:32:16.335Z,2025-10-25T17:32:16.335Z,2025-10-25T17:32:16.335Z,1.0,active
d2565936-19c6-4a3d-bcdb-274847bf4d95,77cfd4632a6a,Burg Groep,2025,,Scope 3,Purchased Goods,Supply Chain Emissions,94.419,tonnes CO2e,0.85,high,statement_extraction,30060-Burg-MVO-CSR-verslag-EN-2024-v6.pdf,77cfd4632a6a,2025-10-25T17:32:16.335Z,2025-10-25T17:32:16.335Z,2025-10-25T17:32:16.335Z,1.0,active
f0f89f33-b2c6-419d-b22d-fbfe7ab1563c,77cfd4632a6a,Burg Groep,2025,,Total,General,Unspecified,1.029,tonnes CO2e,0.65,medium,statement_extraction,30060-Burg-MVO-CSR-verslag-EN-2024-v6.pdf,77cfd4632a6a,2025-10-25T17:32:16.335Z,2025-10-25T17:32:16.335Z,2025-10-25T17:32:16.335Z,1.0,active
dd476d21-bd57-4d2a-b40d-51c8acad94f8,77cfd4632a6a,Burg Groep,2024,,Scope 3,General,Unspecified,94.419,tonnes CO2e,0.90,high,statement_extraction,30060-Burg-MVO-CSR-verslag-EN-2024-v6.pdf,77cfd4632a6a,2025-10-25T17:32:16.335Z,2025-10-25T17:32:16.335Z,2025-10-25T17:32:16.335Z,1.0,active
4188b3dd-f691-4e03-a505-73295752410e,77cfd4632a6a,Burg Groep,2020,,Scope 1,Waste,Waste,94.419,tonnes CO2e,1.00,high,statement_extraction,30060-Burg-MVO-CSR-verslag-EN-2024-v6.pdf,77cfd4632a6a,2025-10-25T17:32:16.335Z,2025-10-25T17:32:16.335Z,2025-10-25T17:32:16.335Z,1.0,active
3d577345-dd70-4513-91e3-92a8081ddd20,77cfd4632a6a,Burg Groep,2021,,Scope 1,General,Unspecified,1.2071,tonnes CO2e,0.90,high,statement_extraction,30060-Burg-MVO-CSR-verslag-EN-2024-v6.pdf,77cfd4632a6a,2025-10-25T17:32:16.335Z,2025-10-25T17:32:16.335Z,2025-10-25T17:32:16.335Z,1.0,active
4f4c1373-32c4-4a20-8b36-2244b9f6e658,77cfd4632a6a,Burg Groep,2021,,Scope 2,Direct Emissions,Indirect Energy,7.3913,tonnes CO2e,1.00,high,statement_extraction,30060-Burg-MVO-CSR-verslag-EN-2024-v6.pdf,77cfd4632a6a,2025-10-25T17:32:16.335Z,2025-10-25T17:32:16.335Z,2025-10-25T17:32:16.335Z,1.0,active
64b72756-e751-4353-be61-9071e53c2eac,77cfd4632a6a,Burg Groep,2025,,Scope 2,Direct Emissions,Indirect Energy,14841928,tonnes CO2e,0.85,high,statement_extraction,30060-Burg-MVO-CSR-verslag-EN-2024-v6.pdf,77cfd4632a6a,2025-10-25T17:32:16.335Z,2025-10-25T17:32:16.335Z,2025-10-25T17:32:16.335Z,1.0,active
c0fe5eec-936b-4073-9061-c0eed271b352,77cfd4632a6a,Burg Groep,2025,,Scope 2,Energy,Purchased Electricity,558,tonnes CO2e,0.85,high,statement_extraction,30060-Burg-MVO-CSR-verslag-EN-2024-v6.pdf,77cfd4632a6a,2025-10-25T17:32:16.335Z,2025-10-25T17:32:16.335Z,2025-10-25T17:32:16.335Z,1.0,active
188a03a4-55c2-4ff3-b507-ed725bd6b25c,77cfd4632a6a,Burg Groep,2024,,Scope 3,Transportation,Business Travel & Logistics,94.419,tonnes CO2e,1.00,high,statement_extraction,30060-Burg-MVO-CSR-verslag-EN-2024-v6.pdf,77cfd4632a6a,2025-10-25T17:32:16.335Z,2025-10-25T17:32:16.335Z,2025-10-25T17:32:16.335Z,1.0,active
19917456-2904-451d-abb1-360348f26f46,77cfd4632a6a,Burg Groep,2020,,Scope 3,Waste,Waste Disposal & Treatment,2024,tonnes CO2e,1.00,high,statement_extraction,30060-Burg-MVO-CSR-verslag-EN-2024-v6.pdf,77cfd4632a6a,2025-10-25T17:32:16.335Z,2025-10-25T17:32:16.335Z,2025-10-25T17:32:16.335Z,1.0,active
d7c67690-7bae-4438-9e09-6fd37f8a5f75,77cfd4632a6a,Burg Groep,2025,,Scope 3,General,Unspecified,2024,tonnes CO2e,0.90,high,statement_extraction,30060-Burg-MVO-CSR-verslag-EN-2024-v6.pdf,77cfd4632a6a,2025-10-25T17:32:16.335Z,2025-10-25T17:32:16.335Z,2025-10-25T17:32:16.335Z,1.0,active
d4e83188-35f4-4079-832a-a440b2277337,77cfd4632a6a,Burg Groep,2025,,Scope 3,General,Unspecified,2025,tonnes CO2e,0.90,high,statement_extraction,30060-Burg-MVO-CSR-verslag-EN-2024-v6.pdf,77cfd4632a6a,2025-10-25T17:32:16.335Z,2025-10-25T17:32:16.335Z,2025-10-25T17:32:16.335Z,1.0,active
fef2f0ca-e726-487d-b25a-ed8a638b6490,77cfd4632a6a,Burg Groep,2025,,Scope 3,General,Unspecified,20252030,tonnes CO2e,0.90,high,statement_extraction,30060-Burg-MVO-CSR-verslag-EN-2024-v6.pdf,77cfd4632a6a,2025-10-25T17:32:16.335Z,2025-10-25T17:32:16.335Z,2025-10-25T17:32:16.335Z,1.0,active
6369db5b-a385-4baf-a3b6-4b0ac4d2f8d1,77cfd4632a6a,Burg Groep,2025,,Scope 3,Purchased Goods,Supply Chain Emissions,99,tonnes CO2e,0.85,high,statement_extraction,30060-Burg-MVO-CSR-verslag-EN-2024-v6.pdf,77cfd4632a6a,2025-10-25T17:32:16.335Z,2025-10-25T17:32:16.335Z,2025-10-25T17:32:16.335Z,1.0,active
38c02612-94c8-4e03-a72b-007f60134bbe,52b90a120f57,ABN AMRO Bank,2023,,Total,General,Unspecified,23108,tonnes CO2e,0.80,high,statement_extraction,ABN_AMRO___Integrated_Annual_Report_2024.pdf,52b90a120f57,2025-10-25T17:32:16.335Z,2025-10-25T17:32:16.335Z,2025-10-25T17:32:16.335Z,1.0,active
733f9f84-02fd-47db-b87c-8045a27d1374,52b90a120f57,ABN AMRO Bank,2024,,Total,General,Unspecified,23299,tonnes CO2e,0.80,high,statement_extraction,ABN_AMRO___Integrated_Annual_Report_2024.pdf,52b90a120f57,2025-10-25T17:32:16.335Z,2025-10-25T17:32:16.335Z,2025-10-25T17:32:16.335Z,1.0,active
023696de-895f-41f6-8198-5ec96c8d9ef8,52b90a120f57,ABN AMRO Bank,2025,,Scope 1,General,Unspecified,1.5,tonnes CO2e,0.75,high,statement_extraction,ABN_AMRO___Integrated_Annual_Report_2024.pdf,52b90a120f57,2025-10-25T17:32:16.335Z,2025-10-25T17:32:16.335Z,2025-10-25T17:32:16.335Z,1.0,active
d35370af-27ff-4888-bd21-f695a768924c,52b90a120f57,ABN AMRO Bank,2025,,Scope 2,General,Unspecified,0.8,tonnes CO2e,0.75,high,statement_extraction,ABN_AMRO___Integrated_Annual_Report_2024.pdf,52b90a120f57,2025-10-25T17:32:16.335Z,2025-10-25T17:32:16.335Z,2025-10-25T17:32:16.335Z,1.0,active
ed58831a-4035-44d0-a6a3-a5452527175c,52b90a120f57,ABN AMRO Bank,2025,,Scope 3,General,Unspecified,30.9,tonnes CO2e,0.75,high,statement_extraction,ABN_AMRO___Integrated_Annual_Report_2024.pdf,52b90a120f57,2025-10-25T17:32:16.335Z,2025-10-25T17:32:16.335Z,2025-10-25T17:32:16.335Z,1.0,active
37fde64a-ce1f-47b3-97ba-ab3b70d4ad87,52b90a120f57,ABN AMRO Bank,2024,,Total,General,Unspecified,80,tonnes CO2e,0.80,high,statement_extraction,ABN_AMRO___Integrated_Annual_Report_2024.pdf,52b90a120f57,2025-10-25T17:32:16.335Z,2025-10-25T17:32:16.335Z,2025-10-25T17:32:16.335Z,1.0,active
550f22d3-5bd4-409b-9013-25e37fc74d64,52b90a120f57,ABN AMRO Bank,2024,,Total,General,Unspecified,1.35,tonnes CO2e,0.80,high,statement_extraction,ABN_AMRO___Integrated_Annual_Report_2024.pdf,52b90a120f57,2025-10-25T17:32:16.335Z,2025-10-25T17:32:16.335Z,2025-10-25T17:32:16.335Z,1.0,active
8281de17-64f9-48c5-872b-e192d0d353b7,52b90a120f57,ABN AMRO Bank,2025,,Total,General,Unspecified,51,tonnes CO2e,0.65,medium,statement_extraction,ABN_AMRO___Integrated_Annual_Report_2024.pdf,52b90a120f57,2025-10-25T17:32:16.335Z,2025-10-25T17:32:16.335Z,2025-10-25T17:32:16.335Z,1.0,active
174161d9-8bae-401f-aacf-afb14a05e53e,52b90a120f57,ABN AMRO Bank,2024,,Total,General,Unspecified,31,tonnes CO2e,0.80,high,statement_extraction,ABN_AMRO___Integrated_Annual_Report_2024.pdf,52b90a120f57,2025-10-25T17:32:16.335Z,2025-10-25T17:32:16.335Z,2025-10-25T17:32:16.335Z,1.0,active
89132191-7121-457f-a51b-976966fb311a,52b90a120f57,ABN AMRO Bank,2025,,Total,General,Unspecified,36.3,tonnes CO2e,0.65,medium,statement_extraction,ABN_AMRO___Integrated_Annual_Report_2024.pdf,52b90a120f57,2025-10-25T17:32:16.335Z,2025-10-25T17:32:16.335Z,2025-10-25T17:32:16.335Z,1.0,active
d8b90d2c-d6e5-423e-8d19-af363829716f,52b90a120f57,ABN AMRO Bank,2025,,Total,General,Unspecified,36.1,tonnes CO2e,0.65,medium,statement_extraction,ABN_AMRO___Integrated_Annual_Report_2024.pdf,52b90a120f57,2025-10-25T17:32:16.335Z,2025-10-25T17:32:16.335Z,2025-10-25T17:32:16.335Z,1.0,active
f55b9e8b-c3fc-418e-9c58-9c2b15cfa9c4,52b90a120f57,ABN AMRO Bank,2025,,Total,General,Unspecified,14.5,tonnes CO2e,0.65,medium,statement_extraction,ABN_AMRO___Integrated_Annual_Report_2024.pdf,52b90a120f57,2025-10-25T17:32:16.335Z,2025-10-25T17:32:16.335Z,2025-10-25T17:32:16.335Z,1.0,active
5a50c646-e788-4e2e-833a-455c9bf55288,52b90a120f57,ABN AMRO Bank,2025,,Total,General,Unspecified,31.7,tonnes CO2e,0.65,medium,statement_extraction,ABN_AMRO___Integrated_Annual_Report_2024.pdf,52b90a120f57,2025-10-25T17:32:16.335Z,2025-10-25T17:32:16.335Z,2025-10-25T17:32:16.335Z,1.0,active
8fa309e1-45c7-4a72-8ccf-f87635c8546a,52b90a120f57,ABN AMRO Bank,2025,,Total,General,Unspecified,0.9,tonnes CO2e,0.65,medium,statement_extraction,ABN_AMRO___Integrated_Annual_Report_2024.pdf,52b90a120f57,2025-10-25T17:32:16.335Z,2025-10-25T17:32:16.335Z,2025-10-25T17:32:16.335Z,1.0,active
24bfb7e1-0983-4fe2-bc77-489667fd75ba,52b90a120f57,ABN AMRO Bank,2025,,Total,General,Unspecified,3,tonnes CO2e,0.65,medium,statement_extraction,ABN_AMRO___Integrated_Annual_Report_2024.pdf,52b90a120f57,2025-10-25T17:32:16.335Z,2025-10-25T17:32:16.335Z,2025-10-25T17:32:16.335Z,1.0,active
9eba6e28-3824-4375-88ec-73dcbe9ec9a5,52b90a120f57,ABN AMRO Bank,2023,,Total,General,Unspecified,31,tonnes CO2e,0.80,high,statement_extraction,ABN_AMRO___Integrated_Annual_Report_2024.pdf,52b90a120f57,2025-10-25T17:32:16.335Z,2025-10-25T17:32:16.335Z,2025-10-25T17:32:16.335Z,1.0,active
a99d36f9-88ad-4759-8ead-6313cb5d40a9,52b90a120f57,ABN AMRO Bank,2025,,Total,General,Unspecified,181.9,tonnes CO2e,0.65,medium,statement_extraction,ABN_AMRO___Integrated_Annual_Report_2024.pdf,52b90a120f57,2025-10-25T17:32:16.335Z,2025-10-25T17:32:16.335Z,2025-10-25T17:32:16.335Z,1.0,active
1be76c41-0a6c-4204-b0ce-37fdbb2a6361,52b90a120f57,ABN AMRO Bank,2023,,Total,General,Unspecified,6,tonnes CO2e,0.80,high,statement_extraction,ABN_AMRO___Integrated_Annual_Report_2024.pdf,52b90a120f57,2025-10-25T17:32:16.335Z,2025-10-25T17:32:16.335Z,2025-10-25T17:32:16.335Z,1.0,active
adb713b9-5097-434a-aeb2-6e2d3e2a30b6,52b90a120f57,ABN AMRO Bank,2024,,Total,General,Unspecified,2.4,tonnes CO2e,0.80,high,statement_extraction,ABN_AMRO___Integrated_Annual_Report_2024.pdf,52b90a120f57,2025-10-25T17:32:16.335Z,2025-10-25T17:32:16.335Z,2025-10-25T17:32:16.335Z,1.0,active
3c7502f0-09f6-4bf7-a737-86d02aa60530,52b90a120f57,ABN AMRO Bank,2025,,Total,General,Unspecified,13,tonnes CO2e,0.65,medium,statement_extraction,ABN_AMRO___Integrated_Annual_Report_2024.pdf,52b90a120f57,2025-10-25T17:32:16.335Z,2025-10-25T17:32:16.335Z,2025-10-25T17:32:16.335Z,1.0,active
fafcd815-20ec-41b0-95d5-d0ee7d7e0a64,52b90a120f57,ABN AMRO Bank,2023,,Total,General,Unspecified,21.3,tonnes CO2e,0.80,high,statement_extraction,ABN_AMRO___Integrated_Annual_Report_2024.pdf,52b90a120f57,2025-10-25T17:32:16.335Z,2025-10-25T17:32:16.335Z,2025-10-25T17:32:16.335Z,1.0,active
b725b774-b5a4-4bd3-a84d-618a94aaf189,52b90a120f57,ABN AMRO Bank,2025,,Total,General,Unspecified,18.7,tonnes CO2e,0.65,medium,statement_extraction,ABN_AMRO___Integrated_Annual_Report_2024.pdf,52b90a120f57,2025-10-25T17:32:16.335Z,2025-10-25T17:32:16.335Z,2025-10-25T17:32:16.335Z,1.0,active
48601f86-8b3f-4bb7-93d5-7cf740499104,52b90a120f57,ABN AMRO Bank,2025,,Total,General,Unspecified,20,tonnes CO2e,0.65,medium,statement_extraction,ABN_AMRO___Integrated_Annual_Report_2024.pdf,52b90a120f57,2025-10-25T17:32:16.335Z,2025-10-25T17:32:16.335Z,2025-10-25T17:32:16.335Z,1.0,active
7e1c6389-9a7b-4674-88be-e5ccd2947b75,52b90a120f57,ABN AMRO Bank,2025,,Total,General,Unspecified,1,tonnes CO2e,0.65,medium,statement_extraction,ABN_AMRO___Integrated_Annual_Report_2024.pdf,52b90a120f57,2025-10-25T17:32:16.335Z,2025-10-25T17:32:16.335Z,2025-10-25T17:32:16.335Z,1.0,active
d2c0dfae-2d5b-4bf2-8c06-de7608ef61a2,52b90a120f57,ABN AMRO Bank,2023,,Total,General,Unspecified,9,tonnes CO2e,0.80,high,statement_extraction,ABN_AMRO___Integrated_Annual_Report_2024.pdf,52b90a120f57,2025-10-25T17:32:16.335Z,2025-10-25T17:32:16.335Z,2025-10-25T17:32:16.335Z,1.0,active
ba2ee969-5ddf-4c20-885c-366fc6494226,52b90a120f57,ABN AMRO Bank,2023,,Total,General,Unspecified,1,tonnes CO2e,0.80,high,statement_extraction,ABN_AMRO___Integrated_Annual_Report_2024.pdf,52b90a120f57,2025-10-25T17:32:16.335Z,2025-10-25T17:32:16.335Z,2025-10-25T17:32:16.335Z,1.0,active
a554fad8-a37f-47e6-903c-cb09ac151ec5,52b90a120f57,ABN AMRO Bank,2024,,Total,General,Unspecified,1,tonnes CO2e,0.80,high,statement_extraction,ABN_AMRO___Integrated_Annual_Report_2024.pdf,52b90a120f57,2025-10-25T17:32:16.335Z,2025-10-25T17:32:16.335Z,2025-10-25T17:32:16.335Z,1.0,active
77391571-9a13-482e-8535-2398d4d1a4f1,52b90a120f57,ABN AMRO Bank,2025,,Total,General,Unspecified,389,tonnes CO2e,0.65,medium,statement_extraction,ABN_AMRO___Integrated_Annual_Report_2024.pdf,52b90a120f57,2025-10-25T17:32:16.335Z,2025-10-25T17:32:16.335Z,2025-10-25T17:32:16.335Z,1.0,active
ecd0f7d6-40eb-4dbf-a6e1-39b0e99ca753,52b90a120f57,ABN AMRO Bank,2025,,Total,General,Unspecified,100,tonnes CO2e,0.65,medium,statement_extraction,ABN_AMRO___Integrated_Annual_Report_2024.pdf,52b90a120f57,2025-10-25T17:32:16.335Z,2025-10-25T17:32:16.335Z,2025-10-25T17:32:16.335Z,1.0,active
ac2bde15-7f70-4e32-9bce-2118bb1acd2c,52b90a120f57,ABN AMRO Bank,2025,,Total,General,Unspecified,683,tonnes CO2e,0.65,medium,statement_extraction,ABN_AMRO___Integrated_Annual_Report_2024.pdf,52b90a120f57,2025-10-25T17:32:16.335Z,2025-10-25T17:32:16.335Z,2025-10-25T17:32:16.335Z,1.0,active
61a44a3e-a56f-41a3-8793-d37d33689d56,52b90a120f57,ABN AMRO Bank,2025,,Total,General,Unspecified,61,tonnes CO2e,0.65,medium,statement_extraction,ABN_AMRO___Integrated_Annual_Report_2024.pdf,52b90a120f57,2025-10-25T17:32:16.335Z,2025-10-25T17:32:16.335Z,2025-10-25T17:32:16.335Z,1.0,active
95b0b605-462e-4800-ac13-668d58bce913,52b90a120f57,ABN AMRO Bank,2025,,Scope 1,General,Unspecified,227.6,tonnes CO2e,0.75,high,statement_extraction,ABN_AMRO___Integrated_Annual_Report_2024.pdf,52b90a120f57,2025-10-25T17:32:16.335Z,2025-10-25T17:32:16.335Z,2025-10-25T17:32:16.335Z,1.0,active
2788e1ae-dee1-4415-a840-95e364d05be3,52b90a120f57,ABN AMRO Bank,2025,,Total,General,Unspecified,4,tonnes CO2e,0.65,medium,statement_extraction,ABN_AMRO___Integrated_Annual_Report_2024.pdf,52b90a120f57,2025-10-25T17:32:16.335Z,2025-10-25T17:32:16.335Z,2025-10-25T17:32:16.335Z,1.0,active
633f3906-e537-455a-92f5-22851894bfd5,52b90a120f57,ABN AMRO Bank,2025,,Scope 1,General,Unspecified,271,tonnes CO2e,0.75,high,statement_extraction,ABN_AMRO___Integrated_Annual_Report_2024.pdf,52b90a120f57,2025-10-25T17:32:16.335Z,2025-10-25T17:32:16.335Z,2025-10-25T17:32:16.335Z,1.0,active
0d75cec7-e8d4-4101-ac98-e7e719bb0668,52b90a120f57,ABN AMRO Bank,2025,,Total,General,Unspecified,303,tonnes CO2e,0.65,medium,statement_extraction,ABN_AMRO___Integrated_Annual_Report_2024.pdf,52b90a120f57,2025-10-25T17:32:16.335Z,2025-10-25T17:32:16.335Z,2025-10-25T17:32:16.335Z,1.0,active
292b5dc6-4a59-4330-9bbf-f3b16334296a,52b90a120f57,ABN AMRO Bank,2025,,Scope 1,General,Unspecified,2,tonnes CO2e,0.75,high,statement_extraction,ABN_AMRO___Integrated_Annual_Report_2024.pdf,52b90a120f57,2025-10-25T17:32:16.335Z,2025-10-25T17:32:16.335Z,2025-10-25T17:32:16.335Z,1.0,active
f5678760-4720-4c53-9d7b-81860dfe0e01,52b90a120f57,ABN AMRO Bank,2025,,Scope 1,General,Unspecified,212.3,tonnes CO2e,0.75,high,statement_extraction,ABN_AMRO___Integrated_Annual_Report_2024.pdf,52b90a120f57,2025-10-25T17:32:16.335Z,2025-10-25T17:32:16.335Z,2025-10-25T17:32:16.335Z,1.0,active
fec2e1c9-f398-495b-9e1d-da6d12a7c052,52b90a120f57,ABN AMRO Bank,2025,,Total,General,Unspecified,235,tonnes CO2e,0.65,medium,statement_extraction,ABN_AMRO___Integrated_Annual_Report_2024.pdf,52b90a120f57,2025-10-25T17:32:16.335Z,2025-10-25T17:32:16.335Z,2025-10-25T17:32:16.335Z,1.0,active
d373686b-39d9-43a6-a331-2357993d677d,52b90a120f57,ABN AMRO Bank,2025,,Scope 1,General,Unspecified,22,tonnes CO2e,0.75,high,statement_extraction,ABN_AMRO___Integrated_Annual_Report_2024.pdf,52b90a120f57,2025-10-25T17:32:16.335Z,2025-10-25T17:32:16.335Z,2025-10-25T17:32:16.335Z,1.0,active
76a7ba28-ecdc-4296-8474-a5c4dc9cd0b1,52b90a120f57,ABN AMRO Bank,2025,,Total,General,Unspecified,346,tonnes CO2e,0.65,medium,statement_extraction,ABN_AMRO___Integrated_Annual_Report_2024.pdf,52b90a120f57,2025-10-25T17:32:16.335Z,2025-10-25T17:32:16.335Z,2025-10-25T17:32:16.335Z,1.0,active
5599348f-9615-43a8-ae77-c18da68549d2,52b90a120f57,ABN AMRO Bank,2025,,Total,General,Unspecified,108,tonnes CO2e,0.65,medium,statement_extraction,ABN_AMRO___Integrated_Annual_Report_2024.pdf,52b90a120f57,2025-10-25T17:32:16.335Z,2025-10-25T17:32:16.335Z,2025-10-25T17:32:16.335Z,1.0,active
dd8c669c-493b-4098-bf75-f1941ba4debf,52b90a120f57,ABN AMRO Bank,2025,,Total,General,Unspecified,441,tonnes CO2e,0.65,medium,statement_extraction,ABN_AMRO___Integrated_Annual_Report_2024.pdf,52b90a120f57,2025-10-25T17:32:16.335Z,2025-10-25T17:32:16.335Z,2025-10-25T17:32:16.335Z,1.0,active
f0b4fd27-8437-49b2-8306-e7650a2706d6,52b90a120f57,ABN AMRO Bank,2025,,Scope 1,General,Unspecified,297.6,tonnes CO2e,0.75,high,statement_extraction,ABN_AMRO___Integrated_Annual_Report_2024.pdf,52b90a120f57,2025-10-25T17:32:16.335Z,2025-10-25T17:32:16.335Z,2025-10-25T17:32:16.335Z,1.0,active
3cc15bb3-ea96-4a94-ae13-3505af0e8826,52b90a120f57,ABN AMRO Bank,2023,,Total,General,Unspecified,2,tonnes CO2e,0.80,high,statement_extraction,ABN_AMRO___Integrated_Annual_Report_2024.pdf,52b90a120f57,2025-10-25T17:32:16.335Z,2025-10-25T17:32:16.335Z,2025-10-25T17:32:16.335Z,1.0,active
52496f68-bb0f-44f1-be64-516f0dfa2ee7,52b90a120f57,ABN AMRO Bank,2025,,Total,General,Unspecified,27,tonnes CO2e,0.65,medium,statement_extraction,ABN_AMRO___Integrated_Annual_Report_2024.pdf,52b90a120f57,2025-10-25T17:32:16.335Z,2025-10-25T17:32:16.335Z,2025-10-25T17:32:16.335Z,1.0,active
781dfe1e-a0b9-4aff-b8b1-55de69625ff2,52b90a120f57,ABN AMRO Bank,2025,,Scope 1,General,Unspecified,3,tonnes CO2e,0.75,high,statement_extraction,ABN_AMRO___Integrated_Annual_Report_2024.pdf,52b90a120f57,2025-10-25T17:32:16.335Z,2025-10-25T17:32:16.335Z,2025-10-25T17:32:16.335Z,1.0,active
48a06e54-2793-4b7e-ae0f-6802fa2bb231,52b90a120f57,ABN AMRO Bank,2025,,Scope 2,General,Unspecified,3,tonnes CO2e,0.75,high,statement_extraction,ABN_AMRO___Integrated_Annual_Report_2024.pdf,52b90a120f57,2025-10-25T17:32:16.335Z,2025-10-25T17:32:16.335Z,2025-10-25T17:32:16.335Z,1.0,active
9cb55b6c-8710-4c4c-85af-267626125210,52b90a120f57,ABN AMRO Bank,2025,,Scope 1,General,Unspecified,7,tonnes CO2e,0.75,high,statement_extraction,ABN_AMRO___Integrated_Annual_Report_2024.pdf,52b90a120f57,2025-10-25T17:32:16.335Z,2025-10-25T17:32:16.335Z,2025-10-25T17:32:16.335Z,1.0,active
da966d2c-2f94-4777-bf07-c95ce011045d,52b90a120f57,ABN AMRO Bank,2025,,Scope 1,General,Unspecified,14591729,tonnes CO2e,0.75,high,statement_extraction,ABN_AMRO___Integrated_Annual_Report_2024.pdf,52b90a120f57,2025-10-25T17:32:16.335Z,2025-10-25T17:32:16.335Z,2025-10-25T17:32:16.335Z,1.0,active
b3cc8e7f-72be-40ca-8dec-fa5a175b4e13,52b90a120f57,ABN AMRO Bank,2025,,Scope 3,General,Unspecified,7,tonnes CO2e,0.75,high,statement_extraction,ABN_AMRO___Integrated_Annual_Report_2024.pdf,52b90a120f57,2025-10-25T17:32:16.335Z,2025-10-25T17:32:16.335Z,2025-10-25T17:32:16.335Z,1.0,active
75cbd769-049b-4137-aac4-824cb87e032f,52b90a120f57,ABN AMRO Bank,2025,,Scope 3,General,Unspecified,3,tonnes CO2e,0.75,high,statement_extraction,ABN_AMRO___Integrated_Annual_Report_2024.pdf,52b90a120f57,2025-10-25T17:32:16.335Z,2025-10-25T17:32:16.335Z,2025-10-25T17:32:16.335Z,1.0,active
42f69c82-4391-4b7c-81b5-1800436e5d2c,52b90a120f57,ABN AMRO Bank,2025,,Scope 1,General,Unspecified,854911,tonnes CO2e,0.75,high,statement_extraction,ABN_AMRO___Integrated_Annual_Report_2024.pdf,52b90a120f57,2025-10-25T17:32:16.335Z,2025-10-25T17:32:16.335Z,2025-10-25T17:32:16.335Z,1.0,active
43d80181-2710-466b-8cb4-0258c20dcb4a,52b90a120f57,ABN AMRO Bank,2024,,Scope 2,Energy,Purchased Electricity,2,tonnes CO2e,1.00,high,statement_extraction,ABN_AMRO___Integrated_Annual_Report_2024.pdf,52b90a120f57,2025-10-25T17:32:16.335Z,2025-10-25T17:32:16.335Z,2025-10-25T17:32:16.335Z,1.0,active
6710c160-b4d4-4662-ae25-858aed0d1831,52b90a120f57,ABN AMRO Bank,2023,,Scope 1,General,Unspecified,66,tonnes CO2e,0.90,high,statement_extraction,ABN_AMRO___Integrated_Annual_Report_2024.pdf,52b90a120f57,2025-10-25T17:32:16.335Z,2025-10-25T17:32:16.335Z,2025-10-25T17:32:16.335Z,1.0,active
de558793-74b7-46e3-995e-13e5e80c6f79,52b90a120f57,ABN AMRO Bank,2024,,Total,General,Unspecified,40621609,tonnes CO2e,0.80,high,statement_extraction,ABN_AMRO___Integrated_Annual_Report_2024.pdf,52b90a120f57,2025-10-25T17:32:16.335Z,2025-10-25T17:32:16.335Z,2025-10-25T17:32:16.335Z,1.0,active
e34213c5-eeb0-451a-b664-8ebb95eccd0e,52b90a120f57,ABN AMRO Bank,2024,,Scope 1,General,Unspecified,4,tonnes CO2e,0.90,high,statement_extraction,ABN_AMRO___Integrated_Annual_Report_2024.pdf,52b90a120f57,2025-10-25T17:32:16.335Z,2025-10-25T17:32:16.335Z,2025-10-25T17:32:16.335Z,1.0,active
d7817956-8cc6-46c5-8677-a8a11874a091,52b90a120f57,ABN AMRO Bank,2023,,Scope 1,General,Unspecified,3,tonnes CO2e,0.90,high,statement_extraction,ABN_AMRO___Integrated_Annual_Report_2024.pdf,52b90a120f57,2025-10-25T17:32:16.335Z,2025-10-25T17:32:16.335Z,2025-10-25T17:32:16.335Z,1.0,active
ab45ba4c-b80c-4f4d-bd6f-2fb138356084,52b90a120f57,ABN AMRO Bank,2025,,Scope 3,General,Unspecified,2,tonnes CO2e,0.75,high,statement_extraction,ABN_AMRO___Integrated_Annual_Report_2024.pdf,52b90a120f57,2025-10-25T17:32:16.335Z,2025-10-25T17:32:16.335Z,2025-10-25T17:32:16.335Z,1.0,active
00fbc7f7-89ce-422f-96e2-07a84e5c8829,52b90a120f57,ABN AMRO Bank,2024,,Total,General,Unspecified,3,tonnes CO2e,0.80,high,statement_extraction,ABN_AMRO___Integrated_Annual_Report_2024.pdf,52b90a120f57,2025-10-25T17:32:16.335Z,2025-10-25T17:32:16.335Z,2025-10-25T17:32:16.335Z,1.0,active
d50a7d50-c386-4edf-8861-fe9f0a85cfdc,52b90a120f57,ABN AMRO Bank,2025,,Total,General,Unspecified,7,tonnes CO2e,0.65,medium,statement_extraction,ABN_AMRO___Integrated_Annual_Report_2024.pdf,52b90a120f57,2025-10-25T17:32:16.335Z,2025-10-25T17:32:16.335Z,2025-10-25T17:32:16.335Z,1.0,active
e5dc3f03-46a6-40be-8f4d-8ebca23b8c99,52b90a120f57,ABN AMRO Bank,2025,,Total,General,Unspecified,89,tonnes CO2e,0.65,medium,statement_extraction,ABN_AMRO___Integrated_Annual_Report_2024.pdf,52b90a120f57,2025-10-25T17:32:16.335Z,2025-10-25T17:32:16.335Z,2025-10-25T17:32:16.335Z,1.0,active
3d687dd1-dae7-453e-9e06-e3fb5933b1bc,52b90a120f57,ABN AMRO Bank,2025,,Scope 3,General,Unspecified,13,tonnes CO2e,0.75,high,statement_extraction,ABN_AMRO___Integrated_Annual_Report_2024.pdf,52b90a120f57,2025-10-25T17:32:16.335Z,2025-10-25T17:32:16.335Z,2025-10-25T17:32:16.335Z,1.0,active
c3ebf0c7-64a1-4c64-87a8-9453cea7a8dd,52b90a120f57,ABN AMRO Bank,2025,,Scope 1,Energy,Fossil Fuel Combustion,2,tonnes CO2e,0.85,high,statement_extraction,ABN_AMRO___Integrated_Annual_Report_2024.pdf,52b90a120f57,2025-10-25T17:32:16.335Z,2025-10-25T17:32:16.335Z,2025-10-25T17:32:16.335Z,1.0,active
3aeb7ac4-421c-4a89-a46d-9546c74ac363,52b90a120f57,ABN AMRO Bank,2025,,Scope 1,Energy,Fossil Fuel Combustion,1,tonnes CO2e,0.85,high,statement_extraction,ABN_AMRO___Integrated_Annual_Report_2024.pdf,52b90a120f57,2025-10-25T17:32:16.335Z,2025-10-25T17:32:16.335Z,2025-10-25T17:32:16.335Z,1.0,active
7c5dcc59-11a3-4145-8a9e-10c072ce8ab5,52b90a120f57,ABN AMRO Bank,2023,,Scope 2,General,Unspecified,2,tonnes CO2e,0.90,high,statement_extraction,ABN_AMRO___Integrated_Annual_Report_2024.pdf,52b90a120f57,2025-10-25T17:32:16.335Z,2025-10-25T17:32:16.335Z,2025-10-25T17:32:16.335Z,1.0,active
86ae7c4e-2265-43ae-872b-c7e076ac276c,52b90a120f57,ABN AMRO Bank,2024,,Scope 3,General,Unspecified,14,tonnes CO2e,0.90,high,statement_extraction,ABN_AMRO___Integrated_Annual_Report_2024.pdf,52b90a120f57,2025-10-25T17:32:16.335Z,2025-10-25T17:32:16.335Z,2025-10-25T17:32:16.335Z,1.0,active
dca29261-e5e9-47c9-b849-5d9cd606476d,52b90a120f57,ABN AMRO Bank,2025,,Scope 1,Transportation,Company Vehicles,3,tonnes CO2e,0.85,high,statement_extraction,ABN_AMRO___Integrated_Annual_Report_2024.pdf,52b90a120f57,2025-10-25T17:32:16.335Z,2025-10-25T17:32:16.335Z,2025-10-25T17:32:16.335Z,1.0,active
68945bd9-aa28-46cc-b4a5-44de480917e3,52b90a120f57,ABN AMRO Bank,2030,1,Total,Transportation,Transportation,3,tonnes CO2e,0.90,high,statement_extraction,ABN_AMRO___Integrated_Annual_Report_2024.pdf,52b90a120f57,2025-10-25T17:32:16.335Z,2025-10-25T17:32:16.335Z,2025-10-25T17:32:16.335Z,1.0,active
93a11cb4-51bc-489c-8fc9-543cf332cf48,52b90a120f57,ABN AMRO Bank,2025,,Scope 1,General,Unspecified,1,tonnes CO2e,0.75,high,statement_extraction,ABN_AMRO___Integrated_Annual_Report_2024.pdf,52b90a120f57,2025-10-25T17:32:16.335Z,2025-10-25T17:32:16.335Z,2025-10-25T17:32:16.335Z,1.0,active
a56572da-dfd3-487f-a6bc-c7c35561c73f,52b90a120f57,ABN AMRO Bank,2024,,Total,General,Unspecified,7,tonnes CO2e,0.80,high,statement_extraction,ABN_AMRO___Integrated_Annual_Report_2024.pdf,52b90a120f57,2025-10-25T17:32:16.335Z,2025-10-25T17:32:16.335Z,2025-10-25T17:32:16.335Z,1.0,active
64135c18-5305-4b99-acef-eb089788e6bd,52b90a120f57,ABN AMRO Bank,2025,,Total,General,Unspecified,50,tonnes CO2e,0.65,medium,statement_extraction,ABN_AMRO___Integrated_Annual_Report_2024.pdf,52b90a120f57,2025-10-25T17:32:16.335Z,2025-10-25T17:32:16.335Z,2025-10-25T17:32:16.335Z,1.0,active
ca87e62b-bc90-4921-89bf-b8f303407e1f,52b90a120f57,ABN AMRO Bank,2025,,Total,General,Unspecified,80,tonnes CO2e,0.65,medium,statement_extraction,ABN_AMRO___Integrated_Annual_Report_2024.pdf,52b90a120f57,2025-10-25T17:32:16.335Z,2025-10-25T17:32:16.335Z,2025-10-25T17:32:16.335Z,1.0,active
16e5c5c7-9443-442b-ab89-59de560716e9,52b90a120f57,ABN AMRO Bank,2025,,Total,General,Unspecified,10,tonnes CO2e,0.65,medium,statement_extraction,ABN_AMRO___Integrated_Annual_Report_2024.pdf,52b90a120f57,2025-10-25T17:32:16.335Z,2025-10-25T17:32:16.335Z,2025-10-25T17:32:16.335Z,1.0,active
6bb4114e-09ca-4692-9b92-ec3abdbd8222,52b90a120f57,ABN AMRO Bank,2025,,Total,General,Unspecified,78,tonnes CO2e,0.65,medium,statement_extraction,ABN_AMRO___Integrated_Annual_Report_2024.pdf,52b90a120f57,2025-10-25T17:32:16.335Z,2025-10-25T17:32:16.335Z,2025-10-25T17:32:16.335Z,1.0,active
f160e705-6826-479f-826c-9831e0f48342,52b90a120f57,ABN AMRO Bank,2025,,Total,General,Unspecified,94,tonnes CO2e,0.65,medium,statement_extraction,ABN_AMRO___Integrated_Annual_Report_2024.pdf,52b90a120f57,2025-10-25T17:32:16.335Z,2025-10-25T17:32:16.335Z,2025-10-25T17:32:16.335Z,1.0,active
751643e7-efce-4703-b670-9d646ff5bf0d,52b90a120f57,ABN AMRO Bank,2025,,Total,General,Unspecified,84,tonnes CO2e,0.65,medium,statement_extraction,ABN_AMRO___Integrated_Annual_Report_2024.pdf,52b90a120f57,2025-10-25T17:32:16.335Z,2025-10-25T17:32:16.335Z,2025-10-25T17:32:16.335Z,1.0,active
d8b7da20-85ee-4de4-8fc1-d50031c3417e,52b90a120f57,ABN AMRO Bank,2025,,Total,General,Unspecified,48,tonnes CO2e,0.65,medium,statement_extraction,ABN_AMRO___Integrated_Annual_Report_2024.pdf,52b90a120f57,2025-10-25T17:32:16.335Z,2025-10-25T17:32:16.335Z,2025-10-25T17:32:16.335Z,1.0,active
05664416-1482-4ad9-bd51-0b993d0dcc59,52b90a120f57,ABN AMRO Bank,2025,,Total,General,Unspecified,43,tonnes CO2e,0.65,medium,statement_extraction,ABN_AMRO___Integrated_Annual_Report_2024.pdf,52b90a120f57,2025-10-25T17:32:16.335Z,2025-10-25T17:32:16.335Z,2025-10-25T17:32:16.335Z,1.0,active
143f4f36-d404-428b-b658-dbae22be609f,52b90a120f57,ABN AMRO Bank,2024,,Total,General,Unspecified,285,tonnes CO2e,0.80,high,statement_extraction,ABN_AMRO___Integrated_Annual_Report_2024.pdf,52b90a120f57,2025-10-25T17:32:16.335Z,2025-10-25T17:32:16.335Z,2025-10-25T17:32:16.335Z,1.0,active
6eb1eb2c-1d25-46c8-8f9f-2e8720576885,52b90a120f57,ABN AMRO Bank,2024,,Total,General,Unspecified,22,tonnes CO2e,0.80,high,statement_extraction,ABN_AMRO___Integrated_Annual_Report_2024.pdf,52b90a120f57,2025-10-25T17:32:16.335Z,2025-10-25T17:32:16.335Z,2025-10-25T17:32:16.335Z,1.0,active
c53ce474-1331-4c03-af20-35c228f39a45,52b90a120f57,ABN AMRO Bank,2025,,Total,General,Unspecified,33,tonnes CO2e,0.65,medium,statement_extraction,ABN_AMRO___Integrated_Annual_Report_2024.pdf,52b90a120f57,2025-10-25T17:32:16.335Z,2025-10-25T17:32:16.335Z,2025-10-25T17:32:16.335Z,1.0,active
293c0404-d750-4592-843f-17160d63c8a6,52b90a120f57,ABN AMRO Bank,2023,,Total,General,Unspecified,87,tonnes CO2e,0.80,high,statement_extraction,ABN_AMRO___Integrated_Annual_Report_2024.pdf,52b90a120f57,2025-10-25T17:32:16.335Z,2025-10-25T17:32:16.335Z,2025-10-25T17:32:16.335Z,1.0,active
84879752-f77f-4163-a7f2-a6a0e25f5dbc,52b90a120f57,ABN AMRO Bank,2023,,Total,General,Unspecified,744,tonnes CO2e,0.80,high,statement_extraction,ABN_AMRO___Integrated_Annual_Report_2024.pdf,52b90a120f57,2025-10-25T17:32:16.335Z,2025-10-25T17:32:16.335Z,2025-10-25T17:32:16.335Z,1.0,active
5070553c-a05c-4b15-aaac-1e34b10e137e,52b90a120f57,ABN AMRO Bank,2024,,Total,General,Unspecified,500,tonnes CO2e,0.80,high,statement_extraction,ABN_AMRO___Integrated_Annual_Report_2024.pdf,52b90a120f57,2025-10-25T17:32:16.335Z,2025-10-25T17:32:16.335Z,2025-10-25T17:32:16.335Z,1.0,active
18ef61c3-9a09-4641-be2e-4b9a985feda1,52b90a120f57,ABN AMRO Bank,2025,,Total,General,Unspecified,2368,tonnes CO2e,0.65,medium,statement_extraction,ABN_AMRO___Integrated_Annual_Report_2024.pdf,52b90a120f57,2025-10-25T17:32:16.335Z,2025-10-25T17:32:16.335Z,2025-10-25T17:32:16.335Z,1.0,active
beda43d3-7393-42ff-b89c-f3e62ba46d40,52b90a120f57,ABN AMRO Bank,2024,,Total,General,Unspecified,238,tonnes CO2e,0.80,high,statement_extraction,ABN_AMRO___Integrated_Annual_Report_2024.pdf,52b90a120f57,2025-10-25T17:32:16.335Z,2025-10-25T17:32:16.335Z,2025-10-25T17:32:16.335Z,1.0,active
c94c4f10-fdfc-423a-b5ba-4a3c13c7ccef,52b90a120f57,ABN AMRO Bank,2023,,Total,General,Unspecified,112,tonnes CO2e,0.80,high,statement_extraction,ABN_AMRO___Integrated_Annual_Report_2024.pdf,52b90a120f57,2025-10-25T17:32:16.335Z,2025-10-25T17:32:16.335Z,2025-10-25T17:32:16.335Z,1.0,active
a347c892-5cdf-4826-a7cd-3623bb03605a,52b90a120f57,ABN AMRO Bank,2024,,Total,General,Unspecified,0.6,tonnes CO2e,0.80,high,statement_extraction,ABN_AMRO___Integrated_Annual_Report_2024.pdf,52b90a120f57,2025-10-25T17:32:16.335Z,2025-10-25T17:32:16.335Z,2025-10-25T17:32:16.335Z,1.0,active
d17b2376-7cc3-4dbe-8529-70d774959b54,52b90a120f57,ABN AMRO Bank,2024,,Total,General,Unspecified,0.75,tonnes CO2e,0.80,high,statement_extraction,ABN_AMRO___Integrated_Annual_Report_2024.pdf,52b90a120f57,2025-10-25T17:32:16.335Z,2025-10-25T17:32:16.335Z,2025-10-25T17:32:16.335Z,1.0,active
751d8e3b-ebeb-458c-a8df-84aad5b615af,52b90a120f57,ABN AMRO Bank,2025,,Total,General,Unspecified,16.2,tonnes CO2e,0.65,medium,statement_extraction,ABN_AMRO___Integrated_Annual_Report_2024.pdf,52b90a120f57,2025-10-25T17:32:16.335Z,2025-10-25T17:32:16.335Z,2025-10-25T17:32:16.335Z,1.0,active
2b2e706d-26e1-408d-906d-e5fc548f1e18,52b90a120f57,ABN AMRO Bank,2024,,Total,General,Unspecified,20,tonnes CO2e,0.80,high,statement_extraction,ABN_AMRO___Integrated_Annual_Report_2024.pdf,52b90a120f57,2025-10-25T17:32:16.335Z,2025-10-25T17:32:16.335Z,2025-10-25T17:32:16.335Z,1.0,active
8f6ef1eb-6759-4e6e-b4b7-4e9c828fe270,52b90a120f57,ABN AMRO Bank,2023,,Total,General,Unspecified,252,tonnes CO2e,0.80,high,statement_extraction,ABN_AMRO___Integrated_Annual_Report_2024.pdf,52b90a120f57,2025-10-25T17:32:16.335Z,2025-10-25T17:32:16.335Z,2025-10-25T17:32:16.335Z,1.0,active
690cc9b7-6edf-4b99-9962-a3b6c3f151b6,52b90a120f57,ABN AMRO Bank,2024,,Total,General,Unspecified,744,tonnes CO2e,0.80,high,statement_extraction,ABN_AMRO___Integrated_Annual_Report_2024.pdf,52b90a120f57,2025-10-25T17:32:16.335Z,2025-10-25T17:32:16.335Z,2025-10-25T17:32:16.335Z,1.0,active
a5653e91-abe4-4101-82d4-4498ade72c23,52b90a120f57,ABN AMRO Bank,2023,,Total,General,Unspecified,17688,tonnes CO2e,0.80,high,statement_extraction,ABN_AMRO___Integrated_Annual_Report_2024.pdf,52b90a120f57,2025-10-25T17:32:16.335Z,2025-10-25T17:32:16.335Z,2025-10-25T17:32:16.335Z,1.0,active
27090056-3c1f-4aca-96c5-bedddd070e30,52b90a120f57,ABN AMRO Bank,2023,,Total,General,Unspecified,2842,tonnes CO2e,0.80,high,statement_extraction,ABN_AMRO___Integrated_Annual_Report_2024.pdf,52b90a120f57,2025-10-25T17:32:16.335Z,2025-10-25T17:32:16.335Z,2025-10-25T17:32:16.335Z,1.0,active
d059a279-59f1-4e15-a8df-91b1f5663139,52b90a120f57,ABN AMRO Bank,2023,,Total,General,Unspecified,0.7,tonnes CO2e,0.80,high,statement_extraction,ABN_AMRO___Integrated_Annual_Report_2024.pdf,52b90a120f57,2025-10-25T17:32:16.335Z,2025-10-25T17:32:16.335Z,2025-10-25T17:32:16.335Z,1.0,active
f2aee046-ffe8-4506-beb7-20574252430c,52b90a120f57,ABN AMRO Bank,2025,,Scope 2,Direct Emissions,Indirect Energy,2,tonnes CO2e,0.85,high,statement_extraction,ABN_AMRO___Integrated_Annual_Report_2024.pdf,52b90a120f57,2025-10-25T17:32:16.335Z,2025-10-25T17:32:16.335Z,2025-10-25T17:32:16.335Z,1.0,active
263a80c1-438f-4f33-8a36-f312c63ee830,52b90a120f57,ABN AMRO Bank,2025,,Scope 1,General,Unspecified,14,tonnes CO2e,0.75,high,statement_extraction,ABN_AMRO___Integrated_Annual_Report_2024.pdf,52b90a120f57,2025-10-25T17:32:16.335Z,2025-10-25T17:32:16.335Z,2025-10-25T17:32:16.335Z,1.0,active
d40b3992-7bc6-473b-9219-e2407e27aa50,52b90a120f57,ABN AMRO Bank,2025,,Scope 3,General,Unspecified,5,tonnes CO2e,0.75,high,statement_extraction,ABN_AMRO___Integrated_Annual_Report_2024.pdf,52b90a120f57,2025-10-25T17:32:16.335Z,2025-10-25T17:32:16.335Z,2025-10-25T17:32:16.335Z,1.0,active
42f3581f-8643-4c11-9204-9ea99af80dcd,52b90a120f57,ABN AMRO Bank,2025,,Scope 3,Energy,Energy-Related Activities,6,tonnes CO2e,0.85,high,statement_extraction,ABN_AMRO___Integrated_Annual_Report_2024.pdf,52b90a120f57,2025-10-25T17:32:16.335Z,2025-10-25T17:32:16.335Z,2025-10-25T17:32:16.335Z,1.0,active
b93953fd-4b9c-4d15-a724-f9b2c73aa1b6,52b90a120f57,ABN AMRO Bank,2025,,Scope 3,General,Unspecified,15,tonnes CO2e,0.75,high,statement_extraction,ABN_AMRO___Integrated_Annual_Report_2024.pdf,52b90a120f57,2025-10-25T17:32:16.335Z,2025-10-25T17:32:16.335Z,2025-10-25T17:32:16.335Z,1.0,active
fa578472-1bb6-4e73-89b4-8e06b37fccbe,52b90a120f57,ABN AMRO Bank,2025,,Scope 1,General,Unspecified,6,tonnes CO2e,0.75,high,statement_extraction,ABN_AMRO___Integrated_Annual_Report_2024.pdf,52b90a120f57,2025-10-25T17:32:16.335Z,2025-10-25T17:32:16.335Z,2025-10-25T17:32:16.335Z,1.0,active
058449a7-0859-4b44-b870-c6dce232993b,52b90a120f57,ABN AMRO Bank,2025,,Scope 1,General,Unspecified,53,tonnes CO2e,0.75,high,statement_extraction,ABN_AMRO___Integrated_Annual_Report_2024.pdf,52b90a120f57,2025-10-25T17:32:16.335Z,2025-10-25T17:32:16.335Z,2025-10-25T17:32:16.335Z,1.0,active
455d49be-aab6-4428-b9d9-f9e429408513,52b90a120f57,ABN AMRO Bank,2025,,Total,General,Unspecified,56,tonnes CO2e,0.65,medium,statement_extraction,ABN_AMRO___Integrated_Annual_Report_2024.pdf,52b90a120f57,2025-10-25T17:32:16.335Z,2025-10-25T17:32:16.335Z,2025-10-25T17:32:16.335Z,1.0,active
3d7d5ebb-1ed1-4488-8dc1-a0bfde030fd9,52b90a120f57,ABN AMRO Bank,2025,,Total,General,Unspecified,28,tonnes CO2e,0.65,medium,statement_extraction,ABN_AMRO___Integrated_Annual_Report_2024.pdf,52b90a120f57,2025-10-25T17:32:16.335Z,2025-10-25T17:32:16.335Z,2025-10-25T17:32:16.335Z,1.0,active
d1219346-1b9a-40f5-9e59-50aa1ff38be0,52b90a120f57,ABN AMRO Bank,2024,,Scope 1,Transportation,Company Vehicles,33402,tonnes CO2e,1.00,high,statement_extraction,ABN_AMRO___Integrated_Annual_Report_2024.pdf,52b90a120f57,2025-10-25T17:32:16.335Z,2025-10-25T17:32:16.335Z,2025-10-25T17:32:16.335Z,1.0,active
e3b7cfc3-e5cb-4326-b2f4-052ec52f255a,52b90a120f57,ABN AMRO Bank,2021,,Scope 1,General,Unspecified,227.6,tonnes CO2e,0.90,high,statement_extraction,ABN_AMRO___Integrated_Annual_Report_2024.pdf,52b90a120f57,2025-10-25T17:32:16.335Z,2025-10-25T17:32:16.335Z,2025-10-25T17:32:16.335Z,1.0,active
64439f73-d3b3-4a8e-8ee1-0500384ffeab,52b90a120f57,ABN AMRO Bank,2021,,Scope 1,General,Unspecified,271,tonnes CO2e,0.90,high,statement_extraction,ABN_AMRO___Integrated_Annual_Report_2024.pdf,52b90a120f57,2025-10-25T17:32:16.335Z,2025-10-25T17:32:16.335Z,2025-10-25T17:32:16.335Z,1.0,active
2bc75842-f3f9-4298-8e34-74b1582fcc7b,52b90a120f57,ABN AMRO Bank,2021,,Scope 1,Direct Emissions,Direct Operations,17.6,tonnes CO2e,1.00,high,statement_extraction,ABN_AMRO___Integrated_Annual_Report_2024.pdf,52b90a120f57,2025-10-25T17:32:16.335Z,2025-10-25T17:32:16.335Z,2025-10-25T17:32:16.335Z,1.0,active
f4d62b51-2ed9-4488-bf70-d506e303b622,52b90a120f57,ABN AMRO Bank,2022,,Scope 1,Direct Emissions,Direct Operations,212.3,tonnes CO2e,1.00,high,statement_extraction,ABN_AMRO___Integrated_Annual_Report_2024.pdf,52b90a120f57,2025-10-25T17:32:16.335Z,2025-10-25T17:32:16.335Z,2025-10-25T17:32:16.335Z,1.0,active
ff13b368-25f3-4b83-a3a2-2d49bfbfb324,52b90a120f57,ABN AMRO Bank,2023,,Scope 1,Transportation,Company Vehicles,22,tonnes CO2e,1.00,high,statement_extraction,ABN_AMRO___Integrated_Annual_Report_2024.pdf,52b90a120f57,2025-10-25T17:32:16.335Z,2025-10-25T17:32:16.335Z,2025-10-25T17:32:16.335Z,1.0,active
e148171a-0d1c-41fe-b91f-2f92d38e5e58,52b90a120f57,ABN AMRO Bank,2023,,Scope 1,Transportation,Company Vehicles,81.5,tonnes CO2e,1.00,high,statement_extraction,ABN_AMRO___Integrated_Annual_Report_2024.pdf,52b90a120f57,2025-10-25T17:32:16.335Z,2025-10-25T17:32:16.335Z,2025-10-25T17:32:16.335Z,1.0,active
4c03e1bb-b07f-4f89-b0c0-41e6b40c667c,52b90a120f57,ABN AMRO Bank,2023,,Scope 1,Transportation,Company Vehicles,225.5,tonnes CO2e,1.00,high,statement_extraction,ABN_AMRO___Integrated_Annual_Report_2024.pdf,52b90a120f57,2025-10-25T17:32:16.335Z,2025-10-25T17:32:16.335Z,2025-10-25T17:32:16.335Z,1.0,active
7c7729f2-a83b-4143-a37a-5847c35da684,52b90a120f57,ABN AMRO Bank,2022,,Scope 1,Transportation,Company Vehicles,297.6,tonnes CO2e,1.00,high,statement_extraction,ABN_AMRO___Integrated_Annual_Report_2024.pdf,52b90a120f57,2025-10-25T17:32:16.335Z,2025-10-25T17:32:16.335Z,2025-10-25T17:32:16.335Z,1.0,active
809e69f9-9bda-4697-afb6-b2af7c601ac2,52b90a120f57,ABN AMRO Bank,2025,,Scope 1,General,Unspecified,66,tonnes CO2e,0.75,high,statement_extraction,ABN_AMRO___Integrated_Annual_Report_2024.pdf,52b90a120f57,2025-10-25T17:32:16.335Z,2025-10-25T17:32:16.335Z,2025-10-25T17:32:16.335Z,1.0,active
b6fd75fa-0707-490a-9404-44c24b1fa259,52b90a120f57,ABN AMRO Bank,2025,,Scope 1,Energy,Fossil Fuel Combustion,18,tonnes CO2e,0.85,high,statement_extraction,ABN_AMRO___Integrated_Annual_Report_2024.pdf,52b90a120f57,2025-10-25T17:32:16.335Z,2025-10-25T17:32:16.335Z,2025-10-25T17:32:16.335Z,1.0,active
404176c6-35b3-437d-807a-7a9787582e05,52b90a120f57,ABN AMRO Bank,2024,,Scope 1,Direct Emissions,Direct Operations,14,tonnes CO2e,1.00,high,statement_extraction,ABN_AMRO___Integrated_Annual_Report_2024.pdf,52b90a120f57,2025-10-25T17:32:16.335Z,2025-10-25T17:32:16.335Z,2025-10-25T17:32:16.335Z,1.0,active
4bbce08d-ee87-4778-9747-adc0f42057c2,52b90a120f57,ABN AMRO Bank,2024,,Scope 2,Direct Emissions,Indirect Energy,14,tonnes CO2e,1.00,high,statement_extraction,ABN_AMRO___Integrated_Annual_Report_2024.pdf,52b90a120f57,2025-10-25T17:32:16.335Z,2025-10-25T17:32:16.335Z,2025-10-25T17:32:16.335Z,1.0,active
7eb0bcf7-695e-4fa7-894a-587c1938feef,52b90a120f57,ABN AMRO Bank,2025,,Scope 3,General,Unspecified,1,tonnes CO2e,0.75,high,statement_extraction,ABN_AMRO___Integrated_Annual_Report_2024.pdf,52b90a120f57,2025-10-25T17:32:16.335Z,2025-10-25T17:32:16.335Z,2025-10-25T17:32:16.335Z,1.0,active
d728de14-48cf-413e-a08f-9d081e20f59d,52b90a120f57,ABN AMRO Bank,2025,,Scope 3,Energy,Energy-Related Activities,15,tonnes CO2e,0.85,high,statement_extraction,ABN_AMRO___Integrated_Annual_Report_2024.pdf,52b90a120f57,2025-10-25T17:32:16.335Z,2025-10-25T17:32:16.335Z,2025-10-25T17:32:16.335Z,1.0,active
c83525cd-f113-4f40-af8e-471460a1d8d0,52b90a120f57,ABN AMRO Bank,2023,,Scope 3,General,Unspecified,66,tonnes CO2e,0.90,high,statement_extraction,ABN_AMRO___Integrated_Annual_Report_2024.pdf,52b90a120f57,2025-10-25T17:32:16.335Z,2025-10-25T17:32:16.335Z,2025-10-25T17:32:16.335Z,1.0,active
1bd73ded-80ac-4aec-ae42-fb30960280c5,52b90a120f57,ABN AMRO Bank,2025,,Scope 3,General,Unspecified,66,tonnes CO2e,0.75,high,statement_extraction,ABN_AMRO___Integrated_Annual_Report_2024.pdf,52b90a120f57,2025-10-25T17:32:16.335Z,2025-10-25T17:32:16.335Z,2025-10-25T17:32:16.335Z,1.0,active
7746c328-4136-4660-88f0-be8f1a241c60,52b90a120f57,ABN AMRO Bank,2024,,Scope 3,General,Unspecified,66,tonnes CO2e,0.90,high,statement_extraction,ABN_AMRO___Integrated_Annual_Report_2024.pdf,52b90a120f57,2025-10-25T17:32:16.335Z,2025-10-25T17:32:16.335Z,2025-10-25T17:32:16.335Z,1.0,active
7172da7b-bfab-4e8f-8ecc-6d014c84edc2,52b90a120f57,ABN AMRO Bank,2024,,Scope 3,General,Unspecified,2,tonnes CO2e,0.90,high,statement_extraction,ABN_AMRO___Integrated_Annual_Report_2024.pdf,52b90a120f57,2025-10-25T17:32:16.335Z,2025-10-25T17:32:16.335Z,2025-10-25T17:32:16.335Z,1.0,active
ce25a1ea-5255-4b99-a145-11ff15e9b732,52b90a120f57,ABN AMRO Bank,2024,,Scope 3,General,Unspecified,13,tonnes CO2e,0.90,high,statement_extraction,ABN_AMRO___Integrated_Annual_Report_2024.pdf,52b90a120f57,2025-10-25T17:32:16.335Z,2025-10-25T17:32:16.335Z,2025-10-25T17:32:16.335Z,1.0,active
0fd16658-b63b-49ae-bcae-d756b3561e00,52b90a120f57,ABN AMRO Bank,2024,,Scope 3,Direct Emissions,Value Chain,14,tonnes CO2e,1.00,high,statement_extraction,ABN_AMRO___Integrated_Annual_Report_2024.pdf,52b90a120f57,2025-10-25T17:32:16.335Z,2025-10-25T17:32:16.335Z,2025-10-25T17:32:16.335Z,1.0,active
965f8b82-6860-4d9d-ba81-4bc8cc440d4d,4c238326dfe9,Albert Heijn,2024,,Total,General,Unspecified,42.4,tonnes CO2e,0.80,high,statement_extraction,ah-duurzaamheidsverslag-2024-eng.pdf,4c238326dfe9,2025-10-25T17:32:16.335Z,2025-10-25T17:32:16.335Z,2025-10-25T17:32:16.335Z,1.0,active
4df11a0d-7ec2-41b4-b010-5ecac4a6873b,4c238326dfe9,Albert Heijn,2025,,Total,General,Unspecified,30925,tonnes CO2e,0.65,medium,statement_extraction,ah-duurzaamheidsverslag-2024-eng.pdf,4c238326dfe9,2025-10-25T17:32:16.335Z,2025-10-25T17:32:16.335Z,2025-10-25T17:32:16.335Z,1.0,active
b96a8def-755e-4eeb-9159-49f4fed93503,4c238326dfe9,Albert Heijn,2024,,Total,General,Unspecified,4.1,tonnes CO2e,0.80,high,statement_extraction,ah-duurzaamheidsverslag-2024-eng.pdf,4c238326dfe9,2025-10-25T17:32:16.335Z,2025-10-25T17:32:16.335Z,2025-10-25T17:32:16.335Z,1.0,active
0da42e7d-72d3-48fa-bdc0-3aa1f95ed68a,4c238326dfe9,Albert Heijn,2024,,Total,General,Unspecified,27.4,tonnes CO2e,0.80,high,statement_extraction,ah-duurzaamheidsverslag-2024-eng.pdf,4c238326dfe9,2025-10-25T17:32:16.335Z,2025-10-25T17:32:16.335Z,2025-10-25T17:32:16.335Z,1.0,active
46362a62-bc3c-447e-b074-1077d39360df,4c238326dfe9,Albert Heijn,2024,,Total,General,Unspecified,9480,tonnes CO2e,0.80,high,statement_extraction,ah-duurzaamheidsverslag-2024-eng.pdf,4c238326dfe9,2025-10-25T17:32:16.335Z,2025-10-25T17:32:16.335Z,2025-10-25T17:32:16.335Z,1.0,active
9027164b-0a17-492c-9898-37b23e55174c,4c238326dfe9,Albert Heijn,2025,,Scope 1,Supply Chain,Supply Chain,1,tonnes CO2e,0.85,high,statement_extraction,ah-duurzaamheidsverslag-2024-eng.pdf,4c238326dfe9,2025-10-25T17:32:16.335Z,2025-10-25T17:32:16.335Z,2025-10-25T17:32:16.335Z,1.0,active
bc43c5d7-d577-4049-a619-a0dd01f2ddf8,4c238326dfe9,Albert Heijn,2025,,Scope 1,Supply Chain,Supply Chain,3,tonnes CO2e,0.85,high,statement_extraction,ah-duurzaamheidsverslag-2024-eng.pdf,4c238326dfe9,2025-10-25T17:32:16.335Z,2025-10-25T17:32:16.335Z,2025-10-25T17:32:16.335Z,1.0,active
514ac9ae-f59b-4760-8615-8859b146e31f,4c238326dfe9,Albert Heijn,2025,,Scope 1,General,Unspecified,2,tonnes CO2e,0.75,high,statement_extraction,ah-duurzaamheidsverslag-2024-eng.pdf,4c238326dfe9,2025-10-25T17:32:16.335Z,2025-10-25T17:32:16.335Z,2025-10-25T17:32:16.335Z,1.0,active
7fd4eb38-845b-4893-817c-f849a1da6afe,4c238326dfe9,Albert Heijn,2025,,Scope 1,General,Unspecified,3,tonnes CO2e,0.75,high,statement_extraction,ah-duurzaamheidsverslag-2024-eng.pdf,4c238326dfe9,2025-10-25T17:32:16.335Z,2025-10-25T17:32:16.335Z,2025-10-25T17:32:16.335Z,1.0,active
74e7a063-928a-4d35-8f10-0220a944cb27,4c238326dfe9,Albert Heijn,2025,,Scope 1,Energy,Fossil Fuel Combustion,2,tonnes CO2e,0.85,high,statement_extraction,ah-duurzaamheidsverslag-2024-eng.pdf,4c238326dfe9,2025-10-25T17:32:16.335Z,2025-10-25T17:32:16.335Z,2025-10-25T17:32:16.335Z,1.0,active
7fadd1ff-2647-4efb-92d5-796bc684763c,4c238326dfe9,Albert Heijn,2025,,Scope 1,Transportation,Company Vehicles,2040,tonnes CO2e,0.85,high,statement_extraction,ah-duurzaamheidsverslag-2024-eng.pdf,4c238326dfe9,2025-10-25T17:32:16.335Z,2025-10-25T17:32:16.335Z,2025-10-25T17:32:16.335Z,1.0,active
53db3764-6792-4203-858a-80822bd3e8ab,4c238326dfe9,Albert Heijn,2025,,Scope 1,Waste,Waste,2,tonnes CO2e,0.85,high,statement_extraction,ah-duurzaamheidsverslag-2024-eng.pdf,4c238326dfe9,2025-10-25T17:32:16.335Z,2025-10-25T17:32:16.335Z,2025-10-25T17:32:16.335Z,1.0,active
bcf2178c-c8c8-4569-8918-6b9f286f769b,4c238326dfe9,Albert Heijn,2025,,Scope 3,Direct Emissions,Value Chain,3,tonnes CO2e,0.85,high,statement_extraction,ah-duurzaamheidsverslag-2024-eng.pdf,4c238326dfe9,2025-10-25T17:32:16.335Z,2025-10-25T17:32:16.335Z,2025-10-25T17:32:16.335Z,1.0,active
2a5b6588-7400-416b-a113-85a2c5250d97,4c238326dfe9,Albert Heijn,2024,,Scope 3,General,Unspecified,3,tonnes CO2e,0.90,high,statement_extraction,ah-duurzaamheidsverslag-2024-eng.pdf,4c238326dfe9,2025-10-25T17:32:16.335Z,2025-10-25T17:32:16.335Z,2025-10-25T17:32:16.335Z,1.0,active
08fb466b-b9d0-45af-a9de-b3886ed2ff5c,4c238326dfe9,Albert Heijn,2018,,Scope 3,Waste,Waste Disposal & Treatment,2050,tonnes CO2e,1.00,high,statement_extraction,ah-duurzaamheidsverslag-2024-eng.pdf,4c238326dfe9,2025-10-25T17:32:16.335Z,2025-10-25T17:32:16.335Z,2025-10-25T17:32:16.335Z,1.0,active
dfcc9086-585e-4eb8-bd25-a9ade93b7d2a,4c238326dfe9,Albert Heijn,2025,,Scope 3,General,Unspecified,9285,tonnes CO2e,0.75,high,statement_extraction,ah-duurzaamheidsverslag-2024-eng.pdf,4c238326dfe9,2025-10-25T17:32:16.335Z,2025-10-25T17:32:16.335Z,2025-10-25T17:32:16.335Z,1.0,active
9d8e03ef-dc3c-4c79-aa91-93c77cf85ca1,4c238326dfe9,Albert Heijn,2023,,Total,General,Unspecified,1,tonnes CO2e,0.80,high,statement_extraction,ah-duurzaamheidsverslag-2024-eng.pdf,4c238326dfe9,2025-10-25T17:32:16.335Z,2025-10-25T17:32:16.335Z,2025-10-25T17:32:16.335Z,1.0,active
d6e3f726-63e2-44be-a32e-cf21f871bee2,4c238326dfe9,Albert Heijn,2018,,Total,General,Unspecified,0.98,tonnes CO2e,0.80,high,statement_extraction,ah-duurzaamheidsverslag-2024-eng.pdf,4c238326dfe9,2025-10-25T17:32:16.335Z,2025-10-25T17:32:16.335Z,2025-10-25T17:32:16.335Z,1.0,active
15590cf2-01f6-4dcc-ad57-46c6bd2048ee,4c238326dfe9,Albert Heijn,2025,,Scope 3,General,Unspecified,1,tonnes CO2e,0.75,high,statement_extraction,ah-duurzaamheidsverslag-2024-eng.pdf,4c238326dfe9,2025-10-25T17:32:16.335Z,2025-10-25T17:32:16.335Z,2025-10-25T17:32:16.335Z,1.0,active
44c400bf-c175-4455-9f75-8c490480fe4d,4c238326dfe9,Albert Heijn,2024,,Total,General,Unspecified,645,tonnes CO2e,0.80,high,statement_extraction,ah-duurzaamheidsverslag-2024-eng.pdf,4c238326dfe9,2025-10-25T17:32:16.335Z,2025-10-25T17:32:16.335Z,2025-10-25T17:32:16.335Z,1.0,active
64de38b1-0efd-4da9-ba0b-03f3b2b8a128,4c238326dfe9,Albert Heijn,2030,1,Total,General,Unspecified,45,tonnes CO2e,0.80,high,statement_extraction,ah-duurzaamheidsverslag-2024-eng.pdf,4c238326dfe9,2025-10-25T17:32:16.335Z,2025-10-25T17:32:16.335Z,2025-10-25T17:32:16.335Z,1.0,active
1da64a57-17c7-4ea5-9559-9d4a5eedfdcc,4c238326dfe9,Albert Heijn,2025,,Scope 3,General,Unspecified,1,tonnes CO2e,0.90,high,statement_extraction,ah-duurzaamheidsverslag-2024-eng.pdf,4c238326dfe9,2025-10-25T17:32:16.335Z,2025-10-25T17:32:16.335Z,2025-10-25T17:32:16.335Z,1.0,active
97c18baf-74cc-4556-93ff-1ac3e4ad4ca7,4c238326dfe9,Albert Heijn,2030,1,Total,General,Unspecified,70,tonnes CO2e,0.80,high,statement_extraction,ah-duurzaamheidsverslag-2024-eng.pdf,4c238326dfe9,2025-10-25T17:32:16.335Z,2025-10-25T17:32:16.335Z,2025-10-25T17:32:16.335Z,1.0,active
2713e524-83f3-4ca5-8de1-f3c6a1e196b7,4c238326dfe9,Albert Heijn,2025,,Scope 3,General,Unspecified,3,tonnes CO2e,0.75,high,statement_extraction,ah-duurzaamheidsverslag-2024-eng.pdf,4c238326dfe9,2025-10-25T17:32:16.335Z,2025-10-25T17:32:16.335Z,2025-10-25T17:32:16.335Z,1.0,active
974da4d5-3df7-4a45-9646-1b73d58e8f41,4c238326dfe9,Albert Heijn,2024,,Total,General,Unspecified,260,tonnes CO2e,0.80,high,statement_extraction,ah-duurzaamheidsverslag-2024-eng.pdf,4c238326dfe9,2025-10-25T17:32:16.335Z,2025-10-25T17:32:16.335Z,2025-10-25T17:32:16.335Z,1.0,active
a685544e-3f4b-42b9-8ad6-c8b121c010a4,4c238326dfe9,Albert Heijn,2025,,Total,General,Unspecified,1,tonnes CO2e,0.80,high,statement_extraction,ah-duurzaamheidsverslag-2024-eng.pdf,4c238326dfe9,2025-10-25T17:32:16.335Z,2025-10-25T17:32:16.335Z,2025-10-25T17:32:16.335Z,1.0,active
49402c42-52eb-4e49-9b81-fdeea7adb799,4c238326dfe9,Albert Heijn,2030,1,Scope 3,Supply Chain,Supply Chain,2050,tonnes CO2e,1.00,high,statement_extraction,ah-duurzaamheidsverslag-2024-eng.pdf,4c238326dfe9,2025-10-25T17:32:16.335Z,2025-10-25T17:32:16.335Z,2025-10-25T17:32:16.335Z,1.0,active
af034b0c-abf4-4ffc-abbd-5433a64d7eeb,4c238326dfe9,Albert Heijn,2024,,Total,General,Unspecified,21,tonnes CO2e,0.80,high,statement_extraction,ah-duurzaamheidsverslag-2024-eng.pdf,4c238326dfe9,2025-10-25T17:32:16.335Z,2025-10-25T17:32:16.335Z,2025-10-25T17:32:16.335Z,1.0,active
1532d92b-7ac5-4ddf-8f03-19ee48a3a378,4c238326dfe9,Albert Heijn,2025,,Total,General,Unspecified,7,tonnes CO2e,0.65,medium,statement_extraction,ah-duurzaamheidsverslag-2024-eng.pdf,4c238326dfe9,2025-10-25T17:32:16.335Z,2025-10-25T17:32:16.335Z,2025-10-25T17:32:16.335Z,1.0,active
81f78ae8-fd2d-48b4-957a-00844ff6ceb7,4c238326dfe9,Albert Heijn,2025,,Total,General,Unspecified,247,tonnes CO2e,0.65,medium,statement_extraction,ah-duurzaamheidsverslag-2024-eng.pdf,4c238326dfe9,2025-10-25T17:32:16.335Z,2025-10-25T17:32:16.335Z,2025-10-25T17:32:16.335Z,1.0,active
7039f723-7f57-445a-9c2b-612c4e0277aa,4c238326dfe9,Albert Heijn,2023,,Total,General,Unspecified,101000,tonnes CO2e,0.80,high,statement_extraction,ah-duurzaamheidsverslag-2024-eng.pdf,4c238326dfe9,2025-10-25T17:32:16.335Z,2025-10-25T17:32:16.335Z,2025-10-25T17:32:16.335Z,1.0,active
7db015cb-e9bd-4462-ac58-af6e90293fd5,4c238326dfe9,Albert Heijn,2025,,Total,General,Unspecified,46,tonnes CO2e,0.65,medium,statement_extraction,ah-duurzaamheidsverslag-2024-eng.pdf,4c238326dfe9,2025-10-25T17:32:16.335Z,2025-10-25T17:32:16.335Z,2025-10-25T17:32:16.335Z,1.0,active
5fe9c6c0-d8c7-46bc-86b8-11a46708a375,4c238326dfe9,Albert Heijn,2023,,Total,General,Unspecified,41,tonnes CO2e,0.80,high,statement_extraction,ah-duurzaamheidsverslag-2024-eng.pdf,4c238326dfe9,2025-10-25T17:32:16.335Z,2025-10-25T17:32:16.335Z,2025-10-25T17:32:16.335Z,1.0,active
97dddd5e-b419-499a-962e-0f21367bcc09,4c238326dfe9,Albert Heijn,2025,,Total,General,Unspecified,27.4,tonnes CO2e,0.65,medium,statement_extraction,ah-duurzaamheidsverslag-2024-eng.pdf,4c238326dfe9,2025-10-25T17:32:16.335Z,2025-10-25T17:32:16.335Z,2025-10-25T17:32:16.335Z,1.0,active
4f7212c1-2674-467c-b8a2-58e683151e2a,4c238326dfe9,Albert Heijn,2025,,Total,General,Unspecified,12,tonnes CO2e,0.65,medium,statement_extraction,ah-duurzaamheidsverslag-2024-eng.pdf,4c238326dfe9,2025-10-25T17:32:16.335Z,2025-10-25T17:32:16.335Z,2025-10-25T17:32:16.335Z,1.0,active
e52afac2-cd0b-4e0b-b7eb-1065f6fac5b9,4c238326dfe9,Albert Heijn,2025,,Total,General,Unspecified,14.2,tonnes CO2e,0.65,medium,statement_extraction,ah-duurzaamheidsverslag-2024-eng.pdf,4c238326dfe9,2025-10-25T17:32:16.335Z,2025-10-25T17:32:16.335Z,2025-10-25T17:32:16.335Z,1.0,active
f997b6e5-55e8-4ca7-b5dd-0f168f735a17,4c238326dfe9,Albert Heijn,2025,,Total,General,Unspecified,2.9,tonnes CO2e,0.65,medium,statement_extraction,ah-duurzaamheidsverslag-2024-eng.pdf,4c238326dfe9,2025-10-25T17:32:16.335Z,2025-10-25T17:32:16.335Z,2025-10-25T17:32:16.335Z,1.0,active
bb0501a4-218e-47b9-a3a3-40db52f2bb95,4c238326dfe9,Albert Heijn,2025,,Total,General,Unspecified,33.2,tonnes CO2e,0.65,medium,statement_extraction,ah-duurzaamheidsverslag-2024-eng.pdf,4c238326dfe9,2025-10-25T17:32:16.335Z,2025-10-25T17:32:16.335Z,2025-10-25T17:32:16.335Z,1.0,active
3462aac6-36c6-4642-8de3-bbd397001233,4c238326dfe9,Albert Heijn,2025,,Total,General,Unspecified,15.8,tonnes CO2e,0.65,medium,statement_extraction,ah-duurzaamheidsverslag-2024-eng.pdf,4c238326dfe9,2025-10-25T17:32:16.335Z,2025-10-25T17:32:16.335Z,2025-10-25T17:32:16.335Z,1.0,active
2ba9df16-6104-4eaf-800d-927219ba9cfd,4c238326dfe9,Albert Heijn,2025,,Total,General,Unspecified,53.7,tonnes CO2e,0.65,medium,statement_extraction,ah-duurzaamheidsverslag-2024-eng.pdf,4c238326dfe9,2025-10-25T17:32:16.335Z,2025-10-25T17:32:16.335Z,2025-10-25T17:32:16.335Z,1.0,active
80aa2dbc-4d53-422a-bfcb-9296bf98ad66,4c238326dfe9,Albert Heijn,2025,,Total,General,Unspecified,5.7,tonnes CO2e,0.65,medium,statement_extraction,ah-duurzaamheidsverslag-2024-eng.pdf,4c238326dfe9,2025-10-25T17:32:16.335Z,2025-10-25T17:32:16.335Z,2025-10-25T17:32:16.335Z,1.0,active
9f6d711f-fe7e-4619-aa95-e20b82144c8b,4c238326dfe9,Albert Heijn,2025,,Total,General,Unspecified,43.8,tonnes CO2e,0.65,medium,statement_extraction,ah-duurzaamheidsverslag-2024-eng.pdf,4c238326dfe9,2025-10-25T17:32:16.335Z,2025-10-25T17:32:16.335Z,2025-10-25T17:32:16.335Z,1.0,active
64bc7ca9-8af3-4813-a442-ddde47233b9f,4c238326dfe9,Albert Heijn,2025,,Total,General,Unspecified,60.3,tonnes CO2e,0.65,medium,statement_extraction,ah-duurzaamheidsverslag-2024-eng.pdf,4c238326dfe9,2025-10-25T17:32:16.335Z,2025-10-25T17:32:16.335Z,2025-10-25T17:32:16.335Z,1.0,active
0c48e041-220e-4f9b-baf6-35602aa4b783,4c238326dfe9,Albert Heijn,2024,,Total,General,Unspecified,18,tonnes CO2e,0.80,high,statement_extraction,ah-duurzaamheidsverslag-2024-eng.pdf,4c238326dfe9,2025-10-25T17:32:16.335Z,2025-10-25T17:32:16.335Z,2025-10-25T17:32:16.335Z,1.0,active
0e24d0f1-c14a-481e-8232-6d9972d4d548,4c238326dfe9,Albert Heijn,2025,,Total,General,Unspecified,2,tonnes CO2e,0.65,medium,statement_extraction,ah-duurzaamheidsverslag-2024-eng.pdf,4c238326dfe9,2025-10-25T17:32:16.335Z,2025-10-25T17:32:16.335Z,2025-10-25T17:32:16.335Z,1.0,active
90b8d962-6ec6-4e5b-9470-05db4590afbf,4c238326dfe9,Albert Heijn,2025,,Scope 1,General,Unspecified,59,tonnes CO2e,0.75,high,statement_extraction,ah-duurzaamheidsverslag-2024-eng.pdf,4c238326dfe9,2025-10-25T17:32:16.335Z,2025-10-25T17:32:16.335Z,2025-10-25T17:32:16.335Z,1.0,active
5a11e603-f174-4f40-84d3-681d90b31cf0,4c238326dfe9,Albert Heijn,2018,,Scope 1,General,Unspecified,89.6,tonnes CO2e,0.90,high,statement_extraction,ah-duurzaamheidsverslag-2024-eng.pdf,4c238326dfe9,2025-10-25T17:32:16.335Z,2025-10-25T17:32:16.335Z,2025-10-25T17:32:16.335Z,1.0,active
70487664-a6e8-45d2-a3e9-28e13163d184,4c238326dfe9,Albert Heijn,2025,,Scope 3,General,Unspecified,3.1,tonnes CO2e,0.75,high,statement_extraction,ah-duurzaamheidsverslag-2024-eng.pdf,4c238326dfe9,2025-10-25T17:32:16.335Z,2025-10-25T17:32:16.335Z,2025-10-25T17:32:16.335Z,1.0,active
d1d2d7a9-480d-4fa7-993f-09ff413394a7,4c238326dfe9,Albert Heijn,2025,,Scope 3,Transportation,Business Travel & Logistics,3.9,tonnes CO2e,0.85,high,statement_extraction,ah-duurzaamheidsverslag-2024-eng.pdf,4c238326dfe9,2025-10-25T17:32:16.335Z,2025-10-25T17:32:16.335Z,2025-10-25T17:32:16.335Z,1.0,active
710b8202-8adf-470c-8927-456b81aa4d4f,4c238326dfe9,Albert Heijn,2025,,Total,General,Unspecified,76,tonnes CO2e,0.65,medium,statement_extraction,ah-duurzaamheidsverslag-2024-eng.pdf,4c238326dfe9,2025-10-25T17:32:16.335Z,2025-10-25T17:32:16.335Z,2025-10-25T17:32:16.335Z,1.0,active
f0048fe7-4a49-421f-9613-ca524ab81a48,4c238326dfe9,Albert Heijn,2025,,Total,General,Unspecified,102,tonnes CO2e,0.65,medium,statement_extraction,ah-duurzaamheidsverslag-2024-eng.pdf,4c238326dfe9,2025-10-25T17:32:16.335Z,2025-10-25T17:32:16.335Z,2025-10-25T17:32:16.335Z,1.0,active
50132134-c82a-444e-9dd4-d48b4ba673a1,4c238326dfe9,Albert Heijn,2025,,Scope 1,General,Unspecified,68,tonnes CO2e,0.75,high,statement_extraction,ah-duurzaamheidsverslag-2024-eng.pdf,4c238326dfe9,2025-10-25T17:32:16.335Z,2025-10-25T17:32:16.335Z,2025-10-25T17:32:16.335Z,1.0,active
040125af-922c-426f-ba05-6195f132e579,4c238326dfe9,Albert Heijn,2025,,Scope 1,General,Unspecified,117,tonnes CO2e,0.75,high,statement_extraction,ah-duurzaamheidsverslag-2024-eng.pdf,4c238326dfe9,2025-10-25T17:32:16.335Z,2025-10-25T17:32:16.335Z,2025-10-25T17:32:16.335Z,1.0,active
28d33047-b0e6-4827-a127-da4c1ce070de,4c238326dfe9,Albert Heijn,2025,,Scope 1,Waste,Waste,117,tonnes CO2e,0.85,high,statement_extraction,ah-duurzaamheidsverslag-2024-eng.pdf,4c238326dfe9,2025-10-25T17:32:16.335Z,2025-10-25T17:32:16.335Z,2025-10-25T17:32:16.335Z,1.0,active
1ce4fd03-6070-465f-b61b-98f6fa21455a,4c238326dfe9,Albert Heijn,2024,,Total,Supply Chain,Supply Chain,2018,tonnes CO2e,0.90,high,statement_extraction,ah-duurzaamheidsverslag-2024-eng.pdf,4c238326dfe9,2025-10-25T17:32:16.335Z,2025-10-25T17:32:16.335Z,2025-10-25T17:32:16.335Z,1.0,active
50415bf1-6553-42a4-a44e-5cc3eb890b10,4c238326dfe9,Albert Heijn,2024,,Total,Supply Chain,Supply Chain,1519,tonnes CO2e,0.90,high,statement_extraction,ah-duurzaamheidsverslag-2024-eng.pdf,4c238326dfe9,2025-10-25T17:32:16.335Z,2025-10-25T17:32:16.335Z,2025-10-25T17:32:16.335Z,1.0,active
8ca233cf-99b8-4c01-8b57-dfea353c93dd,4c238326dfe9,Albert Heijn,2023,,Total,Waste,Waste,2.24,tonnes CO2e,0.90,high,statement_extraction,ah-duurzaamheidsverslag-2024-eng.pdf,4c238326dfe9,2025-10-25T17:32:16.335Z,2025-10-25T17:32:16.335Z,2025-10-25T17:32:16.335Z,1.0,active
bc6e4c81-9f7a-4389-ae4b-151e4bd7b28c,4c238326dfe9,Albert Heijn,2025,,Total,Waste,Waste,31600,tonnes CO2e,0.75,high,statement_extraction,ah-duurzaamheidsverslag-2024-eng.pdf,4c238326dfe9,2025-10-25T17:32:16.335Z,2025-10-25T17:32:16.335Z,2025-10-25T17:32:16.335Z,1.0,active
43af8e8c-ca0d-4062-80ef-4653c6f43dc1,4c238326dfe9,Albert Heijn,2025,,Total,Waste,Waste,16600,tonnes CO2e,0.75,high,statement_extraction,ah-duurzaamheidsverslag-2024-eng.pdf,4c238326dfe9,2025-10-25T17:32:16.335Z,2025-10-25T17:32:16.335Z,2025-10-25T17:32:16.335Z,1.0,active
a61df073-cf0f-4822-a06f-d20b06f2caa5,4c238326dfe9,Albert Heijn,2025,,Scope 1,Energy,Fossil Fuel Combustion,2040,tonnes CO2e,0.85,high,statement_extraction,ah-duurzaamheidsverslag-2024-eng.pdf,4c238326dfe9,2025-10-25T17:32:16.335Z,2025-10-25T17:32:16.335Z,2025-10-25T17:32:16.335Z,1.0,active
4fecd583-da23-490a-adcd-5229de36c059,4c238326dfe9,Albert Heijn,2024,,Scope 1,Energy,Fossil Fuel Combustion,2,tonnes CO2e,1.00,high,statement_extraction,ah-duurzaamheidsverslag-2024-eng.pdf,4c238326dfe9,2025-10-25T17:32:16.335Z,2025-10-25T17:32:16.335Z,2025-10-25T17:32:16.335Z,1.0,active
3ebbef6c-ffc2-42b9-b5f4-0e8c8163edd1,4c238326dfe9,Albert Heijn,2024,,Scope 1,General,Unspecified,2,tonnes CO2e,0.90,high,statement_extraction,ah-duurzaamheidsverslag-2024-eng.pdf,4c238326dfe9,2025-10-25T17:32:16.335Z,2025-10-25T17:32:16.335Z,2025-10-25T17:32:16.335Z,1.0,active
e3f2eada-f5c1-4fc5-9bf5-cdeda29993ca,4c238326dfe9,Albert Heijn,2024,,Scope 1,Waste,Waste,2,tonnes CO2e,1.00,high,statement_extraction,ah-duurzaamheidsverslag-2024-eng.pdf,4c238326dfe9,2025-10-25T17:32:16.335Z,2025-10-25T17:32:16.335Z,2025-10-25T17:32:16.335Z,1.0,active
2e35d747-5a6a-4c28-84dc-f02ecf34bf0a,4c238326dfe9,Albert Heijn,2025,,Scope 1,General,Unspecified,0.4,tonnes CO2e,0.75,high,statement_extraction,ah-duurzaamheidsverslag-2024-eng.pdf,4c238326dfe9,2025-10-25T17:32:16.335Z,2025-10-25T17:32:16.335Z,2025-10-25T17:32:16.335Z,1.0,active
3bf89690-7682-43db-9d53-eff02dc2964c,4c238326dfe9,Albert Heijn,2018,,Scope 1,General,Unspecified,2018,tonnes CO2e,0.90,high,statement_extraction,ah-duurzaamheidsverslag-2024-eng.pdf,4c238326dfe9,2025-10-25T17:32:16.335Z,2025-10-25T17:32:16.335Z,2025-10-25T17:32:16.335Z,1.0,active
e432e744-328b-4ec1-91d8-d8a9177c48cd,4c238326dfe9,Albert Heijn,2025,,Scope 1,Waste,Waste,59,tonnes CO2e,0.85,high,statement_extraction,ah-duurzaamheidsverslag-2024-eng.pdf,4c238326dfe9,2025-10-25T17:32:16.335Z,2025-10-25T17:32:16.335Z,2025-10-25T17:32:16.335Z,1.0,active
1716fa52-044d-40ba-aa85-79f3cf8a9b25,4c238326dfe9,Albert Heijn,2025,,Scope 2,General,Unspecified,59,tonnes CO2e,0.75,high,statement_extraction,ah-duurzaamheidsverslag-2024-eng.pdf,4c238326dfe9,2025-10-25T17:32:16.335Z,2025-10-25T17:32:16.335Z,2025-10-25T17:32:16.335Z,1.0,active
460f30ba-5362-4279-8f51-35265ce95801,4c238326dfe9,Albert Heijn,2024,,Scope 3,Waste,Waste Disposal & Treatment,45,tonnes CO2e,1.00,high,statement_extraction,ah-duurzaamheidsverslag-2024-eng.pdf,4c238326dfe9,2025-10-25T17:32:16.335Z,2025-10-25T17:32:16.335Z,2025-10-25T17:32:16.335Z,1.0,active
e1551787-9f75-4636-97bc-8a5a70964dea,4c238326dfe9,Albert Heijn,2018,,Scope 3,Energy,Energy-Related Activities,9285,tonnes CO2e,1.00,high,statement_extraction,ah-duurzaamheidsverslag-2024-eng.pdf,4c238326dfe9,2025-10-25T17:32:16.335Z,2025-10-25T17:32:16.335Z,2025-10-25T17:32:16.335Z,1.0,active
6181d434-63f1-4f39-9ba7-2b50bb1d09da,4c238326dfe9,Albert Heijn,2024,,Scope 3,Waste,Waste Disposal & Treatment,2024,tonnes CO2e,1.00,high,statement_extraction,ah-duurzaamheidsverslag-2024-eng.pdf,4c238326dfe9,2025-10-25T17:32:16.335Z,2025-10-25T17:32:16.335Z,2025-10-25T17:32:16.335Z,1.0,active
8fdbdf7c-7818-4b62-bfdf-37fc1bb4feb6,4c238326dfe9,Albert Heijn,2025,,Scope 3,Supply Chain,Supply Chain,2030,tonnes CO2e,1.00,high,statement_extraction,ah-duurzaamheidsverslag-2024-eng.pdf,4c238326dfe9,2025-10-25T17:32:16.335Z,2025-10-25T17:32:16.335Z,2025-10-25T17:32:16.335Z,1.0,active
acd47042-98f7-40b7-9d2b-354f88f20cab,4c238326dfe9,Albert Heijn,2025,,Scope 3,General,Unspecified,99.6,tonnes CO2e,0.75,high,statement_extraction,ah-duurzaamheidsverslag-2024-eng.pdf,4c238326dfe9,2025-10-25T17:32:16.335Z,2025-10-25T17:32:16.335Z,2025-10-25T17:32:16.335Z,1.0,active
7d539916-28a6-4adb-8f3f-7640163a5a3c,4c238326dfe9,Albert Heijn,2018,,Scope 3,General,Unspecified,95,tonnes CO2e,0.90,high,statement_extraction,ah-duurzaamheidsverslag-2024-eng.pdf,4c238326dfe9,2025-10-25T17:32:16.335Z,2025-10-25T17:32:16.335Z,2025-10-25T17:32:16.335Z,1.0,active
401400e2-7125-445d-bdb5-0c28df1d1730,4c238326dfe9,Albert Heijn,2018,,Scope 3,General,Unspecified,1,tonnes CO2e,0.90,high,statement_extraction,ah-duurzaamheidsverslag-2024-eng.pdf,4c238326dfe9,2025-10-25T17:32:16.335Z,2025-10-25T17:32:16.335Z,2025-10-25T17:32:16.335Z,1.0,active
376a6a7a-d986-439f-abd0-36bfb6bc4488,4c238326dfe9,Albert Heijn,2025,,Scope 3,Energy,Energy-Related Activities,3.9,tonnes CO2e,0.85,high,statement_extraction,ah-duurzaamheidsverslag-2024-eng.pdf,4c238326dfe9,2025-10-25T17:32:16.335Z,2025-10-25T17:32:16.335Z,2025-10-25T17:32:16.335Z,1.0,active
8fba5bc4-334d-4c6d-81d4-47ed815b4468,4c238326dfe9,Albert Heijn,2025,,Scope 3,Transportation,Business Travel & Logistics,11,tonnes CO2e,0.85,high,statement_extraction,ah-duurzaamheidsverslag-2024-eng.pdf,4c238326dfe9,2025-10-25T17:32:16.335Z,2025-10-25T17:32:16.335Z,2025-10-25T17:32:16.335Z,1.0,active
fc977ccf-bab5-4c51-a3f0-1765d440b90f,4c238326dfe9,Albert Heijn,2025,,Scope 3,General,Unspecified,11,tonnes CO2e,0.75,high,statement_extraction,ah-duurzaamheidsverslag-2024-eng.pdf,4c238326dfe9,2025-10-25T17:32:16.335Z,2025-10-25T17:32:16.335Z,2025-10-25T17:32:16.335Z,1.0,active
6d60bc64-4d76-42ba-af51-b586fb1529a5,4c238326dfe9,Albert Heijn,2025,,Scope 3,General,Unspecified,14,tonnes CO2e,0.75,high,statement_extraction,ah-duurzaamheidsverslag-2024-eng.pdf,4c238326dfe9,2025-10-25T17:32:16.335Z,2025-10-25T17:32:16.335Z,2025-10-25T17:32:16.335Z,1.0,active
d0a38ce4-0b70-4154-b37b-de75fcbd82d8,4c238326dfe9,Albert Heijn,2023,,Scope 3,General,Unspecified,3.1,tonnes CO2e,0.90,high,statement_extraction,ah-duurzaamheidsverslag-2024-eng.pdf,4c238326dfe9,2025-10-25T17:32:16.335Z,2025-10-25T17:32:16.335Z,2025-10-25T17:32:16.335Z,1.0,active
eba2fd20-b658-4961-a8da-2f9bf5eff17d,4c238326dfe9,Albert Heijn,2025,,Scope 3,General,Unspecified,68,tonnes CO2e,0.75,high,statement_extraction,ah-duurzaamheidsverslag-2024-eng.pdf,4c238326dfe9,2025-10-25T17:32:16.335Z,2025-10-25T17:32:16.335Z,2025-10-25T17:32:16.335Z,1.0,active
c59e163a-4737-4506-98e9-b7cb8ec98599,9fdad03ea5db,Albert Heijn,2023,,Total,General,Unspecified,400,tonnes CO2e,0.80,high,statement_extraction,ah-duurzaamheidsverslag-2024.pdf,9fdad03ea5db,2025-10-25T17:32:16.335Z,2025-10-25T17:32:16.335Z,2025-10-25T17:32:16.335Z,1.0,active
aceca316-7296-498b-b331-7b385b9e9d71,9fdad03ea5db,Albert Heijn,2024,,Total,General,Unspecified,9.48,kt CO2e,0.80,high,statement_extraction,ah-duurzaamheidsverslag-2024.pdf,9fdad03ea5db,2025-10-25T17:32:16.335Z,2025-10-25T17:32:16.335Z,2025-10-25T17:32:16.335Z,1.0,active
261a452e-1f9a-4942-aebb-33619d00acd6,9fdad03ea5db,Albert Heijn,2025,,Scope 1,General,Unspecified,1,tonnes CO2e,0.75,high,statement_extraction,ah-duurzaamheidsverslag-2024.pdf,9fdad03ea5db,2025-10-25T17:32:16.335Z,2025-10-25T17:32:16.335Z,2025-10-25T17:32:16.335Z,1.0,active
e5f009ab-bc48-43d9-92fd-5155f43e4bad,9fdad03ea5db,Albert Heijn,2025,,Scope 1,General,Unspecified,997,tonnes CO2e,0.75,high,statement_extraction,ah-duurzaamheidsverslag-2024.pdf,9fdad03ea5db,2025-10-25T17:32:16.335Z,2025-10-25T17:32:16.335Z,2025-10-25T17:32:16.335Z,1.0,active
75ab1093-525e-4880-9da4-a70163d39d1e,9fdad03ea5db,Albert Heijn,2025,,Scope 3,General,Unspecified,3,tonnes CO2e,0.75,high,statement_extraction,ah-duurzaamheidsverslag-2024.pdf,9fdad03ea5db,2025-10-25T17:32:16.335Z,2025-10-25T17:32:16.335Z,2025-10-25T17:32:16.335Z,1.0,active
5d01708e-0445-4a9e-bb11-50f25e62e22b,9fdad03ea5db,Albert Heijn,2025,,Scope 1,General,Unspecified,3,tonnes CO2e,0.75,high,statement_extraction,ah-duurzaamheidsverslag-2024.pdf,9fdad03ea5db,2025-10-25T17:32:16.335Z,2025-10-25T17:32:16.335Z,2025-10-25T17:32:16.335Z,1.0,active
ea7bc253-5d9e-408a-93e6-2554c3f1f881,9fdad03ea5db,Albert Heijn,2018,,Scope 1,General,Unspecified,2,tonnes CO2e,0.90,high,statement_extraction,ah-duurzaamheidsverslag-2024.pdf,9fdad03ea5db,2025-10-25T17:32:16.335Z,2025-10-25T17:32:16.335Z,2025-10-25T17:32:16.335Z,1.0,active
b6c8a71e-a935-48d4-85b8-a63a76699490,9fdad03ea5db,Albert Heijn,2018,,Scope 3,General,Unspecified,3,tonnes CO2e,0.90,high,statement_extraction,ah-duurzaamheidsverslag-2024.pdf,9fdad03ea5db,2025-10-25T17:32:16.335Z,2025-10-25T17:32:16.335Z,2025-10-25T17:32:16.335Z,1.0,active
0d0ee9d7-3325-4e41-ab12-4984e64abbb4,9fdad03ea5db,Albert Heijn,2025,,Scope 1,General,Unspecified,2,tonnes CO2e,0.75,high,statement_extraction,ah-duurzaamheidsverslag-2024.pdf,9fdad03ea5db,2025-10-25T17:32:16.335Z,2025-10-25T17:32:16.335Z,2025-10-25T17:32:16.335Z,1.0,active
a26b9ff4-6c08-4688-a83d-a1f1ad59d316,9fdad03ea5db,Albert Heijn,2025,,Scope 1,Transportation,Company Vehicles,2,tonnes CO2e,0.85,high,statement_extraction,ah-duurzaamheidsverslag-2024.pdf,9fdad03ea5db,2025-10-25T17:32:16.335Z,2025-10-25T17:32:16.335Z,2025-10-25T17:32:16.335Z,1.0,active
7452e382-1b8e-4f72-9b78-a321b60ad4b9,9fdad03ea5db,Albert Heijn,2025,,Scope 3,Direct Emissions,Value Chain,997,tonnes CO2e,0.85,high,statement_extraction,ah-duurzaamheidsverslag-2024.pdf,9fdad03ea5db,2025-10-25T17:32:16.335Z,2025-10-25T17:32:16.335Z,2025-10-25T17:32:16.335Z,1.0,active
7623ac25-87e7-49a4-9c92-19512ccb4f03,9fdad03ea5db,Albert Heijn,2024,,Scope 3,General,Unspecified,3,tonnes CO2e,0.90,high,statement_extraction,ah-duurzaamheidsverslag-2024.pdf,9fdad03ea5db,2025-10-25T17:32:16.335Z,2025-10-25T17:32:16.335Z,2025-10-25T17:32:16.335Z,1.0,active
f1c76266-04bf-40ae-b70c-9c2714fc1a13,9fdad03ea5db,Albert Heijn,2018,,Scope 3,General,Unspecified,2050,tonnes CO2e,0.90,high,statement_extraction,ah-duurzaamheidsverslag-2024.pdf,9fdad03ea5db,2025-10-25T17:32:16.335Z,2025-10-25T17:32:16.335Z,2025-10-25T17:32:16.335Z,1.0,active
0c084241-3269-4d6b-aec4-609e5be5cc18,9fdad03ea5db,Albert Heijn,2025,,Scope 3,General,Unspecified,8.889,kt CO2e,0.75,high,statement_extraction,ah-duurzaamheidsverslag-2024.pdf,9fdad03ea5db,2025-10-25T17:32:16.335Z,2025-10-25T17:32:16.335Z,2025-10-25T17:32:16.335Z,1.0,active
6151bd11-bc20-4709-80b7-68ea79ecf1d9,9fdad03ea5db,Albert Heijn,2025,,Scope 3,General,Unspecified,1,tonnes CO2e,0.90,high,statement_extraction,ah-duurzaamheidsverslag-2024.pdf,9fdad03ea5db,2025-10-25T17:32:16.335Z,2025-10-25T17:32:16.335Z,2025-10-25T17:32:16.335Z,1.0,active
29b19c8c-8fde-4868-8e27-77e3edda6d8b,9fdad03ea5db,Albert Heijn,2030,1,Scope 3,General,Unspecified,2050,tonnes CO2e,0.90,high,statement_extraction,ah-duurzaamheidsverslag-2024.pdf,9fdad03ea5db,2025-10-25T17:32:16.335Z,2025-10-25T17:32:16.335Z,2025-10-25T17:32:16.335Z,1.0,active
28e66699-2d88-4176-a823-6f448f87a84f,9fdad03ea5db,Albert Heijn,2025,,Total,General,Unspecified,32,tonnes CO2e,0.65,medium,statement_extraction,ah-duurzaamheidsverslag-2024.pdf,9fdad03ea5db,2025-10-25T17:32:16.335Z,2025-10-25T17:32:16.335Z,2025-10-25T17:32:16.335Z,1.0,active
0afac4c3-9553-4a73-9a94-2cd1700ed93f,9fdad03ea5db,Albert Heijn,2025,,Total,General,Unspecified,46,tonnes CO2e,0.65,medium,statement_extraction,ah-duurzaamheidsverslag-2024.pdf,9fdad03ea5db,2025-10-25T17:32:16.335Z,2025-10-25T17:32:16.335Z,2025-10-25T17:32:16.335Z,1.0,active
ffb3a31d-a040-4ddf-92ea-57111b8a890c,9fdad03ea5db,Albert Heijn,2025,,Total,General,Unspecified,120,tonnes CO2e,0.65,medium,statement_extraction,ah-duurzaamheidsverslag-2024.pdf,9fdad03ea5db,2025-10-25T17:32:16.335Z,2025-10-25T17:32:16.335Z,2025-10-25T17:32:16.335Z,1.0,active
90a81998-b6a1-4ed7-bab6-eb2c37d869dd,9fdad03ea5db,Albert Heijn,2025,,Total,General,Unspecified,142,tonnes CO2e,0.65,medium,statement_extraction,ah-duurzaamheidsverslag-2024.pdf,9fdad03ea5db,2025-10-25T17:32:16.335Z,2025-10-25T17:32:16.335Z,2025-10-25T17:32:16.335Z,1.0,active
84612fd9-9447-4555-af50-742e124c64f9,9fdad03ea5db,Albert Heijn,2025,,Total,General,Unspecified,3,tonnes CO2e,0.65,medium,statement_extraction,ah-duurzaamheidsverslag-2024.pdf,9fdad03ea5db,2025-10-25T17:32:16.335Z,2025-10-25T17:32:16.335Z,2025-10-25T17:32:16.335Z,1.0,active
bd7f18b2-926e-4da8-800b-77a0fa22b79c,9fdad03ea5db,Albert Heijn,2025,,Total,General,Unspecified,57,tonnes CO2e,0.65,medium,statement_extraction,ah-duurzaamheidsverslag-2024.pdf,9fdad03ea5db,2025-10-25T17:32:16.335Z,2025-10-25T17:32:16.335Z,2025-10-25T17:32:16.335Z,1.0,active
19bee956-86f3-48cd-a54c-1b0a77305363,9fdad03ea5db,Albert Heijn,2025,,Total,General,Unspecified,438,tonnes CO2e,0.65,medium,statement_extraction,ah-duurzaamheidsverslag-2024.pdf,9fdad03ea5db,2025-10-25T17:32:16.335Z,2025-10-25T17:32:16.335Z,2025-10-25T17:32:16.335Z,1.0,active
69021dbd-3b22-4edb-9caf-a7aa928dd225,9fdad03ea5db,Albert Heijn,2025,,Total,General,Unspecified,603,tonnes CO2e,0.65,medium,statement_extraction,ah-duurzaamheidsverslag-2024.pdf,9fdad03ea5db,2025-10-25T17:32:16.335Z,2025-10-25T17:32:16.335Z,2025-10-25T17:32:16.335Z,1.0,active
4d953e66-e153-4768-848d-dc0df6304881,9fdad03ea5db,Albert Heijn,2024,,Total,General,Unspecified,18,tonnes CO2e,0.80,high,statement_extraction,ah-duurzaamheidsverslag-2024.pdf,9fdad03ea5db,2025-10-25T17:32:16.335Z,2025-10-25T17:32:16.335Z,2025-10-25T17:32:16.335Z,1.0,active
329953c8-544f-4a6b-b595-ba77d92c24b0,9fdad03ea5db,Albert Heijn,2025,,Scope 1,General,Unspecified,59,tonnes CO2e,0.75,high,statement_extraction,ah-duurzaamheidsverslag-2024.pdf,9fdad03ea5db,2025-10-25T17:32:16.335Z,2025-10-25T17:32:16.335Z,2025-10-25T17:32:16.335Z,1.0,active
b58d1da5-be86-469c-96bb-ba633ca58c4d,9fdad03ea5db,Albert Heijn,2018,,Scope 1,General,Unspecified,89.6,tonnes CO2e,0.90,high,statement_extraction,ah-duurzaamheidsverslag-2024.pdf,9fdad03ea5db,2025-10-25T17:32:16.335Z,2025-10-25T17:32:16.335Z,2025-10-25T17:32:16.335Z,1.0,active
86f87e42-755a-456a-8c0b-c0e0634f1fac,9fdad03ea5db,Albert Heijn,2025,,Scope 3,General,Unspecified,3.1,tonnes CO2e,0.75,high,statement_extraction,ah-duurzaamheidsverslag-2024.pdf,9fdad03ea5db,2025-10-25T17:32:16.335Z,2025-10-25T17:32:16.335Z,2025-10-25T17:32:16.335Z,1.0,active
372c605e-37cc-469f-b7e2-632b40112b49,9fdad03ea5db,Albert Heijn,2025,,Scope 3,Transportation,Business Travel & Logistics,3.9,tonnes CO2e,0.85,high,statement_extraction,ah-duurzaamheidsverslag-2024.pdf,9fdad03ea5db,2025-10-25T17:32:16.335Z,2025-10-25T17:32:16.335Z,2025-10-25T17:32:16.335Z,1.0,active
2f8e533a-adfb-4eb9-9fbf-4ce4e3299e01,9fdad03ea5db,Albert Heijn,2025,,Scope 1,General,Unspecified,68,tonnes CO2e,0.75,high,statement_extraction,ah-duurzaamheidsverslag-2024.pdf,9fdad03ea5db,2025-10-25T17:32:16.335Z,2025-10-25T17:32:16.335Z,2025-10-25T17:32:16.335Z,1.0,active
5c034e79-6ba8-4a3c-9781-a0d4f5d0a0fd,9fdad03ea5db,Albert Heijn,2025,,Scope 1,General,Unspecified,117,tonnes CO2e,0.75,high,statement_extraction,ah-duurzaamheidsverslag-2024.pdf,9fdad03ea5db,2025-10-25T17:32:16.335Z,2025-10-25T17:32:16.335Z,2025-10-25T17:32:16.335Z,1.0,active
2682716e-fe72-4017-adae-32adeadcd8e9,9fdad03ea5db,Albert Heijn,2024,,Total,General,Unspecified,1.519,tonnes CO2e,0.80,high,statement_extraction,ah-duurzaamheidsverslag-2024.pdf,9fdad03ea5db,2025-10-25T17:32:16.335Z,2025-10-25T17:32:16.335Z,2025-10-25T17:32:16.335Z,1.0,active
9bf66bbb-3b07-41d1-83b5-22b426d81461,9fdad03ea5db,Albert Heijn,2016,,Total,General,Unspecified,224,tonnes CO2e,0.80,high,statement_extraction,ah-duurzaamheidsverslag-2024.pdf,9fdad03ea5db,2025-10-25T17:32:16.335Z,2025-10-25T17:32:16.335Z,2025-10-25T17:32:16.335Z,1.0,active
02f330af-a501-47c0-9e4a-92a06c2f26e7,9fdad03ea5db,Albert Heijn,2025,,Total,General,Unspecified,31.6,kt CO2e,0.65,medium,statement_extraction,ah-duurzaamheidsverslag-2024.pdf,9fdad03ea5db,2025-10-25T17:32:16.335Z,2025-10-25T17:32:16.335Z,2025-10-25T17:32:16.335Z,1.0,active
e2febb4a-cd8d-4aa1-ba68-024d402a65b4,9fdad03ea5db,Albert Heijn,2025,,Total,General,Unspecified,16.6,kt CO2e,0.65,medium,statement_extraction,ah-duurzaamheidsverslag-2024.pdf,9fdad03ea5db,2025-10-25T17:32:16.335Z,2025-10-25T17:32:16.335Z,2025-10-25T17:32:16.335Z,1.0,active
27821875-7eca-4a5f-8857-4c451463da4e,9fdad03ea5db,Albert Heijn,2024,,Scope 1,General,Unspecified,3,tonnes CO2e,0.90,high,statement_extraction,ah-duurzaamheidsverslag-2024.pdf,9fdad03ea5db,2025-10-25T17:32:16.335Z,2025-10-25T17:32:16.335Z,2025-10-25T17:32:16.335Z,1.0,active
49dcdd28-2acf-42a9-bc73-ceabdab338e6,9fdad03ea5db,Albert Heijn,2018,,Scope 1,General,Unspecified,2018,tonnes CO2e,0.90,high,statement_extraction,ah-duurzaamheidsverslag-2024.pdf,9fdad03ea5db,2025-10-25T17:32:16.335Z,2025-10-25T17:32:16.335Z,2025-10-25T17:32:16.335Z,1.0,active
5633b620-cf7a-43d7-ad4f-91d346d1601a,9fdad03ea5db,Albert Heijn,2024,,Scope 1,General,Unspecified,2,tonnes CO2e,0.90,high,statement_extraction,ah-duurzaamheidsverslag-2024.pdf,9fdad03ea5db,2025-10-25T17:32:16.335Z,2025-10-25T17:32:16.335Z,2025-10-25T17:32:16.335Z,1.0,active
770c6b2d-6128-41cd-8f92-d0854234f5e7,9fdad03ea5db,Albert Heijn,2025,,Scope 1,General,Unspecified,4,tonnes CO2e,0.75,high,statement_extraction,ah-duurzaamheidsverslag-2024.pdf,9fdad03ea5db,2025-10-25T17:32:16.335Z,2025-10-25T17:32:16.335Z,2025-10-25T17:32:16.335Z,1.0,active
dd4d783e-324f-48ed-bdfe-27892c525479,9fdad03ea5db,Albert Heijn,2025,,Scope 2,General,Unspecified,59,tonnes CO2e,0.75,high,statement_extraction,ah-duurzaamheidsverslag-2024.pdf,9fdad03ea5db,2025-10-25T17:32:16.335Z,2025-10-25T17:32:16.335Z,2025-10-25T17:32:16.335Z,1.0,active
70ef0960-021d-41af-9673-736d74264855,9fdad03ea5db,Albert Heijn,2018,,Scope 3,General,Unspecified,2018,tonnes CO2e,0.90,high,statement_extraction,ah-duurzaamheidsverslag-2024.pdf,9fdad03ea5db,2025-10-25T17:32:16.335Z,2025-10-25T17:32:16.335Z,2025-10-25T17:32:16.335Z,1.0,active
068212d6-1d05-430f-9eea-f19ede1b29a7,9fdad03ea5db,Albert Heijn,2024,,Scope 3,Direct Emissions,Value Chain,997,tonnes CO2e,1.00,high,statement_extraction,ah-duurzaamheidsverslag-2024.pdf,9fdad03ea5db,2025-10-25T17:32:16.335Z,2025-10-25T17:32:16.335Z,2025-10-25T17:32:16.335Z,1.0,active
ae800236-bc40-46e1-a00e-1bc220062327,9fdad03ea5db,Albert Heijn,2024,,Scope 3,General,Unspecified,2030,tonnes CO2e,0.90,high,statement_extraction,ah-duurzaamheidsverslag-2024.pdf,9fdad03ea5db,2025-10-25T17:32:16.335Z,2025-10-25T17:32:16.335Z,2025-10-25T17:32:16.335Z,1.0,active
ebaa719c-3fa9-4baa-b735-66eb7bbe9221,9fdad03ea5db,Albert Heijn,2023,,Scope 3,General,Unspecified,8.889,tonnes CO2e,0.90,high,statement_extraction,ah-duurzaamheidsverslag-2024.pdf,9fdad03ea5db,2025-10-25T17:32:16.335Z,2025-10-25T17:32:16.335Z,2025-10-25T17:32:16.335Z,1.0,active
dfbb9814-2db9-40a9-b598-b8392fed9619,9fdad03ea5db,Albert Heijn,2018,,Scope 3,Transportation,Business Travel & Logistics,9.285,tonnes CO2e,1.00,high,statement_extraction,ah-duurzaamheidsverslag-2024.pdf,9fdad03ea5db,2025-10-25T17:32:16.335Z,2025-10-25T17:32:16.335Z,2025-10-25T17:32:16.335Z,1.0,active
3f7f4562-a909-4352-a209-6088b17bbe9b,9fdad03ea5db,Albert Heijn,2025,,Scope 3,General,Unspecified,2025,tonnes CO2e,0.90,high,statement_extraction,ah-duurzaamheidsverslag-2024.pdf,9fdad03ea5db,2025-10-25T17:32:16.335Z,2025-10-25T17:32:16.335Z,2025-10-25T17:32:16.335Z,1.0,active
363c8f19-a46d-4e87-b586-9d5daf06335b,9fdad03ea5db,Albert Heijn,2024,,Scope 3,Transportation,Business Travel & Logistics,2024,tonnes CO2e,1.00,high,statement_extraction,ah-duurzaamheidsverslag-2024.pdf,9fdad03ea5db,2025-10-25T17:32:16.335Z,2025-10-25T17:32:16.335Z,2025-10-25T17:32:16.335Z,1.0,active
8dfc7026-4ebf-4be1-a0d0-5543bb251ac1,9fdad03ea5db,Albert Heijn,2025,,Scope 3,General,Unspecified,2030,tonnes CO2e,0.90,high,statement_extraction,ah-duurzaamheidsverslag-2024.pdf,9fdad03ea5db,2025-10-25T17:32:16.335Z,2025-10-25T17:32:16.335Z,2025-10-25T17:32:16.335Z,1.0,active
810fc33f-1347-4c85-8001-1a21dce1ef66,9fdad03ea5db,Albert Heijn,2025,,Scope 3,General,Unspecified,996,tonnes CO2e,0.75,high,statement_extraction,ah-duurzaamheidsverslag-2024.pdf,9fdad03ea5db,2025-10-25T17:32:16.335Z,2025-10-25T17:32:16.335Z,2025-10-25T17:32:16.335Z,1.0,active
4da9c181-7390-42d8-bee5-aa6249c37d2e,9fdad03ea5db,Albert Heijn,2018,,Scope 3,General,Unspecified,95,tonnes CO2e,0.90,high,statement_extraction,ah-duurzaamheidsverslag-2024.pdf,9fdad03ea5db,2025-10-25T17:32:16.335Z,2025-10-25T17:32:16.335Z,2025-10-25T17:32:16.335Z,1.0,active
3b9df27a-6a4b-4b73-9f3c-f4ca1ba79e50,9fdad03ea5db,Albert Heijn,2025,,Scope 3,Transportation,Business Travel & Logistics,11,tonnes CO2e,0.85,high,statement_extraction,ah-duurzaamheidsverslag-2024.pdf,9fdad03ea5db,2025-10-25T17:32:16.335Z,2025-10-25T17:32:16.335Z,2025-10-25T17:32:16.335Z,1.0,active
2a4e219f-f587-45f0-9a6f-d191178aa7bb,9fdad03ea5db,Albert Heijn,2025,,Scope 3,General,Unspecified,12,tonnes CO2e,0.75,high,statement_extraction,ah-duurzaamheidsverslag-2024.pdf,9fdad03ea5db,2025-10-25T17:32:16.335Z,2025-10-25T17:32:16.335Z,2025-10-25T17:32:16.335Z,1.0,active
dc759e24-1cff-438d-8075-bacac253f9d9,9fdad03ea5db,Albert Heijn,2025,,Scope 3,General,Unspecified,14,tonnes CO2e,0.75,high,statement_extraction,ah-duurzaamheidsverslag-2024.pdf,9fdad03ea5db,2025-10-25T17:32:16.335Z,2025-10-25T17:32:16.335Z,2025-10-25T17:32:16.335Z,1.0,active
cdf5152b-8391-4650-ba24-ce0f677a15fe,9fdad03ea5db,Albert Heijn,2023,,Scope 3,General,Unspecified,3.1,tonnes CO2e,0.90,high,statement_extraction,ah-duurzaamheidsverslag-2024.pdf,9fdad03ea5db,2025-10-25T17:32:16.335Z,2025-10-25T17:32:16.335Z,2025-10-25T17:32:16.335Z,1.0,active
52f7b4d0-c7bf-4041-a478-68bd32e0c522,9fdad03ea5db,Albert Heijn,2025,,Scope 3,General,Unspecified,68,tonnes CO2e,0.75,high,statement_extraction,ah-duurzaamheidsverslag-2024.pdf,9fdad03ea5db,2025-10-25T17:32:16.335Z,2025-10-25T17:32:16.335Z,2025-10-25T17:32:16.335Z,1.0,active
a14ad048-a12d-4941-9ce9-a582c8e857f2,b55f208396d9,Unknown Company,2025,,Total,General,Unspecified,1.3,tonnes CO2e,0.50,medium,statement_extraction,Annual-Report-2024.pdf,b55f208396d9,2025-10-25T17:32:16.335Z,2025-10-25T17:32:16.335Z,2025-10-25T17:32:16.335Z,1.0,active
9bb5373b-a618-485a-a0c7-e52f267d9743,b55f208396d9,Unknown Company,2025,,Total,General,Unspecified,36.1,tonnes CO2e,0.50,medium,statement_extraction,Annual-Report-2024.pdf,b55f208396d9,2025-10-25T17:32:16.335Z,2025-10-25T17:32:16.335Z,2025-10-25T17:32:16.335Z,1.0,active
e5d05791-4bba-4f0a-9088-262b3c6fdf32,b55f208396d9,Unknown Company,2025,,Total,General,Unspecified,0.08,tonnes CO2e,0.50,medium,statement_extraction,Annual-Report-2024.pdf,b55f208396d9,2025-10-25T17:32:16.335Z,2025-10-25T17:32:16.335Z,2025-10-25T17:32:16.335Z,1.0,active
e449dccf-5539-41e3-9d70-5bb7bad02bea,b55f208396d9,Unknown Company,2023,,Total,General,Unspecified,2.02,tonnes CO2e,0.65,medium,statement_extraction,Annual-Report-2024.pdf,b55f208396d9,2025-10-25T17:32:16.335Z,2025-10-25T17:32:16.335Z,2025-10-25T17:32:16.335Z,1.0,active
41819487-215c-446e-9028-52be0b2224e5,b55f208396d9,Unknown Company,2023,,Total,General,Unspecified,1000,tonnes CO2e,0.65,medium,statement_extraction,Annual-Report-2024.pdf,b55f208396d9,2025-10-25T17:32:16.335Z,2025-10-25T17:32:16.335Z,2025-10-25T17:32:16.335Z,1.0,active
9363939e-e8b7-4b37-915d-9a1f700a1c64,b55f208396d9,Unknown Company,2025,,Total,General,Unspecified,7,tonnes CO2e,0.50,medium,statement_extraction,Annual-Report-2024.pdf,b55f208396d9,2025-10-25T17:32:16.335Z,2025-10-25T17:32:16.335Z,2025-10-25T17:32:16.335Z,1.0,active
69dbb3b0-76cc-490c-a22c-491757e326a4,b55f208396d9,Unknown Company,2023,,Total,General,Unspecified,431,tonnes CO2e,0.65,medium,statement_extraction,Annual-Report-2024.pdf,b55f208396d9,2025-10-25T17:32:16.335Z,2025-10-25T17:32:16.335Z,2025-10-25T17:32:16.335Z,1.0,active
068fca84-5f34-4060-ab2e-0901258a9fd5,b55f208396d9,Unknown Company,2025,,Total,General,Unspecified,1,tonnes CO2e,0.50,medium,statement_extraction,Annual-Report-2024.pdf,b55f208396d9,2025-10-25T17:32:16.335Z,2025-10-25T17:32:16.335Z,2025-10-25T17:32:16.335Z,1.0,active
949940e4-c55e-4730-847a-22e4013f550b,b55f208396d9,Unknown Company,2024,,Total,General,Unspecified,1140,tonnes CO2e,0.65,medium,statement_extraction,Annual-Report-2024.pdf,b55f208396d9,2025-10-25T17:32:16.335Z,2025-10-25T17:32:16.335Z,2025-10-25T17:32:16.335Z,1.0,active
e5edb2f9-4784-48f1-823d-853be8411ec9,b55f208396d9,Unknown Company,2025,,Total,General,Unspecified,5,tonnes CO2e,0.50,medium,statement_extraction,Annual-Report-2024.pdf,b55f208396d9,2025-10-25T17:32:16.335Z,2025-10-25T17:32:16.335Z,2025-10-25T17:32:16.335Z,1.0,active
b24681eb-59a0-4ac7-9d52-378dac757ecb,b55f208396d9,Unknown Company,2025,,Total,General,Unspecified,1414,tonnes CO2e,0.50,medium,statement_extraction,Annual-Report-2024.pdf,b55f208396d9,2025-10-25T17:32:16.335Z,2025-10-25T17:32:16.335Z,2025-10-25T17:32:16.335Z,1.0,active
145e9163-da88-4db7-9c65-e075ae7f4510,b55f208396d9,Unknown Company,2025,,Total,General,Unspecified,140,tonnes CO2e,0.50,medium,statement_extraction,Annual-Report-2024.pdf,b55f208396d9,2025-10-25T17:32:16.335Z,2025-10-25T17:32:16.335Z,2025-10-25T17:32:16.335Z,1.0,active
c2429ba6-6a8b-46ee-bb2d-c4aa7eb0342d,b55f208396d9,Unknown Company,2025,,Total,General,Unspecified,823,tonnes CO2e,0.50,medium,statement_extraction,Annual-Report-2024.pdf,b55f208396d9,2025-10-25T17:32:16.335Z,2025-10-25T17:32:16.335Z,2025-10-25T17:32:16.335Z,1.0,active
c799ac60-9a1a-4cd4-8ccd-14f54bb3e7d9,b55f208396d9,Unknown Company,2025,,Total,General,Unspecified,0.03,tonnes CO2e,0.50,medium,statement_extraction,Annual-Report-2024.pdf,b55f208396d9,2025-10-25T17:32:16.335Z,2025-10-25T17:32:16.335Z,2025-10-25T17:32:16.335Z,1.0,active
a31781a0-bc90-4803-8e92-9a211f1946d5,b55f208396d9,Unknown Company,2025,,Total,General,Unspecified,80,tonnes CO2e,0.50,medium,statement_extraction,Annual-Report-2024.pdf,b55f208396d9,2025-10-25T17:32:16.335Z,2025-10-25T17:32:16.335Z,2025-10-25T17:32:16.335Z,1.0,active
fdd99435-a43f-42cf-b86b-25d277f0e399,b55f208396d9,Unknown Company,2025,,Total,General,Unspecified,74,tonnes CO2e,0.50,medium,statement_extraction,Annual-Report-2024.pdf,b55f208396d9,2025-10-25T17:32:16.335Z,2025-10-25T17:32:16.335Z,2025-10-25T17:32:16.335Z,1.0,active
d23cf2d0-9da9-4d0f-9b32-613ad28f46eb,b55f208396d9,Unknown Company,2025,,Total,General,Unspecified,19370969,tonnes CO2e,0.50,medium,statement_extraction,Annual-Report-2024.pdf,b55f208396d9,2025-10-25T17:32:16.335Z,2025-10-25T17:32:16.335Z,2025-10-25T17:32:16.335Z,1.0,active
59824e1b-1fdd-461c-bf49-397b0ea9ae30,b55f208396d9,Unknown Company,2023,,Total,General,Unspecified,158,tonnes CO2e,0.65,medium,statement_extraction,Annual-Report-2024.pdf,b55f208396d9,2025-10-25T17:32:16.335Z,2025-10-25T17:32:16.335Z,2025-10-25T17:32:16.335Z,1.0,active
bb1d14ba-9589-4094-bcd0-884769662e46,b55f208396d9,Unknown Company,2023,,Total,General,Unspecified,6723,tonnes CO2e,0.65,medium,statement_extraction,Annual-Report-2024.pdf,b55f208396d9,2025-10-25T17:32:16.335Z,2025-10-25T17:32:16.335Z,2025-10-25T17:32:16.335Z,1.0,active
d1360abd-c82e-4a64-aa5f-7b3c51652942,b55f208396d9,Unknown Company,2025,,Total,General,Unspecified,68,tonnes CO2e,0.50,medium,statement_extraction,Annual-Report-2024.pdf,b55f208396d9,2025-10-25T17:32:16.335Z,2025-10-25T17:32:16.335Z,2025-10-25T17:32:16.335Z,1.0,active
e15c4955-810f-4de1-af84-58dce14a9e5e,b55f208396d9,Unknown Company,2025,,Total,General,Unspecified,69,tonnes CO2e,0.50,medium,statement_extraction,Annual-Report-2024.pdf,b55f208396d9,2025-10-25T17:32:16.335Z,2025-10-25T17:32:16.335Z,2025-10-25T17:32:16.335Z,1.0,active
b43600fc-3167-40b3-b09b-381335b3a36f,b55f208396d9,Unknown Company,2025,,Total,General,Unspecified,82,tonnes CO2e,0.50,medium,statement_extraction,Annual-Report-2024.pdf,b55f208396d9,2025-10-25T17:32:16.335Z,2025-10-25T17:32:16.335Z,2025-10-25T17:32:16.335Z,1.0,active
a8505478-ab4a-4478-8a8d-3089b1fd4b5e,b55f208396d9,Unknown Company,2025,,Total,General,Unspecified,152,tonnes CO2e,0.50,medium,statement_extraction,Annual-Report-2024.pdf,b55f208396d9,2025-10-25T17:32:16.335Z,2025-10-25T17:32:16.335Z,2025-10-25T17:32:16.335Z,1.0,active
2471ccc3-b178-4265-8572-c5e7907ff9cb,b55f208396d9,Unknown Company,2025,,Total,General,Unspecified,68121,tonnes CO2e,0.50,medium,statement_extraction,Annual-Report-2024.pdf,b55f208396d9,2025-10-25T17:32:16.335Z,2025-10-25T17:32:16.335Z,2025-10-25T17:32:16.335Z,1.0,active
f674d7c5-a391-4532-bbd2-5764eb4a0074,b55f208396d9,Unknown Company,2025,,Total,General,Unspecified,8,tonnes CO2e,0.50,medium,statement_extraction,Annual-Report-2024.pdf,b55f208396d9,2025-10-25T17:32:16.335Z,2025-10-25T17:32:16.335Z,2025-10-25T17:32:16.335Z,1.0,active
98f7aa32-ad24-4b08-b4aa-70c28fd78e12,b55f208396d9,Unknown Company,2025,,Total,General,Unspecified,193,tonnes CO2e,0.50,medium,statement_extraction,Annual-Report-2024.pdf,b55f208396d9,2025-10-25T17:32:16.335Z,2025-10-25T17:32:16.335Z,2025-10-25T17:32:16.335Z,1.0,active
90008c89-0a13-4c14-b628-7410d7d866b9,b55f208396d9,Unknown Company,2025,,Total,General,Unspecified,65633,tonnes CO2e,0.50,medium,statement_extraction,Annual-Report-2024.pdf,b55f208396d9,2025-10-25T17:32:16.335Z,2025-10-25T17:32:16.335Z,2025-10-25T17:32:16.335Z,1.0,active
7c785c7f-7415-46f6-80ce-d2bdda3a8e29,b55f208396d9,Unknown Company,2025,,Total,General,Unspecified,11,tonnes CO2e,0.50,medium,statement_extraction,Annual-Report-2024.pdf,b55f208396d9,2025-10-25T17:32:16.335Z,2025-10-25T17:32:16.335Z,2025-10-25T17:32:16.335Z,1.0,active
90f17fcd-f1a5-4c5c-bab4-cf6ec1fb3490,b55f208396d9,Unknown Company,2025,,Total,General,Unspecified,11847767,tonnes CO2e,0.50,medium,statement_extraction,Annual-Report-2024.pdf,b55f208396d9,2025-10-25T17:32:16.335Z,2025-10-25T17:32:16.335Z,2025-10-25T17:32:16.335Z,1.0,active
92b684b4-6248-451d-8a2a-25ec063ec23f,b55f208396d9,Unknown Company,2025,,Total,General,Unspecified,2,tonnes CO2e,0.50,medium,statement_extraction,Annual-Report-2024.pdf,b55f208396d9,2025-10-25T17:32:16.335Z,2025-10-25T17:32:16.335Z,2025-10-25T17:32:16.335Z,1.0,active
653dd0ca-45d7-4319-8596-708a336fd91a,b55f208396d9,Unknown Company,2025,,Total,General,Unspecified,118,tonnes CO2e,0.50,medium,statement_extraction,Annual-Report-2024.pdf,b55f208396d9,2025-10-25T17:32:16.335Z,2025-10-25T17:32:16.335Z,2025-10-25T17:32:16.335Z,1.0,active
8007be3d-4129-4302-9468-ac469b9decbb,b55f208396d9,Unknown Company,2025,,Total,General,Unspecified,0.1,tonnes CO2e,0.50,medium,statement_extraction,Annual-Report-2024.pdf,b55f208396d9,2025-10-25T17:32:16.335Z,2025-10-25T17:32:16.335Z,2025-10-25T17:32:16.335Z,1.0,active
51af9960-069a-4128-9e85-9ea3ebc34b3e,b55f208396d9,Unknown Company,2025,,Total,General,Unspecified,0.2,tonnes CO2e,0.50,medium,statement_extraction,Annual-Report-2024.pdf,b55f208396d9,2025-10-25T17:32:16.335Z,2025-10-25T17:32:16.335Z,2025-10-25T17:32:16.335Z,1.0,active
d91801d3-bfe4-48c2-a289-877aee54d7d9,b55f208396d9,Unknown Company,2025,,Total,General,Unspecified,0.3,tonnes CO2e,0.50,medium,statement_extraction,Annual-Report-2024.pdf,b55f208396d9,2025-10-25T17:32:16.335Z,2025-10-25T17:32:16.335Z,2025-10-25T17:32:16.335Z,1.0,active
c9aa2b4c-287b-4b4d-a484-63d2946c1249,b55f208396d9,Unknown Company,2025,,Total,General,Unspecified,49201100,tonnes CO2e,0.50,medium,statement_extraction,Annual-Report-2024.pdf,b55f208396d9,2025-10-25T17:32:16.335Z,2025-10-25T17:32:16.335Z,2025-10-25T17:32:16.335Z,1.0,active
5b6bafcf-7173-452e-8bb6-e3aba1231d2e,b55f208396d9,Unknown Company,2025,,Total,General,Unspecified,85113.6,tonnes CO2e,0.50,medium,statement_extraction,Annual-Report-2024.pdf,b55f208396d9,2025-10-25T17:32:16.335Z,2025-10-25T17:32:16.335Z,2025-10-25T17:32:16.335Z,1.0,active
09417b9b-28c0-465d-9767-0c4cdc1d1bf2,b55f208396d9,Unknown Company,2025,,Total,General,Unspecified,2313541.7,tonnes CO2e,0.50,medium,statement_extraction,Annual-Report-2024.pdf,b55f208396d9,2025-10-25T17:32:16.335Z,2025-10-25T17:32:16.335Z,2025-10-25T17:32:16.335Z,1.0,active
b324826f-d233-408d-a5ca-8a60ff780823,b55f208396d9,Unknown Company,2025,,Total,General,Unspecified,1.1,tonnes CO2e,0.50,medium,statement_extraction,Annual-Report-2024.pdf,b55f208396d9,2025-10-25T17:32:16.335Z,2025-10-25T17:32:16.335Z,2025-10-25T17:32:16.335Z,1.0,active
1559177b-8d20-475d-a4ab-d34917023931,b55f208396d9,Unknown Company,2025,,Total,General,Unspecified,1.8,tonnes CO2e,0.50,medium,statement_extraction,Annual-Report-2024.pdf,b55f208396d9,2025-10-25T17:32:16.335Z,2025-10-25T17:32:16.335Z,2025-10-25T17:32:16.335Z,1.0,active
90243daa-662a-4a60-a9d2-35c6319a6766,b55f208396d9,Unknown Company,2025,,Total,General,Unspecified,22,tonnes CO2e,0.50,medium,statement_extraction,Annual-Report-2024.pdf,b55f208396d9,2025-10-25T17:32:16.335Z,2025-10-25T17:32:16.335Z,2025-10-25T17:32:16.335Z,1.0,active
16ab231a-feaf-48eb-aa7e-37667c99d827,b55f208396d9,Unknown Company,2025,,Total,General,Unspecified,3418161.8,tonnes CO2e,0.50,medium,statement_extraction,Annual-Report-2024.pdf,b55f208396d9,2025-10-25T17:32:16.335Z,2025-10-25T17:32:16.335Z,2025-10-25T17:32:16.335Z,1.0,active
f8452c6f-dc4e-4a36-96bc-7e18a029d9d6,b55f208396d9,Unknown Company,2025,,Total,General,Unspecified,34,tonnes CO2e,0.50,medium,statement_extraction,Annual-Report-2024.pdf,b55f208396d9,2025-10-25T17:32:16.335Z,2025-10-25T17:32:16.335Z,2025-10-25T17:32:16.335Z,1.0,active
eb50589b-78b6-4883-853b-ccdff1ee4f9e,b55f208396d9,Unknown Company,2023,,Total,General,Unspecified,14,tonnes CO2e,0.65,medium,statement_extraction,Annual-Report-2024.pdf,b55f208396d9,2025-10-25T17:32:16.335Z,2025-10-25T17:32:16.335Z,2025-10-25T17:32:16.335Z,1.0,active
0903f73c-5c53-42ff-8c7f-d6b3d6ccc6fa,b55f208396d9,Unknown Company,2025,,Total,General,Unspecified,97.5,tonnes CO2e,0.50,medium,statement_extraction,Annual-Report-2024.pdf,b55f208396d9,2025-10-25T17:32:16.335Z,2025-10-25T17:32:16.335Z,2025-10-25T17:32:16.335Z,1.0,active
ad022a9c-2563-43d8-993f-96a087b5c34f,b55f208396d9,Unknown Company,2024,,Total,General,Unspecified,1.2,tonnes CO2e,0.65,medium,statement_extraction,Annual-Report-2024.pdf,b55f208396d9,2025-10-25T17:32:16.335Z,2025-10-25T17:32:16.335Z,2025-10-25T17:32:16.335Z,1.0,active
e926887c-f195-44a7-89a2-7f0b70035af5,b55f208396d9,Unknown Company,2024,,Total,General,Unspecified,54.3,tonnes CO2e,0.65,medium,statement_extraction,Annual-Report-2024.pdf,b55f208396d9,2025-10-25T17:32:16.335Z,2025-10-25T17:32:16.335Z,2025-10-25T17:32:16.335Z,1.0,active
0d5125b7-4c90-4bb5-913a-e7515820b1cf,b55f208396d9,Unknown Company,2025,,Total,General,Unspecified,9095100,tonnes CO2e,0.50,medium,statement_extraction,Annual-Report-2024.pdf,b55f208396d9,2025-10-25T17:32:16.335Z,2025-10-25T17:32:16.335Z,2025-10-25T17:32:16.335Z,1.0,active
1f750c9e-afc3-4ec6-ad80-21b0b44bfa14,b55f208396d9,Unknown Company,2025,,Total,General,Unspecified,11298298,tonnes CO2e,0.50,medium,statement_extraction,Annual-Report-2024.pdf,b55f208396d9,2025-10-25T17:32:16.335Z,2025-10-25T17:32:16.335Z,2025-10-25T17:32:16.335Z,1.0,active
dfc29e39-9986-4d61-bb3c-d1aeec61ef65,b55f208396d9,Unknown Company,2025,,Total,General,Unspecified,30442495,tonnes CO2e,0.50,medium,statement_extraction,Annual-Report-2024.pdf,b55f208396d9,2025-10-25T17:32:16.335Z,2025-10-25T17:32:16.335Z,2025-10-25T17:32:16.335Z,1.0,active
13e7d6e0-ddf1-4d5d-b8be-b4844cc5191b,b55f208396d9,Unknown Company,2025,,Total,General,Unspecified,11.1,tonnes CO2e,0.50,medium,statement_extraction,Annual-Report-2024.pdf,b55f208396d9,2025-10-25T17:32:16.335Z,2025-10-25T17:32:16.335Z,2025-10-25T17:32:16.335Z,1.0,active
ffb1374b-f758-4699-a48f-ebcd1dcb7906,b55f208396d9,Unknown Company,2025,,Total,General,Unspecified,6.47,tonnes CO2e,0.50,medium,statement_extraction,Annual-Report-2024.pdf,b55f208396d9,2025-10-25T17:32:16.335Z,2025-10-25T17:32:16.335Z,2025-10-25T17:32:16.335Z,1.0,active
4c66d150-1121-40a7-9f0d-c2e7d0ee380e,b55f208396d9,Unknown Company,2025,,Total,General,Unspecified,25,tonnes CO2e,0.50,medium,statement_extraction,Annual-Report-2024.pdf,b55f208396d9,2025-10-25T17:32:16.335Z,2025-10-25T17:32:16.335Z,2025-10-25T17:32:16.335Z,1.0,active
f8823424-1cbb-4b34-a2ff-990028b36d7d,b55f208396d9,Unknown Company,2024,,Total,General,Unspecified,4048,tonnes CO2e,0.65,medium,statement_extraction,Annual-Report-2024.pdf,b55f208396d9,2025-10-25T17:32:16.335Z,2025-10-25T17:32:16.335Z,2025-10-25T17:32:16.335Z,1.0,active
43a1c530-445e-4bad-af3a-4ed2e893642c,b55f208396d9,Unknown Company,2025,,Total,General,Unspecified,20,tonnes CO2e,0.50,medium,statement_extraction,Annual-Report-2024.pdf,b55f208396d9,2025-10-25T17:32:16.335Z,2025-10-25T17:32:16.335Z,2025-10-25T17:32:16.335Z,1.0,active
60c09e18-8900-48a8-8ecf-5c33d863372b,b55f208396d9,Unknown Company,2025,,Total,General,Unspecified,123,tonnes CO2e,0.50,medium,statement_extraction,Annual-Report-2024.pdf,b55f208396d9,2025-10-25T17:32:16.335Z,2025-10-25T17:32:16.335Z,2025-10-25T17:32:16.335Z,1.0,active
ee5e6b8e-1658-4d64-8a5d-438eed77d0f8,b55f208396d9,Unknown Company,2025,,Total,General,Unspecified,143,tonnes CO2e,0.50,medium,statement_extraction,Annual-Report-2024.pdf,b55f208396d9,2025-10-25T17:32:16.335Z,2025-10-25T17:32:16.335Z,2025-10-25T17:32:16.335Z,1.0,active
81e475cb-9e83-4f19-a5b0-47ee439992e3,b55f208396d9,Unknown Company,2024,,Total,General,Unspecified,0.5,tonnes CO2e,0.65,medium,statement_extraction,Annual-Report-2024.pdf,b55f208396d9,2025-10-25T17:32:16.335Z,2025-10-25T17:32:16.335Z,2025-10-25T17:32:16.335Z,1.0,active
36923167-bfcf-4635-88eb-7baab7ab998c,b55f208396d9,Unknown Company,2025,,Total,General,Unspecified,7.7,tonnes CO2e,0.50,medium,statement_extraction,Annual-Report-2024.pdf,b55f208396d9,2025-10-25T17:32:16.335Z,2025-10-25T17:32:16.335Z,2025-10-25T17:32:16.335Z,1.0,active
6fa0afc0-018b-4167-9ccd-46f8770762ef,b55f208396d9,Unknown Company,2023,,Total,General,Unspecified,9.4,tonnes CO2e,0.65,medium,statement_extraction,Annual-Report-2024.pdf,b55f208396d9,2025-10-25T17:32:16.335Z,2025-10-25T17:32:16.335Z,2025-10-25T17:32:16.335Z,1.0,active
846698ff-96f4-4af5-980a-fe672e828e6b,b55f208396d9,Unknown Company,2025,,Total,General,Unspecified,9.4,tonnes CO2e,0.50,medium,statement_extraction,Annual-Report-2024.pdf,b55f208396d9,2025-10-25T17:32:16.335Z,2025-10-25T17:32:16.335Z,2025-10-25T17:32:16.335Z,1.0,active
f219bc4d-0bf5-4d65-a98c-d3ffa38610c9,b55f208396d9,Unknown Company,2025,,Total,General,Unspecified,40.2,tonnes CO2e,0.50,medium,statement_extraction,Annual-Report-2024.pdf,b55f208396d9,2025-10-25T17:32:16.335Z,2025-10-25T17:32:16.335Z,2025-10-25T17:32:16.335Z,1.0,active
08f56e19-79e2-497d-8e7f-c6a1e383df01,b55f208396d9,Unknown Company,2025,,Scope 1,General,Unspecified,3,tonnes CO2e,0.60,medium,statement_extraction,Annual-Report-2024.pdf,b55f208396d9,2025-10-25T17:32:16.335Z,2025-10-25T17:32:16.335Z,2025-10-25T17:32:16.335Z,1.0,active
c031e2a2-f288-498c-ad5f-97e8de3c0c5d,b55f208396d9,Unknown Company,2025,,Total,Supply Chain,Supply Chain,3,tonnes CO2e,0.60,medium,statement_extraction,Annual-Report-2024.pdf,b55f208396d9,2025-10-25T17:32:16.335Z,2025-10-25T17:32:16.335Z,2025-10-25T17:32:16.335Z,1.0,active
f6e6fe40-7cae-4b60-ab2b-c3fa20cfcd69,b55f208396d9,Unknown Company,2025,,Scope 1,Direct Emissions,Direct Operations,3,tonnes CO2e,0.70,high,statement_extraction,Annual-Report-2024.pdf,b55f208396d9,2025-10-25T17:32:16.335Z,2025-10-25T17:32:16.335Z,2025-10-25T17:32:16.335Z,1.0,active
8f54b6f8-7ebe-47eb-a904-bc43ab6d6099,b55f208396d9,Unknown Company,2025,,Scope 1,General,Unspecified,2,tonnes CO2e,0.60,medium,statement_extraction,Annual-Report-2024.pdf,b55f208396d9,2025-10-25T17:32:16.335Z,2025-10-25T17:32:16.335Z,2025-10-25T17:32:16.335Z,1.0,active
5ec5e2b3-a45d-4d7e-a433-215a4a67d66d,b55f208396d9,Unknown Company,2025,,Scope 1,Energy,Fossil Fuel Combustion,2,tonnes CO2e,0.70,high,statement_extraction,Annual-Report-2024.pdf,b55f208396d9,2025-10-25T17:32:16.335Z,2025-10-25T17:32:16.335Z,2025-10-25T17:32:16.335Z,1.0,active
54919d41-2452-4482-a3d7-02b11d6a83e9,b55f208396d9,Unknown Company,2025,,Total,General,Unspecified,95,tonnes CO2e,0.50,medium,statement_extraction,Annual-Report-2024.pdf,b55f208396d9,2025-10-25T17:32:16.335Z,2025-10-25T17:32:16.335Z,2025-10-25T17:32:16.335Z,1.0,active
6006caf3-9bec-4411-9dfc-6862a6ddda3f,b55f208396d9,Unknown Company,2025,,Scope 1,Direct Emissions,Direct Operations,2,tonnes CO2e,0.70,high,statement_extraction,Annual-Report-2024.pdf,b55f208396d9,2025-10-25T17:32:16.335Z,2025-10-25T17:32:16.335Z,2025-10-25T17:32:16.335Z,1.0,active
73ac9c48-5cff-41a4-9048-1a2799760c94,b55f208396d9,Unknown Company,2025,,Scope 1,Energy,Fossil Fuel Combustion,3,tonnes CO2e,0.70,high,statement_extraction,Annual-Report-2024.pdf,b55f208396d9,2025-10-25T17:32:16.335Z,2025-10-25T17:32:16.335Z,2025-10-25T17:32:16.335Z,1.0,active
0c0bf81b-0622-492b-ad5d-cd11d41e9715,b55f208396d9,Unknown Company,2030,1,Scope 1,General,Unspecified,45,tonnes CO2e,0.75,high,statement_extraction,Annual-Report-2024.pdf,b55f208396d9,2025-10-25T17:32:16.335Z,2025-10-25T17:32:16.335Z,2025-10-25T17:32:16.335Z,1.0,active
64f6fb38-c776-4fa4-b14b-6fd0bb1ed74a,b55f208396d9,Unknown Company,2030,1,Total,General,Unspecified,59,tonnes CO2e,0.65,medium,statement_extraction,Annual-Report-2024.pdf,b55f208396d9,2025-10-25T17:32:16.335Z,2025-10-25T17:32:16.335Z,2025-10-25T17:32:16.335Z,1.0,active
12830a3d-b30a-47f8-ab84-b036eec19cd3,b55f208396d9,Unknown Company,2025,,Scope 3,General,Unspecified,3,tonnes CO2e,0.60,medium,statement_extraction,Annual-Report-2024.pdf,b55f208396d9,2025-10-25T17:32:16.335Z,2025-10-25T17:32:16.335Z,2025-10-25T17:32:16.335Z,1.0,active
9b0f687c-53de-4f32-89a4-a28f3341cb95,b55f208396d9,Unknown Company,2025,,Scope 1,General,Unspecified,1,tonnes CO2e,0.60,medium,statement_extraction,Annual-Report-2024.pdf,b55f208396d9,2025-10-25T17:32:16.335Z,2025-10-25T17:32:16.335Z,2025-10-25T17:32:16.335Z,1.0,active
dc26358d-25b6-4a57-8458-58d343d3983e,b55f208396d9,Unknown Company,2025,,Scope 3,General,Unspecified,15,tonnes CO2e,0.60,medium,statement_extraction,Annual-Report-2024.pdf,b55f208396d9,2025-10-25T17:32:16.335Z,2025-10-25T17:32:16.335Z,2025-10-25T17:32:16.335Z,1.0,active
6662cc6e-d95e-4064-aec1-e376deb4aacd,b55f208396d9,Unknown Company,2025,,Total,General,Unspecified,223,tonnes CO2e,0.50,medium,statement_extraction,Annual-Report-2024.pdf,b55f208396d9,2025-10-25T17:32:16.335Z,2025-10-25T17:32:16.335Z,2025-10-25T17:32:16.335Z,1.0,active
277a2c5b-a1d8-474d-b698-13ee5ebe5d2e,b55f208396d9,Unknown Company,2025,,Total,Energy,Energy,13,tonnes CO2e,0.60,medium,statement_extraction,Annual-Report-2024.pdf,b55f208396d9,2025-10-25T17:32:16.335Z,2025-10-25T17:32:16.335Z,2025-10-25T17:32:16.335Z,1.0,active
b435ce35-827f-43b5-ac91-785db7cba3ad,b55f208396d9,Unknown Company,2025,,Total,Energy,Energy,2,tonnes CO2e,0.60,medium,statement_extraction,Annual-Report-2024.pdf,b55f208396d9,2025-10-25T17:32:16.335Z,2025-10-25T17:32:16.335Z,2025-10-25T17:32:16.335Z,1.0,active
ec92416e-a3a9-49b1-9a12-7d00fbc9fe89,b55f208396d9,Unknown Company,2025,,Total,Energy,Energy,16,tonnes CO2e,0.60,medium,statement_extraction,Annual-Report-2024.pdf,b55f208396d9,2025-10-25T17:32:16.335Z,2025-10-25T17:32:16.335Z,2025-10-25T17:32:16.335Z,1.0,active
c1316cc3-1bee-4c04-9e36-446058eef685,b55f208396d9,Unknown Company,2025,,Total,Energy,Energy,15,tonnes CO2e,0.60,medium,statement_extraction,Annual-Report-2024.pdf,b55f208396d9,2025-10-25T17:32:16.335Z,2025-10-25T17:32:16.335Z,2025-10-25T17:32:16.335Z,1.0,active
c227b885-a65e-478a-b002-ad806967a965,b55f208396d9,Unknown Company,2023,,Scope 1,Energy,Fossil Fuel Combustion,2,tonnes CO2e,0.85,high,statement_extraction,Annual-Report-2024.pdf,b55f208396d9,2025-10-25T17:32:16.335Z,2025-10-25T17:32:16.335Z,2025-10-25T17:32:16.335Z,1.0,active
9128cbbc-ec22-4dda-b77c-cf38dcf3a88f,b55f208396d9,Unknown Company,2025,,Scope 3,Purchased Goods,Supply Chain Emissions,1601,tonnes CO2e,0.70,high,statement_extraction,Annual-Report-2024.pdf,b55f208396d9,2025-10-25T17:32:16.335Z,2025-10-25T17:32:16.335Z,2025-10-25T17:32:16.335Z,1.0,active
472411df-f7e4-4449-b8ac-e40834f11b55,b55f208396d9,Unknown Company,2025,,Scope 1,Energy,Fossil Fuel Combustion,1,tonnes CO2e,0.70,high,statement_extraction,Annual-Report-2024.pdf,b55f208396d9,2025-10-25T17:32:16.335Z,2025-10-25T17:32:16.335Z,2025-10-25T17:32:16.335Z,1.0,active
3132788e-56a9-4ef9-a805-7c073434d4df,b55f208396d9,Unknown Company,2025,,Scope 1,Waste,Waste,2,tonnes CO2e,0.70,high,statement_extraction,Annual-Report-2024.pdf,b55f208396d9,2025-10-25T17:32:16.335Z,2025-10-25T17:32:16.335Z,2025-10-25T17:32:16.335Z,1.0,active
2b287dcd-c7e5-4817-ab78-e5a7d6376a7a,b55f208396d9,Unknown Company,2025,,Scope 1,Waste,Waste,5,tonnes CO2e,0.70,high,statement_extraction,Annual-Report-2024.pdf,b55f208396d9,2025-10-25T17:32:16.335Z,2025-10-25T17:32:16.335Z,2025-10-25T17:32:16.335Z,1.0,active
73260caa-ac92-4dfb-9c0c-bd44fa1b085d,b55f208396d9,Unknown Company,2025,,Total,Transportation,Transportation,15,tonnes CO2e,0.60,medium,statement_extraction,Annual-Report-2024.pdf,b55f208396d9,2025-10-25T17:32:16.335Z,2025-10-25T17:32:16.335Z,2025-10-25T17:32:16.335Z,1.0,active
4b0de2ed-5dec-45d1-a79a-25ecce6a544a,b55f208396d9,Unknown Company,2023,,Total,General,Unspecified,999.7,tonnes CO2e,0.65,medium,statement_extraction,Annual-Report-2024.pdf,b55f208396d9,2025-10-25T17:32:16.335Z,2025-10-25T17:32:16.335Z,2025-10-25T17:32:16.335Z,1.0,active
0e35c0b8-2849-477d-9fd6-8a061f92e2c2,b55f208396d9,Unknown Company,2025,,Scope 3,General,Unspecified,39,tonnes CO2e,0.60,medium,statement_extraction,Annual-Report-2024.pdf,b55f208396d9,2025-10-25T17:32:16.335Z,2025-10-25T17:32:16.335Z,2025-10-25T17:32:16.335Z,1.0,active
f3b68db4-54b3-4e90-a1c1-08fc3cada20b,b55f208396d9,Unknown Company,2024,,Total,General,Unspecified,1991,tonnes CO2e,0.65,medium,statement_extraction,Annual-Report-2024.pdf,b55f208396d9,2025-10-25T17:32:16.335Z,2025-10-25T17:32:16.335Z,2025-10-25T17:32:16.335Z,1.0,active
a57f6755-da6c-4fe1-8920-e30ae4827687,b55f208396d9,Unknown Company,2025,,Total,General,Unspecified,6,tonnes CO2e,0.50,medium,statement_extraction,Annual-Report-2024.pdf,b55f208396d9,2025-10-25T17:32:16.335Z,2025-10-25T17:32:16.335Z,2025-10-25T17:32:16.335Z,1.0,active
bf7a82c4-4b7b-4320-8381-3bb4747e89a6,b55f208396d9,Unknown Company,2024,,Total,General,Unspecified,15,tonnes CO2e,0.65,medium,statement_extraction,Annual-Report-2024.pdf,b55f208396d9,2025-10-25T17:32:16.335Z,2025-10-25T17:32:16.335Z,2025-10-25T17:32:16.335Z,1.0,active
73d1f546-157b-4611-b81d-0395dc5b7cfd,b55f208396d9,Unknown Company,2025,,Total,General,Unspecified,36913547,tonnes CO2e,0.50,medium,statement_extraction,Annual-Report-2024.pdf,b55f208396d9,2025-10-25T17:32:16.335Z,2025-10-25T17:32:16.335Z,2025-10-25T17:32:16.335Z,1.0,active
ee456dbe-a3c7-4381-883a-6664dcdbbe52,b55f208396d9,Unknown Company,2025,,Total,General,Unspecified,50,tonnes CO2e,0.50,medium,statement_extraction,Annual-Report-2024.pdf,b55f208396d9,2025-10-25T17:32:16.335Z,2025-10-25T17:32:16.335Z,2025-10-25T17:32:16.335Z,1.0,active
786c2d82-98fd-47e9-a906-559a2c9cbb18,b55f208396d9,Unknown Company,2023,,Total,General,Unspecified,11636,tonnes CO2e,0.65,medium,statement_extraction,Annual-Report-2024.pdf,b55f208396d9,2025-10-25T17:32:16.335Z,2025-10-25T17:32:16.335Z,2025-10-25T17:32:16.335Z,1.0,active
e11a453c-979c-4a9d-be9c-8a0ed681de0a,b55f208396d9,Unknown Company,2025,,Total,General,Unspecified,100,tonnes CO2e,0.50,medium,statement_extraction,Annual-Report-2024.pdf,b55f208396d9,2025-10-25T17:32:16.335Z,2025-10-25T17:32:16.335Z,2025-10-25T17:32:16.335Z,1.0,active
eb7d9165-d850-4988-9330-81451418c288,b55f208396d9,Unknown Company,2025,,Scope 1,General,Unspecified,167,tonnes CO2e,0.60,medium,statement_extraction,Annual-Report-2024.pdf,b55f208396d9,2025-10-25T17:32:16.335Z,2025-10-25T17:32:16.335Z,2025-10-25T17:32:16.335Z,1.0,active
d95f9513-0824-44fe-83e4-258f4bcfafde,b55f208396d9,Unknown Company,2025,,Scope 1,Energy,Fossil Fuel Combustion,167,tonnes CO2e,0.70,high,statement_extraction,Annual-Report-2024.pdf,b55f208396d9,2025-10-25T17:32:16.335Z,2025-10-25T17:32:16.335Z,2025-10-25T17:32:16.335Z,1.0,active
73c2ddef-478e-453a-9b0c-c5f392db10a5,b55f208396d9,Unknown Company,2025,,Total,General,Unspecified,51,tonnes CO2e,0.50,medium,statement_extraction,Annual-Report-2024.pdf,b55f208396d9,2025-10-25T17:32:16.335Z,2025-10-25T17:32:16.335Z,2025-10-25T17:32:16.335Z,1.0,active
77f358c7-ccb3-4cf0-9002-c117192719d1,b55f208396d9,Unknown Company,2025,,Total,General,Unspecified,53,tonnes CO2e,0.50,medium,statement_extraction,Annual-Report-2024.pdf,b55f208396d9,2025-10-25T17:32:16.335Z,2025-10-25T17:32:16.335Z,2025-10-25T17:32:16.335Z,1.0,active
054370b7-228b-4251-a658-04dc897190f5,b55f208396d9,Unknown Company,2025,,Total,General,Unspecified,3,tonnes CO2e,0.50,medium,statement_extraction,Annual-Report-2024.pdf,b55f208396d9,2025-10-25T17:32:16.335Z,2025-10-25T17:32:16.335Z,2025-10-25T17:32:16.335Z,1.0,active
5b0bcaa5-93cd-4999-9492-c3ad9413e5b6,b55f208396d9,Unknown Company,2025,,Total,General,Unspecified,82.39,tonnes CO2e,0.50,medium,statement_extraction,Annual-Report-2024.pdf,b55f208396d9,2025-10-25T17:32:16.335Z,2025-10-25T17:32:16.335Z,2025-10-25T17:32:16.335Z,1.0,active
8f68cd7e-68c9-4b70-bc6a-5191d7d479bb,b55f208396d9,Unknown Company,2025,,Total,General,Unspecified,234545,tonnes CO2e,0.50,medium,statement_extraction,Annual-Report-2024.pdf,b55f208396d9,2025-10-25T17:32:16.335Z,2025-10-25T17:32:16.335Z,2025-10-25T17:32:16.335Z,1.0,active
0c6def06-d0fb-41b6-857f-4a2321031afa,b55f208396d9,Unknown Company,2024,,Total,General,Unspecified,21144143,tonnes CO2e,0.65,medium,statement_extraction,Annual-Report-2024.pdf,b55f208396d9,2025-10-25T17:32:16.335Z,2025-10-25T17:32:16.335Z,2025-10-25T17:32:16.335Z,1.0,active
a60c9917-f21b-478e-aa60-51aa69486eb8,b55f208396d9,Unknown Company,2025,,Total,General,Unspecified,43,tonnes CO2e,0.50,medium,statement_extraction,Annual-Report-2024.pdf,b55f208396d9,2025-10-25T17:32:16.335Z,2025-10-25T17:32:16.335Z,2025-10-25T17:32:16.335Z,1.0,active
cf6f4dc8-cc4e-4f93-ae0f-07b4115fe95d,b55f208396d9,Unknown Company,2025,,Total,General,Unspecified,45,tonnes CO2e,0.50,medium,statement_extraction,Annual-Report-2024.pdf,b55f208396d9,2025-10-25T17:32:16.335Z,2025-10-25T17:32:16.335Z,2025-10-25T17:32:16.335Z,1.0,active
578861c3-bf23-4888-81aa-90d56fd28ba1,b55f208396d9,Unknown Company,2025,,Total,General,Unspecified,622,tonnes CO2e,0.50,medium,statement_extraction,Annual-Report-2024.pdf,b55f208396d9,2025-10-25T17:32:16.335Z,2025-10-25T17:32:16.335Z,2025-10-25T17:32:16.335Z,1.0,active
9c9244ad-a2ef-49b6-97c0-db4eb0002872,b55f208396d9,Unknown Company,2023,,Total,General,Unspecified,6733,tonnes CO2e,0.65,medium,statement_extraction,Annual-Report-2024.pdf,b55f208396d9,2025-10-25T17:32:16.335Z,2025-10-25T17:32:16.335Z,2025-10-25T17:32:16.335Z,1.0,active
3fe145a1-dd93-4f98-b9ab-487cba265d43,b55f208396d9,Unknown Company,2023,,Total,General,Unspecified,520,tonnes CO2e,0.65,medium,statement_extraction,Annual-Report-2024.pdf,b55f208396d9,2025-10-25T17:32:16.335Z,2025-10-25T17:32:16.335Z,2025-10-25T17:32:16.335Z,1.0,active
bfd13b50-29b3-44bc-872f-8eac2e4fcded,b55f208396d9,Unknown Company,2025,,Total,General,Unspecified,142,tonnes CO2e,0.50,medium,statement_extraction,Annual-Report-2024.pdf,b55f208396d9,2025-10-25T17:32:16.335Z,2025-10-25T17:32:16.335Z,2025-10-25T17:32:16.335Z,1.0,active
5be03938-ccae-44ca-8379-3253c52232cb,b55f208396d9,Unknown Company,2025,,Total,General,Unspecified,52,tonnes CO2e,0.50,medium,statement_extraction,Annual-Report-2024.pdf,b55f208396d9,2025-10-25T17:32:16.335Z,2025-10-25T17:32:16.335Z,2025-10-25T17:32:16.335Z,1.0,active
028fada6-3f62-4d9c-b057-c49370c0abf1,b55f208396d9,Unknown Company,2023,,Total,General,Unspecified,1169,tonnes CO2e,0.65,medium,statement_extraction,Annual-Report-2024.pdf,b55f208396d9,2025-10-25T17:32:16.335Z,2025-10-25T17:32:16.335Z,2025-10-25T17:32:16.335Z,1.0,active
101b5860-9d62-4e76-b371-04cc9a4c64e2,b55f208396d9,Unknown Company,2023,,Total,General,Unspecified,4.3,tonnes CO2e,0.65,medium,statement_extraction,Annual-Report-2024.pdf,b55f208396d9,2025-10-25T17:32:16.335Z,2025-10-25T17:32:16.335Z,2025-10-25T17:32:16.335Z,1.0,active
f9338cfe-7209-48db-b9f3-21d0e4c4ccd2,b55f208396d9,Unknown Company,2022,,Total,General,Unspecified,1,tonnes CO2e,0.65,medium,statement_extraction,Annual-Report-2024.pdf,b55f208396d9,2025-10-25T17:32:16.335Z,2025-10-25T17:32:16.335Z,2025-10-25T17:32:16.335Z,1.0,active
8b94c27a-f8a7-4bad-a3a6-f64aa61b2b84,b55f208396d9,Unknown Company,2025,,Total,General,Unspecified,480681,tonnes CO2e,0.50,medium,statement_extraction,Annual-Report-2024.pdf,b55f208396d9,2025-10-25T17:32:16.335Z,2025-10-25T17:32:16.335Z,2025-10-25T17:32:16.335Z,1.0,active
5ac65bf6-1610-48a9-bf90-bd80599a868d,b55f208396d9,Unknown Company,2025,,Total,General,Unspecified,3734,tonnes CO2e,0.50,medium,statement_extraction,Annual-Report-2024.pdf,b55f208396d9,2025-10-25T17:32:16.335Z,2025-10-25T17:32:16.335Z,2025-10-25T17:32:16.335Z,1.0,active
cbba58c2-03b5-4821-afc4-19f39bda22e4,b55f208396d9,Unknown Company,2025,,Total,General,Unspecified,54,tonnes CO2e,0.50,medium,statement_extraction,Annual-Report-2024.pdf,b55f208396d9,2025-10-25T17:32:16.335Z,2025-10-25T17:32:16.335Z,2025-10-25T17:32:16.335Z,1.0,active
b2aef6d3-6ec5-4d37-b25f-9e9093d4cb2a,b55f208396d9,Unknown Company,2024,,Total,General,Unspecified,143,tonnes CO2e,0.65,medium,statement_extraction,Annual-Report-2024.pdf,b55f208396d9,2025-10-25T17:32:16.335Z,2025-10-25T17:32:16.335Z,2025-10-25T17:32:16.335Z,1.0,active
e161ec12-fe8c-41d4-93c0-d690d2e5ef8e,b55f208396d9,Unknown Company,2023,,Total,General,Unspecified,494,tonnes CO2e,0.65,medium,statement_extraction,Annual-Report-2024.pdf,b55f208396d9,2025-10-25T17:32:16.335Z,2025-10-25T17:32:16.335Z,2025-10-25T17:32:16.335Z,1.0,active
8c9e195b-9376-4081-a972-428a57c65640,b55f208396d9,Unknown Company,2025,,Total,General,Unspecified,383,tonnes CO2e,0.50,medium,statement_extraction,Annual-Report-2024.pdf,b55f208396d9,2025-10-25T17:32:16.335Z,2025-10-25T17:32:16.335Z,2025-10-25T17:32:16.335Z,1.0,active
a25b1124-3c2a-4b8d-b71c-1d0f5dcb8494,b55f208396d9,Unknown Company,2024,,Total,General,Unspecified,31,tonnes CO2e,0.65,medium,statement_extraction,Annual-Report-2024.pdf,b55f208396d9,2025-10-25T17:32:16.335Z,2025-10-25T17:32:16.335Z,2025-10-25T17:32:16.335Z,1.0,active
a0b0cf6d-8360-4c1f-bc81-6643408a787b,b55f208396d9,Unknown Company,2025,,Total,General,Unspecified,720,tonnes CO2e,0.50,medium,statement_extraction,Annual-Report-2024.pdf,b55f208396d9,2025-10-25T17:32:16.335Z,2025-10-25T17:32:16.335Z,2025-10-25T17:32:16.335Z,1.0,active
052fbe8d-69c4-4ea6-b979-558bf8329d46,b55f208396d9,Unknown Company,2024,,Total,General,Unspecified,2235,tonnes CO2e,0.65,medium,statement_extraction,Annual-Report-2024.pdf,b55f208396d9,2025-10-25T17:32:16.335Z,2025-10-25T17:32:16.335Z,2025-10-25T17:32:16.335Z,1.0,active
30a5e341-0bdc-4dcf-b669-c2c2375413ed,b55f208396d9,Unknown Company,2024,,Scope 1,Direct Emissions,Direct Operations,2,tonnes CO2e,0.85,high,statement_extraction,Annual-Report-2024.pdf,b55f208396d9,2025-10-25T17:32:16.335Z,2025-10-25T17:32:16.335Z,2025-10-25T17:32:16.335Z,1.0,active
0a139758-c785-43cf-b85e-dc2a6527ab56,b55f208396d9,Unknown Company,2030,1,Scope 1,General,Unspecified,2,tonnes CO2e,0.75,high,statement_extraction,Annual-Report-2024.pdf,b55f208396d9,2025-10-25T17:32:16.335Z,2025-10-25T17:32:16.335Z,2025-10-25T17:32:16.335Z,1.0,active
c137824c-c788-4c79-969f-68ae1809da59,b55f208396d9,Unknown Company,2030,1,Scope 1,Direct Emissions,Direct Operations,2,tonnes CO2e,0.85,high,statement_extraction,Annual-Report-2024.pdf,b55f208396d9,2025-10-25T17:32:16.335Z,2025-10-25T17:32:16.335Z,2025-10-25T17:32:16.335Z,1.0,active
aef12e29-fd80-458d-bc8d-3718bd5b5abc,b55f208396d9,Unknown Company,2024,,Scope 1,General,Unspecified,2,tonnes CO2e,0.75,high,statement_extraction,Annual-Report-2024.pdf,b55f208396d9,2025-10-25T17:32:16.335Z,2025-10-25T17:32:16.335Z,2025-10-25T17:32:16.335Z,1.0,active
685b36c4-ca74-4c8f-84f6-0b5783a4f6dd,b55f208396d9,Unknown Company,2030,1,Scope 1,Waste,Waste,2,tonnes CO2e,0.85,high,statement_extraction,Annual-Report-2024.pdf,b55f208396d9,2025-10-25T17:32:16.335Z,2025-10-25T17:32:16.335Z,2025-10-25T17:32:16.335Z,1.0,active
903e66d4-9ae1-4ec6-87a7-572370274b45,b55f208396d9,Unknown Company,2030,1,Scope 1,General,Unspecified,371,tonnes CO2e,0.75,high,statement_extraction,Annual-Report-2024.pdf,b55f208396d9,2025-10-25T17:32:16.335Z,2025-10-25T17:32:16.335Z,2025-10-25T17:32:16.335Z,1.0,active
5d4806ac-bd8a-433f-8d11-bd0b3b1c3791,b55f208396d9,Unknown Company,2025,,Scope 1,Energy,Fossil Fuel Combustion,6,tonnes CO2e,0.70,high,statement_extraction,Annual-Report-2024.pdf,b55f208396d9,2025-10-25T17:32:16.335Z,2025-10-25T17:32:16.335Z,2025-10-25T17:32:16.335Z,1.0,active
7649469a-a737-45a5-afd8-8a3d0d6b6388,b55f208396d9,Unknown Company,2024,,Scope 1,Energy,Fossil Fuel Combustion,2,tonnes CO2e,0.85,high,statement_extraction,Annual-Report-2024.pdf,b55f208396d9,2025-10-25T17:32:16.335Z,2025-10-25T17:32:16.335Z,2025-10-25T17:32:16.335Z,1.0,active
4803d960-96d1-4c90-affc-91a9ce180dbd,b55f208396d9,Unknown Company,2022,,Scope 1,Energy,Fossil Fuel Combustion,2,tonnes CO2e,0.85,high,statement_extraction,Annual-Report-2024.pdf,b55f208396d9,2025-10-25T17:32:16.335Z,2025-10-25T17:32:16.335Z,2025-10-25T17:32:16.335Z,1.0,active
c8359da5-f737-4d9d-8de6-b63504cfd639,b55f208396d9,Unknown Company,2020,,Scope 1,General,Unspecified,2,tonnes CO2e,0.75,high,statement_extraction,Annual-Report-2024.pdf,b55f208396d9,2025-10-25T17:32:16.335Z,2025-10-25T17:32:16.335Z,2025-10-25T17:32:16.335Z,1.0,active
6bb7c888-d056-49ca-80d5-f6d798e97702,b55f208396d9,Unknown Company,2025,,Scope 2,Purchased Goods,Purchased Goods,364,tonnes CO2e,0.70,high,statement_extraction,Annual-Report-2024.pdf,b55f208396d9,2025-10-25T17:32:16.335Z,2025-10-25T17:32:16.335Z,2025-10-25T17:32:16.335Z,1.0,active
6dd8d60e-4c01-405e-a628-96d6cd5f0a81,b55f208396d9,Unknown Company,2030,1,Scope 3,General,Unspecified,15,tonnes CO2e,0.75,high,statement_extraction,Annual-Report-2024.pdf,b55f208396d9,2025-10-25T17:32:16.335Z,2025-10-25T17:32:16.335Z,2025-10-25T17:32:16.335Z,1.0,active
c7293e56-39fd-430d-bc80-df2061bc3ede,b55f208396d9,Unknown Company,2025,,Scope 3,Transportation,Business Travel & Logistics,1601666,tonnes CO2e,0.70,high,statement_extraction,Annual-Report-2024.pdf,b55f208396d9,2025-10-25T17:32:16.335Z,2025-10-25T17:32:16.335Z,2025-10-25T17:32:16.335Z,1.0,active
144462df-7917-4c5b-b170-697a0108bfd3,b55f208396d9,Unknown Company,2025,,Scope 3,Energy,Energy-Related Activities,6,tonnes CO2e,0.70,high,statement_extraction,Annual-Report-2024.pdf,b55f208396d9,2025-10-25T17:32:16.335Z,2025-10-25T17:32:16.335Z,2025-10-25T17:32:16.335Z,1.0,active
477b638d-fc70-415b-8c2f-a1e8ac57d2c5,79636787d2d3,4,2025,,Total,General,Unspecified,1,tonnes CO2e,0.65,medium,statement_extraction,annualreport_Annual_Report_2024_1761268283694.pdf,79636787d2d3,2025-10-25T17:32:16.335Z,2025-10-25T17:32:16.335Z,2025-10-25T17:32:16.335Z,1.0,active
380412a3-afb8-458d-ab9c-e48f206eab58,79636787d2d3,4,2025,,Scope 3,General,Unspecified,15,tonnes CO2e,0.75,high,statement_extraction,annualreport_Annual_Report_2024_1761268283694.pdf,79636787d2d3,2025-10-25T17:32:16.335Z,2025-10-25T17:32:16.335Z,2025-10-25T17:32:16.335Z,1.0,active
671269c4-9cd6-4bdc-8ae6-e26c39e162f0,79636787d2d3,4,2025,,Scope 1,General,Unspecified,3,tonnes CO2e,0.75,high,statement_extraction,annualreport_Annual_Report_2024_1761268283694.pdf,79636787d2d3,2025-10-25T17:32:16.335Z,2025-10-25T17:32:16.335Z,2025-10-25T17:32:16.335Z,1.0,active
099fd4b5-c51f-4e36-b41e-5f860800563d,79636787d2d3,4,2024,,Total,General,Unspecified,7373,tonnes CO2e,0.80,high,statement_extraction,annualreport_Annual_Report_2024_1761268283694.pdf,79636787d2d3,2025-10-25T17:32:16.335Z,2025-10-25T17:32:16.335Z,2025-10-25T17:32:16.335Z,1.0,active
b45e157c-6a30-43f5-b661-99887a46a70b,79636787d2d3,4,2023,,Total,General,Unspecified,75,tonnes CO2e,0.80,high,statement_extraction,annualreport_Annual_Report_2024_1761268283694.pdf,79636787d2d3,2025-10-25T17:32:16.335Z,2025-10-25T17:32:16.335Z,2025-10-25T17:32:16.335Z,1.0,active
db0f2585-ed77-47c6-b538-dd58d80d0370,79636787d2d3,4,2023,,Total,General,Unspecified,19.5,tonnes CO2e,0.80,high,statement_extraction,annualreport_Annual_Report_2024_1761268283694.pdf,79636787d2d3,2025-10-25T17:32:16.335Z,2025-10-25T17:32:16.335Z,2025-10-25T17:32:16.335Z,1.0,active
e4d47cce-71de-4a91-87d6-0b7b60f2d249,79636787d2d3,4,2025,,Total,General,Unspecified,14.5,tonnes CO2e,0.65,medium,statement_extraction,annualreport_Annual_Report_2024_1761268283694.pdf,79636787d2d3,2025-10-25T17:32:16.335Z,2025-10-25T17:32:16.335Z,2025-10-25T17:32:16.335Z,1.0,active
48c40be8-a248-4347-8fb5-620c1f0662c5,79636787d2d3,4,2025,,Total,General,Unspecified,7,tonnes CO2e,0.65,medium,statement_extraction,annualreport_Annual_Report_2024_1761268283694.pdf,79636787d2d3,2025-10-25T17:32:16.335Z,2025-10-25T17:32:16.335Z,2025-10-25T17:32:16.335Z,1.0,active
62c8bc22-22b3-4eee-bbf6-cb2d978133cc,79636787d2d3,4,2024,,Total,General,Unspecified,78,tonnes CO2e,0.80,high,statement_extraction,annualreport_Annual_Report_2024_1761268283694.pdf,79636787d2d3,2025-10-25T17:32:16.335Z,2025-10-25T17:32:16.335Z,2025-10-25T17:32:16.335Z,1.0,active
ddf07026-1103-415e-aabb-36780acd0850,79636787d2d3,4,2025,,Total,General,Unspecified,66,tonnes CO2e,0.65,medium,statement_extraction,annualreport_Annual_Report_2024_1761268283694.pdf,79636787d2d3,2025-10-25T17:32:16.335Z,2025-10-25T17:32:16.335Z,2025-10-25T17:32:16.335Z,1.0,active
8191d803-1d07-4103-852a-ceb2a2ae0172,79636787d2d3,4,2023,,Total,General,Unspecified,5.5,tonnes CO2e,0.80,high,statement_extraction,annualreport_Annual_Report_2024_1761268283694.pdf,79636787d2d3,2025-10-25T17:32:16.335Z,2025-10-25T17:32:16.335Z,2025-10-25T17:32:16.335Z,1.0,active
21ab62a8-8e33-4192-b877-1a9175f1a889,79636787d2d3,4,2025,,Total,General,Unspecified,15,tonnes CO2e,0.65,medium,statement_extraction,annualreport_Annual_Report_2024_1761268283694.pdf,79636787d2d3,2025-10-25T17:32:16.335Z,2025-10-25T17:32:16.335Z,2025-10-25T17:32:16.335Z,1.0,active
ac6645eb-a4f1-4483-80e8-2aaa41572763,79636787d2d3,4,2025,,Total,General,Unspecified,2,tonnes CO2e,0.65,medium,statement_extraction,annualreport_Annual_Report_2024_1761268283694.pdf,79636787d2d3,2025-10-25T17:32:16.335Z,2025-10-25T17:32:16.335Z,2025-10-25T17:32:16.335Z,1.0,active
04382e7c-37e3-4ae4-a051-a923afff2f40,79636787d2d3,4,2025,,Total,General,Unspecified,3,tonnes CO2e,0.65,medium,statement_extraction,annualreport_Annual_Report_2024_1761268283694.pdf,79636787d2d3,2025-10-25T17:32:16.335Z,2025-10-25T17:32:16.335Z,2025-10-25T17:32:16.335Z,1.0,active
ad62d2a0-c673-44f8-8ed8-a05fb2badad1,79636787d2d3,4,2025,,Total,General,Unspecified,505131,tonnes CO2e,0.65,medium,statement_extraction,annualreport_Annual_Report_2024_1761268283694.pdf,79636787d2d3,2025-10-25T17:32:16.335Z,2025-10-25T17:32:16.335Z,2025-10-25T17:32:16.335Z,1.0,active
164ac994-b9f3-42a7-8014-5ea4b1b865ff,79636787d2d3,4,2025,,Total,General,Unspecified,82,tonnes CO2e,0.65,medium,statement_extraction,annualreport_Annual_Report_2024_1761268283694.pdf,79636787d2d3,2025-10-25T17:32:16.335Z,2025-10-25T17:32:16.335Z,2025-10-25T17:32:16.335Z,1.0,active
9714fd77-ec30-4400-aeca-10728156f20f,79636787d2d3,4,2025,,Total,General,Unspecified,63,tonnes CO2e,0.65,medium,statement_extraction,annualreport_Annual_Report_2024_1761268283694.pdf,79636787d2d3,2025-10-25T17:32:16.335Z,2025-10-25T17:32:16.335Z,2025-10-25T17:32:16.335Z,1.0,active
c85f012a-226e-4d51-af71-760abb2ac24a,79636787d2d3,4,2025,,Scope 1,General,Unspecified,2,tonnes CO2e,0.75,high,statement_extraction,annualreport_Annual_Report_2024_1761268283694.pdf,79636787d2d3,2025-10-25T17:32:16.335Z,2025-10-25T17:32:16.335Z,2025-10-25T17:32:16.335Z,1.0,active
af080421-f003-4bc2-a018-4110e21bceb7,79636787d2d3,4,2025,,Total,General,Unspecified,23,tonnes CO2e,0.65,medium,statement_extraction,annualreport_Annual_Report_2024_1761268283694.pdf,79636787d2d3,2025-10-25T17:32:16.335Z,2025-10-25T17:32:16.335Z,2025-10-25T17:32:16.335Z,1.0,active
c63437d3-5060-43dc-9fed-670e1987a18e,79636787d2d3,4,2023,,Total,General,Unspecified,37,tonnes CO2e,0.80,high,statement_extraction,annualreport_Annual_Report_2024_1761268283694.pdf,79636787d2d3,2025-10-25T17:32:16.335Z,2025-10-25T17:32:16.335Z,2025-10-25T17:32:16.335Z,1.0,active
9af60b0f-98a3-408f-b5aa-c9a7eb4d729f,79636787d2d3,4,2023,,Total,General,Unspecified,9,tonnes CO2e,0.80,high,statement_extraction,annualreport_Annual_Report_2024_1761268283694.pdf,79636787d2d3,2025-10-25T17:32:16.335Z,2025-10-25T17:32:16.335Z,2025-10-25T17:32:16.335Z,1.0,active
6709455d-e54f-4992-9b2c-6662eed7fca9,79636787d2d3,4,2023,,Total,General,Unspecified,5,tonnes CO2e,0.80,high,statement_extraction,annualreport_Annual_Report_2024_1761268283694.pdf,79636787d2d3,2025-10-25T17:32:16.335Z,2025-10-25T17:32:16.335Z,2025-10-25T17:32:16.335Z,1.0,active
435e3f30-0176-463b-83aa-66d5d4da3d4e,79636787d2d3,4,2022,,Total,General,Unspecified,3,tonnes CO2e,0.80,high,statement_extraction,annualreport_Annual_Report_2024_1761268283694.pdf,79636787d2d3,2025-10-25T17:32:16.335Z,2025-10-25T17:32:16.335Z,2025-10-25T17:32:16.335Z,1.0,active
7fda82a2-d91a-4994-9c53-5527edf9b619,79636787d2d3,4,2026,1,Total,General,Unspecified,3,tonnes CO2e,0.80,high,statement_extraction,annualreport_Annual_Report_2024_1761268283694.pdf,79636787d2d3,2025-10-25T17:32:16.335Z,2025-10-25T17:32:16.335Z,2025-10-25T17:32:16.335Z,1.0,active
eb7792f2-3443-4bd5-be7e-83e8457f3ef4,79636787d2d3,4,2027,1,Total,General,Unspecified,10,tonnes CO2e,0.80,high,statement_extraction,annualreport_Annual_Report_2024_1761268283694.pdf,79636787d2d3,2025-10-25T17:32:16.335Z,2025-10-25T17:32:16.335Z,2025-10-25T17:32:16.335Z,1.0,active
150489c1-f5dd-45d8-aa67-bca40abe46d3,79636787d2d3,4,2024,,Total,General,Unspecified,4.5,tonnes CO2e,0.80,high,statement_extraction,annualreport_Annual_Report_2024_1761268283694.pdf,79636787d2d3,2025-10-25T17:32:16.335Z,2025-10-25T17:32:16.335Z,2025-10-25T17:32:16.335Z,1.0,active
7ee9ac9c-904e-4198-be6e-b522d4434b06,79636787d2d3,4,2024,,Total,General,Unspecified,8.7,tonnes CO2e,0.80,high,statement_extraction,annualreport_Annual_Report_2024_1761268283694.pdf,79636787d2d3,2025-10-25T17:32:16.335Z,2025-10-25T17:32:16.335Z,2025-10-25T17:32:16.335Z,1.0,active
39d2465e-3f44-4889-9a3c-b42cda32fee4,79636787d2d3,4,2024,,Total,General,Unspecified,6,tonnes CO2e,0.80,high,statement_extraction,annualreport_Annual_Report_2024_1761268283694.pdf,79636787d2d3,2025-10-25T17:32:16.335Z,2025-10-25T17:32:16.335Z,2025-10-25T17:32:16.335Z,1.0,active
3a1fd37a-9b2c-4e9e-86fd-475fb9b136a0,79636787d2d3,4,2025,,Total,General,Unspecified,6,tonnes CO2e,0.65,medium,statement_extraction,annualreport_Annual_Report_2024_1761268283694.pdf,79636787d2d3,2025-10-25T17:32:16.335Z,2025-10-25T17:32:16.335Z,2025-10-25T17:32:16.335Z,1.0,active
f0d678f5-44c5-4131-af62-c581237324b0,79636787d2d3,4,2024,,Scope 2,General,Unspecified,2,tonnes CO2e,0.90,high,statement_extraction,annualreport_Annual_Report_2024_1761268283694.pdf,79636787d2d3,2025-10-25T17:32:16.335Z,2025-10-25T17:32:16.335Z,2025-10-25T17:32:16.335Z,1.0,active
c778778c-a993-4ab8-b5f6-904000d8c0a6,79636787d2d3,4,2025,,Scope 1,Energy,Fossil Fuel Combustion,3,tonnes CO2e,0.85,high,statement_extraction,annualreport_Annual_Report_2024_1761268283694.pdf,79636787d2d3,2025-10-25T17:32:16.335Z,2025-10-25T17:32:16.335Z,2025-10-25T17:32:16.335Z,1.0,active
018b5867-6de9-41d0-923f-d8eaa86926ae,79636787d2d3,4,2025,,Scope 1,General,Unspecified,15,tonnes CO2e,0.75,high,statement_extraction,annualreport_Annual_Report_2024_1761268283694.pdf,79636787d2d3,2025-10-25T17:32:16.335Z,2025-10-25T17:32:16.335Z,2025-10-25T17:32:16.335Z,1.0,active
56331ef7-ddfe-4a7f-a88a-010d6487ce05,79636787d2d3,4,2025,,Scope 1,General,Unspecified,100,tonnes CO2e,0.75,high,statement_extraction,annualreport_Annual_Report_2024_1761268283694.pdf,79636787d2d3,2025-10-25T17:32:16.335Z,2025-10-25T17:32:16.335Z,2025-10-25T17:32:16.335Z,1.0,active
f43d7123-9097-4456-a9c7-7f06d92bdad7,79636787d2d3,4,2025,,Scope 1,General,Unspecified,41028,tonnes CO2e,0.75,high,statement_extraction,annualreport_Annual_Report_2024_1761268283694.pdf,79636787d2d3,2025-10-25T17:32:16.335Z,2025-10-25T17:32:16.335Z,2025-10-25T17:32:16.335Z,1.0,active
e53f41e2-c44f-4670-a0a9-7f02085380ad,79636787d2d3,4,2025,,Scope 3,General,Unspecified,13,tonnes CO2e,0.75,high,statement_extraction,annualreport_Annual_Report_2024_1761268283694.pdf,79636787d2d3,2025-10-25T17:32:16.335Z,2025-10-25T17:32:16.335Z,2025-10-25T17:32:16.335Z,1.0,active
d4268572-69d8-4b7e-a38a-de94890ad273,79636787d2d3,4,2024,,Total,General,Unspecified,31,tonnes CO2e,0.80,high,statement_extraction,annualreport_Annual_Report_2024_1761268283694.pdf,79636787d2d3,2025-10-25T17:32:16.335Z,2025-10-25T17:32:16.335Z,2025-10-25T17:32:16.335Z,1.0,active
43776c1b-90ed-4a2a-8ae2-cb57b9d5cbc1,79636787d2d3,4,2024,,Total,General,Unspecified,50895,tonnes CO2e,0.80,high,statement_extraction,annualreport_Annual_Report_2024_1761268283694.pdf,79636787d2d3,2025-10-25T17:32:16.335Z,2025-10-25T17:32:16.335Z,2025-10-25T17:32:16.335Z,1.0,active
5c508743-7209-49bc-982d-fe987b137f1f,79636787d2d3,4,2025,,Scope 1,General,Unspecified,1,tonnes CO2e,0.75,high,statement_extraction,annualreport_Annual_Report_2024_1761268283694.pdf,79636787d2d3,2025-10-25T17:32:16.335Z,2025-10-25T17:32:16.335Z,2025-10-25T17:32:16.335Z,1.0,active
d2f59b2b-e430-445e-b15f-66fe02972dcb,79636787d2d3,4,2025,,Scope 2,Energy,Purchased Electricity,71,tonnes CO2e,0.85,high,statement_extraction,annualreport_Annual_Report_2024_1761268283694.pdf,79636787d2d3,2025-10-25T17:32:16.335Z,2025-10-25T17:32:16.335Z,2025-10-25T17:32:16.335Z,1.0,active
fc971f80-8dac-40a8-9e18-378c0418df72,79636787d2d3,4,2025,,Scope 3,Direct Emissions,Value Chain,3,tonnes CO2e,0.85,high,statement_extraction,annualreport_Annual_Report_2024_1761268283694.pdf,79636787d2d3,2025-10-25T17:32:16.335Z,2025-10-25T17:32:16.335Z,2025-10-25T17:32:16.335Z,1.0,active
b046c7be-2fde-4747-b43e-574394229bd8,79636787d2d3,4,2025,,Scope 3,General,Unspecified,3,tonnes CO2e,0.75,high,statement_extraction,annualreport_Annual_Report_2024_1761268283694.pdf,79636787d2d3,2025-10-25T17:32:16.335Z,2025-10-25T17:32:16.335Z,2025-10-25T17:32:16.335Z,1.0,active
98a1bdac-df7f-456a-8f58-f8b9a9b174ae,79636787d2d3,4,2025,,Scope 1,Waste,Waste,3,tonnes CO2e,0.85,high,statement_extraction,annualreport_Annual_Report_2024_1761268283694.pdf,79636787d2d3,2025-10-25T17:32:16.335Z,2025-10-25T17:32:16.335Z,2025-10-25T17:32:16.335Z,1.0,active
6df34906-af1c-40ab-9a10-7efbc26f1af5,79636787d2d3,4,2025,,Scope 1,Transportation,Company Vehicles,3,tonnes CO2e,0.85,high,statement_extraction,annualreport_Annual_Report_2024_1761268283694.pdf,79636787d2d3,2025-10-25T17:32:16.335Z,2025-10-25T17:32:16.335Z,2025-10-25T17:32:16.335Z,1.0,active
c626cc12-5ca6-427f-88ff-5e1c1e5f9d65,79636787d2d3,4,2025,,Scope 1,Direct Emissions,Direct Operations,1,tonnes CO2e,0.85,high,statement_extraction,annualreport_Annual_Report_2024_1761268283694.pdf,79636787d2d3,2025-10-25T17:32:16.335Z,2025-10-25T17:32:16.335Z,2025-10-25T17:32:16.335Z,1.0,active
d91b547b-7dd3-443d-8b20-d2a576c9e44f,79636787d2d3,4,2025,,Total,General,Unspecified,60166,tonnes CO2e,0.65,medium,statement_extraction,annualreport_Annual_Report_2024_1761268283694.pdf,79636787d2d3,2025-10-25T17:32:16.335Z,2025-10-25T17:32:16.335Z,2025-10-25T17:32:16.335Z,1.0,active
88e95278-8631-42a4-97dc-6922a0f03a9b,79636787d2d3,4,2025,,Scope 1,Direct Emissions,Direct Operations,2,tonnes CO2e,0.85,high,statement_extraction,annualreport_Annual_Report_2024_1761268283694.pdf,79636787d2d3,2025-10-25T17:32:16.335Z,2025-10-25T17:32:16.335Z,2025-10-25T17:32:16.335Z,1.0,active
32442a44-420b-4e2b-b1b0-719d8cba5694,79636787d2d3,4,2023,,Total,General,Unspecified,3,tonnes CO2e,0.80,high,statement_extraction,annualreport_Annual_Report_2024_1761268283694.pdf,79636787d2d3,2025-10-25T17:32:16.335Z,2025-10-25T17:32:16.335Z,2025-10-25T17:32:16.335Z,1.0,active
2fe9b49b-6563-414f-ae6d-4e0e2bd8f288,79636787d2d3,4,2025,,Total,General,Unspecified,100,tonnes CO2e,0.65,medium,statement_extraction,annualreport_Annual_Report_2024_1761268283694.pdf,79636787d2d3,2025-10-25T17:32:16.335Z,2025-10-25T17:32:16.335Z,2025-10-25T17:32:16.335Z,1.0,active
2eea8a6d-4662-4660-ad81-a2a0780bb381,79636787d2d3,4,2025,,Total,General,Unspecified,6.5,tonnes CO2e,0.65,medium,statement_extraction,annualreport_Annual_Report_2024_1761268283694.pdf,79636787d2d3,2025-10-25T17:32:16.335Z,2025-10-25T17:32:16.335Z,2025-10-25T17:32:16.335Z,1.0,active
d39457c9-1e07-4b4b-a306-d24168c54fb7,79636787d2d3,4,2025,,Scope 3,General,Unspecified,1,tonnes CO2e,0.75,high,statement_extraction,annualreport_Annual_Report_2024_1761268283694.pdf,79636787d2d3,2025-10-25T17:32:16.335Z,2025-10-25T17:32:16.335Z,2025-10-25T17:32:16.335Z,1.0,active
500bb5c0-8ac9-4a96-b13a-1125369f1761,79636787d2d3,4,2024,,Total,General,Unspecified,1,tonnes CO2e,0.80,high,statement_extraction,annualreport_Annual_Report_2024_1761268283694.pdf,79636787d2d3,2025-10-25T17:32:16.335Z,2025-10-25T17:32:16.335Z,2025-10-25T17:32:16.335Z,1.0,active
204b87d1-a7a4-4aeb-ac58-3c42e1b20f59,79636787d2d3,4,2025,,Scope 3,Transportation,Business Travel & Logistics,3,tonnes CO2e,0.85,high,statement_extraction,annualreport_Annual_Report_2024_1761268283694.pdf,79636787d2d3,2025-10-25T17:32:16.335Z,2025-10-25T17:32:16.335Z,2025-10-25T17:32:16.335Z,1.0,active
558311f0-0ef3-4cd8-8659-600d94d76f83,79636787d2d3,4,2024,,Scope 1,General,Unspecified,3,tonnes CO2e,0.90,high,statement_extraction,annualreport_Annual_Report_2024_1761268283694.pdf,79636787d2d3,2025-10-25T17:32:16.335Z,2025-10-25T17:32:16.335Z,2025-10-25T17:32:16.335Z,1.0,active
1e791fad-1747-4ed9-95a0-a43957bac2a4,79636787d2d3,4,2025,,Scope 1,General,Unspecified,2,tonnes CO2e,0.90,high,statement_extraction,annualreport_Annual_Report_2024_1761268283694.pdf,79636787d2d3,2025-10-25T17:32:16.335Z,2025-10-25T17:32:16.335Z,2025-10-25T17:32:16.335Z,1.0,active
412e4f39-b62f-4c27-a81b-3f31b471709f,79636787d2d3,4,2025,,Total,General,Unspecified,5,tonnes CO2e,0.65,medium,statement_extraction,annualreport_Annual_Report_2024_1761268283694.pdf,79636787d2d3,2025-10-25T17:32:16.335Z,2025-10-25T17:32:16.335Z,2025-10-25T17:32:16.335Z,1.0,active
ceb3359b-c88c-4a32-bab0-b0e366d5f5f1,79636787d2d3,4,2025,,Total,General,Unspecified,98,tonnes CO2e,0.65,medium,statement_extraction,annualreport_Annual_Report_2024_1761268283694.pdf,79636787d2d3,2025-10-25T17:32:16.335Z,2025-10-25T17:32:16.335Z,2025-10-25T17:32:16.335Z,1.0,active
31f14637-d952-4ed1-8ae4-ffbfbef62903,79636787d2d3,4,2025,,Total,Energy,Energy,3,tonnes CO2e,0.75,high,statement_extraction,annualreport_Annual_Report_2024_1761268283694.pdf,79636787d2d3,2025-10-25T17:32:16.335Z,2025-10-25T17:32:16.335Z,2025-10-25T17:32:16.335Z,1.0,active
cd9cb90f-a369-49a5-bc2e-850b44165287,79636787d2d3,4,2025,,Total,General,Unspecified,217,tonnes CO2e,0.65,medium,statement_extraction,annualreport_Annual_Report_2024_1761268283694.pdf,79636787d2d3,2025-10-25T17:32:16.335Z,2025-10-25T17:32:16.335Z,2025-10-25T17:32:16.335Z,1.0,active
0c86ccf4-2392-4ab4-bdb9-defb7f418c2b,79636787d2d3,4,2025,,Total,General,Unspecified,219833,tonnes CO2e,0.65,medium,statement_extraction,annualreport_Annual_Report_2024_1761268283694.pdf,79636787d2d3,2025-10-25T17:32:16.335Z,2025-10-25T17:32:16.335Z,2025-10-25T17:32:16.335Z,1.0,active
c73d180b-94de-4e10-8d79-faa6b9fad75a,79636787d2d3,4,2025,,Total,General,Unspecified,43,tonnes CO2e,0.65,medium,statement_extraction,annualreport_Annual_Report_2024_1761268283694.pdf,79636787d2d3,2025-10-25T17:32:16.335Z,2025-10-25T17:32:16.335Z,2025-10-25T17:32:16.335Z,1.0,active
359d0c8e-859a-4d4b-be56-c8e137dc22eb,79636787d2d3,4,2025,,Total,General,Unspecified,299377,tonnes CO2e,0.65,medium,statement_extraction,annualreport_Annual_Report_2024_1761268283694.pdf,79636787d2d3,2025-10-25T17:32:16.335Z,2025-10-25T17:32:16.335Z,2025-10-25T17:32:16.335Z,1.0,active
503de284-c495-4500-a19e-3fb81a721bbd,79636787d2d3,4,2025,,Total,General,Unspecified,168,tonnes CO2e,0.65,medium,statement_extraction,annualreport_Annual_Report_2024_1761268283694.pdf,79636787d2d3,2025-10-25T17:32:16.335Z,2025-10-25T17:32:16.335Z,2025-10-25T17:32:16.335Z,1.0,active
57e050ac-9432-49e7-94bd-f114e62adcf8,79636787d2d3,4,2025,,Total,General,Unspecified,229711,tonnes CO2e,0.65,medium,statement_extraction,annualreport_Annual_Report_2024_1761268283694.pdf,79636787d2d3,2025-10-25T17:32:16.335Z,2025-10-25T17:32:16.335Z,2025-10-25T17:32:16.335Z,1.0,active
cdc5e557-cd06-4b12-bb06-e667250cfd5f,79636787d2d3,4,2025,,Total,General,Unspecified,300,tonnes CO2e,0.65,medium,statement_extraction,annualreport_Annual_Report_2024_1761268283694.pdf,79636787d2d3,2025-10-25T17:32:16.335Z,2025-10-25T17:32:16.335Z,2025-10-25T17:32:16.335Z,1.0,active
d9170f9f-3174-4e1a-85f3-bec66c642535,79636787d2d3,4,2025,,Total,General,Unspecified,34,tonnes CO2e,0.65,medium,statement_extraction,annualreport_Annual_Report_2024_1761268283694.pdf,79636787d2d3,2025-10-25T17:32:16.335Z,2025-10-25T17:32:16.335Z,2025-10-25T17:32:16.335Z,1.0,active
bed460ce-2007-43df-a788-015f74e09375,79636787d2d3,4,2025,,Total,General,Unspecified,32,tonnes CO2e,0.65,medium,statement_extraction,annualreport_Annual_Report_2024_1761268283694.pdf,79636787d2d3,2025-10-25T17:32:16.335Z,2025-10-25T17:32:16.335Z,2025-10-25T17:32:16.335Z,1.0,active
4a020b5a-ee72-4e17-9e3a-1b0768182ae0,79636787d2d3,4,2025,,Total,General,Unspecified,370,tonnes CO2e,0.65,medium,statement_extraction,annualreport_Annual_Report_2024_1761268283694.pdf,79636787d2d3,2025-10-25T17:32:16.335Z,2025-10-25T17:32:16.335Z,2025-10-25T17:32:16.335Z,1.0,active
e526fd49-149d-4ea5-bd87-74159943cb52,79636787d2d3,4,2025,,Total,General,Unspecified,752,tonnes CO2e,0.65,medium,statement_extraction,annualreport_Annual_Report_2024_1761268283694.pdf,79636787d2d3,2025-10-25T17:32:16.335Z,2025-10-25T17:32:16.335Z,2025-10-25T17:32:16.335Z,1.0,active
05f1a9d5-3da3-412e-9713-0344e1dac43e,79636787d2d3,4,2025,,Total,General,Unspecified,590,tonnes CO2e,0.65,medium,statement_extraction,annualreport_Annual_Report_2024_1761268283694.pdf,79636787d2d3,2025-10-25T17:32:16.335Z,2025-10-25T17:32:16.335Z,2025-10-25T17:32:16.335Z,1.0,active
f4b925c8-7857-46d6-bf29-b843978530ae,79636787d2d3,4,2023,,Total,General,Unspecified,7760,tonnes CO2e,0.80,high,statement_extraction,annualreport_Annual_Report_2024_1761268283694.pdf,79636787d2d3,2025-10-25T17:32:16.335Z,2025-10-25T17:32:16.335Z,2025-10-25T17:32:16.335Z,1.0,active
8d4f4a0b-b65d-4858-ac88-4a895af084da,79636787d2d3,4,2025,,Total,General,Unspecified,25258,tonnes CO2e,0.65,medium,statement_extraction,annualreport_Annual_Report_2024_1761268283694.pdf,79636787d2d3,2025-10-25T17:32:16.335Z,2025-10-25T17:32:16.335Z,2025-10-25T17:32:16.335Z,1.0,active
f7be61d1-adb4-4336-8399-e3bb5366d62f,79636787d2d3,4,2025,,Total,General,Unspecified,84,tonnes CO2e,0.65,medium,statement_extraction,annualreport_Annual_Report_2024_1761268283694.pdf,79636787d2d3,2025-10-25T17:32:16.335Z,2025-10-25T17:32:16.335Z,2025-10-25T17:32:16.335Z,1.0,active
21d806df-770e-4db4-bd9e-7e55246990c4,79636787d2d3,4,2025,,Total,General,Unspecified,651,tonnes CO2e,0.65,medium,statement_extraction,annualreport_Annual_Report_2024_1761268283694.pdf,79636787d2d3,2025-10-25T17:32:16.335Z,2025-10-25T17:32:16.335Z,2025-10-25T17:32:16.335Z,1.0,active
d303e531-7aac-409f-821a-fb48436202b1,79636787d2d3,4,2025,,Total,General,Unspecified,5332,tonnes CO2e,0.65,medium,statement_extraction,annualreport_Annual_Report_2024_1761268283694.pdf,79636787d2d3,2025-10-25T17:32:16.335Z,2025-10-25T17:32:16.335Z,2025-10-25T17:32:16.335Z,1.0,active
7b1793f2-b9e0-4c4a-af3e-62ea32e8b7a7,79636787d2d3,4,2025,,Total,General,Unspecified,395,tonnes CO2e,0.65,medium,statement_extraction,annualreport_Annual_Report_2024_1761268283694.pdf,79636787d2d3,2025-10-25T17:32:16.335Z,2025-10-25T17:32:16.335Z,2025-10-25T17:32:16.335Z,1.0,active
57bd9eb0-b9a5-4874-83cb-ef03dabf8db1,79636787d2d3,4,2025,,Total,General,Unspecified,1212,tonnes CO2e,0.65,medium,statement_extraction,annualreport_Annual_Report_2024_1761268283694.pdf,79636787d2d3,2025-10-25T17:32:16.335Z,2025-10-25T17:32:16.335Z,2025-10-25T17:32:16.335Z,1.0,active
2025c990-e99b-4d1e-8e10-0891ce9455bd,79636787d2d3,4,2025,,Total,General,Unspecified,1677,tonnes CO2e,0.65,medium,statement_extraction,annualreport_Annual_Report_2024_1761268283694.pdf,79636787d2d3,2025-10-25T17:32:16.335Z,2025-10-25T17:32:16.335Z,2025-10-25T17:32:16.335Z,1.0,active
667e385e-64f9-4656-a2f2-a1d6812ee40a,79636787d2d3,4,2025,,Total,General,Unspecified,1581,tonnes CO2e,0.65,medium,statement_extraction,annualreport_Annual_Report_2024_1761268283694.pdf,79636787d2d3,2025-10-25T17:32:16.335Z,2025-10-25T17:32:16.335Z,2025-10-25T17:32:16.335Z,1.0,active
4fd3dc10-0024-4bb1-925d-d3c2cc3d913d,79636787d2d3,4,2025,,Total,General,Unspecified,690,tonnes CO2e,0.65,medium,statement_extraction,annualreport_Annual_Report_2024_1761268283694.pdf,79636787d2d3,2025-10-25T17:32:16.335Z,2025-10-25T17:32:16.335Z,2025-10-25T17:32:16.335Z,1.0,active
68fba6c8-ffed-42d0-b680-e3693574854c,79636787d2d3,4,2025,,Total,General,Unspecified,32190,tonnes CO2e,0.65,medium,statement_extraction,annualreport_Annual_Report_2024_1761268283694.pdf,79636787d2d3,2025-10-25T17:32:16.335Z,2025-10-25T17:32:16.335Z,2025-10-25T17:32:16.335Z,1.0,active
f49019a7-2f52-4aee-b906-8388228093b0,79636787d2d3,4,2025,,Total,General,Unspecified,48,tonnes CO2e,0.65,medium,statement_extraction,annualreport_Annual_Report_2024_1761268283694.pdf,79636787d2d3,2025-10-25T17:32:16.335Z,2025-10-25T17:32:16.335Z,2025-10-25T17:32:16.335Z,1.0,active
30792bf9-26ae-4ef3-a8d1-c008f01fb361,79636787d2d3,4,2025,,Total,General,Unspecified,31,tonnes CO2e,0.65,medium,statement_extraction,annualreport_Annual_Report_2024_1761268283694.pdf,79636787d2d3,2025-10-25T17:32:16.335Z,2025-10-25T17:32:16.335Z,2025-10-25T17:32:16.335Z,1.0,active
3a4e6c64-7b1d-4526-9dce-9002b9964fcb,79636787d2d3,4,2025,,Total,General,Unspecified,18,tonnes CO2e,0.65,medium,statement_extraction,annualreport_Annual_Report_2024_1761268283694.pdf,79636787d2d3,2025-10-25T17:32:16.335Z,2025-10-25T17:32:16.335Z,2025-10-25T17:32:16.335Z,1.0,active
0641e28a-6ca0-4cdb-8386-6f00eb868d77,79636787d2d3,4,2025,,Total,General,Unspecified,35,tonnes CO2e,0.65,medium,statement_extraction,annualreport_Annual_Report_2024_1761268283694.pdf,79636787d2d3,2025-10-25T17:32:16.335Z,2025-10-25T17:32:16.335Z,2025-10-25T17:32:16.335Z,1.0,active
0debc832-9182-41f9-92ee-d9eabc44b880,79636787d2d3,4,2025,,Total,General,Unspecified,50,tonnes CO2e,0.65,medium,statement_extraction,annualreport_Annual_Report_2024_1761268283694.pdf,79636787d2d3,2025-10-25T17:32:16.335Z,2025-10-25T17:32:16.335Z,2025-10-25T17:32:16.335Z,1.0,active
7796c747-d912-44ad-b28b-9c7636726a0b,79636787d2d3,4,2023,,Total,General,Unspecified,10,tonnes CO2e,0.80,high,statement_extraction,annualreport_Annual_Report_2024_1761268283694.pdf,79636787d2d3,2025-10-25T17:32:16.335Z,2025-10-25T17:32:16.335Z,2025-10-25T17:32:16.335Z,1.0,active
c7e9cca8-265b-4eef-94bf-b4f7f585da23,79636787d2d3,4,2025,,Total,General,Unspecified,658,tonnes CO2e,0.65,medium,statement_extraction,annualreport_Annual_Report_2024_1761268283694.pdf,79636787d2d3,2025-10-25T17:32:16.335Z,2025-10-25T17:32:16.335Z,2025-10-25T17:32:16.335Z,1.0,active
da2b9e9a-a5d0-4441-a85e-ad5fd5329bec,79636787d2d3,4,2025,,Total,General,Unspecified,105,tonnes CO2e,0.65,medium,statement_extraction,annualreport_Annual_Report_2024_1761268283694.pdf,79636787d2d3,2025-10-25T17:32:16.335Z,2025-10-25T17:32:16.335Z,2025-10-25T17:32:16.335Z,1.0,active
d140b95a-f683-409f-b211-502e13b9ba53,79636787d2d3,4,2025,,Total,General,Unspecified,89,tonnes CO2e,0.65,medium,statement_extraction,annualreport_Annual_Report_2024_1761268283694.pdf,79636787d2d3,2025-10-25T17:32:16.335Z,2025-10-25T17:32:16.335Z,2025-10-25T17:32:16.335Z,1.0,active
942c417e-56c5-4c42-94d7-a6001b1d41a7,79636787d2d3,4,2025,,Total,General,Unspecified,197,tonnes CO2e,0.65,medium,statement_extraction,annualreport_Annual_Report_2024_1761268283694.pdf,79636787d2d3,2025-10-25T17:32:16.335Z,2025-10-25T17:32:16.335Z,2025-10-25T17:32:16.335Z,1.0,active
db20cbca-67d1-4a6c-91b4-c857941cdcf8,79636787d2d3,4,2025,,Total,General,Unspecified,1271,tonnes CO2e,0.65,medium,statement_extraction,annualreport_Annual_Report_2024_1761268283694.pdf,79636787d2d3,2025-10-25T17:32:16.335Z,2025-10-25T17:32:16.335Z,2025-10-25T17:32:16.335Z,1.0,active
b4bd2487-a5b8-45a6-bf91-6de6179f9bd8,79636787d2d3,4,2025,,Total,General,Unspecified,8739,tonnes CO2e,0.65,medium,statement_extraction,annualreport_Annual_Report_2024_1761268283694.pdf,79636787d2d3,2025-10-25T17:32:16.335Z,2025-10-25T17:32:16.335Z,2025-10-25T17:32:16.335Z,1.0,active
b23949e4-eaff-40f6-b617-6648c20d05d4,79636787d2d3,4,2025,,Total,General,Unspecified,36,tonnes CO2e,0.65,medium,statement_extraction,annualreport_Annual_Report_2024_1761268283694.pdf,79636787d2d3,2025-10-25T17:32:16.335Z,2025-10-25T17:32:16.335Z,2025-10-25T17:32:16.335Z,1.0,active
ee73b3e0-4beb-4c80-bc22-f628979ed8b2,79636787d2d3,4,2025,,Total,General,Unspecified,558,tonnes CO2e,0.65,medium,statement_extraction,annualreport_Annual_Report_2024_1761268283694.pdf,79636787d2d3,2025-10-25T17:32:16.335Z,2025-10-25T17:32:16.335Z,2025-10-25T17:32:16.335Z,1.0,active
84c4a6d0-c1cb-4044-a59d-11b540fbf8a1,79636787d2d3,4,2025,,Total,General,Unspecified,2451,tonnes CO2e,0.65,medium,statement_extraction,annualreport_Annual_Report_2024_1761268283694.pdf,79636787d2d3,2025-10-25T17:32:16.335Z,2025-10-25T17:32:16.335Z,2025-10-25T17:32:16.335Z,1.0,active
f8928cf1-3d5a-4e6b-9558-7a8bb21766c3,79636787d2d3,4,2025,,Total,General,Unspecified,617,tonnes CO2e,0.65,medium,statement_extraction,annualreport_Annual_Report_2024_1761268283694.pdf,79636787d2d3,2025-10-25T17:32:16.335Z,2025-10-25T17:32:16.335Z,2025-10-25T17:32:16.335Z,1.0,active
26deacfb-681a-4e38-b51c-1cf723959902,79636787d2d3,4,2025,,Total,General,Unspecified,2300,tonnes CO2e,0.65,medium,statement_extraction,annualreport_Annual_Report_2024_1761268283694.pdf,79636787d2d3,2025-10-25T17:32:16.335Z,2025-10-25T17:32:16.335Z,2025-10-25T17:32:16.335Z,1.0,active
6756d761-cc9d-42d5-a26a-e23fe90b3d38,79636787d2d3,4,2025,,Total,General,Unspecified,169,tonnes CO2e,0.65,medium,statement_extraction,annualreport_Annual_Report_2024_1761268283694.pdf,79636787d2d3,2025-10-25T17:32:16.335Z,2025-10-25T17:32:16.335Z,2025-10-25T17:32:16.335Z,1.0,active
28acd188-01ea-404c-b2b2-2c6d4937b048,79636787d2d3,4,2025,,Total,General,Unspecified,275,tonnes CO2e,0.65,medium,statement_extraction,annualreport_Annual_Report_2024_1761268283694.pdf,79636787d2d3,2025-10-25T17:32:16.335Z,2025-10-25T17:32:16.335Z,2025-10-25T17:32:16.335Z,1.0,active
569c333d-8755-4c1d-89b6-0fbc275f9e4b,79636787d2d3,4,2025,,Total,General,Unspecified,12,tonnes CO2e,0.65,medium,statement_extraction,annualreport_Annual_Report_2024_1761268283694.pdf,79636787d2d3,2025-10-25T17:32:16.335Z,2025-10-25T17:32:16.335Z,2025-10-25T17:32:16.335Z,1.0,active
028faf5b-d91e-4698-9583-94f6e374d744,79636787d2d3,4,2025,,Total,General,Unspecified,8666,tonnes CO2e,0.65,medium,statement_extraction,annualreport_Annual_Report_2024_1761268283694.pdf,79636787d2d3,2025-10-25T17:32:16.335Z,2025-10-25T17:32:16.335Z,2025-10-25T17:32:16.335Z,1.0,active
ed918d95-c8e5-4dc8-b312-b44132ca90d3,79636787d2d3,4,2025,,Total,General,Unspecified,10132,tonnes CO2e,0.65,medium,statement_extraction,annualreport_Annual_Report_2024_1761268283694.pdf,79636787d2d3,2025-10-25T17:32:16.335Z,2025-10-25T17:32:16.335Z,2025-10-25T17:32:16.335Z,1.0,active
f1d1f5eb-a494-4973-b1ae-cd592358e09e,79636787d2d3,4,2023,,Total,General,Unspecified,0.1,tonnes CO2e,0.80,high,statement_extraction,annualreport_Annual_Report_2024_1761268283694.pdf,79636787d2d3,2025-10-25T17:32:16.335Z,2025-10-25T17:32:16.335Z,2025-10-25T17:32:16.335Z,1.0,active
b4e00dd0-7248-49fa-8ad3-bae90d3c3aa3,79636787d2d3,4,2023,,Total,General,Unspecified,0.6,tonnes CO2e,0.80,high,statement_extraction,annualreport_Annual_Report_2024_1761268283694.pdf,79636787d2d3,2025-10-25T17:32:16.335Z,2025-10-25T17:32:16.335Z,2025-10-25T17:32:16.335Z,1.0,active
ffc4ac8f-87a2-4dd0-8970-fc26aa929652,79636787d2d3,4,2025,,Total,General,Unspecified,3.9,tonnes CO2e,0.65,medium,statement_extraction,annualreport_Annual_Report_2024_1761268283694.pdf,79636787d2d3,2025-10-25T17:32:16.335Z,2025-10-25T17:32:16.335Z,2025-10-25T17:32:16.335Z,1.0,active
069c1499-ffbc-4550-b074-3e2826d92be8,79636787d2d3,4,2025,,Total,General,Unspecified,744,tonnes CO2e,0.65,medium,statement_extraction,annualreport_Annual_Report_2024_1761268283694.pdf,79636787d2d3,2025-10-25T17:32:16.335Z,2025-10-25T17:32:16.335Z,2025-10-25T17:32:16.335Z,1.0,active
481a3a5e-ca4f-4b85-93e6-25ef593d827f,79636787d2d3,4,2025,,Total,General,Unspecified,143,tonnes CO2e,0.65,medium,statement_extraction,annualreport_Annual_Report_2024_1761268283694.pdf,79636787d2d3,2025-10-25T17:32:16.335Z,2025-10-25T17:32:16.335Z,2025-10-25T17:32:16.335Z,1.0,active
e5e2af6c-fe1f-4ffb-b4eb-47005088c289,79636787d2d3,4,2025,,Total,General,Unspecified,9,tonnes CO2e,0.65,medium,statement_extraction,annualreport_Annual_Report_2024_1761268283694.pdf,79636787d2d3,2025-10-25T17:32:16.335Z,2025-10-25T17:32:16.335Z,2025-10-25T17:32:16.335Z,1.0,active
37081057-401a-4d10-b736-78ab8da6749b,79636787d2d3,4,2025,,Total,General,Unspecified,11,tonnes CO2e,0.65,medium,statement_extraction,annualreport_Annual_Report_2024_1761268283694.pdf,79636787d2d3,2025-10-25T17:32:16.335Z,2025-10-25T17:32:16.335Z,2025-10-25T17:32:16.335Z,1.0,active
4300a8dd-fbf9-4d4d-9a5f-cea36c837d79,79636787d2d3,4,2025,,Total,General,Unspecified,704,tonnes CO2e,0.65,medium,statement_extraction,annualreport_Annual_Report_2024_1761268283694.pdf,79636787d2d3,2025-10-25T17:32:16.335Z,2025-10-25T17:32:16.335Z,2025-10-25T17:32:16.335Z,1.0,active
aa20aff2-7d91-46d4-8fe6-ab4265a0c447,79636787d2d3,4,2025,,Total,General,Unspecified,821,tonnes CO2e,0.65,medium,statement_extraction,annualreport_Annual_Report_2024_1761268283694.pdf,79636787d2d3,2025-10-25T17:32:16.335Z,2025-10-25T17:32:16.335Z,2025-10-25T17:32:16.335Z,1.0,active
9c5af089-f794-4e06-8abb-a5e3e337d8f3,79636787d2d3,4,2023,,Total,General,Unspecified,15,tonnes CO2e,0.80,high,statement_extraction,annualreport_Annual_Report_2024_1761268283694.pdf,79636787d2d3,2025-10-25T17:32:16.335Z,2025-10-25T17:32:16.335Z,2025-10-25T17:32:16.335Z,1.0,active
2f07b75f-7adb-4097-a145-e9985325f6e9,79636787d2d3,4,2024,,Total,General,Unspecified,245,tonnes CO2e,0.80,high,statement_extraction,annualreport_Annual_Report_2024_1761268283694.pdf,79636787d2d3,2025-10-25T17:32:16.335Z,2025-10-25T17:32:16.335Z,2025-10-25T17:32:16.335Z,1.0,active
3a632ebb-d4d7-44ec-b312-28ad4e0bc899,79636787d2d3,4,2025,,Total,General,Unspecified,7.5,tonnes CO2e,0.65,medium,statement_extraction,annualreport_Annual_Report_2024_1761268283694.pdf,79636787d2d3,2025-10-25T17:32:16.335Z,2025-10-25T17:32:16.335Z,2025-10-25T17:32:16.335Z,1.0,active
79db35dd-26e3-45dc-8636-6bb0ae63378a,79636787d2d3,4,2023,,Total,General,Unspecified,3485,tonnes CO2e,0.80,high,statement_extraction,annualreport_Annual_Report_2024_1761268283694.pdf,79636787d2d3,2025-10-25T17:32:16.335Z,2025-10-25T17:32:16.335Z,2025-10-25T17:32:16.335Z,1.0,active
2b70c165-42f9-4071-be69-b55f2bd71e61,79636787d2d3,4,2023,,Total,General,Unspecified,4732,tonnes CO2e,0.80,high,statement_extraction,annualreport_Annual_Report_2024_1761268283694.pdf,79636787d2d3,2025-10-25T17:32:16.335Z,2025-10-25T17:32:16.335Z,2025-10-25T17:32:16.335Z,1.0,active
7a5856da-cb64-4812-845d-952ce4be1781,79636787d2d3,4,2023,,Total,General,Unspecified,772,tonnes CO2e,0.80,high,statement_extraction,annualreport_Annual_Report_2024_1761268283694.pdf,79636787d2d3,2025-10-25T17:32:16.335Z,2025-10-25T17:32:16.335Z,2025-10-25T17:32:16.335Z,1.0,active
1f4a8860-6e96-43be-93f2-b37af00ddcb9,79636787d2d3,4,2023,,Total,General,Unspecified,51911,tonnes CO2e,0.80,high,statement_extraction,annualreport_Annual_Report_2024_1761268283694.pdf,79636787d2d3,2025-10-25T17:32:16.335Z,2025-10-25T17:32:16.335Z,2025-10-25T17:32:16.335Z,1.0,active
ce4ec23d-da75-4a5c-923a-502dc3f5aabe,79636787d2d3,4,2023,,Total,General,Unspecified,11846,tonnes CO2e,0.80,high,statement_extraction,annualreport_Annual_Report_2024_1761268283694.pdf,79636787d2d3,2025-10-25T17:32:16.335Z,2025-10-25T17:32:16.335Z,2025-10-25T17:32:16.335Z,1.0,active
bb87e485-b84b-41e7-ade8-d9a4e54fc7db,79636787d2d3,4,2023,,Total,General,Unspecified,2494,tonnes CO2e,0.80,high,statement_extraction,annualreport_Annual_Report_2024_1761268283694.pdf,79636787d2d3,2025-10-25T17:32:16.335Z,2025-10-25T17:32:16.335Z,2025-10-25T17:32:16.335Z,1.0,active
054a2fc7-a982-477e-8826-f86a197783a6,79636787d2d3,4,2024,,Total,General,Unspecified,2.213,tonnes CO2e,0.80,high,statement_extraction,annualreport_Annual_Report_2024_1761268283694.pdf,79636787d2d3,2025-10-25T17:32:16.335Z,2025-10-25T17:32:16.335Z,2025-10-25T17:32:16.335Z,1.0,active
8f2f6f41-fccc-4374-a885-aa99dd3b3611,79636787d2d3,4,2023,,Total,General,Unspecified,2.89,tonnes CO2e,0.80,high,statement_extraction,annualreport_Annual_Report_2024_1761268283694.pdf,79636787d2d3,2025-10-25T17:32:16.335Z,2025-10-25T17:32:16.335Z,2025-10-25T17:32:16.335Z,1.0,active
2b9f038c-335f-4294-a88f-14f1530bf9f4,79636787d2d3,4,2025,,Total,General,Unspecified,6.6,tonnes CO2e,0.65,medium,statement_extraction,annualreport_Annual_Report_2024_1761268283694.pdf,79636787d2d3,2025-10-25T17:32:16.335Z,2025-10-25T17:32:16.335Z,2025-10-25T17:32:16.335Z,1.0,active
ef79d927-59e1-4a5e-b7d2-d06aa460fab4,79636787d2d3,4,2025,,Total,General,Unspecified,99,tonnes CO2e,0.65,medium,statement_extraction,annualreport_Annual_Report_2024_1761268283694.pdf,79636787d2d3,2025-10-25T17:32:16.335Z,2025-10-25T17:32:16.335Z,2025-10-25T17:32:16.335Z,1.0,active
52644240-0e28-49dd-9ccb-9a85dde86297,79636787d2d3,4,2025,,Scope 1,Energy,Fossil Fuel Combustion,2.1,tonnes CO2e,0.85,high,statement_extraction,annualreport_Annual_Report_2024_1761268283694.pdf,79636787d2d3,2025-10-25T17:32:16.335Z,2025-10-25T17:32:16.335Z,2025-10-25T17:32:16.335Z,1.0,active
a20684b9-dad6-41ec-b050-4e3d1485e7b1,79636787d2d3,4,2025,,Scope 1,General,Unspecified,2.1,tonnes CO2e,0.75,high,statement_extraction,annualreport_Annual_Report_2024_1761268283694.pdf,79636787d2d3,2025-10-25T17:32:16.335Z,2025-10-25T17:32:16.335Z,2025-10-25T17:32:16.335Z,1.0,active
034c9c7f-e3ec-4c75-a9af-448d8ffdd7a5,79636787d2d3,4,2025,,Total,Direct Emissions,Direct Emissions,34,tonnes CO2e,0.75,high,statement_extraction,annualreport_Annual_Report_2024_1761268283694.pdf,79636787d2d3,2025-10-25T17:32:16.335Z,2025-10-25T17:32:16.335Z,2025-10-25T17:32:16.335Z,1.0,active
79a1b12f-fc8b-4409-9eee-f2ef281d03f3,79636787d2d3,4,2025,,Total,General,Unspecified,2450,tonnes CO2e,0.65,medium,statement_extraction,annualreport_Annual_Report_2024_1761268283694.pdf,79636787d2d3,2025-10-25T17:32:16.335Z,2025-10-25T17:32:16.335Z,2025-10-25T17:32:16.335Z,1.0,active
737a6882-486f-4760-959b-097d9f23c19c,79636787d2d3,4,2026,1,Scope 1,General,Unspecified,1,tonnes CO2e,0.90,high,statement_extraction,annualreport_Annual_Report_2024_1761268283694.pdf,79636787d2d3,2025-10-25T17:32:16.335Z,2025-10-25T17:32:16.335Z,2025-10-25T17:32:16.335Z,1.0,active
950eb6b4-c6ad-4d1e-8ff5-70457c8c0082,79636787d2d3,4,2025,,Scope 1,Energy,Fossil Fuel Combustion,2,tonnes CO2e,0.85,high,statement_extraction,annualreport_Annual_Report_2024_1761268283694.pdf,79636787d2d3,2025-10-25T17:32:16.335Z,2025-10-25T17:32:16.335Z,2025-10-25T17:32:16.335Z,1.0,active
4313eedb-7093-4f24-9eaf-c669bd109ede,79636787d2d3,4,2024,,Scope 2,Energy,Purchased Electricity,2024,tonnes CO2e,1.00,high,statement_extraction,annualreport_Annual_Report_2024_1761268283694.pdf,79636787d2d3,2025-10-25T17:32:16.335Z,2025-10-25T17:32:16.335Z,2025-10-25T17:32:16.335Z,1.0,active
b77e740b-1b63-4061-b20a-2825074b10e2,79636787d2d3,4,2025,,Scope 2,General,Unspecified,100,tonnes CO2e,0.75,high,statement_extraction,annualreport_Annual_Report_2024_1761268283694.pdf,79636787d2d3,2025-10-25T17:32:16.335Z,2025-10-25T17:32:16.335Z,2025-10-25T17:32:16.335Z,1.0,active
6fd828ae-456e-4768-b3b5-79e84d350cf7,79636787d2d3,4,2025,,Scope 2,Direct Emissions,Indirect Energy,71,tonnes CO2e,0.85,high,statement_extraction,annualreport_Annual_Report_2024_1761268283694.pdf,79636787d2d3,2025-10-25T17:32:16.335Z,2025-10-25T17:32:16.335Z,2025-10-25T17:32:16.335Z,1.0,active
d074a013-00dd-42c1-9aeb-f75beefc51f1,79636787d2d3,4,2030,1,Scope 3,General,Unspecified,15,tonnes CO2e,0.90,high,statement_extraction,annualreport_Annual_Report_2024_1761268283694.pdf,79636787d2d3,2025-10-25T17:32:16.335Z,2025-10-25T17:32:16.335Z,2025-10-25T17:32:16.335Z,1.0,active
95b5ce04-6ae9-44f3-982c-44cf1881fc1b,79636787d2d3,4,2024,,Scope 3,General,Unspecified,15,tonnes CO2e,0.90,high,statement_extraction,annualreport_Annual_Report_2024_1761268283694.pdf,79636787d2d3,2025-10-25T17:32:16.335Z,2025-10-25T17:32:16.335Z,2025-10-25T17:32:16.335Z,1.0,active
5f691919-ff5a-47cb-8f1d-615ebf1d50e0,79636787d2d3,4,2025,,Scope 3,Direct Emissions,Value Chain,15,tonnes CO2e,0.85,high,statement_extraction,annualreport_Annual_Report_2024_1761268283694.pdf,79636787d2d3,2025-10-25T17:32:16.335Z,2025-10-25T17:32:16.335Z,2025-10-25T17:32:16.335Z,1.0,active
ad1e5e0e-d038-4618-a9c6-12013f0ef8ac,25b0c717223e,Apple Inc,2015,,Total,General,Unspecified,60,tonnes CO2e,0.80,high,statement_extraction,Apple_Environmental_Progress_Report_2025.pdf,25b0c717223e,2025-10-25T17:32:16.335Z,2025-10-25T17:32:16.335Z,2025-10-25T17:32:16.335Z,1.0,active
309e01d3-8b51-408c-a07c-ffab8c42ce2c,25b0c717223e,Apple Inc,2025,,Total,General,Unspecified,60,tonnes CO2e,0.65,medium,statement_extraction,Apple_Environmental_Progress_Report_2025.pdf,25b0c717223e,2025-10-25T17:32:16.335Z,2025-10-25T17:32:16.335Z,2025-10-25T17:32:16.335Z,1.0,active
6fb0721d-5a0d-4001-85e9-f7a590a93cd1,25b0c717223e,Apple Inc,2025,,Scope 1,General,Unspecified,3,tonnes CO2e,0.75,high,statement_extraction,Apple_Environmental_Progress_Report_2025.pdf,25b0c717223e,2025-10-25T17:32:16.335Z,2025-10-25T17:32:16.335Z,2025-10-25T17:32:16.335Z,1.0,active
117f0928-fed0-4c0a-a28c-8cd037c5a9e6,25b0c717223e,Apple Inc,2015,,Total,General,Unspecified,2050,tonnes CO2e,0.80,high,statement_extraction,Apple_Environmental_Progress_Report_2025.pdf,25b0c717223e,2025-10-25T17:32:16.335Z,2025-10-25T17:32:16.335Z,2025-10-25T17:32:16.335Z,1.0,active
27b11fcb-3bbe-46e4-89fd-5e03d536aa86,25b0c717223e,Apple Inc,2030,1,Total,General,Unspecified,75,tonnes CO2e,0.80,high,statement_extraction,Apple_Environmental_Progress_Report_2025.pdf,25b0c717223e,2025-10-25T17:32:16.335Z,2025-10-25T17:32:16.335Z,2025-10-25T17:32:16.335Z,1.0,active
4f36bda1-8573-492a-ad31-a632b7f943df,25b0c717223e,Apple Inc,2015,,Total,General,Unspecified,76,tonnes CO2e,0.80,high,statement_extraction,Apple_Environmental_Progress_Report_2025.pdf,25b0c717223e,2025-10-25T17:32:16.335Z,2025-10-25T17:32:16.335Z,2025-10-25T17:32:16.335Z,1.0,active
f2a937d9-e4f1-4e69-a0a5-12fb43db52a2,25b0c717223e,Apple Inc,2024,,Total,Energy,Energy,4,tonnes CO2e,0.90,high,statement_extraction,Apple_Environmental_Progress_Report_2025.pdf,25b0c717223e,2025-10-25T17:32:16.335Z,2025-10-25T17:32:16.335Z,2025-10-25T17:32:16.335Z,1.0,active
fcdce470-b1ed-461f-9b40-c452e8134db9,25b0c717223e,Apple Inc,2023,,Scope 1,General,Unspecified,100,tonnes CO2e,0.90,high,statement_extraction,Apple_Environmental_Progress_Report_2025.pdf,25b0c717223e,2025-10-25T17:32:16.335Z,2025-10-25T17:32:16.335Z,2025-10-25T17:32:16.335Z,1.0,active
a1806f30-cd0b-4106-9f6c-60192d28b143,25b0c717223e,Apple Inc,2025,,Total,Direct Emissions,Direct Emissions,100,tonnes CO2e,0.90,high,statement_extraction,Apple_Environmental_Progress_Report_2025.pdf,25b0c717223e,2025-10-25T17:32:16.335Z,2025-10-25T17:32:16.335Z,2025-10-25T17:32:16.335Z,1.0,active
813b7cbb-b025-4ec9-abf0-248f3ef3b9f1,25b0c717223e,Apple Inc,2015,,Total,General,Unspecified,90,tonnes CO2e,0.80,high,statement_extraction,Apple_Environmental_Progress_Report_2025.pdf,25b0c717223e,2025-10-25T17:32:16.335Z,2025-10-25T17:32:16.335Z,2025-10-25T17:32:16.335Z,1.0,active
97a96d6f-d0f0-40bb-bb62-2322fef5670f,25b0c717223e,Apple Inc,2025,,Total,General,Unspecified,30000,tonnes CO2e,0.65,medium,statement_extraction,Apple_Environmental_Progress_Report_2025.pdf,25b0c717223e,2025-10-25T17:32:16.335Z,2025-10-25T17:32:16.335Z,2025-10-25T17:32:16.335Z,1.0,active
12b113dd-00cd-4521-9449-3bf85d931b08,25b0c717223e,Apple Inc,2030,1,Total,General,Unspecified,468,tonnes CO2e,0.80,high,statement_extraction,Apple_Environmental_Progress_Report_2025.pdf,25b0c717223e,2025-10-25T17:32:16.335Z,2025-10-25T17:32:16.335Z,2025-10-25T17:32:16.335Z,1.0,active
7994848a-255a-40f9-8da6-c78a39dd78bf,25b0c717223e,Apple Inc,2025,,Total,General,Unspecified,42,tonnes CO2e,0.65,medium,statement_extraction,Apple_Environmental_Progress_Report_2025.pdf,25b0c717223e,2025-10-25T17:32:16.335Z,2025-10-25T17:32:16.335Z,2025-10-25T17:32:16.335Z,1.0,active
0e6aed30-6515-4213-ae95-02dcc95a360f,25b0c717223e,Apple Inc,2030,1,Total,General,Unspecified,2050,tonnes CO2e,0.80,high,statement_extraction,Apple_Environmental_Progress_Report_2025.pdf,25b0c717223e,2025-10-25T17:32:16.335Z,2025-10-25T17:32:16.335Z,2025-10-25T17:32:16.335Z,1.0,active
616cce21-7579-4350-af95-68f3dd37b36c,25b0c717223e,Apple Inc,2025,,Scope 2,General,Unspecified,2,tonnes CO2e,0.75,high,statement_extraction,Apple_Environmental_Progress_Report_2025.pdf,25b0c717223e,2025-10-25T17:32:16.335Z,2025-10-25T17:32:16.335Z,2025-10-25T17:32:16.335Z,1.0,active
33682b0f-905f-4bbd-b23e-04b2741fa6e5,25b0c717223e,Apple Inc,2025,,Scope 3,Transportation,Business Travel & Logistics,3,tonnes CO2e,0.85,high,statement_extraction,Apple_Environmental_Progress_Report_2025.pdf,25b0c717223e,2025-10-25T17:32:16.335Z,2025-10-25T17:32:16.335Z,2025-10-25T17:32:16.335Z,1.0,active
cf84608a-63e7-4eb4-bea2-ae23a0f87f17,25b0c717223e,Apple Inc,2025,,Scope 3,Purchased Goods,Supply Chain Emissions,3,tonnes CO2e,0.85,high,statement_extraction,Apple_Environmental_Progress_Report_2025.pdf,25b0c717223e,2025-10-25T17:32:16.335Z,2025-10-25T17:32:16.335Z,2025-10-25T17:32:16.335Z,1.0,active
36aeb6a9-7e66-49f9-a7e7-623cc518df63,25b0c717223e,Apple Inc,2025,,Total,General,Unspecified,500000,tonnes CO2e,0.65,medium,statement_extraction,Apple_Environmental_Progress_Report_2025.pdf,25b0c717223e,2025-10-25T17:32:16.335Z,2025-10-25T17:32:16.335Z,2025-10-25T17:32:16.335Z,1.0,active
abff2b8c-b936-4ae6-8f49-03a02d72cea8,25b0c717223e,Apple Inc,2025,,Scope 1,Direct Emissions,Direct Operations,2,tonnes CO2e,0.85,high,statement_extraction,Apple_Environmental_Progress_Report_2025.pdf,25b0c717223e,2025-10-25T17:32:16.335Z,2025-10-25T17:32:16.335Z,2025-10-25T17:32:16.335Z,1.0,active
084adf50-9dd3-4174-8f72-f78482b5cfcc,25b0c717223e,Apple Inc,2022,,Scope 3,General,Unspecified,2,tonnes CO2e,0.90,high,statement_extraction,Apple_Environmental_Progress_Report_2025.pdf,25b0c717223e,2025-10-25T17:32:16.335Z,2025-10-25T17:32:16.335Z,2025-10-25T17:32:16.335Z,1.0,active
bc314dea-ffa8-495d-84ee-13bda4e79bc1,25b0c717223e,Apple Inc,2021,,Scope 2,General,Unspecified,2,tonnes CO2e,0.90,high,statement_extraction,Apple_Environmental_Progress_Report_2025.pdf,25b0c717223e,2025-10-25T17:32:16.335Z,2025-10-25T17:32:16.335Z,2025-10-25T17:32:16.335Z,1.0,active
8456b541-795e-458b-adc6-60fc00117a9c,25b0c717223e,Apple Inc,2020,,Total,General,Unspecified,5,tonnes CO2e,0.80,high,statement_extraction,Apple_Environmental_Progress_Report_2025.pdf,25b0c717223e,2025-10-25T17:32:16.335Z,2025-10-25T17:32:16.335Z,2025-10-25T17:32:16.335Z,1.0,active
e6adffba-4d7f-487c-a160-41dce58d50a3,25b0c717223e,Apple Inc,2025,,Scope 1,General,Unspecified,1,tonnes CO2e,0.75,high,statement_extraction,Apple_Environmental_Progress_Report_2025.pdf,25b0c717223e,2025-10-25T17:32:16.335Z,2025-10-25T17:32:16.335Z,2025-10-25T17:32:16.335Z,1.0,active
9ef3d528-3021-4adf-a6fb-ccc1560283a3,25b0c717223e,Apple Inc,2025,,Total,General,Unspecified,471400,tonnes CO2e,0.65,medium,statement_extraction,Apple_Environmental_Progress_Report_2025.pdf,25b0c717223e,2025-10-25T17:32:16.335Z,2025-10-25T17:32:16.335Z,2025-10-25T17:32:16.335Z,1.0,active
58c0b210-c802-4790-8f00-f16821da1dfb,25b0c717223e,Apple Inc,2025,,Total,General,Unspecified,167000,tonnes CO2e,0.65,medium,statement_extraction,Apple_Environmental_Progress_Report_2025.pdf,25b0c717223e,2025-10-25T17:32:16.335Z,2025-10-25T17:32:16.335Z,2025-10-25T17:32:16.335Z,1.0,active
2e728e91-9d92-47b4-85db-3a27c393ca73,25b0c717223e,Apple Inc,2025,,Total,General,Unspecified,53000,tonnes CO2e,0.65,medium,statement_extraction,Apple_Environmental_Progress_Report_2025.pdf,25b0c717223e,2025-10-25T17:32:16.335Z,2025-10-25T17:32:16.335Z,2025-10-25T17:32:16.335Z,1.0,active
99110af2-0be5-4478-a719-f8b0ab20918f,25b0c717223e,Apple Inc,2021,,Total,Direct Emissions,Direct Emissions,13,tonnes CO2e,0.90,high,statement_extraction,Apple_Environmental_Progress_Report_2025.pdf,25b0c717223e,2025-10-25T17:32:16.335Z,2025-10-25T17:32:16.335Z,2025-10-25T17:32:16.335Z,1.0,active
c3652599-d2a6-4f78-85a3-a2292b3bfe27,25b0c717223e,Apple Inc,2025,,Total,General,Unspecified,9,tonnes CO2e,0.80,high,statement_extraction,Apple_Environmental_Progress_Report_2025.pdf,25b0c717223e,2025-10-25T17:32:16.335Z,2025-10-25T17:32:16.335Z,2025-10-25T17:32:16.335Z,1.0,active
070e919c-504d-46b5-8e84-cb85024ce7ba,25b0c717223e,Apple Inc,2030,1,Total,Direct Emissions,Direct Emissions,75,tonnes CO2e,0.90,high,statement_extraction,Apple_Environmental_Progress_Report_2025.pdf,25b0c717223e,2025-10-25T17:32:16.335Z,2025-10-25T17:32:16.335Z,2025-10-25T17:32:16.335Z,1.0,active
b9bf6b2c-bdd5-4d78-8412-41b808a7b687,25b0c717223e,Apple Inc,2025,,Total,General,Unspecified,2,tonnes CO2e,0.65,medium,statement_extraction,Apple_Environmental_Progress_Report_2025.pdf,25b0c717223e,2025-10-25T17:32:16.335Z,2025-10-25T17:32:16.335Z,2025-10-25T17:32:16.335Z,1.0,active
044d7c6d-3304-471b-b054-a59138a91b06,25b0c717223e,Apple Inc,2024,,Total,General,Unspecified,3300,tonnes CO2e,0.80,high,statement_extraction,Apple_Environmental_Progress_Report_2025.pdf,25b0c717223e,2025-10-25T17:32:16.335Z,2025-10-25T17:32:16.335Z,2025-10-25T17:32:16.335Z,1.0,active
828c6e68-4d0e-4246-8c94-849f1c000ce9,25b0c717223e,Apple Inc,2024,,Total,General,Unspecified,117800,tonnes CO2e,0.80,high,statement_extraction,Apple_Environmental_Progress_Report_2025.pdf,25b0c717223e,2025-10-25T17:32:16.335Z,2025-10-25T17:32:16.335Z,2025-10-25T17:32:16.335Z,1.0,active
f77f5941-78f2-46b1-9bcb-7e56df65dc5f,25b0c717223e,Apple Inc,2024,,Total,General,Unspecified,72000,tonnes CO2e,0.80,high,statement_extraction,Apple_Environmental_Progress_Report_2025.pdf,25b0c717223e,2025-10-25T17:32:16.335Z,2025-10-25T17:32:16.335Z,2025-10-25T17:32:16.335Z,1.0,active
c1044a2e-1009-4dde-8004-c3513ca752b1,25b0c717223e,Apple Inc,2024,,Total,General,Unspecified,187700,tonnes CO2e,0.80,high,statement_extraction,Apple_Environmental_Progress_Report_2025.pdf,25b0c717223e,2025-10-25T17:32:16.335Z,2025-10-25T17:32:16.335Z,2025-10-25T17:32:16.335Z,1.0,active
35e8b7f9-d827-46da-9548-d3aae3e84a29,25b0c717223e,Apple Inc,2024,,Total,General,Unspecified,155400,tonnes CO2e,0.80,high,statement_extraction,Apple_Environmental_Progress_Report_2025.pdf,25b0c717223e,2025-10-25T17:32:16.335Z,2025-10-25T17:32:16.335Z,2025-10-25T17:32:16.335Z,1.0,active
3e4178a5-83dd-4053-8ea9-4ea728634842,25b0c717223e,Apple Inc,2024,,Total,General,Unspecified,34500,tonnes CO2e,0.80,high,statement_extraction,Apple_Environmental_Progress_Report_2025.pdf,25b0c717223e,2025-10-25T17:32:16.335Z,2025-10-25T17:32:16.335Z,2025-10-25T17:32:16.335Z,1.0,active
9167a21d-324c-451e-8eae-e367f0a6ec9c,25b0c717223e,Apple Inc,2024,,Total,General,Unspecified,126800,tonnes CO2e,0.80,high,statement_extraction,Apple_Environmental_Progress_Report_2025.pdf,25b0c717223e,2025-10-25T17:32:16.335Z,2025-10-25T17:32:16.335Z,2025-10-25T17:32:16.335Z,1.0,active
07771aaf-3656-426a-93c3-9d37d0d092b5,25b0c717223e,Apple Inc,2025,,Scope 1,General,Unspecified,55200,tonnes CO2e,0.75,high,statement_extraction,Apple_Environmental_Progress_Report_2025.pdf,25b0c717223e,2025-10-25T17:32:16.335Z,2025-10-25T17:32:16.335Z,2025-10-25T17:32:16.335Z,1.0,active
7605226a-64b3-4478-91ab-5fd562588c25,25b0c717223e,Apple Inc,2025,,Scope 1,General,Unspecified,4.68,tonnes CO2e,0.75,high,statement_extraction,Apple_Environmental_Progress_Report_2025.pdf,25b0c717223e,2025-10-25T17:32:16.335Z,2025-10-25T17:32:16.335Z,2025-10-25T17:32:16.335Z,1.0,active
dd04d575-0f2e-46c4-8f15-36ccbdc2b60e,25b0c717223e,Apple Inc,2025,,Total,General,Unspecified,29.03,tonnes CO2e,0.65,medium,statement_extraction,Apple_Environmental_Progress_Report_2025.pdf,25b0c717223e,2025-10-25T17:32:16.335Z,2025-10-25T17:32:16.335Z,2025-10-25T17:32:16.335Z,1.0,active
319f16fd-6a09-46e8-8f86-b00a28f2b964,25b0c717223e,Apple Inc,2025,,Total,Energy,Energy,3,tonnes CO2e,0.75,high,statement_extraction,Apple_Environmental_Progress_Report_2025.pdf,25b0c717223e,2025-10-25T17:32:16.335Z,2025-10-25T17:32:16.335Z,2025-10-25T17:32:16.335Z,1.0,active
5ad7dcd6-daef-4805-963d-a9211ba214bb,25b0c717223e,Apple Inc,2025,,Scope 3,General,Unspecified,35.73,tonnes CO2e,0.75,high,statement_extraction,Apple_Environmental_Progress_Report_2025.pdf,25b0c717223e,2025-10-25T17:32:16.335Z,2025-10-25T17:32:16.335Z,2025-10-25T17:32:16.335Z,1.0,active
6174ee52-ca5d-4f0c-b217-654a462cac51,25b0c717223e,Apple Inc,2025,,Scope 3,General,Unspecified,3,tonnes CO2e,0.75,high,statement_extraction,Apple_Environmental_Progress_Report_2025.pdf,25b0c717223e,2025-10-25T17:32:16.335Z,2025-10-25T17:32:16.335Z,2025-10-25T17:32:16.335Z,1.0,active
4a2549a4-6dc0-4952-8226-0902c5276cdf,25b0c717223e,Apple Inc,2015,,Scope 3,General,Unspecified,3,tonnes CO2e,0.90,high,statement_extraction,Apple_Environmental_Progress_Report_2025.pdf,25b0c717223e,2025-10-25T17:32:16.335Z,2025-10-25T17:32:16.335Z,2025-10-25T17:32:16.335Z,1.0,active
d50c963d-d844-43e8-bb9b-b2408b34cd7f,25b0c717223e,Apple Inc,2030,1,Total,Energy,Energy,100,tonnes CO2e,0.90,high,statement_extraction,Apple_Environmental_Progress_Report_2025.pdf,25b0c717223e,2025-10-25T17:32:16.335Z,2025-10-25T17:32:16.335Z,2025-10-25T17:32:16.335Z,1.0,active
90d30a55-55dd-410a-a5a4-656608b2f5e2,25b0c717223e,Apple Inc,2030,1,Total,General,Unspecified,6,tonnes CO2e,0.80,high,statement_extraction,Apple_Environmental_Progress_Report_2025.pdf,25b0c717223e,2025-10-25T17:32:16.335Z,2025-10-25T17:32:16.335Z,2025-10-25T17:32:16.335Z,1.0,active
5d46871c-0340-42d4-bd48-2f0fd822b90f,25b0c717223e,Apple Inc,2025,,Scope 1,General,Unspecified,2,tonnes CO2e,0.75,high,statement_extraction,Apple_Environmental_Progress_Report_2025.pdf,25b0c717223e,2025-10-25T17:32:16.335Z,2025-10-25T17:32:16.335Z,2025-10-25T17:32:16.335Z,1.0,active
d20a28ee-febc-4fff-8fa5-e2be9e104bd3,25b0c717223e,Apple Inc,2025,,Total,Transportation,Transportation,50,tonnes CO2e,0.75,high,statement_extraction,Apple_Environmental_Progress_Report_2025.pdf,25b0c717223e,2025-10-25T17:32:16.335Z,2025-10-25T17:32:16.335Z,2025-10-25T17:32:16.335Z,1.0,active
4761b6ed-9f8a-4138-82a1-0c1718cf0f20,25b0c717223e,Apple Inc,2019,,Total,General,Unspecified,33.4,tonnes CO2e,0.80,high,statement_extraction,Apple_Environmental_Progress_Report_2025.pdf,25b0c717223e,2025-10-25T17:32:16.335Z,2025-10-25T17:32:16.335Z,2025-10-25T17:32:16.335Z,1.0,active
a0e11301-0111-4c78-9837-5eb25f93f205,25b0c717223e,Apple Inc,2024,,Total,Energy,Energy,41,tonnes CO2e,0.90,high,statement_extraction,Apple_Environmental_Progress_Report_2025.pdf,25b0c717223e,2025-10-25T17:32:16.335Z,2025-10-25T17:32:16.335Z,2025-10-25T17:32:16.335Z,1.0,active
3dba2959-771e-4608-9b7d-aa9df264ac2e,25b0c717223e,Apple Inc,2025,,Total,General,Unspecified,1700,tonnes CO2e,0.80,high,statement_extraction,Apple_Environmental_Progress_Report_2025.pdf,25b0c717223e,2025-10-25T17:32:16.335Z,2025-10-25T17:32:16.335Z,2025-10-25T17:32:16.335Z,1.0,active
55fed86b-33fe-46f7-94a8-25d8c10dc710,25b0c717223e,Apple Inc,2025,,Total,Energy,Energy,18000,tonnes CO2e,0.75,high,statement_extraction,Apple_Environmental_Progress_Report_2025.pdf,25b0c717223e,2025-10-25T17:32:16.335Z,2025-10-25T17:32:16.335Z,2025-10-25T17:32:16.335Z,1.0,active
68e65a18-aa8b-4ea0-a148-c0656d0df8b0,25b0c717223e,Apple Inc,2024,,Total,Energy,Energy,93000,tonnes CO2e,0.90,high,statement_extraction,Apple_Environmental_Progress_Report_2025.pdf,25b0c717223e,2025-10-25T17:32:16.335Z,2025-10-25T17:32:16.335Z,2025-10-25T17:32:16.335Z,1.0,active
6cd5a9cb-3d9b-4d7b-8e3d-94796905f2fa,25b0c717223e,Apple Inc,2023,,Total,Energy,Energy,2,tonnes CO2e,0.90,high,statement_extraction,Apple_Environmental_Progress_Report_2025.pdf,25b0c717223e,2025-10-25T17:32:16.335Z,2025-10-25T17:32:16.335Z,2025-10-25T17:32:16.335Z,1.0,active
d1bd5d2b-845b-44ad-b69e-bc09116b4bb1,25b0c717223e,Apple Inc,2023,,Total,Energy,Energy,21.8,tonnes CO2e,0.90,high,statement_extraction,Apple_Environmental_Progress_Report_2025.pdf,25b0c717223e,2025-10-25T17:32:16.335Z,2025-10-25T17:32:16.335Z,2025-10-25T17:32:16.335Z,1.0,active
c191d4e2-1154-49ce-b528-0b3dfff8978c,25b0c717223e,Apple Inc,2023,,Total,General,Unspecified,1,tonnes CO2e,0.80,high,statement_extraction,Apple_Environmental_Progress_Report_2025.pdf,25b0c717223e,2025-10-25T17:32:16.335Z,2025-10-25T17:32:16.335Z,2025-10-25T17:32:16.335Z,1.0,active
7d9aa84e-977d-465e-a2df-e49a294636af,25b0c717223e,Apple Inc,2022,,Total,General,Unspecified,8.5,tonnes CO2e,0.80,high,statement_extraction,Apple_Environmental_Progress_Report_2025.pdf,25b0c717223e,2025-10-25T17:32:16.335Z,2025-10-25T17:32:16.335Z,2025-10-25T17:32:16.335Z,1.0,active
b9986939-2eac-4bd5-b08f-fe5b302bdc23,25b0c717223e,Apple Inc,2024,,Total,Direct Emissions,Direct Emissions,40000,tonnes CO2e,0.90,high,statement_extraction,Apple_Environmental_Progress_Report_2025.pdf,25b0c717223e,2025-10-25T17:32:16.335Z,2025-10-25T17:32:16.335Z,2025-10-25T17:32:16.335Z,1.0,active
6b0a8f62-cb64-4498-ab65-6aea4b7576ae,25b0c717223e,Apple Inc,2024,,Total,Waste,Waste,3.6,tonnes CO2e,0.90,high,statement_extraction,Apple_Environmental_Progress_Report_2025.pdf,25b0c717223e,2025-10-25T17:32:16.335Z,2025-10-25T17:32:16.335Z,2025-10-25T17:32:16.335Z,1.0,active
f9a76e19-d875-4efc-b3a3-67245011bd6c,25b0c717223e,Apple Inc,2024,,Total,Direct Emissions,Direct Emissions,18700,tonnes CO2e,0.90,high,statement_extraction,Apple_Environmental_Progress_Report_2025.pdf,25b0c717223e,2025-10-25T17:32:16.335Z,2025-10-25T17:32:16.335Z,2025-10-25T17:32:16.335Z,1.0,active
664b46c5-3142-417a-b3c8-e12b18c18652,25b0c717223e,Apple Inc,2024,,Total,Waste,Waste,22500,tonnes CO2e,0.90,high,statement_extraction,Apple_Environmental_Progress_Report_2025.pdf,25b0c717223e,2025-10-25T17:32:16.335Z,2025-10-25T17:32:16.335Z,2025-10-25T17:32:16.335Z,1.0,active
f37c913f-0007-4333-8f20-5c2f7c40a699,25b0c717223e,Apple Inc,2024,,Total,General,Unspecified,840,tonnes CO2e,0.80,high,statement_extraction,Apple_Environmental_Progress_Report_2025.pdf,25b0c717223e,2025-10-25T17:32:16.335Z,2025-10-25T17:32:16.335Z,2025-10-25T17:32:16.335Z,1.0,active
45a85f1e-8a8f-40ee-8837-e5eb3cbda4ba,25b0c717223e,Apple Inc,2024,,Total,Waste,Waste,60,tonnes CO2e,0.90,high,statement_extraction,Apple_Environmental_Progress_Report_2025.pdf,25b0c717223e,2025-10-25T17:32:16.335Z,2025-10-25T17:32:16.335Z,2025-10-25T17:32:16.335Z,1.0,active
718d3e9d-c5bf-413d-9cac-638325f49e27,25b0c717223e,Apple Inc,2024,,Total,Direct Emissions,Direct Emissions,600000,tonnes CO2e,0.90,high,statement_extraction,Apple_Environmental_Progress_Report_2025.pdf,25b0c717223e,2025-10-25T17:32:16.335Z,2025-10-25T17:32:16.335Z,2025-10-25T17:32:16.335Z,1.0,active
b4618c54-b979-4b45-8027-efaadd797053,25b0c717223e,Apple Inc,2024,,Total,Direct Emissions,Direct Emissions,3.6,tonnes CO2e,0.90,high,statement_extraction,Apple_Environmental_Progress_Report_2025.pdf,25b0c717223e,2025-10-25T17:32:16.335Z,2025-10-25T17:32:16.335Z,2025-10-25T17:32:16.335Z,1.0,active
41426519-1848-4340-8069-e2b39d0ccccd,25b0c717223e,Apple Inc,2025,,Total,Waste,Waste,350000,tonnes CO2e,0.75,high,statement_extraction,Apple_Environmental_Progress_Report_2025.pdf,25b0c717223e,2025-10-25T17:32:16.335Z,2025-10-25T17:32:16.335Z,2025-10-25T17:32:16.335Z,1.0,active
04c0d6fa-4a79-4486-a2aa-3149642bd02a,25b0c717223e,Apple Inc,2024,,Total,Transportation,Transportation,33000,tonnes CO2e,0.90,high,statement_extraction,Apple_Environmental_Progress_Report_2025.pdf,25b0c717223e,2025-10-25T17:32:16.335Z,2025-10-25T17:32:16.335Z,2025-10-25T17:32:16.335Z,1.0,active
ff74c722-8a61-4007-a6e4-3a6865884d82,25b0c717223e,Apple Inc,2024,,Total,Waste,Waste,36000,tonnes CO2e,0.90,high,statement_extraction,Apple_Environmental_Progress_Report_2025.pdf,25b0c717223e,2025-10-25T17:32:16.335Z,2025-10-25T17:32:16.335Z,2025-10-25T17:32:16.335Z,1.0,active
abff05eb-d28f-45d9-b2f0-d308e93ef5ec,25b0c717223e,Apple Inc,2024,,Total,Waste,Waste,1800,tonnes CO2e,0.90,high,statement_extraction,Apple_Environmental_Progress_Report_2025.pdf,25b0c717223e,2025-10-25T17:32:16.335Z,2025-10-25T17:32:16.335Z,2025-10-25T17:32:16.335Z,1.0,active
b8948385-0455-43a2-9494-efb527d0a3b6,25b0c717223e,Apple Inc,2025,,Total,General,Unspecified,580000,tonnes CO2e,0.65,medium,statement_extraction,Apple_Environmental_Progress_Report_2025.pdf,25b0c717223e,2025-10-25T17:32:16.335Z,2025-10-25T17:32:16.335Z,2025-10-25T17:32:16.335Z,1.0,active
7eb48860-0e3f-4902-9b9d-35e684ac557b,25b0c717223e,Apple Inc,2023,,Total,General,Unspecified,471400,tonnes CO2e,0.80,high,statement_extraction,Apple_Environmental_Progress_Report_2025.pdf,25b0c717223e,2025-10-25T17:32:16.335Z,2025-10-25T17:32:16.335Z,2025-10-25T17:32:16.335Z,1.0,active
92fd6a0c-3acb-4781-aceb-0a1983d5ee55,25b0c717223e,Apple Inc,2022,,Total,General,Unspecified,324100,tonnes CO2e,0.80,high,statement_extraction,Apple_Environmental_Progress_Report_2025.pdf,25b0c717223e,2025-10-25T17:32:16.335Z,2025-10-25T17:32:16.335Z,2025-10-25T17:32:16.335Z,1.0,active
0dad8802-a948-4371-9b1a-d6f203071db7,25b0c717223e,Apple Inc,2021,,Total,General,Unspecified,167000,tonnes CO2e,0.80,high,statement_extraction,Apple_Environmental_Progress_Report_2025.pdf,25b0c717223e,2025-10-25T17:32:16.335Z,2025-10-25T17:32:16.335Z,2025-10-25T17:32:16.335Z,1.0,active
ab2e6ed8-c4e6-4c54-81d7-cbdaabe5bf6f,25b0c717223e,Apple Inc,2021,,Total,Direct Emissions,Direct Emissions,500000,tonnes CO2e,0.90,high,statement_extraction,Apple_Environmental_Progress_Report_2025.pdf,25b0c717223e,2025-10-25T17:32:16.335Z,2025-10-25T17:32:16.335Z,2025-10-25T17:32:16.335Z,1.0,active
fa30007c-b536-494d-9c01-7c9499891d6b,25b0c717223e,Apple Inc,2024,,Total,General,Unspecified,7.3,tonnes CO2e,0.80,high,statement_extraction,Apple_Environmental_Progress_Report_2025.pdf,25b0c717223e,2025-10-25T17:32:16.335Z,2025-10-25T17:32:16.335Z,2025-10-25T17:32:16.335Z,1.0,active
2d1cea7c-5776-4a72-a34b-8f83d6436ce2,25b0c717223e,Apple Inc,2024,,Total,Energy,Energy,3300,tonnes CO2e,0.90,high,statement_extraction,Apple_Environmental_Progress_Report_2025.pdf,25b0c717223e,2025-10-25T17:32:16.335Z,2025-10-25T17:32:16.335Z,2025-10-25T17:32:16.335Z,1.0,active
9f447665-d72a-4419-bd17-00f7b78823ee,25b0c717223e,Apple Inc,2025,,Total,General,Unspecified,18800,tonnes CO2e,0.65,medium,statement_extraction,Apple_Environmental_Progress_Report_2025.pdf,25b0c717223e,2025-10-25T17:32:16.335Z,2025-10-25T17:32:16.335Z,2025-10-25T17:32:16.335Z,1.0,active
e3c35ddc-1df6-4e19-ae07-6ea475dcda71,25b0c717223e,Apple Inc,2025,,Total,Waste,Waste,1200,tonnes CO2e,0.75,high,statement_extraction,Apple_Environmental_Progress_Report_2025.pdf,25b0c717223e,2025-10-25T17:32:16.335Z,2025-10-25T17:32:16.335Z,2025-10-25T17:32:16.335Z,1.0,active
80696247-fc47-4188-b19d-81e469d515ac,25b0c717223e,Apple Inc,2025,,Total,General,Unspecified,36500,tonnes CO2e,0.65,medium,statement_extraction,Apple_Environmental_Progress_Report_2025.pdf,25b0c717223e,2025-10-25T17:32:16.335Z,2025-10-25T17:32:16.335Z,2025-10-25T17:32:16.335Z,1.0,active
3ee1c3c7-3ab5-4c4a-85c2-1a61f6de0b51,25b0c717223e,Apple Inc,2025,,Total,General,Unspecified,4100,tonnes CO2e,0.65,medium,statement_extraction,Apple_Environmental_Progress_Report_2025.pdf,25b0c717223e,2025-10-25T17:32:16.335Z,2025-10-25T17:32:16.335Z,2025-10-25T17:32:16.335Z,1.0,active
00fe3069-5443-48c2-9753-8780d6334cd9,25b0c717223e,Apple Inc,2025,,Total,Energy,Energy,1000,tonnes CO2e,0.75,high,statement_extraction,Apple_Environmental_Progress_Report_2025.pdf,25b0c717223e,2025-10-25T17:32:16.335Z,2025-10-25T17:32:16.335Z,2025-10-25T17:32:16.335Z,1.0,active
6e7848bf-dc62-4830-8454-42196d244afa,25b0c717223e,Apple Inc,2025,,Total,General,Unspecified,5200,tonnes CO2e,0.65,medium,statement_extraction,Apple_Environmental_Progress_Report_2025.pdf,25b0c717223e,2025-10-25T17:32:16.335Z,2025-10-25T17:32:16.335Z,2025-10-25T17:32:16.335Z,1.0,active
e74f0fe1-4d85-493e-9227-460ee9ca9735,25b0c717223e,Apple Inc,2025,,Total,General,Unspecified,22500,tonnes CO2e,0.65,medium,statement_extraction,Apple_Environmental_Progress_Report_2025.pdf,25b0c717223e,2025-10-25T17:32:16.335Z,2025-10-25T17:32:16.335Z,2025-10-25T17:32:16.335Z,1.0,active
acbf39d2-33d6-41a2-849f-0011fd6e287b,25b0c717223e,Apple Inc,2025,,Total,General,Unspecified,1700,tonnes CO2e,0.65,medium,statement_extraction,Apple_Environmental_Progress_Report_2025.pdf,25b0c717223e,2025-10-25T17:32:16.335Z,2025-10-25T17:32:16.335Z,2025-10-25T17:32:16.335Z,1.0,active
a9edc19c-b041-4311-84b7-49144c06a224,25b0c717223e,Apple Inc,2025,,Scope 1,General,Unspecified,0.31,tonnes CO2e,0.75,high,statement_extraction,Apple_Environmental_Progress_Report_2025.pdf,25b0c717223e,2025-10-25T17:32:16.335Z,2025-10-25T17:32:16.335Z,2025-10-25T17:32:16.335Z,1.0,active
d3014920-9377-44f9-81b4-7bbd54aeb235,25b0c717223e,Apple Inc,2025,,Scope 1,Transportation,Company Vehicles,29.03,tonnes CO2e,0.85,high,statement_extraction,Apple_Environmental_Progress_Report_2025.pdf,25b0c717223e,2025-10-25T17:32:16.335Z,2025-10-25T17:32:16.335Z,2025-10-25T17:32:16.335Z,1.0,active
70c9b7da-43c7-497d-a7ec-7436788419fa,25b0c717223e,Apple Inc,2025,,Total,Transportation,Transportation,20.83,tonnes CO2e,0.75,high,statement_extraction,Apple_Environmental_Progress_Report_2025.pdf,25b0c717223e,2025-10-25T17:32:16.335Z,2025-10-25T17:32:16.335Z,2025-10-25T17:32:16.335Z,1.0,active
7c8ca08a-9cf6-4877-99f6-e16e826196d1,25b0c717223e,Apple Inc,2025,,Total,General,Unspecified,21.8,tonnes CO2e,0.65,medium,statement_extraction,Apple_Environmental_Progress_Report_2025.pdf,25b0c717223e,2025-10-25T17:32:16.335Z,2025-10-25T17:32:16.335Z,2025-10-25T17:32:16.335Z,1.0,active
b1cbb5aa-7699-4d59-a3bc-3dc53f1157ce,25b0c717223e,Apple Inc,2024,,Total,General,Unspecified,1.97,tonnes CO2e,0.80,high,statement_extraction,Apple_Environmental_Progress_Report_2025.pdf,25b0c717223e,2025-10-25T17:32:16.335Z,2025-10-25T17:32:16.335Z,2025-10-25T17:32:16.335Z,1.0,active
334452f0-3417-4e66-aebb-c646ee37a4cc,25b0c717223e,Apple Inc,2025,,Total,General,Unspecified,8407304,tonnes CO2e,0.65,medium,statement_extraction,Apple_Environmental_Progress_Report_2025.pdf,25b0c717223e,2025-10-25T17:32:16.335Z,2025-10-25T17:32:16.335Z,2025-10-25T17:32:16.335Z,1.0,active
0b85b5a4-12dd-49e4-9a4a-8c525ff76747,25b0c717223e,Apple Inc,2015,,Scope 1,General,Unspecified,2,tonnes CO2e,0.90,high,statement_extraction,Apple_Environmental_Progress_Report_2025.pdf,25b0c717223e,2025-10-25T17:32:16.335Z,2025-10-25T17:32:16.335Z,2025-10-25T17:32:16.335Z,1.0,active
5b98386b-258d-41a5-82cd-0227595dca6c,25b0c717223e,Apple Inc,2030,1,Scope 1,General,Unspecified,2,tonnes CO2e,0.90,high,statement_extraction,Apple_Environmental_Progress_Report_2025.pdf,25b0c717223e,2025-10-25T17:32:16.335Z,2025-10-25T17:32:16.335Z,2025-10-25T17:32:16.335Z,1.0,active
7660445c-3157-4e13-9a5d-8ef492b28383,25b0c717223e,Apple Inc,2025,,Scope 1,Energy,Fossil Fuel Combustion,55200,tonnes CO2e,0.85,high,statement_extraction,Apple_Environmental_Progress_Report_2025.pdf,25b0c717223e,2025-10-25T17:32:16.335Z,2025-10-25T17:32:16.335Z,2025-10-25T17:32:16.335Z,1.0,active
8884ba96-08a3-44e3-9324-e934548a36b3,25b0c717223e,Apple Inc,2025,,Scope 1,Energy,Fossil Fuel Combustion,2,tonnes CO2e,0.85,high,statement_extraction,Apple_Environmental_Progress_Report_2025.pdf,25b0c717223e,2025-10-25T17:32:16.335Z,2025-10-25T17:32:16.335Z,2025-10-25T17:32:16.335Z,1.0,active
ee4d0a27-7034-408c-85b4-12bc078febec,25b0c717223e,Apple Inc,2025,,Scope 3,Energy,Energy-Related Activities,35.73,tonnes CO2e,0.85,high,statement_extraction,Apple_Environmental_Progress_Report_2025.pdf,25b0c717223e,2025-10-25T17:32:16.335Z,2025-10-25T17:32:16.335Z,2025-10-25T17:32:16.335Z,1.0,active
d739d5b5-64f7-4dfa-a048-3e2fa461130c,2b78181caa5e,CB EN,2025,,Total,General,Unspecified,160,tonnes CO2e,0.65,medium,statement_extraction,CB-Annual_Report_2024_-_EN.pdf,2b78181caa5e,2025-10-25T17:32:16.335Z,2025-10-25T17:32:16.335Z,2025-10-25T17:32:16.335Z,1.0,active
70ef6012-73ba-4a30-9fd1-516a9a2f305f,2b78181caa5e,CB EN,2024,,Total,General,Unspecified,200,tonnes CO2e,0.80,high,statement_extraction,CB-Annual_Report_2024_-_EN.pdf,2b78181caa5e,2025-10-25T17:32:16.335Z,2025-10-25T17:32:16.335Z,2025-10-25T17:32:16.335Z,1.0,active
9f00bdee-46f6-4bfa-96de-ddfd9fd3bccd,2b78181caa5e,CB EN,2024,,Total,General,Unspecified,59.62,tonnes CO2e,0.80,high,statement_extraction,CB-Annual_Report_2024_-_EN.pdf,2b78181caa5e,2025-10-25T17:32:16.335Z,2025-10-25T17:32:16.335Z,2025-10-25T17:32:16.335Z,1.0,active
ccdce7ee-b3b2-4546-92bb-a2dd965a9b77,2b78181caa5e,CB EN,2015,,Total,General,Unspecified,9001,tonnes CO2e,0.80,high,statement_extraction,CB-Annual_Report_2024_-_EN.pdf,2b78181caa5e,2025-10-25T17:32:16.335Z,2025-10-25T17:32:16.335Z,2025-10-25T17:32:16.335Z,1.0,active
f3fcae40-751c-4e52-80e5-3cf36bda1429,2b78181caa5e,CB EN,2024,,Total,Direct Emissions,Direct Emissions,3.3,tonnes CO2e,0.90,high,statement_extraction,CB-Annual_Report_2024_-_EN.pdf,2b78181caa5e,2025-10-25T17:32:16.335Z,2025-10-25T17:32:16.335Z,2025-10-25T17:32:16.335Z,1.0,active
20972b6b-3f17-4c6e-83d6-5e54e8e503e0,2b78181caa5e,CB EN,2024,,Total,General,Unspecified,100,tonnes CO2e,0.80,high,statement_extraction,CB-Annual_Report_2024_-_EN.pdf,2b78181caa5e,2025-10-25T17:32:16.335Z,2025-10-25T17:32:16.335Z,2025-10-25T17:32:16.335Z,1.0,active
1a34acd1-f669-4bcb-a1c8-0275ff42f369,2b78181caa5e,CB EN,2024,,Total,General,Unspecified,5.6,tonnes CO2e,0.80,high,statement_extraction,CB-Annual_Report_2024_-_EN.pdf,2b78181caa5e,2025-10-25T17:32:16.335Z,2025-10-25T17:32:16.335Z,2025-10-25T17:32:16.335Z,1.0,active
b08ae3dd-67d1-427c-b925-f1b0ec152460,2b78181caa5e,CB EN,2024,,Total,General,Unspecified,997.1,tonnes CO2e,0.80,high,statement_extraction,CB-Annual_Report_2024_-_EN.pdf,2b78181caa5e,2025-10-25T17:32:16.335Z,2025-10-25T17:32:16.335Z,2025-10-25T17:32:16.335Z,1.0,active
dc8abde6-3d31-4f6c-9e2f-148ffa9dc718,2b78181caa5e,CB EN,2024,,Total,General,Unspecified,9746.6,tonnes CO2e,0.80,high,statement_extraction,CB-Annual_Report_2024_-_EN.pdf,2b78181caa5e,2025-10-25T17:32:16.335Z,2025-10-25T17:32:16.335Z,2025-10-25T17:32:16.335Z,1.0,active
baf2f2c1-4173-4fd5-b9fc-d7d77de79c21,2b78181caa5e,CB EN,2025,,Total,General,Unspecified,7.1,tonnes CO2e,0.65,medium,statement_extraction,CB-Annual_Report_2024_-_EN.pdf,2b78181caa5e,2025-10-25T17:32:16.335Z,2025-10-25T17:32:16.335Z,2025-10-25T17:32:16.335Z,1.0,active
42076de8-ee6c-4926-8625-91ad3437feb7,2b78181caa5e,CB EN,2025,,Total,General,Unspecified,0.25,tonnes CO2e,0.65,medium,statement_extraction,CB-Annual_Report_2024_-_EN.pdf,2b78181caa5e,2025-10-25T17:32:16.335Z,2025-10-25T17:32:16.335Z,2025-10-25T17:32:16.335Z,1.0,active
63c4cb19-6ca2-4fb2-bd11-5497f62f904b,2b78181caa5e,CB EN,2024,,Total,General,Unspecified,619,tonnes CO2e,0.80,high,statement_extraction,CB-Annual_Report_2024_-_EN.pdf,2b78181caa5e,2025-10-25T17:32:16.335Z,2025-10-25T17:32:16.335Z,2025-10-25T17:32:16.335Z,1.0,active
895ac647-97b5-4830-86eb-61937fbea256,2b78181caa5e,CB EN,2024,,Total,General,Unspecified,50,tonnes CO2e,0.80,high,statement_extraction,CB-Annual_Report_2024_-_EN.pdf,2b78181caa5e,2025-10-25T17:32:16.335Z,2025-10-25T17:32:16.335Z,2025-10-25T17:32:16.335Z,1.0,active
3ee9c256-ea72-4414-9fab-76f55ce6d013,2b78181caa5e,CB EN,2025,,Total,General,Unspecified,2,tonnes CO2e,0.65,medium,statement_extraction,CB-Annual_Report_2024_-_EN.pdf,2b78181caa5e,2025-10-25T17:32:16.335Z,2025-10-25T17:32:16.335Z,2025-10-25T17:32:16.335Z,1.0,active
52e33a44-a811-418c-b041-17c8781c0b00,2b78181caa5e,CB EN,2024,,Total,General,Unspecified,6.1,tonnes CO2e,0.80,high,statement_extraction,CB-Annual_Report_2024_-_EN.pdf,2b78181caa5e,2025-10-25T17:32:16.335Z,2025-10-25T17:32:16.335Z,2025-10-25T17:32:16.335Z,1.0,active
0d803f55-6187-43e0-a7a3-d4fae40feb6b,2b78181caa5e,CB EN,2025,,Total,General,Unspecified,8,tonnes CO2e,0.65,medium,statement_extraction,CB-Annual_Report_2024_-_EN.pdf,2b78181caa5e,2025-10-25T17:32:16.335Z,2025-10-25T17:32:16.335Z,2025-10-25T17:32:16.335Z,1.0,active
3a207614-35b3-467b-a841-c28773678d61,2b78181caa5e,CB EN,2025,,Total,General,Unspecified,14555400,tonnes CO2e,0.65,medium,statement_extraction,CB-Annual_Report_2024_-_EN.pdf,2b78181caa5e,2025-10-25T17:32:16.335Z,2025-10-25T17:32:16.335Z,2025-10-25T17:32:16.335Z,1.0,active
3a0d92d2-1216-43bb-b40a-b0c9c83f40b3,2b78181caa5e,CB EN,2020,,Total,General,Unspecified,5,tonnes CO2e,0.80,high,statement_extraction,CB-Annual_Report_2024_-_EN.pdf,2b78181caa5e,2025-10-25T17:32:16.335Z,2025-10-25T17:32:16.335Z,2025-10-25T17:32:16.335Z,1.0,active
fb971a18-2f16-464b-b869-6066df1282f3,2b78181caa5e,CB EN,2025,,Total,General,Unspecified,27303999,tonnes CO2e,0.65,medium,statement_extraction,CB-Annual_Report_2024_-_EN.pdf,2b78181caa5e,2025-10-25T17:32:16.335Z,2025-10-25T17:32:16.335Z,2025-10-25T17:32:16.335Z,1.0,active
bb8e3585-a133-4528-9a5f-c8756ff6cbad,2b78181caa5e,CB EN,2025,,Total,General,Unspecified,70343,tonnes CO2e,0.65,medium,statement_extraction,CB-Annual_Report_2024_-_EN.pdf,2b78181caa5e,2025-10-25T17:32:16.335Z,2025-10-25T17:32:16.335Z,2025-10-25T17:32:16.335Z,1.0,active
dc4d364c-6126-43f1-80c4-63df06f2d019,2b78181caa5e,CB EN,2025,,Total,General,Unspecified,68949,tonnes CO2e,0.65,medium,statement_extraction,CB-Annual_Report_2024_-_EN.pdf,2b78181caa5e,2025-10-25T17:32:16.335Z,2025-10-25T17:32:16.335Z,2025-10-25T17:32:16.335Z,1.0,active
1bd261a1-4b67-4e3b-9211-322928f70333,2b78181caa5e,CB EN,2025,,Total,General,Unspecified,210083,tonnes CO2e,0.65,medium,statement_extraction,CB-Annual_Report_2024_-_EN.pdf,2b78181caa5e,2025-10-25T17:32:16.335Z,2025-10-25T17:32:16.335Z,2025-10-25T17:32:16.335Z,1.0,active
86f9ef49-c907-49b2-aa85-2bf91d2c894f,2b78181caa5e,CB EN,2025,,Total,General,Unspecified,14517998,tonnes CO2e,0.65,medium,statement_extraction,CB-Annual_Report_2024_-_EN.pdf,2b78181caa5e,2025-10-25T17:32:16.335Z,2025-10-25T17:32:16.335Z,2025-10-25T17:32:16.335Z,1.0,active
d223cb4c-69a6-4613-ac96-f7a5045695c4,2b78181caa5e,CB EN,2025,,Total,General,Unspecified,10801981,tonnes CO2e,0.65,medium,statement_extraction,CB-Annual_Report_2024_-_EN.pdf,2b78181caa5e,2025-10-25T17:32:16.335Z,2025-10-25T17:32:16.335Z,2025-10-25T17:32:16.335Z,1.0,active
75278843-1154-4dd0-ba46-2f6cdadcc6e9,2b78181caa5e,CB EN,2025,,Total,General,Unspecified,7018898,tonnes CO2e,0.65,medium,statement_extraction,CB-Annual_Report_2024_-_EN.pdf,2b78181caa5e,2025-10-25T17:32:16.335Z,2025-10-25T17:32:16.335Z,2025-10-25T17:32:16.335Z,1.0,active
f7eb5f4f-a539-4b96-b5d8-c31fb65d00eb,2b78181caa5e,CB EN,2025,,Total,General,Unspecified,1519,tonnes CO2e,0.65,medium,statement_extraction,CB-Annual_Report_2024_-_EN.pdf,2b78181caa5e,2025-10-25T17:32:16.335Z,2025-10-25T17:32:16.335Z,2025-10-25T17:32:16.335Z,1.0,active
49e097ac-3a71-412c-b59c-6ec5f4370ab6,2b78181caa5e,CB EN,2025,,Total,Direct Emissions,Direct Emissions,8.89,tonnes CO2e,0.75,high,statement_extraction,CB-Annual_Report_2024_-_EN.pdf,2b78181caa5e,2025-10-25T17:32:16.335Z,2025-10-25T17:32:16.335Z,2025-10-25T17:32:16.335Z,1.0,active
f8533ada-c94d-40ac-ae1c-afd4e971436d,2b78181caa5e,CB EN,2023,,Total,Direct Emissions,Direct Emissions,6.14,tonnes CO2e,0.90,high,statement_extraction,CB-Annual_Report_2024_-_EN.pdf,2b78181caa5e,2025-10-25T17:32:16.335Z,2025-10-25T17:32:16.335Z,2025-10-25T17:32:16.335Z,1.0,active
e9a12f8b-b8c4-47fa-b412-614ee0bd3f18,2b78181caa5e,CB EN,2024,,Total,Direct Emissions,Direct Emissions,31,tonnes CO2e,0.90,high,statement_extraction,CB-Annual_Report_2024_-_EN.pdf,2b78181caa5e,2025-10-25T17:32:16.335Z,2025-10-25T17:32:16.335Z,2025-10-25T17:32:16.335Z,1.0,active
10b0ef0e-cd3a-4cbc-83aa-f7be003209ee,2b78181caa5e,CB EN,2023,,Total,Direct Emissions,Direct Emissions,4.94,tonnes CO2e,0.90,high,statement_extraction,CB-Annual_Report_2024_-_EN.pdf,2b78181caa5e,2025-10-25T17:32:16.335Z,2025-10-25T17:32:16.335Z,2025-10-25T17:32:16.335Z,1.0,active
1d070d14-5fc4-47db-bb9d-98f892f20b63,2b78181caa5e,CB EN,2025,,Total,General,Unspecified,41490327,tonnes CO2e,0.65,medium,statement_extraction,CB-Annual_Report_2024_-_EN.pdf,2b78181caa5e,2025-10-25T17:32:16.335Z,2025-10-25T17:32:16.335Z,2025-10-25T17:32:16.335Z,1.0,active
c2e0e7d7-3a83-4c85-9985-97e041bbe60a,2b78181caa5e,CB EN,2025,,Total,General,Unspecified,41795131,tonnes CO2e,0.65,medium,statement_extraction,CB-Annual_Report_2024_-_EN.pdf,2b78181caa5e,2025-10-25T17:32:16.335Z,2025-10-25T17:32:16.335Z,2025-10-25T17:32:16.335Z,1.0,active
5db99793-c4e8-42f9-8643-dfa602bb6d7c,2b78181caa5e,CB EN,2025,,Total,General,Unspecified,41666375,tonnes CO2e,0.65,medium,statement_extraction,CB-Annual_Report_2024_-_EN.pdf,2b78181caa5e,2025-10-25T17:32:16.335Z,2025-10-25T17:32:16.335Z,2025-10-25T17:32:16.335Z,1.0,active
f46253f1-bde2-4423-a4f3-a6099628c15b,2b78181caa5e,CB EN,2025,,Total,General,Unspecified,43093370,tonnes CO2e,0.65,medium,statement_extraction,CB-Annual_Report_2024_-_EN.pdf,2b78181caa5e,2025-10-25T17:32:16.335Z,2025-10-25T17:32:16.335Z,2025-10-25T17:32:16.335Z,1.0,active
43e45f2e-67d9-4de3-a468-4beaaafb2a52,2b78181caa5e,CB EN,2025,,Total,General,Unspecified,40436124,tonnes CO2e,0.65,medium,statement_extraction,CB-Annual_Report_2024_-_EN.pdf,2b78181caa5e,2025-10-25T17:32:16.335Z,2025-10-25T17:32:16.335Z,2025-10-25T17:32:16.335Z,1.0,active
f5269172-d49d-4d66-a4e8-f8bfa5185b3d,2b78181caa5e,CB EN,2025,,Total,General,Unspecified,43431897,tonnes CO2e,0.65,medium,statement_extraction,CB-Annual_Report_2024_-_EN.pdf,2b78181caa5e,2025-10-25T17:32:16.335Z,2025-10-25T17:32:16.335Z,2025-10-25T17:32:16.335Z,1.0,active
d28667c1-a103-4eb9-be65-43eab0b9e0de,2b78181caa5e,CB EN,2025,,Total,General,Unspecified,1621371,tonnes CO2e,0.65,medium,statement_extraction,CB-Annual_Report_2024_-_EN.pdf,2b78181caa5e,2025-10-25T17:32:16.335Z,2025-10-25T17:32:16.335Z,2025-10-25T17:32:16.335Z,1.0,active
9bab440c-83a4-462c-9496-22b98c1a2043,2b78181caa5e,CB EN,2025,,Total,General,Unspecified,46513820,tonnes CO2e,0.65,medium,statement_extraction,CB-Annual_Report_2024_-_EN.pdf,2b78181caa5e,2025-10-25T17:32:16.335Z,2025-10-25T17:32:16.335Z,2025-10-25T17:32:16.335Z,1.0,active
d3d7ab37-abc9-4ed1-9d6e-ddb9603b5c70,2b78181caa5e,CB EN,2025,,Total,General,Unspecified,28786109,tonnes CO2e,0.65,medium,statement_extraction,CB-Annual_Report_2024_-_EN.pdf,2b78181caa5e,2025-10-25T17:32:16.335Z,2025-10-25T17:32:16.335Z,2025-10-25T17:32:16.335Z,1.0,active
cf1fe815-111b-4b2d-93cf-4910d5d90908,2b78181caa5e,CB EN,2025,,Total,General,Unspecified,34259888,tonnes CO2e,0.65,medium,statement_extraction,CB-Annual_Report_2024_-_EN.pdf,2b78181caa5e,2025-10-25T17:32:16.335Z,2025-10-25T17:32:16.335Z,2025-10-25T17:32:16.335Z,1.0,active
8fed3890-281a-47bb-9251-e388e7cce86c,2b78181caa5e,CB EN,2025,,Total,General,Unspecified,13537204,tonnes CO2e,0.65,medium,statement_extraction,CB-Annual_Report_2024_-_EN.pdf,2b78181caa5e,2025-10-25T17:32:16.335Z,2025-10-25T17:32:16.335Z,2025-10-25T17:32:16.335Z,1.0,active
15ec7a2d-0286-4d69-8892-196c3bbc914e,2b78181caa5e,CB EN,2025,,Total,General,Unspecified,12303636,tonnes CO2e,0.65,medium,statement_extraction,CB-Annual_Report_2024_-_EN.pdf,2b78181caa5e,2025-10-25T17:32:16.335Z,2025-10-25T17:32:16.335Z,2025-10-25T17:32:16.335Z,1.0,active
e4b558bf-bbce-4236-8285-ff408fe409cc,2b78181caa5e,CB EN,2025,,Total,General,Unspecified,87507,tonnes CO2e,0.65,medium,statement_extraction,CB-Annual_Report_2024_-_EN.pdf,2b78181caa5e,2025-10-25T17:32:16.335Z,2025-10-25T17:32:16.335Z,2025-10-25T17:32:16.335Z,1.0,active
5c21aebb-e1f5-48c3-99e6-66860748cf29,2b78181caa5e,CB EN,2025,,Total,Direct Emissions,Direct Emissions,64682,tonnes CO2e,0.75,high,statement_extraction,CB-Annual_Report_2024_-_EN.pdf,2b78181caa5e,2025-10-25T17:32:16.335Z,2025-10-25T17:32:16.335Z,2025-10-25T17:32:16.335Z,1.0,active
10efc092-c0b8-40ef-956a-43df0bd78e13,2b78181caa5e,CB EN,2025,,Total,General,Unspecified,45756852,tonnes CO2e,0.65,medium,statement_extraction,CB-Annual_Report_2024_-_EN.pdf,2b78181caa5e,2025-10-25T17:32:16.335Z,2025-10-25T17:32:16.335Z,2025-10-25T17:32:16.335Z,1.0,active
18c0dc74-0921-4b89-a618-c6562d6b9eec,2b78181caa5e,CB EN,2025,,Total,General,Unspecified,46798200,tonnes CO2e,0.65,medium,statement_extraction,CB-Annual_Report_2024_-_EN.pdf,2b78181caa5e,2025-10-25T17:32:16.335Z,2025-10-25T17:32:16.335Z,2025-10-25T17:32:16.335Z,1.0,active
8ec91914-2e1c-4112-8810-f9b58c4289ac,2b78181caa5e,CB EN,2025,,Total,General,Unspecified,9855932,tonnes CO2e,0.65,medium,statement_extraction,CB-Annual_Report_2024_-_EN.pdf,2b78181caa5e,2025-10-25T17:32:16.335Z,2025-10-25T17:32:16.335Z,2025-10-25T17:32:16.335Z,1.0,active
8f07f300-3ec8-4963-8a6f-9784e06b7290,2b78181caa5e,CB EN,2025,,Total,General,Unspecified,10548023,tonnes CO2e,0.65,medium,statement_extraction,CB-Annual_Report_2024_-_EN.pdf,2b78181caa5e,2025-10-25T17:32:16.335Z,2025-10-25T17:32:16.335Z,2025-10-25T17:32:16.335Z,1.0,active
342389a1-7216-4834-856d-34291afe6530,2b78181caa5e,CB EN,2025,,Total,General,Unspecified,6660000,tonnes CO2e,0.65,medium,statement_extraction,CB-Annual_Report_2024_-_EN.pdf,2b78181caa5e,2025-10-25T17:32:16.335Z,2025-10-25T17:32:16.335Z,2025-10-25T17:32:16.335Z,1.0,active
8dc50ec2-bbd4-4b9f-a913-ed896dfa3878,2b78181caa5e,CB EN,2025,,Total,General,Unspecified,2290102,tonnes CO2e,0.65,medium,statement_extraction,CB-Annual_Report_2024_-_EN.pdf,2b78181caa5e,2025-10-25T17:32:16.335Z,2025-10-25T17:32:16.335Z,2025-10-25T17:32:16.335Z,1.0,active
790a715d-7711-4ee3-a26f-6a297db88c20,2b78181caa5e,CB EN,2025,,Total,General,Unspecified,2119757,tonnes CO2e,0.65,medium,statement_extraction,CB-Annual_Report_2024_-_EN.pdf,2b78181caa5e,2025-10-25T17:32:16.335Z,2025-10-25T17:32:16.335Z,2025-10-25T17:32:16.335Z,1.0,active
2115932c-dfba-46aa-a292-e32841a17790,2b78181caa5e,CB EN,2025,,Total,General,Unspecified,927425,tonnes CO2e,0.65,medium,statement_extraction,CB-Annual_Report_2024_-_EN.pdf,2b78181caa5e,2025-10-25T17:32:16.335Z,2025-10-25T17:32:16.335Z,2025-10-25T17:32:16.335Z,1.0,active
19908fea-4b02-4d2d-b072-b47d25ac2493,2b78181caa5e,CB EN,2025,,Total,General,Unspecified,28108255,tonnes CO2e,0.65,medium,statement_extraction,CB-Annual_Report_2024_-_EN.pdf,2b78181caa5e,2025-10-25T17:32:16.335Z,2025-10-25T17:32:16.335Z,2025-10-25T17:32:16.335Z,1.0,active
93746611-8385-4913-80f5-6e414fe5afa2,2b78181caa5e,CB EN,2025,,Total,General,Unspecified,20678873,tonnes CO2e,0.65,medium,statement_extraction,CB-Annual_Report_2024_-_EN.pdf,2b78181caa5e,2025-10-25T17:32:16.335Z,2025-10-25T17:32:16.335Z,2025-10-25T17:32:16.335Z,1.0,active
74b9431f-d595-4751-9b54-e15393e029ef,2b78181caa5e,CB EN,2025,,Total,General,Unspecified,351829,tonnes CO2e,0.65,medium,statement_extraction,CB-Annual_Report_2024_-_EN.pdf,2b78181caa5e,2025-10-25T17:32:16.335Z,2025-10-25T17:32:16.335Z,2025-10-25T17:32:16.335Z,1.0,active
1b17639d-2bbc-4543-bfbe-24c64e2b3528,2b78181caa5e,CB EN,2025,,Total,General,Unspecified,47096,tonnes CO2e,0.65,medium,statement_extraction,CB-Annual_Report_2024_-_EN.pdf,2b78181caa5e,2025-10-25T17:32:16.335Z,2025-10-25T17:32:16.335Z,2025-10-25T17:32:16.335Z,1.0,active
f6245c50-a460-4de6-852d-f1e70d356406,2b78181caa5e,CB EN,2024,,Total,General,Unspecified,14.05,tonnes CO2e,0.80,high,statement_extraction,CB-Annual_Report_2024_-_EN.pdf,2b78181caa5e,2025-10-25T17:32:16.335Z,2025-10-25T17:32:16.335Z,2025-10-25T17:32:16.335Z,1.0,active
4058c830-fb96-41d7-ae25-6b8663a0391b,2b78181caa5e,CB EN,2023,,Total,General,Unspecified,31,tonnes CO2e,0.80,high,statement_extraction,CB-Annual_Report_2024_-_EN.pdf,2b78181caa5e,2025-10-25T17:32:16.335Z,2025-10-25T17:32:16.335Z,2025-10-25T17:32:16.335Z,1.0,active
cdb34bf1-7746-4e22-bdaa-29f6b87fc930,2b78181caa5e,CB EN,2025,,Total,General,Unspecified,36.84,tonnes CO2e,0.65,medium,statement_extraction,CB-Annual_Report_2024_-_EN.pdf,2b78181caa5e,2025-10-25T17:32:16.335Z,2025-10-25T17:32:16.335Z,2025-10-25T17:32:16.335Z,1.0,active
380da06d-cf6d-4807-a553-ffc8b34c8914,2b78181caa5e,CB EN,2024,,Total,General,Unspecified,31,tonnes CO2e,0.80,high,statement_extraction,CB-Annual_Report_2024_-_EN.pdf,2b78181caa5e,2025-10-25T17:32:16.335Z,2025-10-25T17:32:16.335Z,2025-10-25T17:32:16.335Z,1.0,active
a6c79b69-b544-4b34-ae37-ef4573ca6be6,2b78181caa5e,CB EN,2025,,Total,General,Unspecified,71794,tonnes CO2e,0.65,medium,statement_extraction,CB-Annual_Report_2024_-_EN.pdf,2b78181caa5e,2025-10-25T17:32:16.335Z,2025-10-25T17:32:16.335Z,2025-10-25T17:32:16.335Z,1.0,active
d3bb32bd-b7ef-48e8-9231-f44a8abebe76,2b78181caa5e,CB EN,2025,,Total,General,Unspecified,17566480,tonnes CO2e,0.65,medium,statement_extraction,CB-Annual_Report_2024_-_EN.pdf,2b78181caa5e,2025-10-25T17:32:16.335Z,2025-10-25T17:32:16.335Z,2025-10-25T17:32:16.335Z,1.0,active
cc738e00-af43-4085-ad33-8251f690150c,2b78181caa5e,CB EN,2025,,Total,General,Unspecified,17428553,tonnes CO2e,0.65,medium,statement_extraction,CB-Annual_Report_2024_-_EN.pdf,2b78181caa5e,2025-10-25T17:32:16.335Z,2025-10-25T17:32:16.335Z,2025-10-25T17:32:16.335Z,1.0,active
faf7a2a8-689a-4d63-8ea8-dbf978cc474d,2b78181caa5e,CB EN,2028,1,Total,General,Unspecified,32765199,tonnes CO2e,0.80,high,statement_extraction,CB-Annual_Report_2024_-_EN.pdf,2b78181caa5e,2025-10-25T17:32:16.335Z,2025-10-25T17:32:16.335Z,2025-10-25T17:32:16.335Z,1.0,active
738fdf5d-1bb0-48ee-aab6-7b65f0ec37ea,2b78181caa5e,CB EN,2025,,Total,General,Unspecified,857987,tonnes CO2e,0.65,medium,statement_extraction,CB-Annual_Report_2024_-_EN.pdf,2b78181caa5e,2025-10-25T17:32:16.335Z,2025-10-25T17:32:16.335Z,2025-10-25T17:32:16.335Z,1.0,active
51af95aa-2f69-4805-b123-ed9218d5f19e,2b78181caa5e,CB EN,2025,,Total,General,Unspecified,1195345,tonnes CO2e,0.65,medium,statement_extraction,CB-Annual_Report_2024_-_EN.pdf,2b78181caa5e,2025-10-25T17:32:16.335Z,2025-10-25T17:32:16.335Z,2025-10-25T17:32:16.335Z,1.0,active
16235f48-01a6-47db-8ea3-fe78152c38be,2b78181caa5e,CB EN,2025,,Total,General,Unspecified,3674761,tonnes CO2e,0.65,medium,statement_extraction,CB-Annual_Report_2024_-_EN.pdf,2b78181caa5e,2025-10-25T17:32:16.335Z,2025-10-25T17:32:16.335Z,2025-10-25T17:32:16.335Z,1.0,active
5836e331-2a15-40c4-95cc-33581f7a15f9,2b78181caa5e,CB EN,2025,,Total,General,Unspecified,651218,tonnes CO2e,0.65,medium,statement_extraction,CB-Annual_Report_2024_-_EN.pdf,2b78181caa5e,2025-10-25T17:32:16.335Z,2025-10-25T17:32:16.335Z,2025-10-25T17:32:16.335Z,1.0,active
abf7b522-3532-4188-92f1-d5bbd92447bb,2b78181caa5e,CB EN,2022,,Total,General,Unspecified,7,tonnes CO2e,0.80,high,statement_extraction,CB-Annual_Report_2024_-_EN.pdf,2b78181caa5e,2025-10-25T17:32:16.335Z,2025-10-25T17:32:16.335Z,2025-10-25T17:32:16.335Z,1.0,active
f9f068d6-678b-4b17-80c5-e02a9f10ad56,2b78181caa5e,CB EN,2025,,Total,General,Unspecified,1000,tonnes CO2e,0.65,medium,statement_extraction,CB-Annual_Report_2024_-_EN.pdf,2b78181caa5e,2025-10-25T17:32:16.335Z,2025-10-25T17:32:16.335Z,2025-10-25T17:32:16.335Z,1.0,active
94b4ce65-544a-4abe-b6c4-03248284afbc,2b78181caa5e,CB EN,2025,,Total,General,Unspecified,470828,tonnes CO2e,0.65,medium,statement_extraction,CB-Annual_Report_2024_-_EN.pdf,2b78181caa5e,2025-10-25T17:32:16.335Z,2025-10-25T17:32:16.335Z,2025-10-25T17:32:16.335Z,1.0,active
7668a207-c3f8-47fe-96b7-a7d7abf32268,2b78181caa5e,CB EN,2025,,Total,General,Unspecified,492182,tonnes CO2e,0.65,medium,statement_extraction,CB-Annual_Report_2024_-_EN.pdf,2b78181caa5e,2025-10-25T17:32:16.335Z,2025-10-25T17:32:16.335Z,2025-10-25T17:32:16.335Z,1.0,active
80703163-5850-4f95-886b-cfbc4bcf040a,2b78181caa5e,CB EN,2025,,Total,General,Unspecified,522069,tonnes CO2e,0.65,medium,statement_extraction,CB-Annual_Report_2024_-_EN.pdf,2b78181caa5e,2025-10-25T17:32:16.335Z,2025-10-25T17:32:16.335Z,2025-10-25T17:32:16.335Z,1.0,active
ae0d07c7-7e1a-47aa-92f6-fc4f065a3f52,2b78181caa5e,CB EN,2025,,Total,General,Unspecified,723255,tonnes CO2e,0.65,medium,statement_extraction,CB-Annual_Report_2024_-_EN.pdf,2b78181caa5e,2025-10-25T17:32:16.335Z,2025-10-25T17:32:16.335Z,2025-10-25T17:32:16.335Z,1.0,active
325d804e-0d7a-4106-94db-7db956336f5c,2b78181caa5e,CB EN,2025,,Total,General,Unspecified,675716,tonnes CO2e,0.65,medium,statement_extraction,CB-Annual_Report_2024_-_EN.pdf,2b78181caa5e,2025-10-25T17:32:16.335Z,2025-10-25T17:32:16.335Z,2025-10-25T17:32:16.335Z,1.0,active
c3d65b15-38aa-4500-895e-3594c23c8a7c,2b78181caa5e,CB EN,2025,,Total,General,Unspecified,10444966,tonnes CO2e,0.65,medium,statement_extraction,CB-Annual_Report_2024_-_EN.pdf,2b78181caa5e,2025-10-25T17:32:16.335Z,2025-10-25T17:32:16.335Z,2025-10-25T17:32:16.335Z,1.0,active
57c848da-0d60-4cfb-a30f-605aac608301,2b78181caa5e,CB EN,2025,,Total,General,Unspecified,14240964,tonnes CO2e,0.65,medium,statement_extraction,CB-Annual_Report_2024_-_EN.pdf,2b78181caa5e,2025-10-25T17:32:16.335Z,2025-10-25T17:32:16.335Z,2025-10-25T17:32:16.335Z,1.0,active
a5fa9018-8f92-4161-9a5b-f0c31a5f37e2,2b78181caa5e,CB EN,2025,,Total,General,Unspecified,860774,tonnes CO2e,0.65,medium,statement_extraction,CB-Annual_Report_2024_-_EN.pdf,2b78181caa5e,2025-10-25T17:32:16.335Z,2025-10-25T17:32:16.335Z,2025-10-25T17:32:16.335Z,1.0,active
99b6c126-0cf9-44ce-b4c7-c5a20c5e062b,2b78181caa5e,CB EN,2025,,Total,General,Unspecified,599052,tonnes CO2e,0.65,medium,statement_extraction,CB-Annual_Report_2024_-_EN.pdf,2b78181caa5e,2025-10-25T17:32:16.335Z,2025-10-25T17:32:16.335Z,2025-10-25T17:32:16.335Z,1.0,active
4b89bd50-5769-430b-bd88-de996ed03a91,2b78181caa5e,CB EN,2025,,Total,Direct Emissions,Direct Emissions,9105001,tonnes CO2e,0.75,high,statement_extraction,CB-Annual_Report_2024_-_EN.pdf,2b78181caa5e,2025-10-25T17:32:16.335Z,2025-10-25T17:32:16.335Z,2025-10-25T17:32:16.335Z,1.0,active
68d97234-f806-4c33-95a3-96a297e3e298,2b78181caa5e,CB EN,2025,,Total,General,Unspecified,44241302,tonnes CO2e,0.65,medium,statement_extraction,CB-Annual_Report_2024_-_EN.pdf,2b78181caa5e,2025-10-25T17:32:16.335Z,2025-10-25T17:32:16.335Z,2025-10-25T17:32:16.335Z,1.0,active
80870241-b8ea-41ef-b259-a01a828707c8,2b78181caa5e,CB EN,2025,,Total,General,Unspecified,22853712,tonnes CO2e,0.65,medium,statement_extraction,CB-Annual_Report_2024_-_EN.pdf,2b78181caa5e,2025-10-25T17:32:16.335Z,2025-10-25T17:32:16.335Z,2025-10-25T17:32:16.335Z,1.0,active
1f1611ad-4478-44e1-bd1d-0d9d43c2fae1,2b78181caa5e,CB EN,2025,,Total,General,Unspecified,29,tonnes CO2e,0.65,medium,statement_extraction,CB-Annual_Report_2024_-_EN.pdf,2b78181caa5e,2025-10-25T17:32:16.335Z,2025-10-25T17:32:16.335Z,2025-10-25T17:32:16.335Z,1.0,active
f416a2e2-9de1-4e22-b774-b63814fb0669,2b78181caa5e,CB EN,2025,,Total,General,Unspecified,50,tonnes CO2e,0.65,medium,statement_extraction,CB-Annual_Report_2024_-_EN.pdf,2b78181caa5e,2025-10-25T17:32:16.335Z,2025-10-25T17:32:16.335Z,2025-10-25T17:32:16.335Z,1.0,active
d761bfae-1db5-4fd6-ab03-2aaae006932c,2b78181caa5e,CB EN,2025,,Total,General,Unspecified,28,tonnes CO2e,0.65,medium,statement_extraction,CB-Annual_Report_2024_-_EN.pdf,2b78181caa5e,2025-10-25T17:32:16.335Z,2025-10-25T17:32:16.335Z,2025-10-25T17:32:16.335Z,1.0,active
aabe939d-596e-46f7-8297-c613be39240b,2b78181caa5e,CB EN,2025,,Total,General,Unspecified,32,tonnes CO2e,0.65,medium,statement_extraction,CB-Annual_Report_2024_-_EN.pdf,2b78181caa5e,2025-10-25T17:32:16.335Z,2025-10-25T17:32:16.335Z,2025-10-25T17:32:16.335Z,1.0,active
3618ba3e-a85c-4774-b258-c98e63716f4a,2b78181caa5e,CB EN,2025,,Total,General,Unspecified,3519640,tonnes CO2e,0.65,medium,statement_extraction,CB-Annual_Report_2024_-_EN.pdf,2b78181caa5e,2025-10-25T17:32:16.335Z,2025-10-25T17:32:16.335Z,2025-10-25T17:32:16.335Z,1.0,active
1a342f6e-9a0b-45a0-991c-9c67e022077d,2b78181caa5e,CB EN,2025,,Total,General,Unspecified,1530098,tonnes CO2e,0.65,medium,statement_extraction,CB-Annual_Report_2024_-_EN.pdf,2b78181caa5e,2025-10-25T17:32:16.335Z,2025-10-25T17:32:16.335Z,2025-10-25T17:32:16.335Z,1.0,active
03076b56-b8b5-4ec3-b55b-0c135f580d56,2b78181caa5e,CB EN,2025,,Total,Direct Emissions,Direct Emissions,20459311,tonnes CO2e,0.75,high,statement_extraction,CB-Annual_Report_2024_-_EN.pdf,2b78181caa5e,2025-10-25T17:32:16.335Z,2025-10-25T17:32:16.335Z,2025-10-25T17:32:16.335Z,1.0,active
2a3207c2-cfac-410b-8c2b-b69f438e3916,2b78181caa5e,CB EN,2025,,Total,General,Unspecified,89936,tonnes CO2e,0.65,medium,statement_extraction,CB-Annual_Report_2024_-_EN.pdf,2b78181caa5e,2025-10-25T17:32:16.335Z,2025-10-25T17:32:16.335Z,2025-10-25T17:32:16.335Z,1.0,active
e3acc69e-2450-4e10-8269-7887bcbc1b8d,2b78181caa5e,CB EN,2025,,Total,General,Unspecified,953845,tonnes CO2e,0.65,medium,statement_extraction,CB-Annual_Report_2024_-_EN.pdf,2b78181caa5e,2025-10-25T17:32:16.335Z,2025-10-25T17:32:16.335Z,2025-10-25T17:32:16.335Z,1.0,active
dad41965-e90e-4cfe-a469-0e4962ec09e4,2b78181caa5e,CB EN,2025,,Total,General,Unspecified,4388724,tonnes CO2e,0.65,medium,statement_extraction,CB-Annual_Report_2024_-_EN.pdf,2b78181caa5e,2025-10-25T17:32:16.335Z,2025-10-25T17:32:16.335Z,2025-10-25T17:32:16.335Z,1.0,active
d2b805d6-901a-4fff-a699-a1f6ea54a3aa,2b78181caa5e,CB EN,2025,,Total,General,Unspecified,45465928,tonnes CO2e,0.65,medium,statement_extraction,CB-Annual_Report_2024_-_EN.pdf,2b78181caa5e,2025-10-25T17:32:16.335Z,2025-10-25T17:32:16.335Z,2025-10-25T17:32:16.335Z,1.0,active
575e22f2-c25a-4875-8fce-49c335db4194,2b78181caa5e,CB EN,2025,,Total,General,Unspecified,20068274,tonnes CO2e,0.65,medium,statement_extraction,CB-Annual_Report_2024_-_EN.pdf,2b78181caa5e,2025-10-25T17:32:16.335Z,2025-10-25T17:32:16.335Z,2025-10-25T17:32:16.335Z,1.0,active
9f6a5ac4-0a11-4ca0-bda0-7bb51841c765,2b78181caa5e,CB EN,2025,,Total,General,Unspecified,1063500,tonnes CO2e,0.65,medium,statement_extraction,CB-Annual_Report_2024_-_EN.pdf,2b78181caa5e,2025-10-25T17:32:16.335Z,2025-10-25T17:32:16.335Z,2025-10-25T17:32:16.335Z,1.0,active
65e817d9-1a1d-4222-b653-ba0d1f054d09,2b78181caa5e,CB EN,2025,,Total,General,Unspecified,1772217,tonnes CO2e,0.65,medium,statement_extraction,CB-Annual_Report_2024_-_EN.pdf,2b78181caa5e,2025-10-25T17:32:16.335Z,2025-10-25T17:32:16.335Z,2025-10-25T17:32:16.335Z,1.0,active
1b97e8fb-dadb-476e-833b-fbd08478479e,2b78181caa5e,CB EN,2025,,Total,General,Unspecified,3718839,tonnes CO2e,0.65,medium,statement_extraction,CB-Annual_Report_2024_-_EN.pdf,2b78181caa5e,2025-10-25T17:32:16.335Z,2025-10-25T17:32:16.335Z,2025-10-25T17:32:16.335Z,1.0,active
4bb148b8-d11a-49fa-b421-050c0f12db0f,2b78181caa5e,CB EN,2025,,Total,General,Unspecified,3067346,tonnes CO2e,0.65,medium,statement_extraction,CB-Annual_Report_2024_-_EN.pdf,2b78181caa5e,2025-10-25T17:32:16.335Z,2025-10-25T17:32:16.335Z,2025-10-25T17:32:16.335Z,1.0,active
0e03463e-2898-44b3-871c-2a58e1a6957c,2b78181caa5e,CB EN,2025,,Total,General,Unspecified,13800597,tonnes CO2e,0.65,medium,statement_extraction,CB-Annual_Report_2024_-_EN.pdf,2b78181caa5e,2025-10-25T17:32:16.335Z,2025-10-25T17:32:16.335Z,2025-10-25T17:32:16.335Z,1.0,active
2b4cad32-a050-4424-aee9-63b030935842,2b78181caa5e,CB EN,2025,,Total,General,Unspecified,8052376,tonnes CO2e,0.65,medium,statement_extraction,CB-Annual_Report_2024_-_EN.pdf,2b78181caa5e,2025-10-25T17:32:16.335Z,2025-10-25T17:32:16.335Z,2025-10-25T17:32:16.335Z,1.0,active
3784c196-630d-4cda-8ccc-e7f56bf45b10,2b78181caa5e,CB EN,2025,,Total,General,Unspecified,4663035,tonnes CO2e,0.65,medium,statement_extraction,CB-Annual_Report_2024_-_EN.pdf,2b78181caa5e,2025-10-25T17:32:16.335Z,2025-10-25T17:32:16.335Z,2025-10-25T17:32:16.335Z,1.0,active
5adfc6ae-9b3a-4487-848f-d52d1fdac3c6,2b78181caa5e,CB EN,2025,,Total,General,Unspecified,4822635,tonnes CO2e,0.65,medium,statement_extraction,CB-Annual_Report_2024_-_EN.pdf,2b78181caa5e,2025-10-25T17:32:16.335Z,2025-10-25T17:32:16.335Z,2025-10-25T17:32:16.335Z,1.0,active
a62f67d0-df3e-4c94-8a7d-5cd54de53169,2b78181caa5e,CB EN,2025,,Total,General,Unspecified,260765,tonnes CO2e,0.65,medium,statement_extraction,CB-Annual_Report_2024_-_EN.pdf,2b78181caa5e,2025-10-25T17:32:16.335Z,2025-10-25T17:32:16.335Z,2025-10-25T17:32:16.335Z,1.0,active
86403260-9ec0-443f-a74d-cccdf37c7a58,2b78181caa5e,CB EN,2025,,Total,General,Unspecified,44628,tonnes CO2e,0.65,medium,statement_extraction,CB-Annual_Report_2024_-_EN.pdf,2b78181caa5e,2025-10-25T17:32:16.335Z,2025-10-25T17:32:16.335Z,2025-10-25T17:32:16.335Z,1.0,active
0ed749e0-b994-45af-b95c-e178dee6c402,2b78181caa5e,CB EN,2025,,Total,General,Unspecified,1135328,tonnes CO2e,0.65,medium,statement_extraction,CB-Annual_Report_2024_-_EN.pdf,2b78181caa5e,2025-10-25T17:32:16.335Z,2025-10-25T17:32:16.335Z,2025-10-25T17:32:16.335Z,1.0,active
1559f8be-0680-4ce7-8a83-80f9f694ced9,2b78181caa5e,CB EN,2025,,Total,Direct Emissions,Direct Emissions,1434451,tonnes CO2e,0.75,high,statement_extraction,CB-Annual_Report_2024_-_EN.pdf,2b78181caa5e,2025-10-25T17:32:16.335Z,2025-10-25T17:32:16.335Z,2025-10-25T17:32:16.335Z,1.0,active
e2772318-0bff-4a2a-a538-f5c9bfa87e41,2b78181caa5e,CB EN,2025,,Total,General,Unspecified,35492,tonnes CO2e,0.65,medium,statement_extraction,CB-Annual_Report_2024_-_EN.pdf,2b78181caa5e,2025-10-25T17:32:16.335Z,2025-10-25T17:32:16.335Z,2025-10-25T17:32:16.335Z,1.0,active
040cde25-f769-45ef-bab8-8a8298104b3c,2b78181caa5e,CB EN,2025,,Total,General,Unspecified,26525,tonnes CO2e,0.65,medium,statement_extraction,CB-Annual_Report_2024_-_EN.pdf,2b78181caa5e,2025-10-25T17:32:16.335Z,2025-10-25T17:32:16.335Z,2025-10-25T17:32:16.335Z,1.0,active
c54896e4-8d14-4997-9d49-12a022625f89,2b78181caa5e,CB EN,2025,,Total,General,Unspecified,665747,tonnes CO2e,0.65,medium,statement_extraction,CB-Annual_Report_2024_-_EN.pdf,2b78181caa5e,2025-10-25T17:32:16.335Z,2025-10-25T17:32:16.335Z,2025-10-25T17:32:16.335Z,1.0,active
f9c98a22-09cb-40fc-a7c3-ea00adf2078a,2b78181caa5e,CB EN,2025,,Total,General,Unspecified,437334,tonnes CO2e,0.65,medium,statement_extraction,CB-Annual_Report_2024_-_EN.pdf,2b78181caa5e,2025-10-25T17:32:16.335Z,2025-10-25T17:32:16.335Z,2025-10-25T17:32:16.335Z,1.0,active
2f60dcff-95c3-47b3-90f3-a668c91a9f69,2b78181caa5e,CB EN,2025,,Total,General,Unspecified,14899589,tonnes CO2e,0.65,medium,statement_extraction,CB-Annual_Report_2024_-_EN.pdf,2b78181caa5e,2025-10-25T17:32:16.335Z,2025-10-25T17:32:16.335Z,2025-10-25T17:32:16.335Z,1.0,active
afb84c1b-c163-4ca2-88cc-1d283f841c79,2b78181caa5e,CB EN,2025,,Total,Direct Emissions,Direct Emissions,8078901,tonnes CO2e,0.75,high,statement_extraction,CB-Annual_Report_2024_-_EN.pdf,2b78181caa5e,2025-10-25T17:32:16.335Z,2025-10-25T17:32:16.335Z,2025-10-25T17:32:16.335Z,1.0,active
67c73096-4247-460d-ad7f-3e110162f286,2b78181caa5e,CB EN,2025,,Total,General,Unspecified,8078901,tonnes CO2e,0.65,medium,statement_extraction,CB-Annual_Report_2024_-_EN.pdf,2b78181caa5e,2025-10-25T17:32:16.335Z,2025-10-25T17:32:16.335Z,2025-10-25T17:32:16.335Z,1.0,active
d3986c8d-5056-4224-830e-b3c0ebe1f1c1,2b78181caa5e,CB EN,2025,,Total,General,Unspecified,10182949,tonnes CO2e,0.65,medium,statement_extraction,CB-Annual_Report_2024_-_EN.pdf,2b78181caa5e,2025-10-25T17:32:16.335Z,2025-10-25T17:32:16.335Z,2025-10-25T17:32:16.335Z,1.0,active
c0c80cf9-ad12-41cc-8855-384b9a4f3450,2b78181caa5e,CB EN,2025,,Total,General,Unspecified,9761766,tonnes CO2e,0.65,medium,statement_extraction,CB-Annual_Report_2024_-_EN.pdf,2b78181caa5e,2025-10-25T17:32:16.335Z,2025-10-25T17:32:16.335Z,2025-10-25T17:32:16.335Z,1.0,active
20ba846b-c6f6-4b21-9032-37ca911772b7,2b78181caa5e,CB EN,2024,,Total,Direct Emissions,Direct Emissions,824,tonnes CO2e,0.90,high,statement_extraction,CB-Annual_Report_2024_-_EN.pdf,2b78181caa5e,2025-10-25T17:32:16.335Z,2025-10-25T17:32:16.335Z,2025-10-25T17:32:16.335Z,1.0,active
b487c778-e451-43d6-b693-e01777bbf0f2,2b78181caa5e,CB EN,2024,,Total,Direct Emissions,Direct Emissions,196907,tonnes CO2e,0.90,high,statement_extraction,CB-Annual_Report_2024_-_EN.pdf,2b78181caa5e,2025-10-25T17:32:16.335Z,2025-10-25T17:32:16.335Z,2025-10-25T17:32:16.335Z,1.0,active
9e4eea54-71b0-406e-a0cd-17fad9615f26,2b78181caa5e,CB EN,2024,,Total,Transportation,Transportation,10,tonnes CO2e,0.90,high,statement_extraction,CB-Annual_Report_2024_-_EN.pdf,2b78181caa5e,2025-10-25T17:32:16.335Z,2025-10-25T17:32:16.335Z,2025-10-25T17:32:16.335Z,1.0,active
123d62ba-f1e0-42b5-929a-d3e387fc4f48,c01f1b94e962,Royal Avebe,2025,,Scope 1,General,Unspecified,2,tonnes CO2e,0.75,high,statement_extraction,DE_Royal-Avebe-integrierter-Geschaftsbericht-2022_2023.pdf,c01f1b94e962,2025-10-25T17:32:16.335Z,2025-10-25T17:32:16.335Z,2025-10-25T17:32:16.335Z,1.0,active
aca28d2c-31a0-4030-8ecf-e7dd2238773e,c01f1b94e962,Royal Avebe,2025,,Scope 2,General,Unspecified,2,tonnes CO2e,0.75,high,statement_extraction,DE_Royal-Avebe-integrierter-Geschaftsbericht-2022_2023.pdf,c01f1b94e962,2025-10-25T17:32:16.335Z,2025-10-25T17:32:16.335Z,2025-10-25T17:32:16.335Z,1.0,active
45e0eb48-cdbc-4980-b058-e609497b28b7,bfab890bf027,DFX SUSTAIN DE,2025,,Scope 1,General,Unspecified,3,tonnes CO2e,0.75,high,statement_extraction,DFX_SUSTAIN_REPORT_DE.pdf,bfab890bf027,2025-10-25T17:32:16.335Z,2025-10-25T17:32:16.335Z,2025-10-25T17:32:16.335Z,1.0,active
b91de35a-e488-4fff-b483-f7d4b00125c2,0ee0aa684898,DFX SUSTAIN EN,2025,,Scope 1,Direct Emissions,Direct Operations,2,tonnes CO2e,0.85,high,statement_extraction,DFX_SUSTAIN_REPORT_EN.pdf,0ee0aa684898,2025-10-25T17:32:16.335Z,2025-10-25T17:32:16.335Z,2025-10-25T17:32:16.335Z,1.0,active
093adb63-ff25-4b47-87b1-a8d23fe824ed,0ee0aa684898,DFX SUSTAIN EN,2022,,Total,General,Unspecified,1,tonnes CO2e,0.80,high,statement_extraction,DFX_SUSTAIN_REPORT_EN.pdf,0ee0aa684898,2025-10-25T17:32:16.335Z,2025-10-25T17:32:16.335Z,2025-10-25T17:32:16.335Z,1.0,active
3bece62e-a3f1-4cda-820e-542d98a0899e,0ee0aa684898,DFX SUSTAIN EN,2025,,Scope 1,General,Unspecified,3,tonnes CO2e,0.75,high,statement_extraction,DFX_SUSTAIN_REPORT_EN.pdf,0ee0aa684898,2025-10-25T17:32:16.335Z,2025-10-25T17:32:16.335Z,2025-10-25T17:32:16.335Z,1.0,active
63879628-0dff-4b80-ad5d-bcd2c2194e4f,677cca6a199b,DFX SUSTAIN FR,2022,,Total,General,Unspecified,1,tonnes CO2e,0.80,high,statement_extraction,DFX_SUSTAIN_REPORT_FR.pdf,677cca6a199b,2025-10-25T17:32:16.335Z,2025-10-25T17:32:16.335Z,2025-10-25T17:32:16.335Z,1.0,active
fcf61833-935f-43a3-8d3e-704c666dddc8,677cca6a199b,DFX SUSTAIN FR,2025,,Total,General,Unspecified,500,tonnes CO2e,0.65,medium,statement_extraction,DFX_SUSTAIN_REPORT_FR.pdf,677cca6a199b,2025-10-25T17:32:16.335Z,2025-10-25T17:32:16.335Z,2025-10-25T17:32:16.335Z,1.0,active
f26a03a7-8fac-461b-a6f1-a1c895b3e765,677cca6a199b,DFX SUSTAIN FR,2025,,Total,General,Unspecified,3,tonnes CO2e,0.65,medium,statement_extraction,DFX_SUSTAIN_REPORT_FR.pdf,677cca6a199b,2025-10-25T17:32:16.335Z,2025-10-25T17:32:16.335Z,2025-10-25T17:32:16.335Z,1.0,active
bd0f3a09-1d34-4e61-8626-7482c504a247,1e7f1cfc8e8f,DFX SUSTAIN NL,2025,,Scope 1,Direct Emissions,Direct Operations,3,tonnes CO2e,0.85,high,statement_extraction,DFX_SUSTAIN_REPORT_NL.pdf,1e7f1cfc8e8f,2025-10-25T17:32:16.335Z,2025-10-25T17:32:16.335Z,2025-10-25T17:32:16.335Z,1.0,active
8499307c-3852-4242-aa97-dea675291055,1e7f1cfc8e8f,DFX SUSTAIN NL,2025,,Scope 1,General,Unspecified,3,tonnes CO2e,0.75,high,statement_extraction,DFX_SUSTAIN_REPORT_NL.pdf,1e7f1cfc8e8f,2025-10-25T17:32:16.335Z,2025-10-25T17:32:16.335Z,2025-10-25T17:32:16.335Z,1.0,active
ef28e667-f794-4f5d-92d4-4a0c3dfe3539,be1f0852dcc9,Royal Avebe,2025,,Total,General,Unspecified,5.7,tonnes CO2e,0.65,medium,statement_extraction,EN_Royal-Avebe-integrated-annual-report-2022_2023.pdf,be1f0852dcc9,2025-10-25T17:32:16.335Z,2025-10-25T17:32:16.335Z,2025-10-25T17:32:16.335Z,1.0,active
a7157fa5-2be2-495a-a9d9-701173cca005,be1f0852dcc9,Royal Avebe,2025,,Total,General,Unspecified,14,tonnes CO2e,0.65,medium,statement_extraction,EN_Royal-Avebe-integrated-annual-report-2022_2023.pdf,be1f0852dcc9,2025-10-25T17:32:16.335Z,2025-10-25T17:32:16.335Z,2025-10-25T17:32:16.335Z,1.0,active
faace3c0-940c-419f-984b-1a0f69fd1c26,be1f0852dcc9,Royal Avebe,2025,,Scope 1,General,Unspecified,2,tonnes CO2e,0.75,high,statement_extraction,EN_Royal-Avebe-integrated-annual-report-2022_2023.pdf,be1f0852dcc9,2025-10-25T17:32:16.335Z,2025-10-25T17:32:16.335Z,2025-10-25T17:32:16.335Z,1.0,active
2e50442b-686c-4205-819c-db9a5c08ad58,be1f0852dcc9,Royal Avebe,2018,,Total,General,Unspecified,11.5,tonnes CO2e,0.80,high,statement_extraction,EN_Royal-Avebe-integrated-annual-report-2022_2023.pdf,be1f0852dcc9,2025-10-25T17:32:16.335Z,2025-10-25T17:32:16.335Z,2025-10-25T17:32:16.335Z,1.0,active
66a16835-4192-440f-bc7e-113fe5b27f82,be1f0852dcc9,Royal Avebe,2023,,Total,General,Unspecified,31,tonnes CO2e,0.80,high,statement_extraction,EN_Royal-Avebe-integrated-annual-report-2022_2023.pdf,be1f0852dcc9,2025-10-25T17:32:16.335Z,2025-10-25T17:32:16.335Z,2025-10-25T17:32:16.335Z,1.0,active
2661f25c-5113-4252-920d-4da3fdeb959b,be1f0852dcc9,Royal Avebe,2025,,Total,General,Unspecified,3,tonnes CO2e,0.65,medium,statement_extraction,EN_Royal-Avebe-integrated-annual-report-2022_2023.pdf,be1f0852dcc9,2025-10-25T17:32:16.335Z,2025-10-25T17:32:16.335Z,2025-10-25T17:32:16.335Z,1.0,active
2ee5061e-6f0e-4993-ad2c-46545eccf7e1,be1f0852dcc9,Royal Avebe,2025,,Total,General,Unspecified,9.5,tonnes CO2e,0.65,medium,statement_extraction,EN_Royal-Avebe-integrated-annual-report-2022_2023.pdf,be1f0852dcc9,2025-10-25T17:32:16.335Z,2025-10-25T17:32:16.335Z,2025-10-25T17:32:16.335Z,1.0,active
9c14f467-0e97-452b-9fed-e27ae5811baf,be1f0852dcc9,Royal Avebe,2025,,Total,General,Unspecified,294,tonnes CO2e,0.65,medium,statement_extraction,EN_Royal-Avebe-integrated-annual-report-2022_2023.pdf,be1f0852dcc9,2025-10-25T17:32:16.335Z,2025-10-25T17:32:16.335Z,2025-10-25T17:32:16.335Z,1.0,active
19824eea-1ba2-4188-ad8a-2e6515677811,be1f0852dcc9,Royal Avebe,2025,,Total,General,Unspecified,7,tonnes CO2e,0.65,medium,statement_extraction,EN_Royal-Avebe-integrated-annual-report-2022_2023.pdf,be1f0852dcc9,2025-10-25T17:32:16.335Z,2025-10-25T17:32:16.335Z,2025-10-25T17:32:16.335Z,1.0,active
15ad29e5-256f-4a68-af18-8a6834fbcf69,be1f0852dcc9,Royal Avebe,2025,,Total,General,Unspecified,677390,tonnes CO2e,0.65,medium,statement_extraction,EN_Royal-Avebe-integrated-annual-report-2022_2023.pdf,be1f0852dcc9,2025-10-25T17:32:16.335Z,2025-10-25T17:32:16.335Z,2025-10-25T17:32:16.335Z,1.0,active
1d4038f8-c0a2-423c-9027-6f3203f86676,be1f0852dcc9,Royal Avebe,2025,,Scope 1,Direct Emissions,Direct Operations,1,tonnes CO2e,0.85,high,statement_extraction,EN_Royal-Avebe-integrated-annual-report-2022_2023.pdf,be1f0852dcc9,2025-10-25T17:32:16.335Z,2025-10-25T17:32:16.335Z,2025-10-25T17:32:16.335Z,1.0,active
7f58ad11-b6da-436b-af5c-1e377995f860,be1f0852dcc9,Royal Avebe,2025,,Scope 2,Direct Emissions,Indirect Energy,2,tonnes CO2e,0.85,high,statement_extraction,EN_Royal-Avebe-integrated-annual-report-2022_2023.pdf,be1f0852dcc9,2025-10-25T17:32:16.335Z,2025-10-25T17:32:16.335Z,2025-10-25T17:32:16.335Z,1.0,active
18622912-7f20-4c7e-a7b3-2c60b429c7f4,be1f0852dcc9,Royal Avebe,2025,,Total,General,Unspecified,43,tonnes CO2e,0.65,medium,statement_extraction,EN_Royal-Avebe-integrated-annual-report-2022_2023.pdf,be1f0852dcc9,2025-10-25T17:32:16.335Z,2025-10-25T17:32:16.335Z,2025-10-25T17:32:16.335Z,1.0,active
cefdc237-2485-4d34-8e53-7e4ff03de5c2,be1f0852dcc9,Royal Avebe,2025,,Total,General,Unspecified,5,tonnes CO2e,0.65,medium,statement_extraction,EN_Royal-Avebe-integrated-annual-report-2022_2023.pdf,be1f0852dcc9,2025-10-25T17:32:16.335Z,2025-10-25T17:32:16.335Z,2025-10-25T17:32:16.335Z,1.0,active
eb63790d-18ec-451b-a386-02bbc851fefe,be1f0852dcc9,Royal Avebe,2025,,Total,General,Unspecified,0.175,kt CO2e,0.65,medium,statement_extraction,EN_Royal-Avebe-integrated-annual-report-2022_2023.pdf,be1f0852dcc9,2025-10-25T17:32:16.335Z,2025-10-25T17:32:16.335Z,2025-10-25T17:32:16.335Z,1.0,active
577b7114-4eb9-4137-87cf-b7db8b0cbe4c,be1f0852dcc9,Royal Avebe,2025,,Total,General,Unspecified,103000,tonnes CO2e,0.65,medium,statement_extraction,EN_Royal-Avebe-integrated-annual-report-2022_2023.pdf,be1f0852dcc9,2025-10-25T17:32:16.335Z,2025-10-25T17:32:16.335Z,2025-10-25T17:32:16.335Z,1.0,active
d62bc61f-2eb5-40c1-a5fe-f7c30263a982,be1f0852dcc9,Royal Avebe,2025,,Total,Energy,Energy,225,tonnes CO2e,0.75,high,statement_extraction,EN_Royal-Avebe-integrated-annual-report-2022_2023.pdf,be1f0852dcc9,2025-10-25T17:32:16.335Z,2025-10-25T17:32:16.335Z,2025-10-25T17:32:16.335Z,1.0,active
cfc42210-4250-4fe9-9b0d-b90e3350f295,be1f0852dcc9,Royal Avebe,2025,,Total,General,Unspecified,10000,tonnes CO2e,0.65,medium,statement_extraction,EN_Royal-Avebe-integrated-annual-report-2022_2023.pdf,be1f0852dcc9,2025-10-25T17:32:16.335Z,2025-10-25T17:32:16.335Z,2025-10-25T17:32:16.335Z,1.0,active
b4fb1b3d-3111-4633-ab2d-61451a09018e,3ee71d865556,en v2,2025,,Scope 1,Direct Emissions,Direct Operations,66,tonnes CO2e,0.85,high,statement_extraction,esg-report-2024-en-v2.pdf,3ee71d865556,2025-10-25T17:32:16.335Z,2025-10-25T17:32:16.335Z,2025-10-25T17:32:16.335Z,1.0,active
93ccdab3-d328-4bef-b591-91e65980f0a2,3ee71d865556,en v2,2025,,Scope 1,Direct Emissions,Direct Operations,67,tonnes CO2e,0.85,high,statement_extraction,esg-report-2024-en-v2.pdf,3ee71d865556,2025-10-25T17:32:16.335Z,2025-10-25T17:32:16.335Z,2025-10-25T17:32:16.335Z,1.0,active
87b03dd1-d128-44b5-93f2-7e0a6ff9c0c7,3ee71d865556,en v2,2025,,Scope 2,Direct Emissions,Indirect Energy,69,tonnes CO2e,0.85,high,statement_extraction,esg-report-2024-en-v2.pdf,3ee71d865556,2025-10-25T17:32:16.335Z,2025-10-25T17:32:16.335Z,2025-10-25T17:32:16.335Z,1.0,active
99ec65da-341f-40f6-b8e0-4e74051c5427,3ee71d865556,en v2,2025,,Total,Energy,Energy,50,tonnes CO2e,0.75,high,statement_extraction,esg-report-2024-en-v2.pdf,3ee71d865556,2025-10-25T17:32:16.335Z,2025-10-25T17:32:16.335Z,2025-10-25T17:32:16.335Z,1.0,active
425d23cc-eecf-44db-ab12-07ff5ee48b6e,3ee71d865556,en v2,2023,,Total,General,Unspecified,3,tonnes CO2e,0.80,high,statement_extraction,esg-report-2024-en-v2.pdf,3ee71d865556,2025-10-25T17:32:16.335Z,2025-10-25T17:32:16.335Z,2025-10-25T17:32:16.335Z,1.0,active
93e87b35-e44b-461a-8279-28c6e14e93e8,3ee71d865556,en v2,2025,,Total,General,Unspecified,3,tonnes CO2e,0.65,medium,statement_extraction,esg-report-2024-en-v2.pdf,3ee71d865556,2025-10-25T17:32:16.335Z,2025-10-25T17:32:16.335Z,2025-10-25T17:32:16.335Z,1.0,active
2527ac4d-7258-4b6c-88af-135ab23c9f6b,3ee71d865556,en v2,2025,,Scope 1,General,Unspecified,3,tonnes CO2e,0.75,high,statement_extraction,esg-report-2024-en-v2.pdf,3ee71d865556,2025-10-25T17:32:16.335Z,2025-10-25T17:32:16.335Z,2025-10-25T17:32:16.335Z,1.0,active
76e17fde-13fd-4000-bd6b-38548ef672ad,3ee71d865556,en v2,2024,,Total,General,Unspecified,37,tonnes CO2e,0.80,high,statement_extraction,esg-report-2024-en-v2.pdf,3ee71d865556,2025-10-25T17:32:16.335Z,2025-10-25T17:32:16.335Z,2025-10-25T17:32:16.335Z,1.0,active
5a613688-1184-43a8-8638-e705c6e725ea,3ee71d865556,en v2,2019,,Total,Energy,Energy,43,tonnes CO2e,0.90,high,statement_extraction,esg-report-2024-en-v2.pdf,3ee71d865556,2025-10-25T17:32:16.335Z,2025-10-25T17:32:16.335Z,2025-10-25T17:32:16.335Z,1.0,active
b5a49e39-25dc-463f-ada8-fa9bdb733800,3ee71d865556,en v2,2024,,Total,Direct Emissions,Direct Emissions,1,tonnes CO2e,0.90,high,statement_extraction,esg-report-2024-en-v2.pdf,3ee71d865556,2025-10-25T17:32:16.335Z,2025-10-25T17:32:16.335Z,2025-10-25T17:32:16.335Z,1.0,active
3e7af605-6e9e-4c63-977e-e5662d912fdb,3ee71d865556,en v2,2025,,Total,Direct Emissions,Direct Emissions,2,tonnes CO2e,0.75,high,statement_extraction,esg-report-2024-en-v2.pdf,3ee71d865556,2025-10-25T17:32:16.335Z,2025-10-25T17:32:16.335Z,2025-10-25T17:32:16.335Z,1.0,active
25c18e1e-5298-44e8-8ee1-9a22b81f5efc,3ee71d865556,en v2,2022,,Total,General,Unspecified,3,tonnes CO2e,0.80,high,statement_extraction,esg-report-2024-en-v2.pdf,3ee71d865556,2025-10-25T17:32:16.335Z,2025-10-25T17:32:16.335Z,2025-10-25T17:32:16.335Z,1.0,active
f2b2f946-5392-49d0-878b-9690c8c8e194,3ee71d865556,en v2,2025,,Total,General,Unspecified,50,tonnes CO2e,0.65,medium,statement_extraction,esg-report-2024-en-v2.pdf,3ee71d865556,2025-10-25T17:32:16.335Z,2025-10-25T17:32:16.335Z,2025-10-25T17:32:16.335Z,1.0,active
5cf4825d-7987-420a-8995-22e078b0969e,3ee71d865556,en v2,2019,,Total,General,Unspecified,47,tonnes CO2e,0.80,high,statement_extraction,esg-report-2024-en-v2.pdf,3ee71d865556,2025-10-25T17:32:16.335Z,2025-10-25T17:32:16.335Z,2025-10-25T17:32:16.335Z,1.0,active
cc0ab3cb-36ee-4247-9280-3c9f90f3e12d,3ee71d865556,en v2,2025,,Scope 1,Direct Emissions,Direct Operations,1,tonnes CO2e,0.85,high,statement_extraction,esg-report-2024-en-v2.pdf,3ee71d865556,2025-10-25T17:32:16.335Z,2025-10-25T17:32:16.335Z,2025-10-25T17:32:16.335Z,1.0,active
15d314be-775a-4685-92e8-7e0f669cd962,3ee71d865556,en v2,2025,,Scope 2,Direct Emissions,Indirect Energy,2,tonnes CO2e,0.85,high,statement_extraction,esg-report-2024-en-v2.pdf,3ee71d865556,2025-10-25T17:32:16.335Z,2025-10-25T17:32:16.335Z,2025-10-25T17:32:16.335Z,1.0,active
c0d11089-730a-49cb-9332-fbe19836b99b,3ee71d865556,en v2,2025,,Scope 3,Direct Emissions,Value Chain,3,tonnes CO2e,0.85,high,statement_extraction,esg-report-2024-en-v2.pdf,3ee71d865556,2025-10-25T17:32:16.335Z,2025-10-25T17:32:16.335Z,2025-10-25T17:32:16.335Z,1.0,active
0a91110f-7f50-4742-86ed-674f194eac3d,3ee71d865556,en v2,2021,,Total,General,Unspecified,26.14,tonnes CO2e,0.80,high,statement_extraction,esg-report-2024-en-v2.pdf,3ee71d865556,2025-10-25T17:32:16.335Z,2025-10-25T17:32:16.335Z,2025-10-25T17:32:16.335Z,1.0,active
b0904352-6178-4f26-b84d-b27d715e6de7,3ee71d865556,en v2,2025,,Total,General,Unspecified,359,tonnes CO2e,0.65,medium,statement_extraction,esg-report-2024-en-v2.pdf,3ee71d865556,2025-10-25T17:32:16.335Z,2025-10-25T17:32:16.335Z,2025-10-25T17:32:16.335Z,1.0,active
33a48668-79de-4e18-9885-72d1e46a59f4,3ee71d865556,en v2,2023,,Total,General,Unspecified,2786,tonnes CO2e,0.80,high,statement_extraction,esg-report-2024-en-v2.pdf,3ee71d865556,2025-10-25T17:32:16.335Z,2025-10-25T17:32:16.335Z,2025-10-25T17:32:16.335Z,1.0,active
38c4730c-fa53-4aaf-ae41-be016155cdf3,3ee71d865556,en v2,2016,,Total,Energy,Energy,305,tonnes CO2e,0.90,high,statement_extraction,esg-report-2024-en-v2.pdf,3ee71d865556,2025-10-25T17:32:16.335Z,2025-10-25T17:32:16.335Z,2025-10-25T17:32:16.335Z,1.0,active
0ffb2e2f-375f-4350-a7e7-5f8799a800d8,3ee71d865556,en v2,2025,,Scope 1,Direct Emissions,Direct Operations,305,tonnes CO2e,0.85,high,statement_extraction,esg-report-2024-en-v2.pdf,3ee71d865556,2025-10-25T17:32:16.335Z,2025-10-25T17:32:16.335Z,2025-10-25T17:32:16.335Z,1.0,active
72598051-9c29-4fb4-8a99-440a091b8ffa,3ee71d865556,en v2,2025,,Scope 2,Direct Emissions,Indirect Energy,305,tonnes CO2e,0.85,high,statement_extraction,esg-report-2024-en-v2.pdf,3ee71d865556,2025-10-25T17:32:16.335Z,2025-10-25T17:32:16.335Z,2025-10-25T17:32:16.335Z,1.0,active
e8d36ee6-bb1d-4902-bdea-59c095e6c42f,3ee71d865556,en v2,2025,,Scope 3,Direct Emissions,Value Chain,305,tonnes CO2e,0.85,high,statement_extraction,esg-report-2024-en-v2.pdf,3ee71d865556,2025-10-25T17:32:16.335Z,2025-10-25T17:32:16.335Z,2025-10-25T17:32:16.335Z,1.0,active
62a50682-2bea-4192-92a1-69ca4d296b8a,81d5e6bf9d67,Google LLC,2019,,Total,General,Unspecified,13,tonnes CO2e,0.80,high,statement_extraction,google-2020-environmental-report.pdf,81d5e6bf9d67,2025-10-25T17:32:16.335Z,2025-10-25T17:32:16.335Z,2025-10-25T17:32:16.335Z,1.0,active
76814382-ec97-4ef0-b66e-d2d3c1b08be7,81d5e6bf9d67,Google LLC,2025,,Total,Energy,Energy,7,tonnes CO2e,0.75,high,statement_extraction,google-2020-environmental-report.pdf,81d5e6bf9d67,2025-10-25T17:32:16.335Z,2025-10-25T17:32:16.335Z,2025-10-25T17:32:16.335Z,1.0,active
49e8afdf-7bba-4d79-a73e-2a9e39406525,81d5e6bf9d67,Google LLC,2025,,Scope 1,General,Unspecified,2,tonnes CO2e,0.75,high,statement_extraction,google-2020-environmental-report.pdf,81d5e6bf9d67,2025-10-25T17:32:16.335Z,2025-10-25T17:32:16.335Z,2025-10-25T17:32:16.335Z,1.0,active
eedc4e44-f2c9-40ba-a02a-562e2007dece,81d5e6bf9d67,Google LLC,2020,,Total,Energy,Energy,7,tonnes CO2e,0.90,high,statement_extraction,google-2020-environmental-report.pdf,81d5e6bf9d67,2025-10-25T17:32:16.335Z,2025-10-25T17:32:16.335Z,2025-10-25T17:32:16.335Z,1.0,active
cff7d884-53f7-437f-92ee-f97b44bfd07d,81d5e6bf9d67,Google LLC,2020,,Total,General,Unspecified,14,tonnes CO2e,0.80,high,statement_extraction,google-2020-environmental-report.pdf,81d5e6bf9d67,2025-10-25T17:32:16.335Z,2025-10-25T17:32:16.335Z,2025-10-25T17:32:16.335Z,1.0,active
5b9a4c3f-1406-43d2-818e-904cbbb83c3e,81d5e6bf9d67,Google LLC,2025,,Total,Energy,Energy,1.7,tonnes CO2e,0.75,high,statement_extraction,google-2020-environmental-report.pdf,81d5e6bf9d67,2025-10-25T17:32:16.335Z,2025-10-25T17:32:16.335Z,2025-10-25T17:32:16.335Z,1.0,active
d9efbe16-7c0d-41dc-9b1f-0f61cbc2e86b,81d5e6bf9d67,Google LLC,2030,1,Total,Energy,Energy,7,tonnes CO2e,0.90,high,statement_extraction,google-2020-environmental-report.pdf,81d5e6bf9d67,2025-10-25T17:32:16.335Z,2025-10-25T17:32:16.335Z,2025-10-25T17:32:16.335Z,1.0,active
ca0bb815-2377-4238-84c4-b1a25a5f4b3b,81d5e6bf9d67,Google LLC,2019,,Scope 1,General,Unspecified,2,tonnes CO2e,0.90,high,statement_extraction,google-2020-environmental-report.pdf,81d5e6bf9d67,2025-10-25T17:32:16.335Z,2025-10-25T17:32:16.335Z,2025-10-25T17:32:16.335Z,1.0,active
2927bf80-9fa2-44bb-b7e5-fbc467c184a7,81d5e6bf9d67,Google LLC,2025,,Scope 1,Energy,Fossil Fuel Combustion,2,tonnes CO2e,0.85,high,statement_extraction,google-2020-environmental-report.pdf,81d5e6bf9d67,2025-10-25T17:32:16.335Z,2025-10-25T17:32:16.335Z,2025-10-25T17:32:16.335Z,1.0,active
d8e3980b-349b-41ef-a11c-2890e4cc2719,81d5e6bf9d67,Google LLC,2025,,Scope 1,Energy,Fossil Fuel Combustion,860000,tonnes CO2e,0.85,high,statement_extraction,google-2020-environmental-report.pdf,81d5e6bf9d67,2025-10-25T17:32:16.335Z,2025-10-25T17:32:16.335Z,2025-10-25T17:32:16.335Z,1.0,active
8c3d42ab-2c56-40c8-ae6d-45c60cc105c2,81d5e6bf9d67,Google LLC,2025,,Scope 1,Transportation,Company Vehicles,3,tonnes CO2e,0.85,high,statement_extraction,google-2020-environmental-report.pdf,81d5e6bf9d67,2025-10-25T17:32:16.335Z,2025-10-25T17:32:16.335Z,2025-10-25T17:32:16.335Z,1.0,active
5bf5c5d5-a026-4bbf-b924-120c94382d0f,81d5e6bf9d67,Google LLC,2025,,Total,General,Unspecified,1,tonnes CO2e,0.65,medium,statement_extraction,google-2020-environmental-report.pdf,81d5e6bf9d67,2025-10-25T17:32:16.335Z,2025-10-25T17:32:16.335Z,2025-10-25T17:32:16.335Z,1.0,active
c28cb19e-44d6-4224-be6e-fcb2ec905dca,81d5e6bf9d67,Google LLC,2025,,Total,General,Unspecified,11,tonnes CO2e,0.65,medium,statement_extraction,google-2020-environmental-report.pdf,81d5e6bf9d67,2025-10-25T17:32:16.335Z,2025-10-25T17:32:16.335Z,2025-10-25T17:32:16.335Z,1.0,active
bd9b7e7e-c78b-4212-936d-3f625a5f3ab2,81d5e6bf9d67,Google LLC,2025,,Total,Energy,Energy,83,tonnes CO2e,0.75,high,statement_extraction,google-2020-environmental-report.pdf,81d5e6bf9d67,2025-10-25T17:32:16.335Z,2025-10-25T17:32:16.335Z,2025-10-25T17:32:16.335Z,1.0,active
13da5ce2-7813-4fd3-9360-9c8acabe90ec,81d5e6bf9d67,Google LLC,2025,,Total,General,Unspecified,12,tonnes CO2e,0.65,medium,statement_extraction,google-2020-environmental-report.pdf,81d5e6bf9d67,2025-10-25T17:32:16.335Z,2025-10-25T17:32:16.335Z,2025-10-25T17:32:16.335Z,1.0,active
88d5a321-9ec8-430e-80b1-cabea5242e6c,81d5e6bf9d67,Google LLC,2025,,Total,Energy,Energy,13,tonnes CO2e,0.75,high,statement_extraction,google-2020-environmental-report.pdf,81d5e6bf9d67,2025-10-25T17:32:16.335Z,2025-10-25T17:32:16.335Z,2025-10-25T17:32:16.335Z,1.0,active
c65ab7e7-209f-437d-8ada-df8201526694,81d5e6bf9d67,Google LLC,2025,,Total,Energy,Energy,2,tonnes CO2e,0.75,high,statement_extraction,google-2020-environmental-report.pdf,81d5e6bf9d67,2025-10-25T17:32:16.335Z,2025-10-25T17:32:16.335Z,2025-10-25T17:32:16.335Z,1.0,active
acb022e5-4a91-49b5-80bb-3d18dc999790,81d5e6bf9d67,Google LLC,2025,,Total,General,Unspecified,20,tonnes CO2e,0.65,medium,statement_extraction,google-2020-environmental-report.pdf,81d5e6bf9d67,2025-10-25T17:32:16.335Z,2025-10-25T17:32:16.335Z,2025-10-25T17:32:16.335Z,1.0,active
dfae3e14-4901-45eb-8e18-227b4bfba3c8,81d5e6bf9d67,Google LLC,2017,,Total,General,Unspecified,10,tonnes CO2e,0.80,high,statement_extraction,google-2020-environmental-report.pdf,81d5e6bf9d67,2025-10-25T17:32:16.335Z,2025-10-25T17:32:16.335Z,2025-10-25T17:32:16.335Z,1.0,active
3a1630b1-78b8-4a03-818f-90562db1ab1f,81d5e6bf9d67,Google LLC,2030,1,Total,General,Unspecified,7,tonnes CO2e,0.80,high,statement_extraction,google-2020-environmental-report.pdf,81d5e6bf9d67,2025-10-25T17:32:16.335Z,2025-10-25T17:32:16.335Z,2025-10-25T17:32:16.335Z,1.0,active
916860ff-857e-4a38-86cb-f119bea118f0,81d5e6bf9d67,Google LLC,2025,,Total,General,Unspecified,7,tonnes CO2e,0.65,medium,statement_extraction,google-2020-environmental-report.pdf,81d5e6bf9d67,2025-10-25T17:32:16.335Z,2025-10-25T17:32:16.335Z,2025-10-25T17:32:16.335Z,1.0,active
0d51ad59-c291-4920-9e7d-07300ed60d22,81d5e6bf9d67,Google LLC,2025,,Scope 1,General,Unspecified,1,tonnes CO2e,0.75,high,statement_extraction,google-2020-environmental-report.pdf,81d5e6bf9d67,2025-10-25T17:32:16.335Z,2025-10-25T17:32:16.335Z,2025-10-25T17:32:16.335Z,1.0,active
ad1641be-bf2f-42e5-b7f9-ae8a9b715fde,81d5e6bf9d67,Google LLC,2030,1,Scope 1,General,Unspecified,2,tonnes CO2e,0.90,high,statement_extraction,google-2020-environmental-report.pdf,81d5e6bf9d67,2025-10-25T17:32:16.335Z,2025-10-25T17:32:16.335Z,2025-10-25T17:32:16.335Z,1.0,active
d7cbfcff-52e8-4cf0-990e-182d116eb96a,81d5e6bf9d67,Google LLC,2025,,Total,Transportation,Transportation,95,tonnes CO2e,0.75,high,statement_extraction,google-2020-environmental-report.pdf,81d5e6bf9d67,2025-10-25T17:32:16.335Z,2025-10-25T17:32:16.335Z,2025-10-25T17:32:16.335Z,1.0,active
5c30786e-42d3-433e-9b37-5f4dd1b175ef,81d5e6bf9d67,Google LLC,2016,,Total,General,Unspecified,25,tonnes CO2e,0.80,high,statement_extraction,google-2020-environmental-report.pdf,81d5e6bf9d67,2025-10-25T17:32:16.335Z,2025-10-25T17:32:16.335Z,2025-10-25T17:32:16.335Z,1.0,active
d8b29783-4dac-4b55-ac65-b620d240947d,81d5e6bf9d67,Google LLC,2030,1,Total,General,Unspecified,1,tonnes CO2e,0.80,high,statement_extraction,google-2020-environmental-report.pdf,81d5e6bf9d67,2025-10-25T17:32:16.335Z,2025-10-25T17:32:16.335Z,2025-10-25T17:32:16.335Z,1.0,active
004efb90-45b6-49c9-8784-5fde2f6ff6d2,81d5e6bf9d67,Google LLC,2025,,Scope 1,General,Unspecified,3,tonnes CO2e,0.75,high,statement_extraction,google-2020-environmental-report.pdf,81d5e6bf9d67,2025-10-25T17:32:16.335Z,2025-10-25T17:32:16.335Z,2025-10-25T17:32:16.335Z,1.0,active
8dfa6b3c-38db-4b48-b366-59a5c90a1df6,81d5e6bf9d67,Google LLC,2025,,Scope 2,Energy,Purchased Electricity,2,tonnes CO2e,0.85,high,statement_extraction,google-2020-environmental-report.pdf,81d5e6bf9d67,2025-10-25T17:32:16.335Z,2025-10-25T17:32:16.335Z,2025-10-25T17:32:16.335Z,1.0,active
ad743a2e-fe5b-4dcb-a83c-79b6371b76bd,81d5e6bf9d67,Google LLC,2025,,Total,General,Unspecified,45,tonnes CO2e,0.80,high,statement_extraction,google-2020-environmental-report.pdf,81d5e6bf9d67,2025-10-25T17:32:16.335Z,2025-10-25T17:32:16.335Z,2025-10-25T17:32:16.335Z,1.0,active
602b925a-e806-41a8-b970-2df8142bb297,81d5e6bf9d67,Google LLC,2015,,Total,Energy,Energy,2012,tonnes CO2e,0.90,high,statement_extraction,google-2020-environmental-report.pdf,81d5e6bf9d67,2025-10-25T17:32:16.335Z,2025-10-25T17:32:16.335Z,2025-10-25T17:32:16.335Z,1.0,active
1f1cdcf6-a815-413e-9289-2da2fe26bf82,81d5e6bf9d67,Google LLC,2015,,Scope 2,Energy,Purchased Electricity,2,tonnes CO2e,1.00,high,statement_extraction,google-2020-environmental-report.pdf,81d5e6bf9d67,2025-10-25T17:32:16.335Z,2025-10-25T17:32:16.335Z,2025-10-25T17:32:16.335Z,1.0,active
a6f37d56-9f67-4da3-a441-2091519f232d,81d5e6bf9d67,Google LLC,2025,,Scope 3,General,Unspecified,3,tonnes CO2e,0.75,high,statement_extraction,google-2020-environmental-report.pdf,81d5e6bf9d67,2025-10-25T17:32:16.335Z,2025-10-25T17:32:16.335Z,2025-10-25T17:32:16.335Z,1.0,active
d841df12-4117-4068-9844-3840badf02da,81d5e6bf9d67,Google LLC,2018,,Scope 1,General,Unspecified,3,tonnes CO2e,0.90,high,statement_extraction,google-2020-environmental-report.pdf,81d5e6bf9d67,2025-10-25T17:32:16.335Z,2025-10-25T17:32:16.335Z,2025-10-25T17:32:16.335Z,1.0,active
9fe892bd-eecc-41bc-9129-ea0c50d6ab2a,81d5e6bf9d67,Google LLC,2025,,Scope 1,Transportation,Company Vehicles,16,tonnes CO2e,0.85,high,statement_extraction,google-2020-environmental-report.pdf,81d5e6bf9d67,2025-10-25T17:32:16.335Z,2025-10-25T17:32:16.335Z,2025-10-25T17:32:16.335Z,1.0,active
85d11f6f-0989-4226-b656-48a3ca2a3d3f,81d5e6bf9d67,Google LLC,2017,,Scope 1,Transportation,Company Vehicles,3,tonnes CO2e,1.00,high,statement_extraction,google-2020-environmental-report.pdf,81d5e6bf9d67,2025-10-25T17:32:16.335Z,2025-10-25T17:32:16.335Z,2025-10-25T17:32:16.335Z,1.0,active
74de9f10-58a1-4393-b9ec-2c555cad6455,81d5e6bf9d67,Google LLC,2016,,Scope 1,Energy,Fossil Fuel Combustion,74,tonnes CO2e,1.00,high,statement_extraction,google-2020-environmental-report.pdf,81d5e6bf9d67,2025-10-25T17:32:16.335Z,2025-10-25T17:32:16.335Z,2025-10-25T17:32:16.335Z,1.0,active
72e0ba57-10db-4943-98d1-378e972a29a0,81d5e6bf9d67,Google LLC,2016,,Total,General,Unspecified,76,tonnes CO2e,0.80,high,statement_extraction,google-2020-environmental-report.pdf,81d5e6bf9d67,2025-10-25T17:32:16.335Z,2025-10-25T17:32:16.335Z,2025-10-25T17:32:16.335Z,1.0,active
2e73a7f1-ed7d-47d4-a55a-3e288e1a7886,81d5e6bf9d67,Google LLC,2019,,Scope 1,General,Unspecified,5.2,tonnes CO2e,0.90,high,statement_extraction,google-2020-environmental-report.pdf,81d5e6bf9d67,2025-10-25T17:32:16.335Z,2025-10-25T17:32:16.335Z,2025-10-25T17:32:16.335Z,1.0,active
a7d490e1-8615-4ed0-b370-69ad15dc1c53,81d5e6bf9d67,Google LLC,2025,,Scope 1,Energy,Fossil Fuel Combustion,4.3,tonnes CO2e,0.85,high,statement_extraction,google-2020-environmental-report.pdf,81d5e6bf9d67,2025-10-25T17:32:16.335Z,2025-10-25T17:32:16.335Z,2025-10-25T17:32:16.335Z,1.0,active
d67cd8e4-1e1c-484b-b986-df7b4e7af772,81d5e6bf9d67,Google LLC,2019,,Scope 1,Energy,Fossil Fuel Combustion,83,tonnes CO2e,1.00,high,statement_extraction,google-2020-environmental-report.pdf,81d5e6bf9d67,2025-10-25T17:32:16.335Z,2025-10-25T17:32:16.335Z,2025-10-25T17:32:16.335Z,1.0,active
1a73f599-f924-4f29-8085-51967c945294,81d5e6bf9d67,Google LLC,2017,,Scope 1,Transportation,Company Vehicles,2017,tonnes CO2e,1.00,high,statement_extraction,google-2020-environmental-report.pdf,81d5e6bf9d67,2025-10-25T17:32:16.335Z,2025-10-25T17:32:16.335Z,2025-10-25T17:32:16.335Z,1.0,active
439d9fac-12cd-4a60-9798-a8f405ccc46a,81d5e6bf9d67,Google LLC,2019,,Scope 2,Energy,Purchased Electricity,83,tonnes CO2e,1.00,high,statement_extraction,google-2020-environmental-report.pdf,81d5e6bf9d67,2025-10-25T17:32:16.335Z,2025-10-25T17:32:16.335Z,2025-10-25T17:32:16.335Z,1.0,active
2ea6c507-b257-45e8-b5b2-2eb4135ffacc,81d5e6bf9d67,Google LLC,2019,,Scope 2,General,Unspecified,2030,tonnes CO2e,0.90,high,statement_extraction,google-2020-environmental-report.pdf,81d5e6bf9d67,2025-10-25T17:32:16.335Z,2025-10-25T17:32:16.335Z,2025-10-25T17:32:16.335Z,1.0,active
200e5ccc-6a12-45e1-94f6-27bc2a500110,81d5e6bf9d67,Google LLC,2017,,Scope 2,Transportation,Transportation,2017,tonnes CO2e,1.00,high,statement_extraction,google-2020-environmental-report.pdf,81d5e6bf9d67,2025-10-25T17:32:16.335Z,2025-10-25T17:32:16.335Z,2025-10-25T17:32:16.335Z,1.0,active
fcf0ddc9-7407-4808-bc93-16b8cdbe1fd6,81d5e6bf9d67,Google LLC,2020,,Scope 3,General,Unspecified,2018,tonnes CO2e,0.90,high,statement_extraction,google-2020-environmental-report.pdf,81d5e6bf9d67,2025-10-25T17:32:16.335Z,2025-10-25T17:32:16.335Z,2025-10-25T17:32:16.335Z,1.0,active
2095aafb-a7b8-4ff9-8540-a55045670e6e,81d5e6bf9d67,Google LLC,2017,,Scope 3,Transportation,Business Travel & Logistics,2017,tonnes CO2e,1.00,high,statement_extraction,google-2020-environmental-report.pdf,81d5e6bf9d67,2025-10-25T17:32:16.335Z,2025-10-25T17:32:16.335Z,2025-10-25T17:32:16.335Z,1.0,active
650795aa-e6e5-48a0-b09f-ec29b3261de9,8ef70ed84f9e,Unilever,2025,,Total,General,Unspecified,2040,tonnes CO2e,0.65,medium,statement_extraction,h20195_2024_Sustainable_Impact_Report_1761270229520.pdf,8ef70ed84f9e,2025-10-25T17:32:16.335Z,2025-10-25T17:32:16.335Z,2025-10-25T17:32:16.335Z,1.0,active
b8b7977f-64c0-4104-a482-d12186bed7f3,8ef70ed84f9e,Unilever,2019,,Total,General,Unspecified,41,tonnes CO2e,0.80,high,statement_extraction,h20195_2024_Sustainable_Impact_Report_1761270229520.pdf,8ef70ed84f9e,2025-10-25T17:32:16.335Z,2025-10-25T17:32:16.335Z,2025-10-25T17:32:16.335Z,1.0,active
a4675df8-7284-4320-aca9-7bc3e82e1e11,8ef70ed84f9e,Unilever,2019,,Scope 1,Energy,Fossil Fuel Combustion,41,tonnes CO2e,1.00,high,statement_extraction,h20195_2024_Sustainable_Impact_Report_1761270229520.pdf,8ef70ed84f9e,2025-10-25T17:32:16.335Z,2025-10-25T17:32:16.335Z,2025-10-25T17:32:16.335Z,1.0,active
4db10afc-3338-4cf4-aa7c-19d68e69897d,8ef70ed84f9e,Unilever,2025,,Total,General,Unspecified,4880026,tonnes CO2e,0.65,medium,statement_extraction,h20195_2024_Sustainable_Impact_Report_1761270229520.pdf,8ef70ed84f9e,2025-10-25T17:32:16.335Z,2025-10-25T17:32:16.335Z,2025-10-25T17:32:16.335Z,1.0,active
6d4349ee-fc0b-4b29-be52-993b927a95af,8ef70ed84f9e,Unilever,2024,,Total,General,Unspecified,50,tonnes CO2e,0.80,high,statement_extraction,h20195_2024_Sustainable_Impact_Report_1761270229520.pdf,8ef70ed84f9e,2025-10-25T17:32:16.335Z,2025-10-25T17:32:16.335Z,2025-10-25T17:32:16.335Z,1.0,active
e5adbef3-0d87-492f-bd5c-68d1bc197306,8ef70ed84f9e,Unilever,2025,,Scope 1,General,Unspecified,1,tonnes CO2e,0.75,high,statement_extraction,h20195_2024_Sustainable_Impact_Report_1761270229520.pdf,8ef70ed84f9e,2025-10-25T17:32:16.335Z,2025-10-25T17:32:16.335Z,2025-10-25T17:32:16.335Z,1.0,active
f13e5fe2-83f5-4a7e-998b-4974a1527164,8ef70ed84f9e,Unilever,2024,,Scope 1,General,Unspecified,13,tonnes CO2e,0.90,high,statement_extraction,h20195_2024_Sustainable_Impact_Report_1761270229520.pdf,8ef70ed84f9e,2025-10-25T17:32:16.335Z,2025-10-25T17:32:16.335Z,2025-10-25T17:32:16.335Z,1.0,active
c697c8b2-acb9-4b12-b2ad-06fd8d412975,8ef70ed84f9e,Unilever,2025,,Scope 1,General,Unspecified,2,tonnes CO2e,0.75,high,statement_extraction,h20195_2024_Sustainable_Impact_Report_1761270229520.pdf,8ef70ed84f9e,2025-10-25T17:32:16.335Z,2025-10-25T17:32:16.335Z,2025-10-25T17:32:16.335Z,1.0,active
eb9272e7-5d6b-4855-9a1b-bf6cf1c82196,8ef70ed84f9e,Unilever,2024,,Total,General,Unspecified,17757000,tonnes CO2e,0.80,high,statement_extraction,h20195_2024_Sustainable_Impact_Report_1761270229520.pdf,8ef70ed84f9e,2025-10-25T17:32:16.335Z,2025-10-25T17:32:16.335Z,2025-10-25T17:32:16.335Z,1.0,active
f98a8530-fb9c-418d-83f3-e90dc07493c0,8ef70ed84f9e,Unilever,2019,,Total,Energy,Energy,16,tonnes CO2e,0.90,high,statement_extraction,h20195_2024_Sustainable_Impact_Report_1761270229520.pdf,8ef70ed84f9e,2025-10-25T17:32:16.335Z,2025-10-25T17:32:16.335Z,2025-10-25T17:32:16.335Z,1.0,active
bf923b21-b65d-4387-8162-fbf4f17f97b4,8ef70ed84f9e,Unilever,2025,,Scope 1,Transportation,Company Vehicles,3,tonnes CO2e,0.85,high,statement_extraction,h20195_2024_Sustainable_Impact_Report_1761270229520.pdf,8ef70ed84f9e,2025-10-25T17:32:16.335Z,2025-10-25T17:32:16.335Z,2025-10-25T17:32:16.335Z,1.0,active
682ad708-66d7-45df-9f49-989b5699b692,8ef70ed84f9e,Unilever,2024,,Scope 1,Supply Chain,Supply Chain,3,tonnes CO2e,1.00,high,statement_extraction,h20195_2024_Sustainable_Impact_Report_1761270229520.pdf,8ef70ed84f9e,2025-10-25T17:32:16.335Z,2025-10-25T17:32:16.335Z,2025-10-25T17:32:16.335Z,1.0,active
48e8a3b5-aa29-4bd3-bca0-62e700f48551,8ef70ed84f9e,Unilever,2025,,Scope 1,General,Unspecified,50,tonnes CO2e,0.75,high,statement_extraction,h20195_2024_Sustainable_Impact_Report_1761270229520.pdf,8ef70ed84f9e,2025-10-25T17:32:16.335Z,2025-10-25T17:32:16.335Z,2025-10-25T17:32:16.335Z,1.0,active
07f910b2-f0eb-4d0f-8d41-499bd3e7dc7f,8ef70ed84f9e,Unilever,2025,,Scope 1,General,Unspecified,90,tonnes CO2e,0.75,high,statement_extraction,h20195_2024_Sustainable_Impact_Report_1761270229520.pdf,8ef70ed84f9e,2025-10-25T17:32:16.335Z,2025-10-25T17:32:16.335Z,2025-10-25T17:32:16.335Z,1.0,active
55d6fdff-e9ed-4120-b216-074c81da3516,8ef70ed84f9e,Unilever,2025,,Scope 1,Supply Chain,Supply Chain,3,tonnes CO2e,0.85,high,statement_extraction,h20195_2024_Sustainable_Impact_Report_1761270229520.pdf,8ef70ed84f9e,2025-10-25T17:32:16.335Z,2025-10-25T17:32:16.335Z,2025-10-25T17:32:16.335Z,1.0,active
983d4649-133f-4d90-bf33-c4f4447afa70,8ef70ed84f9e,Unilever,2025,,Scope 1,General,Unspecified,13,tonnes CO2e,0.75,high,statement_extraction,h20195_2024_Sustainable_Impact_Report_1761270229520.pdf,8ef70ed84f9e,2025-10-25T17:32:16.335Z,2025-10-25T17:32:16.335Z,2025-10-25T17:32:16.335Z,1.0,active
1499453f-dc95-4348-96e7-18ceb161ed3c,8ef70ed84f9e,Unilever,2024,,Total,Energy,Energy,297846,tonnes CO2e,0.90,high,statement_extraction,h20195_2024_Sustainable_Impact_Report_1761270229520.pdf,8ef70ed84f9e,2025-10-25T17:32:16.335Z,2025-10-25T17:32:16.335Z,2025-10-25T17:32:16.335Z,1.0,active
01649640-76a7-4d12-b706-846bd5a38423,8ef70ed84f9e,Unilever,2025,,Total,General,Unspecified,2.1,tonnes CO2e,0.65,medium,statement_extraction,h20195_2024_Sustainable_Impact_Report_1761270229520.pdf,8ef70ed84f9e,2025-10-25T17:32:16.335Z,2025-10-25T17:32:16.335Z,2025-10-25T17:32:16.335Z,1.0,active
04a0cfae-d552-4288-be4b-a3e8bf4a6a6f,8ef70ed84f9e,Unilever,2025,,Total,Transportation,Transportation,57079,tonnes CO2e,0.75,high,statement_extraction,h20195_2024_Sustainable_Impact_Report_1761270229520.pdf,8ef70ed84f9e,2025-10-25T17:32:16.335Z,2025-10-25T17:32:16.335Z,2025-10-25T17:32:16.335Z,1.0,active
a9680425-309f-47d6-8564-344d34ff47e4,8ef70ed84f9e,Unilever,2025,,Total,General,Unspecified,2010,tonnes CO2e,0.80,high,statement_extraction,h20195_2024_Sustainable_Impact_Report_1761270229520.pdf,8ef70ed84f9e,2025-10-25T17:32:16.335Z,2025-10-25T17:32:16.335Z,2025-10-25T17:32:16.335Z,1.0,active
73b496b0-548c-4329-ad4d-8e18744e4acb,8ef70ed84f9e,Unilever,2025,,Total,General,Unspecified,123017,tonnes CO2e,0.65,medium,statement_extraction,h20195_2024_Sustainable_Impact_Report_1761270229520.pdf,8ef70ed84f9e,2025-10-25T17:32:16.335Z,2025-10-25T17:32:16.335Z,2025-10-25T17:32:16.335Z,1.0,active
e0a7e384-38dd-4f1b-8109-9dae41315c4a,8ef70ed84f9e,Unilever,2025,,Total,General,Unspecified,3,tonnes CO2e,0.65,medium,statement_extraction,h20195_2024_Sustainable_Impact_Report_1761270229520.pdf,8ef70ed84f9e,2025-10-25T17:32:16.335Z,2025-10-25T17:32:16.335Z,2025-10-25T17:32:16.335Z,1.0,active
06e91d7f-0242-41ce-a917-6194955bfc55,8ef70ed84f9e,Unilever,2025,,Scope 2,General,Unspecified,2,tonnes CO2e,0.75,high,statement_extraction,h20195_2024_Sustainable_Impact_Report_1761270229520.pdf,8ef70ed84f9e,2025-10-25T17:32:16.335Z,2025-10-25T17:32:16.335Z,2025-10-25T17:32:16.335Z,1.0,active
a9d06eed-9433-4faf-85c7-53ddd1d11c2a,8ef70ed84f9e,Unilever,2025,,Scope 3,General,Unspecified,3,tonnes CO2e,0.75,high,statement_extraction,h20195_2024_Sustainable_Impact_Report_1761270229520.pdf,8ef70ed84f9e,2025-10-25T17:32:16.335Z,2025-10-25T17:32:16.335Z,2025-10-25T17:32:16.335Z,1.0,active
0415b72b-969e-4ca1-a169-cf421a93fff5,8ef70ed84f9e,Unilever,2025,,Scope 1,General,Unspecified,3,tonnes CO2e,0.75,high,statement_extraction,h20195_2024_Sustainable_Impact_Report_1761270229520.pdf,8ef70ed84f9e,2025-10-25T17:32:16.335Z,2025-10-25T17:32:16.335Z,2025-10-25T17:32:16.335Z,1.0,active
38389330-5ece-407c-bd2d-d59ea318a728,8ef70ed84f9e,Unilever,2025,,Scope 3,Transportation,Business Travel & Logistics,3,tonnes CO2e,0.85,high,statement_extraction,h20195_2024_Sustainable_Impact_Report_1761270229520.pdf,8ef70ed84f9e,2025-10-25T17:32:16.335Z,2025-10-25T17:32:16.335Z,2025-10-25T17:32:16.335Z,1.0,active
2c0c04f9-42ba-4d6c-adef-4d19282fffb7,8ef70ed84f9e,Unilever,2024,,Scope 3,General,Unspecified,1,tonnes CO2e,0.90,high,statement_extraction,h20195_2024_Sustainable_Impact_Report_1761270229520.pdf,8ef70ed84f9e,2025-10-25T17:32:16.335Z,2025-10-25T17:32:16.335Z,2025-10-25T17:32:16.335Z,1.0,active
b22034b2-fecd-493a-afce-db41806a0f44,8ef70ed84f9e,Unilever,2024,,Scope 3,Energy,Energy-Related Activities,3,tonnes CO2e,1.00,high,statement_extraction,h20195_2024_Sustainable_Impact_Report_1761270229520.pdf,8ef70ed84f9e,2025-10-25T17:32:16.335Z,2025-10-25T17:32:16.335Z,2025-10-25T17:32:16.335Z,1.0,active
1e5fcaba-e13b-4d96-8848-7e25a41cb8aa,8ef70ed84f9e,Unilever,2025,,Scope 3,Energy,Energy-Related Activities,0.5,tonnes CO2e,0.85,high,statement_extraction,h20195_2024_Sustainable_Impact_Report_1761270229520.pdf,8ef70ed84f9e,2025-10-25T17:32:16.335Z,2025-10-25T17:32:16.335Z,2025-10-25T17:32:16.335Z,1.0,active
99e7f831-3309-4586-aa8f-c59d24220f81,8ef70ed84f9e,Unilever,2025,,Scope 3,Waste,Waste Disposal & Treatment,3,tonnes CO2e,0.85,high,statement_extraction,h20195_2024_Sustainable_Impact_Report_1761270229520.pdf,8ef70ed84f9e,2025-10-25T17:32:16.335Z,2025-10-25T17:32:16.335Z,2025-10-25T17:32:16.335Z,1.0,active
98dec9bd-47fe-4a19-ad18-20337f2818b1,8ef70ed84f9e,Unilever,2025,,Scope 1,Direct Emissions,Direct Operations,1,tonnes CO2e,0.85,high,statement_extraction,h20195_2024_Sustainable_Impact_Report_1761270229520.pdf,8ef70ed84f9e,2025-10-25T17:32:16.335Z,2025-10-25T17:32:16.335Z,2025-10-25T17:32:16.335Z,1.0,active
90c3194e-6a0d-4b7b-ac50-3c717e3fa375,8ef70ed84f9e,Unilever,2025,,Scope 2,Direct Emissions,Indirect Energy,2,tonnes CO2e,0.85,high,statement_extraction,h20195_2024_Sustainable_Impact_Report_1761270229520.pdf,8ef70ed84f9e,2025-10-25T17:32:16.335Z,2025-10-25T17:32:16.335Z,2025-10-25T17:32:16.335Z,1.0,active
0f383f7c-9e70-4846-a8a8-a5a343170470,8ef70ed84f9e,Unilever,2025,,Total,General,Unspecified,1,tonnes CO2e,0.65,medium,statement_extraction,h20195_2024_Sustainable_Impact_Report_1761270229520.pdf,8ef70ed84f9e,2025-10-25T17:32:16.335Z,2025-10-25T17:32:16.335Z,2025-10-25T17:32:16.335Z,1.0,active
fa4f941b-24ba-44c4-bbe9-393097a4cac3,8ef70ed84f9e,Unilever,2025,,Total,General,Unspecified,1000,tonnes CO2e,0.65,medium,statement_extraction,h20195_2024_Sustainable_Impact_Report_1761270229520.pdf,8ef70ed84f9e,2025-10-25T17:32:16.335Z,2025-10-25T17:32:16.335Z,2025-10-25T17:32:16.335Z,1.0,active
be1f7002-85f1-4570-9e74-77b41623bb7e,8ef70ed84f9e,Unilever,2025,,Total,General,Unspecified,10.9,tonnes CO2e,0.65,medium,statement_extraction,h20195_2024_Sustainable_Impact_Report_1761270229520.pdf,8ef70ed84f9e,2025-10-25T17:32:16.335Z,2025-10-25T17:32:16.335Z,2025-10-25T17:32:16.335Z,1.0,active
86307855-14d9-4e1a-83fe-f2a113b18488,8ef70ed84f9e,Unilever,2024,,Total,General,Unspecified,147,tonnes CO2e,0.80,high,statement_extraction,h20195_2024_Sustainable_Impact_Report_1761270229520.pdf,8ef70ed84f9e,2025-10-25T17:32:16.335Z,2025-10-25T17:32:16.335Z,2025-10-25T17:32:16.335Z,1.0,active
2fd68e03-eb20-4e0a-89a8-ab335ed85cee,8ef70ed84f9e,Unilever,2024,,Total,General,Unspecified,668,tonnes CO2e,0.80,high,statement_extraction,h20195_2024_Sustainable_Impact_Report_1761270229520.pdf,8ef70ed84f9e,2025-10-25T17:32:16.335Z,2025-10-25T17:32:16.335Z,2025-10-25T17:32:16.335Z,1.0,active
7bd1f80d-234d-4e08-9063-84aad0d599af,8ef70ed84f9e,Unilever,2025,,Total,General,Unspecified,1.56,tonnes CO2e,0.65,medium,statement_extraction,h20195_2024_Sustainable_Impact_Report_1761270229520.pdf,8ef70ed84f9e,2025-10-25T17:32:16.335Z,2025-10-25T17:32:16.335Z,2025-10-25T17:32:16.335Z,1.0,active
68f1f964-6d35-44ef-ab68-9c1cba575422,8ef70ed84f9e,Unilever,2025,,Total,General,Unspecified,61,tonnes CO2e,0.65,medium,statement_extraction,h20195_2024_Sustainable_Impact_Report_1761270229520.pdf,8ef70ed84f9e,2025-10-25T17:32:16.335Z,2025-10-25T17:32:16.335Z,2025-10-25T17:32:16.335Z,1.0,active
de7816d5-1b3d-4554-830e-64d9286adf86,8ef70ed84f9e,Unilever,2025,,Total,General,Unspecified,0.12,tonnes CO2e,0.65,medium,statement_extraction,h20195_2024_Sustainable_Impact_Report_1761270229520.pdf,8ef70ed84f9e,2025-10-25T17:32:16.335Z,2025-10-25T17:32:16.335Z,2025-10-25T17:32:16.335Z,1.0,active
1a3df66b-9501-47d8-b12b-907e40ff6359,8ef70ed84f9e,Unilever,2025,,Total,General,Unspecified,54447,tonnes CO2e,0.65,medium,statement_extraction,h20195_2024_Sustainable_Impact_Report_1761270229520.pdf,8ef70ed84f9e,2025-10-25T17:32:16.335Z,2025-10-25T17:32:16.335Z,2025-10-25T17:32:16.335Z,1.0,active
9a978e66-f621-4347-94b7-162a5140ada8,8ef70ed84f9e,Unilever,2025,,Total,General,Unspecified,345,tonnes CO2e,0.65,medium,statement_extraction,h20195_2024_Sustainable_Impact_Report_1761270229520.pdf,8ef70ed84f9e,2025-10-25T17:32:16.335Z,2025-10-25T17:32:16.335Z,2025-10-25T17:32:16.335Z,1.0,active
93c6c058-330a-43f9-9830-4ad5eb22aa72,8ef70ed84f9e,Unilever,2025,,Scope 1,Direct Emissions,Direct Operations,2,tonnes CO2e,0.85,high,statement_extraction,h20195_2024_Sustainable_Impact_Report_1761270229520.pdf,8ef70ed84f9e,2025-10-25T17:32:16.335Z,2025-10-25T17:32:16.335Z,2025-10-25T17:32:16.335Z,1.0,active
4bdb0d44-6d4d-411f-afe1-7704e1a0a78f,8ef70ed84f9e,Unilever,2025,,Scope 3,Direct Emissions,Value Chain,3,tonnes CO2e,0.85,high,statement_extraction,h20195_2024_Sustainable_Impact_Report_1761270229520.pdf,8ef70ed84f9e,2025-10-25T17:32:16.335Z,2025-10-25T17:32:16.335Z,2025-10-25T17:32:16.335Z,1.0,active
91a08b31-c394-4fcd-8997-648cd392a02a,8ef70ed84f9e,Unilever,2025,,Total,General,Unspecified,15,tonnes CO2e,0.65,medium,statement_extraction,h20195_2024_Sustainable_Impact_Report_1761270229520.pdf,8ef70ed84f9e,2025-10-25T17:32:16.335Z,2025-10-25T17:32:16.335Z,2025-10-25T17:32:16.335Z,1.0,active
358a2599-52c9-4f22-aa8e-fd491aa8d4d8,8ef70ed84f9e,Unilever,2025,,Total,General,Unspecified,142,tonnes CO2e,0.65,medium,statement_extraction,h20195_2024_Sustainable_Impact_Report_1761270229520.pdf,8ef70ed84f9e,2025-10-25T17:32:16.335Z,2025-10-25T17:32:16.335Z,2025-10-25T17:32:16.335Z,1.0,active
a85a6757-0f61-4ab2-814f-db440f005e6d,8ef70ed84f9e,Unilever,2016,,Total,General,Unspecified,305,tonnes CO2e,0.80,high,statement_extraction,h20195_2024_Sustainable_Impact_Report_1761270229520.pdf,8ef70ed84f9e,2025-10-25T17:32:16.335Z,2025-10-25T17:32:16.335Z,2025-10-25T17:32:16.335Z,1.0,active
91eb219c-4397-48db-b27a-85030c623874,8ef70ed84f9e,Unilever,2025,,Total,General,Unspecified,4,tonnes CO2e,0.65,medium,statement_extraction,h20195_2024_Sustainable_Impact_Report_1761270229520.pdf,8ef70ed84f9e,2025-10-25T17:32:16.335Z,2025-10-25T17:32:16.335Z,2025-10-25T17:32:16.335Z,1.0,active
38b6ce93-d9b9-407c-a930-30399797ca84,8ef70ed84f9e,Unilever,2025,,Total,General,Unspecified,5,tonnes CO2e,0.65,medium,statement_extraction,h20195_2024_Sustainable_Impact_Report_1761270229520.pdf,8ef70ed84f9e,2025-10-25T17:32:16.335Z,2025-10-25T17:32:16.335Z,2025-10-25T17:32:16.335Z,1.0,active
0e2ab555-3aa5-4a40-96ae-626f171b099f,8ef70ed84f9e,Unilever,2025,,Total,General,Unspecified,84,tonnes CO2e,0.65,medium,statement_extraction,h20195_2024_Sustainable_Impact_Report_1761270229520.pdf,8ef70ed84f9e,2025-10-25T17:32:16.335Z,2025-10-25T17:32:16.335Z,2025-10-25T17:32:16.335Z,1.0,active
320fe1a9-db02-4a22-83b2-da47855749ce,8ef70ed84f9e,Unilever,2025,,Total,General,Unspecified,18,tonnes CO2e,0.65,medium,statement_extraction,h20195_2024_Sustainable_Impact_Report_1761270229520.pdf,8ef70ed84f9e,2025-10-25T17:32:16.335Z,2025-10-25T17:32:16.335Z,2025-10-25T17:32:16.335Z,1.0,active
29a5f576-0f44-4336-a33c-64aa9c8ff541,8ef70ed84f9e,Unilever,2025,,Total,General,Unspecified,72,tonnes CO2e,0.65,medium,statement_extraction,h20195_2024_Sustainable_Impact_Report_1761270229520.pdf,8ef70ed84f9e,2025-10-25T17:32:16.335Z,2025-10-25T17:32:16.335Z,2025-10-25T17:32:16.335Z,1.0,active
0e4061b2-6745-4f23-97de-bbb0de712fc4,8ef70ed84f9e,Unilever,2024,,Total,General,Unspecified,116,tonnes CO2e,0.80,high,statement_extraction,h20195_2024_Sustainable_Impact_Report_1761270229520.pdf,8ef70ed84f9e,2025-10-25T17:32:16.335Z,2025-10-25T17:32:16.335Z,2025-10-25T17:32:16.335Z,1.0,active
a4fbc54f-aa46-43d1-a71d-0eeefabb74b3,8ef70ed84f9e,Unilever,2025,,Total,General,Unspecified,14044,tonnes CO2e,0.65,medium,statement_extraction,h20195_2024_Sustainable_Impact_Report_1761270229520.pdf,8ef70ed84f9e,2025-10-25T17:32:16.335Z,2025-10-25T17:32:16.335Z,2025-10-25T17:32:16.335Z,1.0,active
cca3310e-5f43-4699-95c2-52931d20e192,8ef70ed84f9e,Unilever,2025,,Scope 1,General,Unspecified,2040,tonnes CO2e,0.75,high,statement_extraction,h20195_2024_Sustainable_Impact_Report_1761270229520.pdf,8ef70ed84f9e,2025-10-25T17:32:16.335Z,2025-10-25T17:32:16.335Z,2025-10-25T17:32:16.335Z,1.0,active
4477dea2-7932-4446-af2b-075ee5cf80fc,8ef70ed84f9e,Unilever,2025,,Total,General,Unspecified,97,tonnes CO2e,0.65,medium,statement_extraction,h20195_2024_Sustainable_Impact_Report_1761270229520.pdf,8ef70ed84f9e,2025-10-25T17:32:16.335Z,2025-10-25T17:32:16.335Z,2025-10-25T17:32:16.335Z,1.0,active
81760074-489c-40b7-b242-99a775de3345,8ef70ed84f9e,Unilever,2025,,Total,General,Unspecified,8,tonnes CO2e,0.65,medium,statement_extraction,h20195_2024_Sustainable_Impact_Report_1761270229520.pdf,8ef70ed84f9e,2025-10-25T17:32:16.335Z,2025-10-25T17:32:16.335Z,2025-10-25T17:32:16.335Z,1.0,active
ceff6113-79d3-456c-94c6-ad0c452262c1,8ef70ed84f9e,Unilever,2024,,Total,Energy,Energy,4.36,tonnes CO2e,0.90,high,statement_extraction,h20195_2024_Sustainable_Impact_Report_1761270229520.pdf,8ef70ed84f9e,2025-10-25T17:32:16.335Z,2025-10-25T17:32:16.335Z,2025-10-25T17:32:16.335Z,1.0,active
87d71572-5a1a-48d3-8039-c5c5ff4573ee,8ef70ed84f9e,Unilever,2019,,Scope 1,Energy,Fossil Fuel Combustion,127600,tonnes CO2e,1.00,high,statement_extraction,h20195_2024_Sustainable_Impact_Report_1761270229520.pdf,8ef70ed84f9e,2025-10-25T17:32:16.335Z,2025-10-25T17:32:16.335Z,2025-10-25T17:32:16.335Z,1.0,active
d92face8-1229-42a2-ab7c-d3a63c0663e0,8ef70ed84f9e,Unilever,2016,,Total,General,Unspecified,1.2,tonnes CO2e,0.80,high,statement_extraction,h20195_2024_Sustainable_Impact_Report_1761270229520.pdf,8ef70ed84f9e,2025-10-25T17:32:16.335Z,2025-10-25T17:32:16.335Z,2025-10-25T17:32:16.335Z,1.0,active
1395de20-5538-4475-b3f9-58cc70e7bb3c,8ef70ed84f9e,Unilever,2025,,Total,General,Unspecified,48840,tonnes CO2e,0.80,high,statement_extraction,h20195_2024_Sustainable_Impact_Report_1761270229520.pdf,8ef70ed84f9e,2025-10-25T17:32:16.335Z,2025-10-25T17:32:16.335Z,2025-10-25T17:32:16.335Z,1.0,active
1492e4bc-c048-46c5-a757-e76453dfce7e,8ef70ed84f9e,Unilever,2024,,Total,General,Unspecified,839800,tonnes CO2e,0.80,high,statement_extraction,h20195_2024_Sustainable_Impact_Report_1761270229520.pdf,8ef70ed84f9e,2025-10-25T17:32:16.335Z,2025-10-25T17:32:16.335Z,2025-10-25T17:32:16.335Z,1.0,active
a455edab-34a0-4762-8deb-0e999051ccaf,8ef70ed84f9e,Unilever,2025,,Total,Waste,Waste,23,tonnes CO2e,0.75,high,statement_extraction,h20195_2024_Sustainable_Impact_Report_1761270229520.pdf,8ef70ed84f9e,2025-10-25T17:32:16.335Z,2025-10-25T17:32:16.335Z,2025-10-25T17:32:16.335Z,1.0,active
1e8d3815-5f64-497c-ac87-ed58cf2236b7,8ef70ed84f9e,Unilever,2024,,Total,General,Unspecified,48840,tonnes CO2e,0.80,high,statement_extraction,h20195_2024_Sustainable_Impact_Report_1761270229520.pdf,8ef70ed84f9e,2025-10-25T17:32:16.335Z,2025-10-25T17:32:16.335Z,2025-10-25T17:32:16.335Z,1.0,active
aca4d203-181d-48a5-85a5-9569e261cf9e,8ef70ed84f9e,Unilever,2025,,Total,General,Unspecified,2876,tonnes CO2e,0.65,medium,statement_extraction,h20195_2024_Sustainable_Impact_Report_1761270229520.pdf,8ef70ed84f9e,2025-10-25T17:32:16.335Z,2025-10-25T17:32:16.335Z,2025-10-25T17:32:16.335Z,1.0,active
9e7923c6-f85d-4064-80da-6c2264f71117,8ef70ed84f9e,Unilever,2025,,Total,General,Unspecified,154000,tonnes CO2e,0.65,medium,statement_extraction,h20195_2024_Sustainable_Impact_Report_1761270229520.pdf,8ef70ed84f9e,2025-10-25T17:32:16.335Z,2025-10-25T17:32:16.335Z,2025-10-25T17:32:16.335Z,1.0,active
d43d305d-7fe8-4eb8-a710-4117f4571b41,8ef70ed84f9e,Unilever,2023,,Total,General,Unspecified,1106,tonnes CO2e,0.80,high,statement_extraction,h20195_2024_Sustainable_Impact_Report_1761270229520.pdf,8ef70ed84f9e,2025-10-25T17:32:16.335Z,2025-10-25T17:32:16.335Z,2025-10-25T17:32:16.335Z,1.0,active
91e82a19-a382-4a72-aa97-28caca4f7fb1,8ef70ed84f9e,Unilever,2024,,Total,General,Unspecified,99000,tonnes CO2e,0.80,high,statement_extraction,h20195_2024_Sustainable_Impact_Report_1761270229520.pdf,8ef70ed84f9e,2025-10-25T17:32:16.335Z,2025-10-25T17:32:16.335Z,2025-10-25T17:32:16.335Z,1.0,active
dfd28b5b-1923-490a-8559-17d0d452eb1c,8ef70ed84f9e,Unilever,2024,,Total,General,Unspecified,110900,tonnes CO2e,0.80,high,statement_extraction,h20195_2024_Sustainable_Impact_Report_1761270229520.pdf,8ef70ed84f9e,2025-10-25T17:32:16.335Z,2025-10-25T17:32:16.335Z,2025-10-25T17:32:16.335Z,1.0,active
a39f7c7f-dbd8-47bf-b74d-6095f540613c,8ef70ed84f9e,Unilever,2025,,Total,General,Unspecified,9200,tonnes CO2e,0.65,medium,statement_extraction,h20195_2024_Sustainable_Impact_Report_1761270229520.pdf,8ef70ed84f9e,2025-10-25T17:32:16.335Z,2025-10-25T17:32:16.335Z,2025-10-25T17:32:16.335Z,1.0,active
c421c5d5-8050-497d-891f-3b22df1e7363,8ef70ed84f9e,Unilever,2025,,Total,General,Unspecified,1100,tonnes CO2e,0.65,medium,statement_extraction,h20195_2024_Sustainable_Impact_Report_1761270229520.pdf,8ef70ed84f9e,2025-10-25T17:32:16.335Z,2025-10-25T17:32:16.335Z,2025-10-25T17:32:16.335Z,1.0,active
c584c1ce-c30a-4351-ab53-f01245a21320,8ef70ed84f9e,Unilever,2025,,Total,General,Unspecified,1500,tonnes CO2e,0.80,high,statement_extraction,h20195_2024_Sustainable_Impact_Report_1761270229520.pdf,8ef70ed84f9e,2025-10-25T17:32:16.335Z,2025-10-25T17:32:16.335Z,2025-10-25T17:32:16.335Z,1.0,active
cfb683f2-1015-40e6-b237-92dbb61c4f79,8ef70ed84f9e,Unilever,2023,,Total,Waste,Waste,23000,tonnes CO2e,0.90,high,statement_extraction,h20195_2024_Sustainable_Impact_Report_1761270229520.pdf,8ef70ed84f9e,2025-10-25T17:32:16.335Z,2025-10-25T17:32:16.335Z,2025-10-25T17:32:16.335Z,1.0,active
4eb7f831-a0d0-424c-840d-52cee5bae4c2,8ef70ed84f9e,Unilever,2023,,Total,Waste,Waste,1100,tonnes CO2e,0.90,high,statement_extraction,h20195_2024_Sustainable_Impact_Report_1761270229520.pdf,8ef70ed84f9e,2025-10-25T17:32:16.335Z,2025-10-25T17:32:16.335Z,2025-10-25T17:32:16.335Z,1.0,active
ab5aa9b8-295f-4e27-8324-79a6bae89459,8ef70ed84f9e,Unilever,2024,,Total,Energy,Energy,7050,tonnes CO2e,0.90,high,statement_extraction,h20195_2024_Sustainable_Impact_Report_1761270229520.pdf,8ef70ed84f9e,2025-10-25T17:32:16.335Z,2025-10-25T17:32:16.335Z,2025-10-25T17:32:16.335Z,1.0,active
6eba76c1-2212-475c-ab56-aac849bbea1c,8ef70ed84f9e,Unilever,2022,,Total,Waste,Waste,209400,tonnes CO2e,0.90,high,statement_extraction,h20195_2024_Sustainable_Impact_Report_1761270229520.pdf,8ef70ed84f9e,2025-10-25T17:32:16.335Z,2025-10-25T17:32:16.335Z,2025-10-25T17:32:16.335Z,1.0,active
2dd67342-6a4b-4c4d-99a5-8061d6f8bff3,8ef70ed84f9e,Unilever,2023,,Total,Waste,Waste,50600,tonnes CO2e,0.90,high,statement_extraction,h20195_2024_Sustainable_Impact_Report_1761270229520.pdf,8ef70ed84f9e,2025-10-25T17:32:16.335Z,2025-10-25T17:32:16.335Z,2025-10-25T17:32:16.335Z,1.0,active
27433a34-7b70-45ac-a5b8-8cdbc85675e6,8ef70ed84f9e,Unilever,2015,,Total,Energy,Energy,1497500,tonnes CO2e,0.90,high,statement_extraction,h20195_2024_Sustainable_Impact_Report_1761270229520.pdf,8ef70ed84f9e,2025-10-25T17:32:16.335Z,2025-10-25T17:32:16.335Z,2025-10-25T17:32:16.335Z,1.0,active
ffbbe413-e14e-4ea3-b74d-ff5fff5b2f60,8ef70ed84f9e,Unilever,2023,,Scope 1,General,Unspecified,127600,tonnes CO2e,0.90,high,statement_extraction,h20195_2024_Sustainable_Impact_Report_1761270229520.pdf,8ef70ed84f9e,2025-10-25T17:32:16.335Z,2025-10-25T17:32:16.335Z,2025-10-25T17:32:16.335Z,1.0,active
70e35d63-f8b7-4480-9348-df91857f9d56,8ef70ed84f9e,Unilever,2024,,Scope 1,General,Unspecified,127600,tonnes CO2e,0.90,high,statement_extraction,h20195_2024_Sustainable_Impact_Report_1761270229520.pdf,8ef70ed84f9e,2025-10-25T17:32:16.335Z,2025-10-25T17:32:16.335Z,2025-10-25T17:32:16.335Z,1.0,active
310f9abe-bd34-43f6-99bc-e2883b0d76e8,8ef70ed84f9e,Unilever,2023,,Total,General,Unspecified,2.4,tonnes CO2e,0.80,high,statement_extraction,h20195_2024_Sustainable_Impact_Report_1761270229520.pdf,8ef70ed84f9e,2025-10-25T17:32:16.335Z,2025-10-25T17:32:16.335Z,2025-10-25T17:32:16.335Z,1.0,active
6ddb2beb-a9d1-492e-8a2b-e6aec6b3a206,8ef70ed84f9e,Unilever,2030,1,Total,General,Unspecified,17700,tonnes CO2e,0.80,high,statement_extraction,h20195_2024_Sustainable_Impact_Report_1761270229520.pdf,8ef70ed84f9e,2025-10-25T17:32:16.335Z,2025-10-25T17:32:16.335Z,2025-10-25T17:32:16.335Z,1.0,active
10d00dbe-4a4f-47c4-9743-d6cab0c03015,8ef70ed84f9e,Unilever,2024,,Total,Transportation,Transportation,5480,tonnes CO2e,0.90,high,statement_extraction,h20195_2024_Sustainable_Impact_Report_1761270229520.pdf,8ef70ed84f9e,2025-10-25T17:32:16.335Z,2025-10-25T17:32:16.335Z,2025-10-25T17:32:16.335Z,1.0,active
02432098-52c9-4c82-b521-d68d8d1027d8,8ef70ed84f9e,Unilever,2025,,Total,General,Unspecified,2,tonnes CO2e,0.80,high,statement_extraction,h20195_2024_Sustainable_Impact_Report_1761270229520.pdf,8ef70ed84f9e,2025-10-25T17:32:16.335Z,2025-10-25T17:32:16.335Z,2025-10-25T17:32:16.335Z,1.0,active
523bae8a-196e-4742-b452-f1e584191b51,8ef70ed84f9e,Unilever,2025,,Total,General,Unspecified,2.17,tonnes CO2e,0.80,high,statement_extraction,h20195_2024_Sustainable_Impact_Report_1761270229520.pdf,8ef70ed84f9e,2025-10-25T17:32:16.335Z,2025-10-25T17:32:16.335Z,2025-10-25T17:32:16.335Z,1.0,active
231dd992-2839-4baf-b9ab-0f2541d209b5,8ef70ed84f9e,Unilever,2024,,Total,Waste,Waste,830,tonnes CO2e,0.90,high,statement_extraction,h20195_2024_Sustainable_Impact_Report_1761270229520.pdf,8ef70ed84f9e,2025-10-25T17:32:16.335Z,2025-10-25T17:32:16.335Z,2025-10-25T17:32:16.335Z,1.0,active
f89ea56a-9c69-409b-a1bb-454041a31e26,8ef70ed84f9e,Unilever,2024,,Total,Direct Emissions,Direct Emissions,19145,tonnes CO2e,0.90,high,statement_extraction,h20195_2024_Sustainable_Impact_Report_1761270229520.pdf,8ef70ed84f9e,2025-10-25T17:32:16.335Z,2025-10-25T17:32:16.335Z,2025-10-25T17:32:16.335Z,1.0,active
a3d9ae04-25e9-4893-ba25-a27309ca3da3,8ef70ed84f9e,Unilever,2025,,Scope 1,Transportation,Company Vehicles,2,tonnes CO2e,0.85,high,statement_extraction,h20195_2024_Sustainable_Impact_Report_1761270229520.pdf,8ef70ed84f9e,2025-10-25T17:32:16.335Z,2025-10-25T17:32:16.335Z,2025-10-25T17:32:16.335Z,1.0,active
7299634d-977f-4098-a492-491d810baace,8ef70ed84f9e,Unilever,2024,,Scope 1,Supply Chain,Supply Chain,2,tonnes CO2e,1.00,high,statement_extraction,h20195_2024_Sustainable_Impact_Report_1761270229520.pdf,8ef70ed84f9e,2025-10-25T17:32:16.335Z,2025-10-25T17:32:16.335Z,2025-10-25T17:32:16.335Z,1.0,active
7049b535-d4a6-4ebc-9b13-f6d3df4f420b,8ef70ed84f9e,Unilever,2025,,Scope 1,Supply Chain,Supply Chain,2,tonnes CO2e,0.85,high,statement_extraction,h20195_2024_Sustainable_Impact_Report_1761270229520.pdf,8ef70ed84f9e,2025-10-25T17:32:16.335Z,2025-10-25T17:32:16.335Z,2025-10-25T17:32:16.335Z,1.0,active
a949846a-235b-4e26-8f7c-9ee00a62da54,8ef70ed84f9e,Unilever,2024,,Scope 1,General,Unspecified,2,tonnes CO2e,0.90,high,statement_extraction,h20195_2024_Sustainable_Impact_Report_1761270229520.pdf,8ef70ed84f9e,2025-10-25T17:32:16.335Z,2025-10-25T17:32:16.335Z,2025-10-25T17:32:16.335Z,1.0,active
00b691e7-d141-48f2-973a-a9d7e86b20a2,8ef70ed84f9e,Unilever,2025,,Scope 1,Energy,Fossil Fuel Combustion,2,tonnes CO2e,0.85,high,statement_extraction,h20195_2024_Sustainable_Impact_Report_1761270229520.pdf,8ef70ed84f9e,2025-10-25T17:32:16.335Z,2025-10-25T17:32:16.335Z,2025-10-25T17:32:16.335Z,1.0,active
b639e353-b403-4f5f-8c6f-2f24d62fd009,8ef70ed84f9e,Unilever,2023,,Scope 2,General,Unspecified,2024,tonnes CO2e,0.90,high,statement_extraction,h20195_2024_Sustainable_Impact_Report_1761270229520.pdf,8ef70ed84f9e,2025-10-25T17:32:16.335Z,2025-10-25T17:32:16.335Z,2025-10-25T17:32:16.335Z,1.0,active
faa16112-43b9-49cf-8dbc-549788c0ef37,8ef70ed84f9e,Unilever,2024,,Scope 2,General,Unspecified,2024,tonnes CO2e,0.90,high,statement_extraction,h20195_2024_Sustainable_Impact_Report_1761270229520.pdf,8ef70ed84f9e,2025-10-25T17:32:16.335Z,2025-10-25T17:32:16.335Z,2025-10-25T17:32:16.335Z,1.0,active
56e465b0-3f99-4ac3-8267-bbc8730d0fed,8ef70ed84f9e,Unilever,2023,,Scope 2,General,Unspecified,13,tonnes CO2e,0.90,high,statement_extraction,h20195_2024_Sustainable_Impact_Report_1761270229520.pdf,8ef70ed84f9e,2025-10-25T17:32:16.335Z,2025-10-25T17:32:16.335Z,2025-10-25T17:32:16.335Z,1.0,active
eb61e621-33b1-49ad-8293-8ee349d4f6bb,8ef70ed84f9e,Unilever,2025,,Scope 2,Transportation,Transportation,2,tonnes CO2e,0.85,high,statement_extraction,h20195_2024_Sustainable_Impact_Report_1761270229520.pdf,8ef70ed84f9e,2025-10-25T17:32:16.335Z,2025-10-25T17:32:16.335Z,2025-10-25T17:32:16.335Z,1.0,active
349ed774-d5c8-41e8-a18c-14b1439e80dd,8ef70ed84f9e,Unilever,2024,,Scope 3,Supply Chain,Supply Chain,1,tonnes CO2e,1.00,high,statement_extraction,h20195_2024_Sustainable_Impact_Report_1761270229520.pdf,8ef70ed84f9e,2025-10-25T17:32:16.335Z,2025-10-25T17:32:16.335Z,2025-10-25T17:32:16.335Z,1.0,active
8ba653c4-2cbf-41b1-9a11-c760cda25922,8ef70ed84f9e,Unilever,2024,,Scope 3,Energy,Energy-Related Activities,2024,tonnes CO2e,1.00,high,statement_extraction,h20195_2024_Sustainable_Impact_Report_1761270229520.pdf,8ef70ed84f9e,2025-10-25T17:32:16.335Z,2025-10-25T17:32:16.335Z,2025-10-25T17:32:16.335Z,1.0,active
b275a7a4-7e18-4aca-9112-c55d82071a9f,06ffcc938bb3,Heineken NV,2030,1,Scope 1,General,Unspecified,2,tonnes CO2e,0.90,high,statement_extraction,heineken_n_v_annual_report_2024_final_20feb2025.pdf,06ffcc938bb3,2025-10-25T17:32:16.335Z,2025-10-25T17:32:16.335Z,2025-10-25T17:32:16.335Z,1.0,active
1d3cda0c-2cd1-440a-a97d-8d404ebd6401,06ffcc938bb3,Heineken NV,2025,,Scope 1,General,Unspecified,39,tonnes CO2e,0.75,high,statement_extraction,heineken_n_v_annual_report_2024_final_20feb2025.pdf,06ffcc938bb3,2025-10-25T17:32:16.335Z,2025-10-25T17:32:16.335Z,2025-10-25T17:32:16.335Z,1.0,active
17f4886b-8db6-46a8-a875-81f9b911ed2f,06ffcc938bb3,Heineken NV,2025,,Scope 1,General,Unspecified,34,tonnes CO2e,0.75,high,statement_extraction,heineken_n_v_annual_report_2024_final_20feb2025.pdf,06ffcc938bb3,2025-10-25T17:32:16.335Z,2025-10-25T17:32:16.335Z,2025-10-25T17:32:16.335Z,1.0,active
70a75bc0-3df2-461c-9957-ca3d8c00701a,06ffcc938bb3,Heineken NV,2022,,Scope 1,General,Unspecified,2,tonnes CO2e,0.90,high,statement_extraction,heineken_n_v_annual_report_2024_final_20feb2025.pdf,06ffcc938bb3,2025-10-25T17:32:16.335Z,2025-10-25T17:32:16.335Z,2025-10-25T17:32:16.335Z,1.0,active
26833925-a96a-4f44-80ce-bdb287b87207,06ffcc938bb3,Heineken NV,2025,,Scope 1,Direct Emissions,Direct Operations,3,tonnes CO2e,0.85,high,statement_extraction,heineken_n_v_annual_report_2024_final_20feb2025.pdf,06ffcc938bb3,2025-10-25T17:32:16.335Z,2025-10-25T17:32:16.335Z,2025-10-25T17:32:16.335Z,1.0,active
529047c3-7edb-44e3-a748-18a9ca763f66,06ffcc938bb3,Heineken NV,2025,,Scope 1,General,Unspecified,2040,tonnes CO2e,0.75,high,statement_extraction,heineken_n_v_annual_report_2024_final_20feb2025.pdf,06ffcc938bb3,2025-10-25T17:32:16.335Z,2025-10-25T17:32:16.335Z,2025-10-25T17:32:16.335Z,1.0,active
3285f0d3-e03b-46c0-bb68-64da994484c4,06ffcc938bb3,Heineken NV,2025,,Scope 1,General,Unspecified,2,tonnes CO2e,0.75,high,statement_extraction,heineken_n_v_annual_report_2024_final_20feb2025.pdf,06ffcc938bb3,2025-10-25T17:32:16.335Z,2025-10-25T17:32:16.335Z,2025-10-25T17:32:16.335Z,1.0,active
a4faacde-252f-43d4-b808-a71839306d54,06ffcc938bb3,Heineken NV,2025,,Scope 3,General,Unspecified,3,tonnes CO2e,0.75,high,statement_extraction,heineken_n_v_annual_report_2024_final_20feb2025.pdf,06ffcc938bb3,2025-10-25T17:32:16.335Z,2025-10-25T17:32:16.335Z,2025-10-25T17:32:16.335Z,1.0,active
fc59a4fe-15c0-4cdb-9704-a823d4aaa4a4,06ffcc938bb3,Heineken NV,2024,,Scope 3,Energy,Energy-Related Activities,14,tonnes CO2e,1.00,high,statement_extraction,heineken_n_v_annual_report_2024_final_20feb2025.pdf,06ffcc938bb3,2025-10-25T17:32:16.335Z,2025-10-25T17:32:16.335Z,2025-10-25T17:32:16.335Z,1.0,active
4c4e525f-c079-4de2-b073-f99e1454451a,06ffcc938bb3,Heineken NV,2025,,Total,Energy,Energy,11,tonnes CO2e,0.75,high,statement_extraction,heineken_n_v_annual_report_2024_final_20feb2025.pdf,06ffcc938bb3,2025-10-25T17:32:16.335Z,2025-10-25T17:32:16.335Z,2025-10-25T17:32:16.335Z,1.0,active
67a20479-8594-4e04-8816-b2f6fc2f65df,06ffcc938bb3,Heineken NV,2025,,Scope 1,General,Unspecified,10,tonnes CO2e,0.75,high,statement_extraction,heineken_n_v_annual_report_2024_final_20feb2025.pdf,06ffcc938bb3,2025-10-25T17:32:16.335Z,2025-10-25T17:32:16.335Z,2025-10-25T17:32:16.335Z,1.0,active
77441235-c490-47ed-956e-c7442be04a59,06ffcc938bb3,Heineken NV,2030,1,Scope 1,General,Unspecified,10,tonnes CO2e,0.90,high,statement_extraction,heineken_n_v_annual_report_2024_final_20feb2025.pdf,06ffcc938bb3,2025-10-25T17:32:16.335Z,2025-10-25T17:32:16.335Z,2025-10-25T17:32:16.335Z,1.0,active
c5549a6d-fff4-4ec0-a7db-1f8a28aabb31,06ffcc938bb3,Heineken NV,2024,,Total,General,Unspecified,100,tonnes CO2e,0.80,high,statement_extraction,heineken_n_v_annual_report_2024_final_20feb2025.pdf,06ffcc938bb3,2025-10-25T17:32:16.335Z,2025-10-25T17:32:16.335Z,2025-10-25T17:32:16.335Z,1.0,active
9a474781-32da-4c4e-b18b-b373e52e2072,06ffcc938bb3,Heineken NV,2025,,Total,General,Unspecified,4.4,tonnes CO2e,0.65,medium,statement_extraction,heineken_n_v_annual_report_2024_final_20feb2025.pdf,06ffcc938bb3,2025-10-25T17:32:16.335Z,2025-10-25T17:32:16.335Z,2025-10-25T17:32:16.335Z,1.0,active
d1a9894c-ee87-4358-bf99-85d08e943fde,06ffcc938bb3,Heineken NV,2023,,Total,General,Unspecified,1.2,tonnes CO2e,0.80,high,statement_extraction,heineken_n_v_annual_report_2024_final_20feb2025.pdf,06ffcc938bb3,2025-10-25T17:32:16.335Z,2025-10-25T17:32:16.335Z,2025-10-25T17:32:16.335Z,1.0,active
f04db33e-1dbf-4b52-9729-ad72301ad611,06ffcc938bb3,Heineken NV,2023,,Total,General,Unspecified,27133,tonnes CO2e,0.80,high,statement_extraction,heineken_n_v_annual_report_2024_final_20feb2025.pdf,06ffcc938bb3,2025-10-25T17:32:16.335Z,2025-10-25T17:32:16.335Z,2025-10-25T17:32:16.335Z,1.0,active
e81243a3-4f55-489f-b2fd-6ac0b381b685,06ffcc938bb3,Heineken NV,2025,,Total,Energy,Energy,12028,tonnes CO2e,0.75,high,statement_extraction,heineken_n_v_annual_report_2024_final_20feb2025.pdf,06ffcc938bb3,2025-10-25T17:32:16.335Z,2025-10-25T17:32:16.335Z,2025-10-25T17:32:16.335Z,1.0,active
7f19eccc-4b65-48a3-b682-af96fda9c34b,06ffcc938bb3,Heineken NV,2024,,Total,General,Unspecified,846,tonnes CO2e,0.80,high,statement_extraction,heineken_n_v_annual_report_2024_final_20feb2025.pdf,06ffcc938bb3,2025-10-25T17:32:16.335Z,2025-10-25T17:32:16.335Z,2025-10-25T17:32:16.335Z,1.0,active
581aa0c6-c765-4d95-87e1-ba493cbbbe08,06ffcc938bb3,Heineken NV,2023,,Total,General,Unspecified,136,tonnes CO2e,0.80,high,statement_extraction,heineken_n_v_annual_report_2024_final_20feb2025.pdf,06ffcc938bb3,2025-10-25T17:32:16.335Z,2025-10-25T17:32:16.335Z,2025-10-25T17:32:16.335Z,1.0,active
9ba5a8ba-d8e1-4b4e-af3d-4ac483949c44,06ffcc938bb3,Heineken NV,2025,,Total,General,Unspecified,146,tonnes CO2e,0.65,medium,statement_extraction,heineken_n_v_annual_report_2024_final_20feb2025.pdf,06ffcc938bb3,2025-10-25T17:32:16.335Z,2025-10-25T17:32:16.335Z,2025-10-25T17:32:16.335Z,1.0,active
730d62ab-2721-4708-9309-47c7238ba41c,06ffcc938bb3,Heineken NV,2025,,Total,General,Unspecified,41,tonnes CO2e,0.65,medium,statement_extraction,heineken_n_v_annual_report_2024_final_20feb2025.pdf,06ffcc938bb3,2025-10-25T17:32:16.335Z,2025-10-25T17:32:16.335Z,2025-10-25T17:32:16.335Z,1.0,active
a420d5f4-542b-491d-a9f1-fa5f79085295,06ffcc938bb3,Heineken NV,2025,,Total,General,Unspecified,33,tonnes CO2e,0.65,medium,statement_extraction,heineken_n_v_annual_report_2024_final_20feb2025.pdf,06ffcc938bb3,2025-10-25T17:32:16.335Z,2025-10-25T17:32:16.335Z,2025-10-25T17:32:16.335Z,1.0,active
3b3bccd7-5b52-45d3-9f24-d5feab4c4616,06ffcc938bb3,Heineken NV,2025,,Total,General,Unspecified,100,tonnes CO2e,0.65,medium,statement_extraction,heineken_n_v_annual_report_2024_final_20feb2025.pdf,06ffcc938bb3,2025-10-25T17:32:16.335Z,2025-10-25T17:32:16.335Z,2025-10-25T17:32:16.335Z,1.0,active
45e2a40e-a2a1-4439-ae0e-9090b49ca48b,06ffcc938bb3,Heineken NV,2023,,Total,General,Unspecified,14651,tonnes CO2e,0.80,high,statement_extraction,heineken_n_v_annual_report_2024_final_20feb2025.pdf,06ffcc938bb3,2025-10-25T17:32:16.335Z,2025-10-25T17:32:16.335Z,2025-10-25T17:32:16.335Z,1.0,active
efb375a9-9569-45e0-84ba-b78d943c7594,06ffcc938bb3,Heineken NV,2024,,Total,General,Unspecified,40,tonnes CO2e,0.80,high,statement_extraction,heineken_n_v_annual_report_2024_final_20feb2025.pdf,06ffcc938bb3,2025-10-25T17:32:16.335Z,2025-10-25T17:32:16.335Z,2025-10-25T17:32:16.335Z,1.0,active
b392f522-a66b-4d75-8bda-644b7d174d35,06ffcc938bb3,Heineken NV,2025,,Total,General,Unspecified,22,tonnes CO2e,0.65,medium,statement_extraction,heineken_n_v_annual_report_2024_final_20feb2025.pdf,06ffcc938bb3,2025-10-25T17:32:16.335Z,2025-10-25T17:32:16.335Z,2025-10-25T17:32:16.335Z,1.0,active
a774d7c2-626a-4b79-a19a-899d05d5975d,06ffcc938bb3,Heineken NV,2022,,Scope 1,General,Unspecified,50,tonnes CO2e,0.90,high,statement_extraction,heineken_n_v_annual_report_2024_final_20feb2025.pdf,06ffcc938bb3,2025-10-25T17:32:16.335Z,2025-10-25T17:32:16.335Z,2025-10-25T17:32:16.335Z,1.0,active
afc298ab-ad22-41aa-8f5f-764ff58dcf00,06ffcc938bb3,Heineken NV,2025,,Total,General,Unspecified,157,tonnes CO2e,0.65,medium,statement_extraction,heineken_n_v_annual_report_2024_final_20feb2025.pdf,06ffcc938bb3,2025-10-25T17:32:16.335Z,2025-10-25T17:32:16.335Z,2025-10-25T17:32:16.335Z,1.0,active
d6baf1a6-cb26-43c2-9e7c-ca23f36cb653,06ffcc938bb3,Heineken NV,2025,,Total,General,Unspecified,17,tonnes CO2e,0.65,medium,statement_extraction,heineken_n_v_annual_report_2024_final_20feb2025.pdf,06ffcc938bb3,2025-10-25T17:32:16.335Z,2025-10-25T17:32:16.335Z,2025-10-25T17:32:16.335Z,1.0,active
ddedf6b0-71df-4b17-95bd-c567581d5368,06ffcc938bb3,Heineken NV,2025,,Total,General,Unspecified,161,tonnes CO2e,0.65,medium,statement_extraction,heineken_n_v_annual_report_2024_final_20feb2025.pdf,06ffcc938bb3,2025-10-25T17:32:16.335Z,2025-10-25T17:32:16.335Z,2025-10-25T17:32:16.335Z,1.0,active
095850c2-295b-4c7d-a430-e370a8fe8579,06ffcc938bb3,Heineken NV,2024,,Total,General,Unspecified,93,tonnes CO2e,0.80,high,statement_extraction,heineken_n_v_annual_report_2024_final_20feb2025.pdf,06ffcc938bb3,2025-10-25T17:32:16.335Z,2025-10-25T17:32:16.335Z,2025-10-25T17:32:16.335Z,1.0,active
1e141b96-5c31-47d3-8f2b-55cb54df4463,06ffcc938bb3,Heineken NV,2023,,Total,General,Unspecified,46476,tonnes CO2e,0.80,high,statement_extraction,heineken_n_v_annual_report_2024_final_20feb2025.pdf,06ffcc938bb3,2025-10-25T17:32:16.335Z,2025-10-25T17:32:16.335Z,2025-10-25T17:32:16.335Z,1.0,active
0928a472-3df9-407c-9248-04ef5de31542,06ffcc938bb3,Heineken NV,2025,,Total,General,Unspecified,13.3,tonnes CO2e,0.65,medium,statement_extraction,heineken_n_v_annual_report_2024_final_20feb2025.pdf,06ffcc938bb3,2025-10-25T17:32:16.335Z,2025-10-25T17:32:16.335Z,2025-10-25T17:32:16.335Z,1.0,active
d69bce24-d5dc-4e06-abc6-64081659f955,06ffcc938bb3,Heineken NV,2025,,Total,General,Unspecified,27526,tonnes CO2e,0.65,medium,statement_extraction,heineken_n_v_annual_report_2024_final_20feb2025.pdf,06ffcc938bb3,2025-10-25T17:32:16.335Z,2025-10-25T17:32:16.335Z,2025-10-25T17:32:16.335Z,1.0,active
01ceb8a7-1929-40f8-8fba-0e6d1fca8e6d,06ffcc938bb3,Heineken NV,2025,,Total,General,Unspecified,1942,tonnes CO2e,0.65,medium,statement_extraction,heineken_n_v_annual_report_2024_final_20feb2025.pdf,06ffcc938bb3,2025-10-25T17:32:16.335Z,2025-10-25T17:32:16.335Z,2025-10-25T17:32:16.335Z,1.0,active
331cf88d-497b-4554-a5ee-a33f70ef8e1d,06ffcc938bb3,Heineken NV,2025,,Total,General,Unspecified,22789,tonnes CO2e,0.65,medium,statement_extraction,heineken_n_v_annual_report_2024_final_20feb2025.pdf,06ffcc938bb3,2025-10-25T17:32:16.335Z,2025-10-25T17:32:16.335Z,2025-10-25T17:32:16.335Z,1.0,active
a3a31d14-480e-4493-9ecc-7cd79556ef6f,06ffcc938bb3,Heineken NV,2025,,Total,General,Unspecified,43754,tonnes CO2e,0.65,medium,statement_extraction,heineken_n_v_annual_report_2024_final_20feb2025.pdf,06ffcc938bb3,2025-10-25T17:32:16.335Z,2025-10-25T17:32:16.335Z,2025-10-25T17:32:16.335Z,1.0,active
e0cce782-382b-431b-89fd-549a041b6571,06ffcc938bb3,Heineken NV,2025,,Total,General,Unspecified,17539,tonnes CO2e,0.65,medium,statement_extraction,heineken_n_v_annual_report_2024_final_20feb2025.pdf,06ffcc938bb3,2025-10-25T17:32:16.335Z,2025-10-25T17:32:16.335Z,2025-10-25T17:32:16.335Z,1.0,active
68692cde-7104-48d3-9bc7-985d0c800c42,06ffcc938bb3,Heineken NV,2025,,Total,General,Unspecified,332,tonnes CO2e,0.65,medium,statement_extraction,heineken_n_v_annual_report_2024_final_20feb2025.pdf,06ffcc938bb3,2025-10-25T17:32:16.335Z,2025-10-25T17:32:16.335Z,2025-10-25T17:32:16.335Z,1.0,active
9d921ff0-8055-4135-9a46-5e3acb752727,06ffcc938bb3,Heineken NV,2025,,Total,General,Unspecified,14825,tonnes CO2e,0.65,medium,statement_extraction,heineken_n_v_annual_report_2024_final_20feb2025.pdf,06ffcc938bb3,2025-10-25T17:32:16.335Z,2025-10-25T17:32:16.335Z,2025-10-25T17:32:16.335Z,1.0,active
3d448c00-dd2e-4951-ad18-874df4fe3ca2,06ffcc938bb3,Heineken NV,2025,,Total,General,Unspecified,55153,tonnes CO2e,0.65,medium,statement_extraction,heineken_n_v_annual_report_2024_final_20feb2025.pdf,06ffcc938bb3,2025-10-25T17:32:16.335Z,2025-10-25T17:32:16.335Z,2025-10-25T17:32:16.335Z,1.0,active
c317cc16-ab23-4b74-b685-a34480795dd9,06ffcc938bb3,Heineken NV,2025,,Total,General,Unspecified,3576,tonnes CO2e,0.65,medium,statement_extraction,heineken_n_v_annual_report_2024_final_20feb2025.pdf,06ffcc938bb3,2025-10-25T17:32:16.335Z,2025-10-25T17:32:16.335Z,2025-10-25T17:32:16.335Z,1.0,active
de75b43a-e7ba-4194-8f09-3b11b29ad6f4,06ffcc938bb3,Heineken NV,2025,,Total,General,Unspecified,786,tonnes CO2e,0.65,medium,statement_extraction,heineken_n_v_annual_report_2024_final_20feb2025.pdf,06ffcc938bb3,2025-10-25T17:32:16.335Z,2025-10-25T17:32:16.335Z,2025-10-25T17:32:16.335Z,1.0,active
eab01f1c-a293-492a-a508-9f4ed58a5bd2,06ffcc938bb3,Heineken NV,2025,,Total,General,Unspecified,53446,tonnes CO2e,0.65,medium,statement_extraction,heineken_n_v_annual_report_2024_final_20feb2025.pdf,06ffcc938bb3,2025-10-25T17:32:16.335Z,2025-10-25T17:32:16.335Z,2025-10-25T17:32:16.335Z,1.0,active
179f1ecf-a213-4b29-b102-37b0c49b8a63,06ffcc938bb3,Heineken NV,2023,,Total,General,Unspecified,4341,tonnes CO2e,0.80,high,statement_extraction,heineken_n_v_annual_report_2024_final_20feb2025.pdf,06ffcc938bb3,2025-10-25T17:32:16.335Z,2025-10-25T17:32:16.335Z,2025-10-25T17:32:16.335Z,1.0,active
b3bce345-567c-4c2b-89a3-cdb7a40e1e08,06ffcc938bb3,Heineken NV,2023,,Total,General,Unspecified,31,tonnes CO2e,0.80,high,statement_extraction,heineken_n_v_annual_report_2024_final_20feb2025.pdf,06ffcc938bb3,2025-10-25T17:32:16.335Z,2025-10-25T17:32:16.335Z,2025-10-25T17:32:16.335Z,1.0,active
7dab7a82-b28c-499a-9b33-57e174438202,06ffcc938bb3,Heineken NV,2025,,Total,General,Unspecified,120,tonnes CO2e,0.65,medium,statement_extraction,heineken_n_v_annual_report_2024_final_20feb2025.pdf,06ffcc938bb3,2025-10-25T17:32:16.335Z,2025-10-25T17:32:16.335Z,2025-10-25T17:32:16.335Z,1.0,active
f7c69d96-a38e-42be-85a9-850c0ad7335b,06ffcc938bb3,Heineken NV,2023,,Total,General,Unspecified,12238,tonnes CO2e,0.80,high,statement_extraction,heineken_n_v_annual_report_2024_final_20feb2025.pdf,06ffcc938bb3,2025-10-25T17:32:16.335Z,2025-10-25T17:32:16.335Z,2025-10-25T17:32:16.335Z,1.0,active
8b788530-3264-4e09-bd94-4f1d575032e1,06ffcc938bb3,Heineken NV,2025,,Total,General,Unspecified,8360,tonnes CO2e,0.65,medium,statement_extraction,heineken_n_v_annual_report_2024_final_20feb2025.pdf,06ffcc938bb3,2025-10-25T17:32:16.335Z,2025-10-25T17:32:16.335Z,2025-10-25T17:32:16.335Z,1.0,active
71428250-2109-4d7e-b1f0-5d018721c0ca,06ffcc938bb3,Heineken NV,2024,,Total,General,Unspecified,1,tonnes CO2e,0.80,high,statement_extraction,heineken_n_v_annual_report_2024_final_20feb2025.pdf,06ffcc938bb3,2025-10-25T17:32:16.335Z,2025-10-25T17:32:16.335Z,2025-10-25T17:32:16.335Z,1.0,active
8639cdd3-8f42-4c06-a954-4e5450cfd000,06ffcc938bb3,Heineken NV,2023,,Total,General,Unspecified,100,tonnes CO2e,0.80,high,statement_extraction,heineken_n_v_annual_report_2024_final_20feb2025.pdf,06ffcc938bb3,2025-10-25T17:32:16.335Z,2025-10-25T17:32:16.335Z,2025-10-25T17:32:16.335Z,1.0,active
de3ba67b-2312-4659-a07e-d8e9fc6d87f5,06ffcc938bb3,Heineken NV,2023,,Total,Direct Emissions,Direct Emissions,330,tonnes CO2e,0.90,high,statement_extraction,heineken_n_v_annual_report_2024_final_20feb2025.pdf,06ffcc938bb3,2025-10-25T17:32:16.335Z,2025-10-25T17:32:16.335Z,2025-10-25T17:32:16.335Z,1.0,active
cdaa1068-4893-4894-acc6-d4cb6dff40f8,06ffcc938bb3,Heineken NV,2024,,Total,General,Unspecified,5,tonnes CO2e,0.80,high,statement_extraction,heineken_n_v_annual_report_2024_final_20feb2025.pdf,06ffcc938bb3,2025-10-25T17:32:16.335Z,2025-10-25T17:32:16.335Z,2025-10-25T17:32:16.335Z,1.0,active
10ddf6ec-735c-46be-a5e7-6443957eacf1,06ffcc938bb3,Heineken NV,2023,,Total,General,Unspecified,5,tonnes CO2e,0.80,high,statement_extraction,heineken_n_v_annual_report_2024_final_20feb2025.pdf,06ffcc938bb3,2025-10-25T17:32:16.335Z,2025-10-25T17:32:16.335Z,2025-10-25T17:32:16.335Z,1.0,active
60ab647d-ff45-49f6-9ce9-e10ebb6e0905,06ffcc938bb3,Heineken NV,2023,,Total,General,Unspecified,143,tonnes CO2e,0.80,high,statement_extraction,heineken_n_v_annual_report_2024_final_20feb2025.pdf,06ffcc938bb3,2025-10-25T17:32:16.335Z,2025-10-25T17:32:16.335Z,2025-10-25T17:32:16.335Z,1.0,active
0e0e36fb-a4d0-423f-9bee-f4b39f50308f,06ffcc938bb3,Heineken NV,2025,,Total,General,Unspecified,155,tonnes CO2e,0.65,medium,statement_extraction,heineken_n_v_annual_report_2024_final_20feb2025.pdf,06ffcc938bb3,2025-10-25T17:32:16.335Z,2025-10-25T17:32:16.335Z,2025-10-25T17:32:16.335Z,1.0,active
8e5eb352-eff3-4b4a-9331-e156376afbb9,06ffcc938bb3,Heineken NV,2025,,Total,General,Unspecified,18238,tonnes CO2e,0.65,medium,statement_extraction,heineken_n_v_annual_report_2024_final_20feb2025.pdf,06ffcc938bb3,2025-10-25T17:32:16.335Z,2025-10-25T17:32:16.335Z,2025-10-25T17:32:16.335Z,1.0,active
07fe1640-4b07-4335-9d45-877cf5f1be3b,06ffcc938bb3,Heineken NV,2025,,Total,General,Unspecified,1080,tonnes CO2e,0.65,medium,statement_extraction,heineken_n_v_annual_report_2024_final_20feb2025.pdf,06ffcc938bb3,2025-10-25T17:32:16.335Z,2025-10-25T17:32:16.335Z,2025-10-25T17:32:16.335Z,1.0,active
f60cc66f-0241-4c1e-8436-67be2d295fb1,06ffcc938bb3,Heineken NV,2023,,Total,General,Unspecified,1.73,tonnes CO2e,0.80,high,statement_extraction,heineken_n_v_annual_report_2024_final_20feb2025.pdf,06ffcc938bb3,2025-10-25T17:32:16.335Z,2025-10-25T17:32:16.335Z,2025-10-25T17:32:16.335Z,1.0,active
9df57621-2c7a-4073-ac60-91de86889920,06ffcc938bb3,Heineken NV,2023,,Total,General,Unspecified,2733,tonnes CO2e,0.80,high,statement_extraction,heineken_n_v_annual_report_2024_final_20feb2025.pdf,06ffcc938bb3,2025-10-25T17:32:16.335Z,2025-10-25T17:32:16.335Z,2025-10-25T17:32:16.335Z,1.0,active
3a4b89b8-5eeb-4d82-ae95-100e38761268,06ffcc938bb3,Heineken NV,2025,,Total,General,Unspecified,9734,tonnes CO2e,0.65,medium,statement_extraction,heineken_n_v_annual_report_2024_final_20feb2025.pdf,06ffcc938bb3,2025-10-25T17:32:16.335Z,2025-10-25T17:32:16.335Z,2025-10-25T17:32:16.335Z,1.0,active
b5141ff3-8309-4bf3-ac39-417dba5d989a,06ffcc938bb3,Heineken NV,2025,,Total,General,Unspecified,9630,tonnes CO2e,0.65,medium,statement_extraction,heineken_n_v_annual_report_2024_final_20feb2025.pdf,06ffcc938bb3,2025-10-25T17:32:16.335Z,2025-10-25T17:32:16.335Z,2025-10-25T17:32:16.335Z,1.0,active
86862f9b-87e1-455a-9ee9-49ef8e9cc3ab,06ffcc938bb3,Heineken NV,2025,,Total,General,Unspecified,121,tonnes CO2e,0.65,medium,statement_extraction,heineken_n_v_annual_report_2024_final_20feb2025.pdf,06ffcc938bb3,2025-10-25T17:32:16.335Z,2025-10-25T17:32:16.335Z,2025-10-25T17:32:16.335Z,1.0,active
ba74edcb-97e7-45b4-a4f5-1c6de2fe269c,06ffcc938bb3,Heineken NV,2023,,Total,General,Unspecified,226,tonnes CO2e,0.80,high,statement_extraction,heineken_n_v_annual_report_2024_final_20feb2025.pdf,06ffcc938bb3,2025-10-25T17:32:16.335Z,2025-10-25T17:32:16.335Z,2025-10-25T17:32:16.335Z,1.0,active
74a19937-e0d8-4aac-a21f-8ed11684b272,06ffcc938bb3,Heineken NV,2024,,Total,General,Unspecified,161,tonnes CO2e,0.80,high,statement_extraction,heineken_n_v_annual_report_2024_final_20feb2025.pdf,06ffcc938bb3,2025-10-25T17:32:16.335Z,2025-10-25T17:32:16.335Z,2025-10-25T17:32:16.335Z,1.0,active
7c86941d-87bb-4761-9ce7-5aa9f42eae44,06ffcc938bb3,Heineken NV,2023,,Total,General,Unspecified,168,tonnes CO2e,0.80,high,statement_extraction,heineken_n_v_annual_report_2024_final_20feb2025.pdf,06ffcc938bb3,2025-10-25T17:32:16.335Z,2025-10-25T17:32:16.335Z,2025-10-25T17:32:16.335Z,1.0,active
8eca7410-4406-42d8-b4ba-a3ffa8cc3af4,06ffcc938bb3,Heineken NV,2024,,Total,General,Unspecified,847,tonnes CO2e,0.80,high,statement_extraction,heineken_n_v_annual_report_2024_final_20feb2025.pdf,06ffcc938bb3,2025-10-25T17:32:16.335Z,2025-10-25T17:32:16.335Z,2025-10-25T17:32:16.335Z,1.0,active
6f8de4a1-e9c4-4232-9a85-cc4825865923,06ffcc938bb3,Heineken NV,2025,,Total,General,Unspecified,6781,tonnes CO2e,0.65,medium,statement_extraction,heineken_n_v_annual_report_2024_final_20feb2025.pdf,06ffcc938bb3,2025-10-25T17:32:16.335Z,2025-10-25T17:32:16.335Z,2025-10-25T17:32:16.335Z,1.0,active
50036528-b398-4f11-97db-90cf49dac7fc,06ffcc938bb3,Heineken NV,2025,,Total,General,Unspecified,34,tonnes CO2e,0.65,medium,statement_extraction,heineken_n_v_annual_report_2024_final_20feb2025.pdf,06ffcc938bb3,2025-10-25T17:32:16.335Z,2025-10-25T17:32:16.335Z,2025-10-25T17:32:16.335Z,1.0,active
df20e9ae-3074-4625-9131-b41ba6a74fc4,06ffcc938bb3,Heineken NV,2025,,Total,General,Unspecified,8,tonnes CO2e,0.65,medium,statement_extraction,heineken_n_v_annual_report_2024_final_20feb2025.pdf,06ffcc938bb3,2025-10-25T17:32:16.335Z,2025-10-25T17:32:16.335Z,2025-10-25T17:32:16.335Z,1.0,active
8c7e1ab3-c389-4343-b593-1755cba111b8,06ffcc938bb3,Heineken NV,2025,,Total,General,Unspecified,35210,tonnes CO2e,0.65,medium,statement_extraction,heineken_n_v_annual_report_2024_final_20feb2025.pdf,06ffcc938bb3,2025-10-25T17:32:16.335Z,2025-10-25T17:32:16.335Z,2025-10-25T17:32:16.335Z,1.0,active
d6091d23-f221-4cde-8b7d-ac8aff390359,06ffcc938bb3,Heineken NV,2025,,Total,General,Unspecified,45,tonnes CO2e,0.65,medium,statement_extraction,heineken_n_v_annual_report_2024_final_20feb2025.pdf,06ffcc938bb3,2025-10-25T17:32:16.335Z,2025-10-25T17:32:16.335Z,2025-10-25T17:32:16.335Z,1.0,active
c84347d3-18c7-4440-849d-81be35ddb62f,06ffcc938bb3,Heineken NV,2025,,Total,General,Unspecified,35255,tonnes CO2e,0.65,medium,statement_extraction,heineken_n_v_annual_report_2024_final_20feb2025.pdf,06ffcc938bb3,2025-10-25T17:32:16.335Z,2025-10-25T17:32:16.335Z,2025-10-25T17:32:16.335Z,1.0,active
80a78886-9f7b-4287-a95d-c06f2c1f2ce1,06ffcc938bb3,Heineken NV,2025,,Total,General,Unspecified,20056,tonnes CO2e,0.65,medium,statement_extraction,heineken_n_v_annual_report_2024_final_20feb2025.pdf,06ffcc938bb3,2025-10-25T17:32:16.335Z,2025-10-25T17:32:16.335Z,2025-10-25T17:32:16.335Z,1.0,active
2fc69feb-fb82-49c3-bdb0-dba142d5433b,06ffcc938bb3,Heineken NV,2025,,Total,General,Unspecified,12759,tonnes CO2e,0.65,medium,statement_extraction,heineken_n_v_annual_report_2024_final_20feb2025.pdf,06ffcc938bb3,2025-10-25T17:32:16.335Z,2025-10-25T17:32:16.335Z,2025-10-25T17:32:16.335Z,1.0,active
e0a9efdc-964b-4fd8-82f4-edc6c5834972,06ffcc938bb3,Heineken NV,2025,,Total,General,Unspecified,2440,tonnes CO2e,0.65,medium,statement_extraction,heineken_n_v_annual_report_2024_final_20feb2025.pdf,06ffcc938bb3,2025-10-25T17:32:16.335Z,2025-10-25T17:32:16.335Z,2025-10-25T17:32:16.335Z,1.0,active
ceadc719-9628-43d3-adbd-de591915ed28,06ffcc938bb3,Heineken NV,2025,,Total,General,Unspecified,15199,tonnes CO2e,0.65,medium,statement_extraction,heineken_n_v_annual_report_2024_final_20feb2025.pdf,06ffcc938bb3,2025-10-25T17:32:16.335Z,2025-10-25T17:32:16.335Z,2025-10-25T17:32:16.335Z,1.0,active
5b786919-8053-4056-a76d-7810c2c790f9,06ffcc938bb3,Heineken NV,2025,,Total,General,Unspecified,506,tonnes CO2e,0.65,medium,statement_extraction,heineken_n_v_annual_report_2024_final_20feb2025.pdf,06ffcc938bb3,2025-10-25T17:32:16.335Z,2025-10-25T17:32:16.335Z,2025-10-25T17:32:16.335Z,1.0,active
998032cf-b660-4bfe-9e6f-8d2dbc6f4132,06ffcc938bb3,Heineken NV,2025,,Total,General,Unspecified,14706,tonnes CO2e,0.65,medium,statement_extraction,heineken_n_v_annual_report_2024_final_20feb2025.pdf,06ffcc938bb3,2025-10-25T17:32:16.335Z,2025-10-25T17:32:16.335Z,2025-10-25T17:32:16.335Z,1.0,active
099cc9b5-aa99-409c-b2e8-209450dd1dcb,06ffcc938bb3,Heineken NV,2025,,Total,General,Unspecified,13.9,tonnes CO2e,0.65,medium,statement_extraction,heineken_n_v_annual_report_2024_final_20feb2025.pdf,06ffcc938bb3,2025-10-25T17:32:16.335Z,2025-10-25T17:32:16.335Z,2025-10-25T17:32:16.335Z,1.0,active
8da8a54a-4f30-4622-9c23-015dc1d66322,06ffcc938bb3,Heineken NV,2022,,Scope 1,General,Unspecified,3,tonnes CO2e,0.90,high,statement_extraction,heineken_n_v_annual_report_2024_final_20feb2025.pdf,06ffcc938bb3,2025-10-25T17:32:16.335Z,2025-10-25T17:32:16.335Z,2025-10-25T17:32:16.335Z,1.0,active
310d4c73-9f78-49f5-b75f-b5790bd07c71,06ffcc938bb3,Heineken NV,2022,,Scope 3,General,Unspecified,3,tonnes CO2e,0.90,high,statement_extraction,heineken_n_v_annual_report_2024_final_20feb2025.pdf,06ffcc938bb3,2025-10-25T17:32:16.335Z,2025-10-25T17:32:16.335Z,2025-10-25T17:32:16.335Z,1.0,active
80858e62-6370-4342-8291-c074a8cfe62e,06ffcc938bb3,Heineken NV,2025,,Total,General,Unspecified,2040,tonnes CO2e,0.65,medium,statement_extraction,heineken_n_v_annual_report_2024_final_20feb2025.pdf,06ffcc938bb3,2025-10-25T17:32:16.335Z,2025-10-25T17:32:16.335Z,2025-10-25T17:32:16.335Z,1.0,active
1bef9390-c840-4c95-9ab5-f939c5751061,06ffcc938bb3,Heineken NV,2025,,Scope 1,General,Unspecified,90,tonnes CO2e,0.75,high,statement_extraction,heineken_n_v_annual_report_2024_final_20feb2025.pdf,06ffcc938bb3,2025-10-25T17:32:16.335Z,2025-10-25T17:32:16.335Z,2025-10-25T17:32:16.335Z,1.0,active
ae13f49c-b16c-4aff-a5bd-738197c8a2bb,06ffcc938bb3,Heineken NV,2025,,Scope 1,General,Unspecified,26,tonnes CO2e,0.75,high,statement_extraction,heineken_n_v_annual_report_2024_final_20feb2025.pdf,06ffcc938bb3,2025-10-25T17:32:16.335Z,2025-10-25T17:32:16.335Z,2025-10-25T17:32:16.335Z,1.0,active
15f17990-4a39-4f6a-a94d-bb0fb563e812,06ffcc938bb3,Heineken NV,2030,1,Scope 1,General,Unspecified,3,tonnes CO2e,0.90,high,statement_extraction,heineken_n_v_annual_report_2024_final_20feb2025.pdf,06ffcc938bb3,2025-10-25T17:32:16.335Z,2025-10-25T17:32:16.335Z,2025-10-25T17:32:16.335Z,1.0,active
a5a80ae5-2e85-45c4-9246-7f55018673a0,06ffcc938bb3,Heineken NV,2030,1,Scope 1,Energy,Fossil Fuel Combustion,2,tonnes CO2e,1.00,high,statement_extraction,heineken_n_v_annual_report_2024_final_20feb2025.pdf,06ffcc938bb3,2025-10-25T17:32:16.335Z,2025-10-25T17:32:16.335Z,2025-10-25T17:32:16.335Z,1.0,active
640fe008-8d12-40a6-8f6a-d3de3f5e26fb,06ffcc938bb3,Heineken NV,2025,,Scope 1,General,Unspecified,3,tonnes CO2e,0.75,high,statement_extraction,heineken_n_v_annual_report_2024_final_20feb2025.pdf,06ffcc938bb3,2025-10-25T17:32:16.335Z,2025-10-25T17:32:16.335Z,2025-10-25T17:32:16.335Z,1.0,active
8f3771e2-6435-411b-b058-43c07c8bdb3b,06ffcc938bb3,Heineken NV,2025,,Scope 1,Energy,Fossil Fuel Combustion,2,tonnes CO2e,0.85,high,statement_extraction,heineken_n_v_annual_report_2024_final_20feb2025.pdf,06ffcc938bb3,2025-10-25T17:32:16.335Z,2025-10-25T17:32:16.335Z,2025-10-25T17:32:16.335Z,1.0,active
3b3e7606-bfdf-4482-abe4-e6e24c4c805f,06ffcc938bb3,Heineken NV,2025,,Scope 1,Energy,Fossil Fuel Combustion,3,tonnes CO2e,0.85,high,statement_extraction,heineken_n_v_annual_report_2024_final_20feb2025.pdf,06ffcc938bb3,2025-10-25T17:32:16.335Z,2025-10-25T17:32:16.335Z,2025-10-25T17:32:16.335Z,1.0,active
cd99d5ee-f827-4297-89b2-c34d01aef5dd,06ffcc938bb3,Heineken NV,2024,,Scope 1,General,Unspecified,15.9,tonnes CO2e,0.90,high,statement_extraction,heineken_n_v_annual_report_2024_final_20feb2025.pdf,06ffcc938bb3,2025-10-25T17:32:16.335Z,2025-10-25T17:32:16.335Z,2025-10-25T17:32:16.335Z,1.0,active
ae3b96e0-b685-41c9-b260-a1a0355901ab,06ffcc938bb3,Heineken NV,2025,,Scope 1,General,Unspecified,22030,tonnes CO2e,0.75,high,statement_extraction,heineken_n_v_annual_report_2024_final_20feb2025.pdf,06ffcc938bb3,2025-10-25T17:32:16.335Z,2025-10-25T17:32:16.335Z,2025-10-25T17:32:16.335Z,1.0,active
ef59a903-4601-4c1d-a725-f1db6fd81b2c,06ffcc938bb3,Heineken NV,2030,1,Scope 3,General,Unspecified,26,tonnes CO2e,0.90,high,statement_extraction,heineken_n_v_annual_report_2024_final_20feb2025.pdf,06ffcc938bb3,2025-10-25T17:32:16.335Z,2025-10-25T17:32:16.335Z,2025-10-25T17:32:16.335Z,1.0,active
19021c52-adac-4603-b9cb-372702fb7d14,06ffcc938bb3,Heineken NV,2030,1,Scope 3,General,Unspecified,3,tonnes CO2e,0.90,high,statement_extraction,heineken_n_v_annual_report_2024_final_20feb2025.pdf,06ffcc938bb3,2025-10-25T17:32:16.335Z,2025-10-25T17:32:16.335Z,2025-10-25T17:32:16.335Z,1.0,active
7e2ad58a-d0c6-441a-8d60-202bacb01411,06ffcc938bb3,Heineken NV,2024,,Scope 1,General,Unspecified,3,tonnes CO2e,0.90,high,statement_extraction,heineken_n_v_annual_report_2024_final_20feb2025.pdf,06ffcc938bb3,2025-10-25T17:32:16.335Z,2025-10-25T17:32:16.335Z,2025-10-25T17:32:16.335Z,1.0,active
cca2515d-3969-46f6-8049-e06980df4b9d,06ffcc938bb3,Heineken NV,2023,,Scope 1,General,Unspecified,3,tonnes CO2e,0.90,high,statement_extraction,heineken_n_v_annual_report_2024_final_20feb2025.pdf,06ffcc938bb3,2025-10-25T17:32:16.335Z,2025-10-25T17:32:16.335Z,2025-10-25T17:32:16.335Z,1.0,active
dd464022-b47f-4755-9086-12a45e883be9,06ffcc938bb3,Heineken NV,2022,,Scope 1,General,Unspecified,34,tonnes CO2e,0.90,high,statement_extraction,heineken_n_v_annual_report_2024_final_20feb2025.pdf,06ffcc938bb3,2025-10-25T17:32:16.335Z,2025-10-25T17:32:16.335Z,2025-10-25T17:32:16.335Z,1.0,active
25c590e1-8464-4fad-a463-ca96191b0baf,06ffcc938bb3,Heineken NV,2022,,Scope 3,Energy,Energy-Related Activities,11,tonnes CO2e,1.00,high,statement_extraction,heineken_n_v_annual_report_2024_final_20feb2025.pdf,06ffcc938bb3,2025-10-25T17:32:16.335Z,2025-10-25T17:32:16.335Z,2025-10-25T17:32:16.335Z,1.0,active
c7f90431-a9bf-4faa-b242-9df52f696b29,06ffcc938bb3,Heineken NV,2024,,Total,Energy,Energy,100,tonnes CO2e,0.90,high,statement_extraction,heineken_n_v_annual_report_2024_final_20feb2025.pdf,06ffcc938bb3,2025-10-25T17:32:16.335Z,2025-10-25T17:32:16.335Z,2025-10-25T17:32:16.335Z,1.0,active
95d26416-5a78-4e7a-89ef-c00a01b755c6,06ffcc938bb3,Heineken NV,2025,,Scope 1,Transportation,Company Vehicles,2,tonnes CO2e,0.85,high,statement_extraction,heineken_n_v_annual_report_2024_final_20feb2025.pdf,06ffcc938bb3,2025-10-25T17:32:16.335Z,2025-10-25T17:32:16.335Z,2025-10-25T17:32:16.335Z,1.0,active
d4d40cef-f32e-4d80-b0d0-3b97e586e4df,06ffcc938bb3,Heineken NV,2025,,Scope 1,General,Unspecified,1,tonnes CO2e,0.75,high,statement_extraction,heineken_n_v_annual_report_2024_final_20feb2025.pdf,06ffcc938bb3,2025-10-25T17:32:16.335Z,2025-10-25T17:32:16.335Z,2025-10-25T17:32:16.335Z,1.0,active
91006239-c50d-4e66-9528-65b458e636e9,06ffcc938bb3,Heineken NV,2025,,Scope 3,Purchased Goods,Supply Chain Emissions,3,tonnes CO2e,0.85,high,statement_extraction,heineken_n_v_annual_report_2024_final_20feb2025.pdf,06ffcc938bb3,2025-10-25T17:32:16.335Z,2025-10-25T17:32:16.335Z,2025-10-25T17:32:16.335Z,1.0,active
3ff2b453-fdf0-4895-bc2c-deffcf83d989,06ffcc938bb3,Heineken NV,2022,,Total,General,Unspecified,2,tonnes CO2e,0.80,high,statement_extraction,heineken_n_v_annual_report_2024_final_20feb2025.pdf,06ffcc938bb3,2025-10-25T17:32:16.335Z,2025-10-25T17:32:16.335Z,2025-10-25T17:32:16.335Z,1.0,active
179b8313-ccf3-4559-ba97-60cf2fc8d5a2,06ffcc938bb3,Heineken NV,2024,,Scope 1,General,Unspecified,525,tonnes CO2e,0.90,high,statement_extraction,heineken_n_v_annual_report_2024_final_20feb2025.pdf,06ffcc938bb3,2025-10-25T17:32:16.335Z,2025-10-25T17:32:16.335Z,2025-10-25T17:32:16.335Z,1.0,active
6184d5c4-4a15-46da-a27f-d26c6b51cd2d,06ffcc938bb3,Heineken NV,2024,,Total,General,Unspecified,29,tonnes CO2e,0.80,high,statement_extraction,heineken_n_v_annual_report_2024_final_20feb2025.pdf,06ffcc938bb3,2025-10-25T17:32:16.335Z,2025-10-25T17:32:16.335Z,2025-10-25T17:32:16.335Z,1.0,active
db302e94-c5db-4763-8f72-727e27d5efe9,06ffcc938bb3,Heineken NV,2024,,Total,General,Unspecified,1.15,tonnes CO2e,0.80,high,statement_extraction,heineken_n_v_annual_report_2024_final_20feb2025.pdf,06ffcc938bb3,2025-10-25T17:32:16.335Z,2025-10-25T17:32:16.335Z,2025-10-25T17:32:16.335Z,1.0,active
ebbc3c64-16d3-4fd7-90b5-fb69dea27c41,06ffcc938bb3,Heineken NV,2025,,Total,General,Unspecified,47,tonnes CO2e,0.65,medium,statement_extraction,heineken_n_v_annual_report_2024_final_20feb2025.pdf,06ffcc938bb3,2025-10-25T17:32:16.335Z,2025-10-25T17:32:16.335Z,2025-10-25T17:32:16.335Z,1.0,active
13d7f1a2-9c97-4936-bb5d-7a49827bd31a,06ffcc938bb3,Heineken NV,2024,,Total,Waste,Waste,3,tonnes CO2e,0.90,high,statement_extraction,heineken_n_v_annual_report_2024_final_20feb2025.pdf,06ffcc938bb3,2025-10-25T17:32:16.335Z,2025-10-25T17:32:16.335Z,2025-10-25T17:32:16.335Z,1.0,active
1c8b6d39-7a9c-4cfb-bd40-edb7c7783314,06ffcc938bb3,Heineken NV,2025,,Total,General,Unspecified,19313,tonnes CO2e,0.65,medium,statement_extraction,heineken_n_v_annual_report_2024_final_20feb2025.pdf,06ffcc938bb3,2025-10-25T17:32:16.335Z,2025-10-25T17:32:16.335Z,2025-10-25T17:32:16.335Z,1.0,active
fb55b3c0-30ae-434d-8a3b-9e962e15c729,06ffcc938bb3,Heineken NV,2025,,Total,General,Unspecified,6.6,tonnes CO2e,0.65,medium,statement_extraction,heineken_n_v_annual_report_2024_final_20feb2025.pdf,06ffcc938bb3,2025-10-25T17:32:16.335Z,2025-10-25T17:32:16.335Z,2025-10-25T17:32:16.335Z,1.0,active
6161f2e6-ba61-40b0-b2cc-19af7b408718,06ffcc938bb3,Heineken NV,2025,,Total,General,Unspecified,7.2,tonnes CO2e,0.65,medium,statement_extraction,heineken_n_v_annual_report_2024_final_20feb2025.pdf,06ffcc938bb3,2025-10-25T17:32:16.335Z,2025-10-25T17:32:16.335Z,2025-10-25T17:32:16.335Z,1.0,active
2b322dc9-1d10-4911-961b-719eadb4447a,06ffcc938bb3,Heineken NV,2024,,Total,General,Unspecified,14,tonnes CO2e,0.80,high,statement_extraction,heineken_n_v_annual_report_2024_final_20feb2025.pdf,06ffcc938bb3,2025-10-25T17:32:16.335Z,2025-10-25T17:32:16.335Z,2025-10-25T17:32:16.335Z,1.0,active
d45cbbff-5c60-4315-94ef-479c576d1e45,06ffcc938bb3,Heineken NV,2024,,Total,General,Unspecified,28.4,tonnes CO2e,0.80,high,statement_extraction,heineken_n_v_annual_report_2024_final_20feb2025.pdf,06ffcc938bb3,2025-10-25T17:32:16.335Z,2025-10-25T17:32:16.335Z,2025-10-25T17:32:16.335Z,1.0,active
30ea69c0-a6de-47c7-b3cb-c7280942cf8c,06ffcc938bb3,Heineken NV,2024,,Total,General,Unspecified,7171143,tonnes CO2e,0.80,high,statement_extraction,heineken_n_v_annual_report_2024_final_20feb2025.pdf,06ffcc938bb3,2025-10-25T17:32:16.335Z,2025-10-25T17:32:16.335Z,2025-10-25T17:32:16.335Z,1.0,active
cad983d5-0267-4058-8350-0518eb62846d,06ffcc938bb3,Heineken NV,2025,,Total,General,Unspecified,200000,tonnes CO2e,0.65,medium,statement_extraction,heineken_n_v_annual_report_2024_final_20feb2025.pdf,06ffcc938bb3,2025-10-25T17:32:16.335Z,2025-10-25T17:32:16.335Z,2025-10-25T17:32:16.335Z,1.0,active
14455575-b859-41f5-897a-3c71936df3e5,06ffcc938bb3,Heineken NV,2025,,Total,General,Unspecified,0.91,tonnes CO2e,0.65,medium,statement_extraction,heineken_n_v_annual_report_2024_final_20feb2025.pdf,06ffcc938bb3,2025-10-25T17:32:16.335Z,2025-10-25T17:32:16.335Z,2025-10-25T17:32:16.335Z,1.0,active
36ef603a-61e1-40df-b100-573d25e13ffd,06ffcc938bb3,Heineken NV,2024,,Total,General,Unspecified,10,tonnes CO2e,0.80,high,statement_extraction,heineken_n_v_annual_report_2024_final_20feb2025.pdf,06ffcc938bb3,2025-10-25T17:32:16.335Z,2025-10-25T17:32:16.335Z,2025-10-25T17:32:16.335Z,1.0,active
fb0875d9-53ad-4ee6-aa60-6fbe1b3b527c,06ffcc938bb3,Heineken NV,2024,,Total,Direct Emissions,Direct Emissions,91,tonnes CO2e,0.90,high,statement_extraction,heineken_n_v_annual_report_2024_final_20feb2025.pdf,06ffcc938bb3,2025-10-25T17:32:16.335Z,2025-10-25T17:32:16.335Z,2025-10-25T17:32:16.335Z,1.0,active
2ce296ef-9c8b-40d8-b93b-6c84a3076bc9,06ffcc938bb3,Heineken NV,2024,,Total,General,Unspecified,53,tonnes CO2e,0.80,high,statement_extraction,heineken_n_v_annual_report_2024_final_20feb2025.pdf,06ffcc938bb3,2025-10-25T17:32:16.335Z,2025-10-25T17:32:16.335Z,2025-10-25T17:32:16.335Z,1.0,active
a2712ffe-a116-43ca-bd98-618390214c0d,06ffcc938bb3,Heineken NV,2025,,Total,General,Unspecified,2,tonnes CO2e,0.65,medium,statement_extraction,heineken_n_v_annual_report_2024_final_20feb2025.pdf,06ffcc938bb3,2025-10-25T17:32:16.335Z,2025-10-25T17:32:16.335Z,2025-10-25T17:32:16.335Z,1.0,active
10a313cf-8357-4474-8ef5-226e203d59d9,06ffcc938bb3,Heineken NV,2025,,Scope 1,General,Unspecified,55,tonnes CO2e,0.75,high,statement_extraction,heineken_n_v_annual_report_2024_final_20feb2025.pdf,06ffcc938bb3,2025-10-25T17:32:16.335Z,2025-10-25T17:32:16.335Z,2025-10-25T17:32:16.335Z,1.0,active
bc492817-dad0-4590-be59-c2886db4d59b,06ffcc938bb3,Heineken NV,2025,,Total,General,Unspecified,222,tonnes CO2e,0.65,medium,statement_extraction,heineken_n_v_annual_report_2024_final_20feb2025.pdf,06ffcc938bb3,2025-10-25T17:32:16.335Z,2025-10-25T17:32:16.335Z,2025-10-25T17:32:16.335Z,1.0,active
58053865-81f5-4e60-a205-ec33cc6c8df4,06ffcc938bb3,Heineken NV,2025,,Scope 2,General,Unspecified,2,tonnes CO2e,0.75,high,statement_extraction,heineken_n_v_annual_report_2024_final_20feb2025.pdf,06ffcc938bb3,2025-10-25T17:32:16.335Z,2025-10-25T17:32:16.335Z,2025-10-25T17:32:16.335Z,1.0,active
3faf5451-1cf2-4510-9b7c-ba7eaff77e1e,06ffcc938bb3,Heineken NV,2025,,Scope 1,General,Unspecified,2004,tonnes CO2e,0.75,high,statement_extraction,heineken_n_v_annual_report_2024_final_20feb2025.pdf,06ffcc938bb3,2025-10-25T17:32:16.335Z,2025-10-25T17:32:16.335Z,2025-10-25T17:32:16.335Z,1.0,active
94e67b98-cf30-4093-874b-c8f7979381fb,06ffcc938bb3,Heineken NV,2015,,Scope 1,Energy,Fossil Fuel Combustion,2,tonnes CO2e,1.00,high,statement_extraction,heineken_n_v_annual_report_2024_final_20feb2025.pdf,06ffcc938bb3,2025-10-25T17:32:16.335Z,2025-10-25T17:32:16.335Z,2025-10-25T17:32:16.335Z,1.0,active
b5fb9f18-a9ff-4826-b55c-ef79ba43fc67,06ffcc938bb3,Heineken NV,2022,,Scope 1,Direct Emissions,Direct Operations,2,tonnes CO2e,1.00,high,statement_extraction,heineken_n_v_annual_report_2024_final_20feb2025.pdf,06ffcc938bb3,2025-10-25T17:32:16.335Z,2025-10-25T17:32:16.335Z,2025-10-25T17:32:16.335Z,1.0,active
2c811cc2-095c-435a-bcf2-104bb8784491,06ffcc938bb3,Heineken NV,2025,,Scope 1,Energy,Fossil Fuel Combustion,1,tonnes CO2e,0.85,high,statement_extraction,heineken_n_v_annual_report_2024_final_20feb2025.pdf,06ffcc938bb3,2025-10-25T17:32:16.335Z,2025-10-25T17:32:16.335Z,2025-10-25T17:32:16.335Z,1.0,active
1e60b6ba-68b9-4a2d-9413-e84d2410172f,06ffcc938bb3,Heineken NV,2025,,Scope 3,General,Unspecified,13,tonnes CO2e,0.75,high,statement_extraction,heineken_n_v_annual_report_2024_final_20feb2025.pdf,06ffcc938bb3,2025-10-25T17:32:16.335Z,2025-10-25T17:32:16.335Z,2025-10-25T17:32:16.335Z,1.0,active
b0c3d01f-d2f8-4b0d-9750-0761b5bbd538,06ffcc938bb3,Heineken NV,2025,,Scope 3,General,Unspecified,2,tonnes CO2e,0.75,high,statement_extraction,heineken_n_v_annual_report_2024_final_20feb2025.pdf,06ffcc938bb3,2025-10-25T17:32:16.335Z,2025-10-25T17:32:16.335Z,2025-10-25T17:32:16.335Z,1.0,active
41b3db9f-527f-433e-8e32-01c461141e59,06ffcc938bb3,Heineken NV,2025,,Total,General,Unspecified,80,tonnes CO2e,0.65,medium,statement_extraction,heineken_n_v_annual_report_2024_final_20feb2025.pdf,06ffcc938bb3,2025-10-25T17:32:16.335Z,2025-10-25T17:32:16.335Z,2025-10-25T17:32:16.335Z,1.0,active
ccc55495-ad17-4f7a-8fab-29cd1ad00aa1,06ffcc938bb3,Heineken NV,2025,,Scope 1,Energy,Fossil Fuel Combustion,181,tonnes CO2e,0.85,high,statement_extraction,heineken_n_v_annual_report_2024_final_20feb2025.pdf,06ffcc938bb3,2025-10-25T17:32:16.335Z,2025-10-25T17:32:16.335Z,2025-10-25T17:32:16.335Z,1.0,active
cec4acda-d0db-4826-bc6e-bf4497f9868b,06ffcc938bb3,Heineken NV,2025,,Total,General,Unspecified,811,tonnes CO2e,0.65,medium,statement_extraction,heineken_n_v_annual_report_2024_final_20feb2025.pdf,06ffcc938bb3,2025-10-25T17:32:16.335Z,2025-10-25T17:32:16.335Z,2025-10-25T17:32:16.335Z,1.0,active
2ad8ced9-3cfe-4ab6-bcf3-362da53a3a09,06ffcc938bb3,Heineken NV,2025,,Total,General,Unspecified,14392,tonnes CO2e,0.65,medium,statement_extraction,heineken_n_v_annual_report_2024_final_20feb2025.pdf,06ffcc938bb3,2025-10-25T17:32:16.335Z,2025-10-25T17:32:16.335Z,2025-10-25T17:32:16.335Z,1.0,active
ec5a142e-4936-49aa-8faa-644ecdab41f2,06ffcc938bb3,Heineken NV,2025,,Total,General,Unspecified,42632,tonnes CO2e,0.65,medium,statement_extraction,heineken_n_v_annual_report_2024_final_20feb2025.pdf,06ffcc938bb3,2025-10-25T17:32:16.335Z,2025-10-25T17:32:16.335Z,2025-10-25T17:32:16.335Z,1.0,active
2cc33754-5ed5-4f50-8416-c6d4978f292e,06ffcc938bb3,Heineken NV,2025,,Total,General,Unspecified,0.47,tonnes CO2e,0.65,medium,statement_extraction,heineken_n_v_annual_report_2024_final_20feb2025.pdf,06ffcc938bb3,2025-10-25T17:32:16.335Z,2025-10-25T17:32:16.335Z,2025-10-25T17:32:16.335Z,1.0,active
9246410d-2486-4aa2-9b13-7337e63f1f4b,06ffcc938bb3,Heineken NV,2025,,Total,General,Unspecified,33612,tonnes CO2e,0.65,medium,statement_extraction,heineken_n_v_annual_report_2024_final_20feb2025.pdf,06ffcc938bb3,2025-10-25T17:32:16.335Z,2025-10-25T17:32:16.335Z,2025-10-25T17:32:16.335Z,1.0,active
d818dd68-8678-482c-99bb-cb4f4382260d,06ffcc938bb3,Heineken NV,2025,,Total,General,Unspecified,9020,tonnes CO2e,0.65,medium,statement_extraction,heineken_n_v_annual_report_2024_final_20feb2025.pdf,06ffcc938bb3,2025-10-25T17:32:16.335Z,2025-10-25T17:32:16.335Z,2025-10-25T17:32:16.335Z,1.0,active
53af5315-c2be-4be6-9601-89ca08b1dc74,06ffcc938bb3,Heineken NV,2025,,Total,General,Unspecified,0.43,tonnes CO2e,0.65,medium,statement_extraction,heineken_n_v_annual_report_2024_final_20feb2025.pdf,06ffcc938bb3,2025-10-25T17:32:16.335Z,2025-10-25T17:32:16.335Z,2025-10-25T17:32:16.335Z,1.0,active
1c03ff99-7301-4cb9-8bac-51bacfb44093,06ffcc938bb3,Heineken NV,2025,,Total,General,Unspecified,6.3,tonnes CO2e,0.65,medium,statement_extraction,heineken_n_v_annual_report_2024_final_20feb2025.pdf,06ffcc938bb3,2025-10-25T17:32:16.335Z,2025-10-25T17:32:16.335Z,2025-10-25T17:32:16.335Z,1.0,active
7bf9b753-c5c8-4ac3-a455-3fc3917c25e3,06ffcc938bb3,Heineken NV,2025,,Total,General,Unspecified,8.5,tonnes CO2e,0.65,medium,statement_extraction,heineken_n_v_annual_report_2024_final_20feb2025.pdf,06ffcc938bb3,2025-10-25T17:32:16.335Z,2025-10-25T17:32:16.335Z,2025-10-25T17:32:16.335Z,1.0,active
2072c97b-9290-4e91-9d1e-46e7f4b636db,06ffcc938bb3,Heineken NV,2022,,Scope 3,General,Unspecified,2030,tonnes CO2e,0.90,high,statement_extraction,heineken_n_v_annual_report_2024_final_20feb2025.pdf,06ffcc938bb3,2025-10-25T17:32:16.335Z,2025-10-25T17:32:16.335Z,2025-10-25T17:32:16.335Z,1.0,active
dc9d5136-2ad9-456e-8ea4-506b0634013c,06ffcc938bb3,Heineken NV,2018,,Scope 1,General,Unspecified,2022,tonnes CO2e,0.90,high,statement_extraction,heineken_n_v_annual_report_2024_final_20feb2025.pdf,06ffcc938bb3,2025-10-25T17:32:16.335Z,2025-10-25T17:32:16.335Z,2025-10-25T17:32:16.335Z,1.0,active
170e3921-2a47-400d-a482-200000da309f,06ffcc938bb3,Heineken NV,2030,1,Scope 1,General,Unspecified,2040,tonnes CO2e,0.90,high,statement_extraction,heineken_n_v_annual_report_2024_final_20feb2025.pdf,06ffcc938bb3,2025-10-25T17:32:16.335Z,2025-10-25T17:32:16.335Z,2025-10-25T17:32:16.335Z,1.0,active
f62fdccf-83fd-4a56-aeb2-57dfd10429bf,06ffcc938bb3,Heineken NV,2023,,Scope 1,General,Unspecified,34,tonnes CO2e,0.90,high,statement_extraction,heineken_n_v_annual_report_2024_final_20feb2025.pdf,06ffcc938bb3,2025-10-25T17:32:16.335Z,2025-10-25T17:32:16.335Z,2025-10-25T17:32:16.335Z,1.0,active
863eafb3-3fdd-4e29-b5f7-35740addd9cf,06ffcc938bb3,Heineken NV,2026,1,Scope 1,General,Unspecified,2022,tonnes CO2e,0.90,high,statement_extraction,heineken_n_v_annual_report_2024_final_20feb2025.pdf,06ffcc938bb3,2025-10-25T17:32:16.335Z,2025-10-25T17:32:16.335Z,2025-10-25T17:32:16.335Z,1.0,active
a9c879a1-021a-4081-a542-adf3870078dd,06ffcc938bb3,Heineken NV,2030,1,Scope 1,General,Unspecified,2030,tonnes CO2e,0.90,high,statement_extraction,heineken_n_v_annual_report_2024_final_20feb2025.pdf,06ffcc938bb3,2025-10-25T17:32:16.335Z,2025-10-25T17:32:16.335Z,2025-10-25T17:32:16.335Z,1.0,active
42031032-37a0-473c-8833-8517b068a2ed,06ffcc938bb3,Heineken NV,2022,,Scope 1,General,Unspecified,2030,tonnes CO2e,0.90,high,statement_extraction,heineken_n_v_annual_report_2024_final_20feb2025.pdf,06ffcc938bb3,2025-10-25T17:32:16.335Z,2025-10-25T17:32:16.335Z,2025-10-25T17:32:16.335Z,1.0,active
e2fcb0e4-74d1-415a-89d1-da07ed77aa8d,06ffcc938bb3,Heineken NV,2030,1,Scope 1,General,Unspecified,90,tonnes CO2e,0.90,high,statement_extraction,heineken_n_v_annual_report_2024_final_20feb2025.pdf,06ffcc938bb3,2025-10-25T17:32:16.335Z,2025-10-25T17:32:16.335Z,2025-10-25T17:32:16.335Z,1.0,active
0269cfe8-6c9f-4b5e-98e1-e1dacfd309aa,06ffcc938bb3,Heineken NV,2030,1,Scope 1,General,Unspecified,26,tonnes CO2e,0.90,high,statement_extraction,heineken_n_v_annual_report_2024_final_20feb2025.pdf,06ffcc938bb3,2025-10-25T17:32:16.335Z,2025-10-25T17:32:16.335Z,2025-10-25T17:32:16.335Z,1.0,active
5ef7368c-e072-4c80-bc32-00e117e49d2d,06ffcc938bb3,Heineken NV,2030,1,Scope 1,Energy,Fossil Fuel Combustion,2030,tonnes CO2e,1.00,high,statement_extraction,heineken_n_v_annual_report_2024_final_20feb2025.pdf,06ffcc938bb3,2025-10-25T17:32:16.335Z,2025-10-25T17:32:16.335Z,2025-10-25T17:32:16.335Z,1.0,active
5fe46c46-83b5-44ee-8c1c-e3ea210ff343,06ffcc938bb3,Heineken NV,2025,,Scope 1,General,Unspecified,2,tonnes CO2e,0.90,high,statement_extraction,heineken_n_v_annual_report_2024_final_20feb2025.pdf,06ffcc938bb3,2025-10-25T17:32:16.335Z,2025-10-25T17:32:16.335Z,2025-10-25T17:32:16.335Z,1.0,active
ad70c207-f9bf-435d-81ef-f11b7107e7b7,06ffcc938bb3,Heineken NV,2024,,Scope 1,General,Unspecified,2024,tonnes CO2e,0.90,high,statement_extraction,heineken_n_v_annual_report_2024_final_20feb2025.pdf,06ffcc938bb3,2025-10-25T17:32:16.335Z,2025-10-25T17:32:16.335Z,2025-10-25T17:32:16.335Z,1.0,active
40b8810c-d8b7-4825-b85d-619aee4edd22,06ffcc938bb3,Heineken NV,2030,1,Scope 1,General,Unspecified,22030,tonnes CO2e,0.90,high,statement_extraction,heineken_n_v_annual_report_2024_final_20feb2025.pdf,06ffcc938bb3,2025-10-25T17:32:16.335Z,2025-10-25T17:32:16.335Z,2025-10-25T17:32:16.335Z,1.0,active
e0f194c6-d3be-44d5-b041-ac912ffeeeea,06ffcc938bb3,Heineken NV,2023,,Scope 1,General,Unspecified,2,tonnes CO2e,0.90,high,statement_extraction,heineken_n_v_annual_report_2024_final_20feb2025.pdf,06ffcc938bb3,2025-10-25T17:32:16.335Z,2025-10-25T17:32:16.335Z,2025-10-25T17:32:16.335Z,1.0,active
8625710e-64cd-4f57-a126-736c585b4e51,06ffcc938bb3,Heineken NV,2024,,Scope 1,General,Unspecified,16,tonnes CO2e,0.90,high,statement_extraction,heineken_n_v_annual_report_2024_final_20feb2025.pdf,06ffcc938bb3,2025-10-25T17:32:16.335Z,2025-10-25T17:32:16.335Z,2025-10-25T17:32:16.335Z,1.0,active
72deb40b-c75a-42d4-92af-303836c7f7b5,06ffcc938bb3,Heineken NV,2023,,Scope 1,General,Unspecified,2024,tonnes CO2e,0.90,high,statement_extraction,heineken_n_v_annual_report_2024_final_20feb2025.pdf,06ffcc938bb3,2025-10-25T17:32:16.335Z,2025-10-25T17:32:16.335Z,2025-10-25T17:32:16.335Z,1.0,active
cc32bc6e-bdf5-4373-84b5-60b0a24c7360,06ffcc938bb3,Heineken NV,2024,,Scope 1,Energy,Fossil Fuel Combustion,2024,tonnes CO2e,1.00,high,statement_extraction,heineken_n_v_annual_report_2024_final_20feb2025.pdf,06ffcc938bb3,2025-10-25T17:32:16.335Z,2025-10-25T17:32:16.335Z,2025-10-25T17:32:16.335Z,1.0,active
179ed75b-182f-4e2c-b840-f3ebf31bb780,06ffcc938bb3,Heineken NV,2015,,Scope 1,Energy,Fossil Fuel Combustion,2004,tonnes CO2e,1.00,high,statement_extraction,heineken_n_v_annual_report_2024_final_20feb2025.pdf,06ffcc938bb3,2025-10-25T17:32:16.335Z,2025-10-25T17:32:16.335Z,2025-10-25T17:32:16.335Z,1.0,active
678066b8-903d-4554-99da-e74cd4a401c1,06ffcc938bb3,Heineken NV,2022,,Scope 1,General,Unspecified,2022,tonnes CO2e,0.90,high,statement_extraction,heineken_n_v_annual_report_2024_final_20feb2025.pdf,06ffcc938bb3,2025-10-25T17:32:16.335Z,2025-10-25T17:32:16.335Z,2025-10-25T17:32:16.335Z,1.0,active
34bfd1e8-768c-4c77-a51e-3d3ab5519527,06ffcc938bb3,Heineken NV,2015,,Scope 2,Energy,Purchased Electricity,2015,tonnes CO2e,1.00,high,statement_extraction,heineken_n_v_annual_report_2024_final_20feb2025.pdf,06ffcc938bb3,2025-10-25T17:32:16.335Z,2025-10-25T17:32:16.335Z,2025-10-25T17:32:16.335Z,1.0,active
8f6551a5-4eef-46b3-ac0d-eef35b4740c8,06ffcc938bb3,Heineken NV,2022,,Scope 2,General,Unspecified,1,tonnes CO2e,0.90,high,statement_extraction,heineken_n_v_annual_report_2024_final_20feb2025.pdf,06ffcc938bb3,2025-10-25T17:32:16.335Z,2025-10-25T17:32:16.335Z,2025-10-25T17:32:16.335Z,1.0,active
bd7bf112-7ca0-4564-b13c-58868cf0ad83,06ffcc938bb3,Heineken NV,2024,,Scope 3,General,Unspecified,14,tonnes CO2e,0.90,high,statement_extraction,heineken_n_v_annual_report_2024_final_20feb2025.pdf,06ffcc938bb3,2025-10-25T17:32:16.335Z,2025-10-25T17:32:16.335Z,2025-10-25T17:32:16.335Z,1.0,active
5b70665a-09ae-4016-bd16-7014380ab001,06ffcc938bb3,Heineken NV,2022,,Scope 3,Energy,Energy-Related Activities,14,tonnes CO2e,1.00,high,statement_extraction,heineken_n_v_annual_report_2024_final_20feb2025.pdf,06ffcc938bb3,2025-10-25T17:32:16.335Z,2025-10-25T17:32:16.335Z,2025-10-25T17:32:16.335Z,1.0,active
5c06086d-e378-4efa-8f3c-a91777804019,06ffcc938bb3,Heineken NV,2024,,Scope 3,General,Unspecified,2022,tonnes CO2e,0.90,high,statement_extraction,heineken_n_v_annual_report_2024_final_20feb2025.pdf,06ffcc938bb3,2025-10-25T17:32:16.335Z,2025-10-25T17:32:16.335Z,2025-10-25T17:32:16.335Z,1.0,active
45984731-d166-4483-a66a-7979216574cf,06ffcc938bb3,Heineken NV,2030,1,Scope 3,General,Unspecified,2030,tonnes CO2e,0.90,high,statement_extraction,heineken_n_v_annual_report_2024_final_20feb2025.pdf,06ffcc938bb3,2025-10-25T17:32:16.335Z,2025-10-25T17:32:16.335Z,2025-10-25T17:32:16.335Z,1.0,active
6bc1fe5b-d6cc-42e8-8608-3261ecdb4539,06ffcc938bb3,Heineken NV,2030,1,Scope 3,General,Unspecified,2040,tonnes CO2e,0.90,high,statement_extraction,heineken_n_v_annual_report_2024_final_20feb2025.pdf,06ffcc938bb3,2025-10-25T17:32:16.335Z,2025-10-25T17:32:16.335Z,2025-10-25T17:32:16.335Z,1.0,active
4645d530-5005-4e73-b1fd-de796eb7b786,06ffcc938bb3,Heineken NV,2023,,Scope 3,General,Unspecified,2030,tonnes CO2e,0.90,high,statement_extraction,heineken_n_v_annual_report_2024_final_20feb2025.pdf,06ffcc938bb3,2025-10-25T17:32:16.335Z,2025-10-25T17:32:16.335Z,2025-10-25T17:32:16.335Z,1.0,active
9397e31d-70d9-48d0-b794-0d25a545ca8a,06ffcc938bb3,Heineken NV,2023,,Scope 3,General,Unspecified,2023,tonnes CO2e,0.90,high,statement_extraction,heineken_n_v_annual_report_2024_final_20feb2025.pdf,06ffcc938bb3,2025-10-25T17:32:16.335Z,2025-10-25T17:32:16.335Z,2025-10-25T17:32:16.335Z,1.0,active
9fd0eba7-0a22-4bf0-b91d-5c76a998ae32,06ffcc938bb3,Heineken NV,2025,,Scope 3,Direct Emissions,Value Chain,2011,tonnes CO2e,0.85,high,statement_extraction,heineken_n_v_annual_report_2024_final_20feb2025.pdf,06ffcc938bb3,2025-10-25T17:32:16.335Z,2025-10-25T17:32:16.335Z,2025-10-25T17:32:16.335Z,1.0,active
6ce941c7-07fc-46c7-a386-25e5e2ddc83b,06ffcc938bb3,Heineken NV,2023,,Scope 3,General,Unspecified,10,tonnes CO2e,0.90,high,statement_extraction,heineken_n_v_annual_report_2024_final_20feb2025.pdf,06ffcc938bb3,2025-10-25T17:32:16.335Z,2025-10-25T17:32:16.335Z,2025-10-25T17:32:16.335Z,1.0,active
ed386f92-45a0-4d1d-af15-c60004836ced,c65d47f13279,HEMA,2025,,Total,General,Unspecified,100,tonnes CO2e,0.65,medium,statement_extraction,HEMA_sustainability_report_2020.pdf,c65d47f13279,2025-10-25T17:32:16.335Z,2025-10-25T17:32:16.335Z,2025-10-25T17:32:16.335Z,1.0,active
ac8cc855-f804-47ba-9b21-592438e0d03e,c65d47f13279,HEMA,2019,,Total,General,Unspecified,47,tonnes CO2e,0.80,high,statement_extraction,HEMA_sustainability_report_2020.pdf,c65d47f13279,2025-10-25T17:32:16.335Z,2025-10-25T17:32:16.335Z,2025-10-25T17:32:16.335Z,1.0,active
f3b35210-7c08-4519-84bb-bc3bb21f7515,c65d47f13279,HEMA,2020,,Total,General,Unspecified,401,tonnes CO2e,0.80,high,statement_extraction,HEMA_sustainability_report_2020.pdf,c65d47f13279,2025-10-25T17:32:16.335Z,2025-10-25T17:32:16.335Z,2025-10-25T17:32:16.335Z,1.0,active
60408c6e-754e-4945-858f-677820bd38d6,c65d47f13279,HEMA,2020,,Total,General,Unspecified,86,tonnes CO2e,0.80,high,statement_extraction,HEMA_sustainability_report_2020.pdf,c65d47f13279,2025-10-25T17:32:16.335Z,2025-10-25T17:32:16.335Z,2025-10-25T17:32:16.335Z,1.0,active
987220df-3673-45af-a72d-65e957254d5e,fbdb62345f84,final,2023,,Total,Waste,Waste,4,tonnes CO2e,0.90,high,statement_extraction,impact-report-2023-final.pdf,fbdb62345f84,2025-10-25T17:32:16.335Z,2025-10-25T17:32:16.335Z,2025-10-25T17:32:16.335Z,1.0,active
041c9506-eb6a-4f52-9d00-af6f75b7a7c7,fbdb62345f84,final,2023,,Total,General,Unspecified,20011,tonnes CO2e,0.80,high,statement_extraction,impact-report-2023-final.pdf,fbdb62345f84,2025-10-25T17:32:16.335Z,2025-10-25T17:32:16.335Z,2025-10-25T17:32:16.335Z,1.0,active
ffbf68f4-fb4a-4546-a7ad-145a55df36ef,fbdb62345f84,final,2022,,Total,General,Unspecified,12,tonnes CO2e,0.80,high,statement_extraction,impact-report-2023-final.pdf,fbdb62345f84,2025-10-25T17:32:16.335Z,2025-10-25T17:32:16.335Z,2025-10-25T17:32:16.335Z,1.0,active
fe80c4b4-cd27-4995-8853-c95c9ef2dbf8,fbdb62345f84,final,2025,,Total,General,Unspecified,3.1,tonnes CO2e,0.65,medium,statement_extraction,impact-report-2023-final.pdf,fbdb62345f84,2025-10-25T17:32:16.335Z,2025-10-25T17:32:16.335Z,2025-10-25T17:32:16.335Z,1.0,active
cce89a36-38ca-48e4-b0be-c74aed33dec5,fbdb62345f84,final,2025,,Total,Energy,Energy,2,tonnes CO2e,0.75,high,statement_extraction,impact-report-2023-final.pdf,fbdb62345f84,2025-10-25T17:32:16.335Z,2025-10-25T17:32:16.335Z,2025-10-25T17:32:16.335Z,1.0,active
c65b0c57-8fc4-4eed-ab95-5f4e45c5a84d,fbdb62345f84,final,2023,,Total,General,Unspecified,10913.01,tonnes CO2e,0.80,high,statement_extraction,impact-report-2023-final.pdf,fbdb62345f84,2025-10-25T17:32:16.335Z,2025-10-25T17:32:16.335Z,2025-10-25T17:32:16.335Z,1.0,active
f3bd68ba-8226-45f6-bf35-d83926a2a5d9,fbdb62345f84,final,2025,,Scope 1,General,Unspecified,3,tonnes CO2e,0.75,high,statement_extraction,impact-report-2023-final.pdf,fbdb62345f84,2025-10-25T17:32:16.335Z,2025-10-25T17:32:16.335Z,2025-10-25T17:32:16.335Z,1.0,active
0f719265-767e-4b35-b8e8-e40b037ca083,fbdb62345f84,final,2025,,Total,General,Unspecified,2,tonnes CO2e,0.65,medium,statement_extraction,impact-report-2023-final.pdf,fbdb62345f84,2025-10-25T17:32:16.335Z,2025-10-25T17:32:16.335Z,2025-10-25T17:32:16.335Z,1.0,active
d9c96ad3-de21-44d7-bf06-761f7b6283d0,fbdb62345f84,final,2025,,Total,Waste,Waste,3,tonnes CO2e,0.75,high,statement_extraction,impact-report-2023-final.pdf,fbdb62345f84,2025-10-25T17:32:16.335Z,2025-10-25T17:32:16.335Z,2025-10-25T17:32:16.335Z,1.0,active
1b494b6e-98ac-4698-a88c-0854c3ab01ea,fbdb62345f84,final,2025,,Total,General,Unspecified,0.075,tonnes CO2e,0.65,medium,statement_extraction,impact-report-2023-final.pdf,fbdb62345f84,2025-10-25T17:32:16.335Z,2025-10-25T17:32:16.335Z,2025-10-25T17:32:16.335Z,1.0,active
d3d666f8-7ca0-4ddb-808a-1235f4a5a0eb,fbdb62345f84,final,2023,,Total,Waste,Waste,92,tonnes CO2e,0.90,high,statement_extraction,impact-report-2023-final.pdf,fbdb62345f84,2025-10-25T17:32:16.335Z,2025-10-25T17:32:16.335Z,2025-10-25T17:32:16.335Z,1.0,active
71223508-fd6c-4031-955c-ca627ee5e013,fbdb62345f84,final,2023,,Scope 1,General,Unspecified,10931.3,tonnes CO2e,0.90,high,statement_extraction,impact-report-2023-final.pdf,fbdb62345f84,2025-10-25T17:32:16.335Z,2025-10-25T17:32:16.335Z,2025-10-25T17:32:16.335Z,1.0,active
b8cced86-16a4-4206-91bf-3f026a1aadec,fbdb62345f84,final,2023,,Total,Energy,Energy,0.075,kg CO2,0.90,high,statement_extraction,impact-report-2023-final.pdf,fbdb62345f84,2025-10-25T17:32:16.335Z,2025-10-25T17:32:16.335Z,2025-10-25T17:32:16.335Z,1.0,active
584f618f-fc7e-409c-be24-e73c7c2a77a7,fbdb62345f84,final,2023,,Scope 1,General,Unspecified,2,tonnes CO2e,0.90,high,statement_extraction,impact-report-2023-final.pdf,fbdb62345f84,2025-10-25T17:32:16.335Z,2025-10-25T17:32:16.335Z,2025-10-25T17:32:16.335Z,1.0,active
842fa4fb-34c5-4880-a29c-63180e722e4b,c8413b8f47c1,Unknown Company,2025,,Scope 1,General,Unspecified,2,tonnes CO2e,0.60,medium,statement_extraction,Impact-Report-2024.pdf,c8413b8f47c1,2025-10-25T17:32:16.335Z,2025-10-25T17:32:16.335Z,2025-10-25T17:32:16.335Z,1.0,active
c0194bb0-4713-48e1-9cc8-12da9f562161,c8413b8f47c1,Unknown Company,2024,,Total,Energy,Energy,5,tonnes CO2e,0.75,high,statement_extraction,Impact-Report-2024.pdf,c8413b8f47c1,2025-10-25T17:32:16.335Z,2025-10-25T17:32:16.335Z,2025-10-25T17:32:16.335Z,1.0,active
a8b2959f-c56c-4061-9364-56c803b388f5,c8413b8f47c1,Unknown Company,2025,,Total,General,Unspecified,73,tonnes CO2e,0.50,medium,statement_extraction,Impact-Report-2024.pdf,c8413b8f47c1,2025-10-25T17:32:16.335Z,2025-10-25T17:32:16.335Z,2025-10-25T17:32:16.335Z,1.0,active
98771f98-68a0-43bf-964b-21c2538fbe60,c8413b8f47c1,Unknown Company,2025,,Scope 3,General,Unspecified,15,tonnes CO2e,0.60,medium,statement_extraction,Impact-Report-2024.pdf,c8413b8f47c1,2025-10-25T17:32:16.335Z,2025-10-25T17:32:16.335Z,2025-10-25T17:32:16.335Z,1.0,active
044d1c1d-11df-4586-9c5b-220f7e81e9c6,c8413b8f47c1,Unknown Company,2025,,Total,Transportation,Transportation,19,tonnes CO2e,0.60,medium,statement_extraction,Impact-Report-2024.pdf,c8413b8f47c1,2025-10-25T17:32:16.335Z,2025-10-25T17:32:16.335Z,2025-10-25T17:32:16.335Z,1.0,active
e14c5ff1-3d6e-431c-8c42-530c57a18c16,c8413b8f47c1,Unknown Company,2025,,Total,General,Unspecified,2.4,tonnes CO2e,0.50,medium,statement_extraction,Impact-Report-2024.pdf,c8413b8f47c1,2025-10-25T17:32:16.335Z,2025-10-25T17:32:16.335Z,2025-10-25T17:32:16.335Z,1.0,active
1ab4b632-01b6-4c0b-b113-d943a3e6aa9b,c8413b8f47c1,Unknown Company,2025,,Total,General,Unspecified,0.6,tonnes CO2e,0.50,medium,statement_extraction,Impact-Report-2024.pdf,c8413b8f47c1,2025-10-25T17:32:16.335Z,2025-10-25T17:32:16.335Z,2025-10-25T17:32:16.335Z,1.0,active
5cda02b2-ea56-44b8-be5c-3f33c1577a14,c8413b8f47c1,Unknown Company,2025,,Total,General,Unspecified,3,tonnes CO2e,0.50,medium,statement_extraction,Impact-Report-2024.pdf,c8413b8f47c1,2025-10-25T17:32:16.335Z,2025-10-25T17:32:16.335Z,2025-10-25T17:32:16.335Z,1.0,active
81356df9-500f-427d-a643-6c204dbf9a08,c8413b8f47c1,Unknown Company,2025,,Total,General,Unspecified,44.2,tonnes CO2e,0.50,medium,statement_extraction,Impact-Report-2024.pdf,c8413b8f47c1,2025-10-25T17:32:16.335Z,2025-10-25T17:32:16.335Z,2025-10-25T17:32:16.335Z,1.0,active
4027aeb4-ec35-4a26-bbd3-00bd3e6ec193,c8413b8f47c1,Unknown Company,2025,,Scope 1,General,Unspecified,17,tonnes CO2e,0.60,medium,statement_extraction,Impact-Report-2024.pdf,c8413b8f47c1,2025-10-25T17:32:16.335Z,2025-10-25T17:32:16.335Z,2025-10-25T17:32:16.335Z,1.0,active
c552bab9-2246-48ec-a85c-464a7ecb7a5a,c8413b8f47c1,Unknown Company,2022,,Total,General,Unspecified,0.7,tonnes CO2e,0.65,medium,statement_extraction,Impact-Report-2024.pdf,c8413b8f47c1,2025-10-25T17:32:16.335Z,2025-10-25T17:32:16.335Z,2025-10-25T17:32:16.335Z,1.0,active
d18229ef-65c0-4b47-a1d7-4279913466e9,c8413b8f47c1,Unknown Company,2025,,Total,General,Unspecified,4,tonnes CO2e,0.50,medium,statement_extraction,Impact-Report-2024.pdf,c8413b8f47c1,2025-10-25T17:32:16.335Z,2025-10-25T17:32:16.335Z,2025-10-25T17:32:16.335Z,1.0,active
d1bc5492-d010-4e9c-a801-a648ac229a58,c8413b8f47c1,Unknown Company,2025,,Total,General,Unspecified,130,tonnes CO2e,0.50,medium,statement_extraction,Impact-Report-2024.pdf,c8413b8f47c1,2025-10-25T17:32:16.335Z,2025-10-25T17:32:16.335Z,2025-10-25T17:32:16.335Z,1.0,active
3d47f959-5903-4ef0-b462-7e9fc2122e27,c8413b8f47c1,Unknown Company,2022,,Total,General,Unspecified,10,tonnes CO2e,0.65,medium,statement_extraction,Impact-Report-2024.pdf,c8413b8f47c1,2025-10-25T17:32:16.335Z,2025-10-25T17:32:16.335Z,2025-10-25T17:32:16.335Z,1.0,active
10177093-8996-4634-baf8-b466eeb05c2d,c8413b8f47c1,Unknown Company,2025,,Total,General,Unspecified,2050,tonnes CO2e,0.50,medium,statement_extraction,Impact-Report-2024.pdf,c8413b8f47c1,2025-10-25T17:32:16.335Z,2025-10-25T17:32:16.335Z,2025-10-25T17:32:16.335Z,1.0,active
588956fd-192d-4c6c-8b0e-4a4868111ead,c8413b8f47c1,Unknown Company,2025,,Total,General,Unspecified,5,tonnes CO2e,0.50,medium,statement_extraction,Impact-Report-2024.pdf,c8413b8f47c1,2025-10-25T17:32:16.335Z,2025-10-25T17:32:16.335Z,2025-10-25T17:32:16.335Z,1.0,active
f7dd6198-ed10-411c-8a40-79f7687f3782,c8413b8f47c1,Unknown Company,2025,,Total,General,Unspecified,2,tonnes CO2e,0.50,medium,statement_extraction,Impact-Report-2024.pdf,c8413b8f47c1,2025-10-25T17:32:16.335Z,2025-10-25T17:32:16.335Z,2025-10-25T17:32:16.335Z,1.0,active
29b214b1-6599-4821-ad41-07d9ca568934,c8413b8f47c1,Unknown Company,2025,,Scope 1,General,Unspecified,3,tonnes CO2e,0.60,medium,statement_extraction,Impact-Report-2024.pdf,c8413b8f47c1,2025-10-25T17:32:16.335Z,2025-10-25T17:32:16.335Z,2025-10-25T17:32:16.335Z,1.0,active
9642d9ca-60b2-462b-bc67-4838d46e5a2d,c8413b8f47c1,Unknown Company,2025,,Total,General,Unspecified,1.6,tonnes CO2e,0.50,medium,statement_extraction,Impact-Report-2024.pdf,c8413b8f47c1,2025-10-25T17:32:16.335Z,2025-10-25T17:32:16.335Z,2025-10-25T17:32:16.335Z,1.0,active
a4b8f795-c125-49b0-932f-76c1aed3be8f,c8413b8f47c1,Unknown Company,2025,,Total,Transportation,Transportation,0.4,tonnes CO2e,0.60,medium,statement_extraction,Impact-Report-2024.pdf,c8413b8f47c1,2025-10-25T17:32:16.335Z,2025-10-25T17:32:16.335Z,2025-10-25T17:32:16.335Z,1.0,active
853c8bdc-670a-4a45-92c5-1684b79ea0fb,c8413b8f47c1,Unknown Company,2030,1,Scope 1,General,Unspecified,17,Mt,0.75,high,statement_extraction,Impact-Report-2024.pdf,c8413b8f47c1,2025-10-25T17:32:16.335Z,2025-10-25T17:32:16.335Z,2025-10-25T17:32:16.335Z,1.0,active
92ccb99e-442e-459d-83f1-31568056a1e7,c8413b8f47c1,Unknown Company,2022,,Scope 3,Energy,Energy-Related Activities,13,tonnes CO2e,0.85,high,statement_extraction,Impact-Report-2024.pdf,c8413b8f47c1,2025-10-25T17:32:16.335Z,2025-10-25T17:32:16.335Z,2025-10-25T17:32:16.335Z,1.0,active
1db933a4-d683-410b-81d3-89c7def92620,8b1f8f7e9715,rapport,2025,,Scope 1,General,Unspecified,2,tonnes CO2e,0.75,high,statement_extraction,Impactrapport-2024.pdf,8b1f8f7e9715,2025-10-25T17:32:16.335Z,2025-10-25T17:32:16.335Z,2025-10-25T17:32:16.335Z,1.0,active
9c80c137-1885-4a15-a52e-d141d27396d9,8b1f8f7e9715,rapport,2025,,Total,General,Unspecified,55,tonnes CO2e,0.65,medium,statement_extraction,Impactrapport-2024.pdf,8b1f8f7e9715,2025-10-25T17:32:16.335Z,2025-10-25T17:32:16.335Z,2025-10-25T17:32:16.335Z,1.0,active
2f3d36ca-c595-4258-9fa7-2e02e6e16113,8b1f8f7e9715,rapport,2025,,Total,General,Unspecified,73,tonnes CO2e,0.65,medium,statement_extraction,Impactrapport-2024.pdf,8b1f8f7e9715,2025-10-25T17:32:16.335Z,2025-10-25T17:32:16.335Z,2025-10-25T17:32:16.335Z,1.0,active
a198e5f4-552d-4bff-a77b-eaffc60358cb,8b1f8f7e9715,rapport,2025,,Scope 3,General,Unspecified,15,tonnes CO2e,0.75,high,statement_extraction,Impactrapport-2024.pdf,8b1f8f7e9715,2025-10-25T17:32:16.335Z,2025-10-25T17:32:16.335Z,2025-10-25T17:32:16.335Z,1.0,active
6d902312-8a1c-45a2-8de5-29816dce8747,8b1f8f7e9715,rapport,2025,,Scope 1,General,Unspecified,17,tonnes CO2e,0.75,high,statement_extraction,Impactrapport-2024.pdf,8b1f8f7e9715,2025-10-25T17:32:16.335Z,2025-10-25T17:32:16.335Z,2025-10-25T17:32:16.335Z,1.0,active
7a3f6ebc-2deb-430c-9a01-6d75c1116c51,8b1f8f7e9715,rapport,2022,,Total,General,Unspecified,96,tonnes CO2e,0.80,high,statement_extraction,Impactrapport-2024.pdf,8b1f8f7e9715,2025-10-25T17:32:16.335Z,2025-10-25T17:32:16.335Z,2025-10-25T17:32:16.335Z,1.0,active
054d2fcb-13d5-4472-8ae2-535794d319c8,8b1f8f7e9715,rapport,2025,,Total,General,Unspecified,32,tonnes CO2e,0.65,medium,statement_extraction,Impactrapport-2024.pdf,8b1f8f7e9715,2025-10-25T17:32:16.335Z,2025-10-25T17:32:16.335Z,2025-10-25T17:32:16.335Z,1.0,active
052e0f47-bd26-4b88-aa09-71b7687e7ce1,8b1f8f7e9715,rapport,2025,,Total,General,Unspecified,36,tonnes CO2e,0.65,medium,statement_extraction,Impactrapport-2024.pdf,8b1f8f7e9715,2025-10-25T17:32:16.335Z,2025-10-25T17:32:16.335Z,2025-10-25T17:32:16.335Z,1.0,active
b5c09c42-1f79-4caa-aca1-c41e03a98b11,8b1f8f7e9715,rapport,2025,,Scope 1,General,Unspecified,3,tonnes CO2e,0.75,high,statement_extraction,Impactrapport-2024.pdf,8b1f8f7e9715,2025-10-25T17:32:16.335Z,2025-10-25T17:32:16.335Z,2025-10-25T17:32:16.335Z,1.0,active
451f7042-8531-4e43-8431-24f21a1eae4a,8b1f8f7e9715,rapport,2024,,Total,General,Unspecified,14,tonnes CO2e,0.80,high,statement_extraction,Impactrapport-2024.pdf,8b1f8f7e9715,2025-10-25T17:32:16.335Z,2025-10-25T17:32:16.335Z,2025-10-25T17:32:16.335Z,1.0,active
dad9c8e2-8e27-4862-957d-eb39b8411b90,8b1f8f7e9715,rapport,2025,,Total,General,Unspecified,1.6,tonnes CO2e,0.65,medium,statement_extraction,Impactrapport-2024.pdf,8b1f8f7e9715,2025-10-25T17:32:16.335Z,2025-10-25T17:32:16.335Z,2025-10-25T17:32:16.335Z,1.0,active
0b0b2ba7-f002-4113-b824-bbfe6ef890c2,8b1f8f7e9715,rapport,2025,,Total,Transportation,Transportation,0.4,tonnes CO2e,0.75,high,statement_extraction,Impactrapport-2024.pdf,8b1f8f7e9715,2025-10-25T17:32:16.335Z,2025-10-25T17:32:16.335Z,2025-10-25T17:32:16.335Z,1.0,active
86fbe346-54e2-42f6-ba32-372bf620a3b3,8b1f8f7e9715,rapport,2030,1,Scope 1,General,Unspecified,17,Mt,0.90,high,statement_extraction,Impactrapport-2024.pdf,8b1f8f7e9715,2025-10-25T17:32:16.335Z,2025-10-25T17:32:16.335Z,2025-10-25T17:32:16.335Z,1.0,active
c81b55d8-4a59-48c1-a5f0-14b41315886b,8b1f8f7e9715,rapport,2023,,Scope 3,General,Unspecified,13,tonnes CO2e,0.90,high,statement_extraction,Impactrapport-2024.pdf,8b1f8f7e9715,2025-10-25T17:32:16.335Z,2025-10-25T17:32:16.335Z,2025-10-25T17:32:16.335Z,1.0,active
1fd371cf-6121-49a0-97b5-2f5191b4c084,0c0ace1c8af4,ING Group,2023,,Total,General,Unspecified,96,tonnes CO2e,0.80,high,statement_extraction,ing_Annual_Report_2024_1761270292451.pdf,0c0ace1c8af4,2025-10-25T17:32:16.335Z,2025-10-25T17:32:16.335Z,2025-10-25T17:32:16.335Z,1.0,active
76f25e2a-267c-4b5f-98bc-b43008f7abca,0c0ace1c8af4,ING Group,2024,,Scope 1,Transportation,Company Vehicles,27,kt CO2e,1.00,high,statement_extraction,ing_Annual_Report_2024_1761270292451.pdf,0c0ace1c8af4,2025-10-25T17:32:16.335Z,2025-10-25T17:32:16.335Z,2025-10-25T17:32:16.335Z,1.0,active
19ec13dc-57b2-4009-b587-e68b60a2b991,0c0ace1c8af4,ING Group,2024,,Total,General,Unspecified,67,tonnes CO2e,0.80,high,statement_extraction,ing_Annual_Report_2024_1761270292451.pdf,0c0ace1c8af4,2025-10-25T17:32:16.335Z,2025-10-25T17:32:16.335Z,2025-10-25T17:32:16.335Z,1.0,active
3b5b8db2-df9c-4eec-b400-33df134e7a0e,0c0ace1c8af4,ING Group,2023,,Total,General,Unspecified,63,tonnes CO2e,0.80,high,statement_extraction,ing_Annual_Report_2024_1761270292451.pdf,0c0ace1c8af4,2025-10-25T17:32:16.335Z,2025-10-25T17:32:16.335Z,2025-10-25T17:32:16.335Z,1.0,active
36585149-3b5c-478b-9765-f77ae6a32c4e,0c0ace1c8af4,ING Group,2025,,Total,General,Unspecified,19,tonnes CO2e,0.65,medium,statement_extraction,ing_Annual_Report_2024_1761270292451.pdf,0c0ace1c8af4,2025-10-25T17:32:16.335Z,2025-10-25T17:32:16.335Z,2025-10-25T17:32:16.335Z,1.0,active
57b7177f-5fa6-4070-b8d4-ce6cdb1d72d5,0c0ace1c8af4,ING Group,2025,,Total,General,Unspecified,1.8,tonnes CO2e,0.65,medium,statement_extraction,ing_Annual_Report_2024_1761270292451.pdf,0c0ace1c8af4,2025-10-25T17:32:16.335Z,2025-10-25T17:32:16.335Z,2025-10-25T17:32:16.335Z,1.0,active
f12ce528-163b-434c-ab7f-989dad0ca5ba,0c0ace1c8af4,ING Group,2025,,Total,General,Unspecified,15023,tonnes CO2e,0.65,medium,statement_extraction,ing_Annual_Report_2024_1761270292451.pdf,0c0ace1c8af4,2025-10-25T17:32:16.335Z,2025-10-25T17:32:16.335Z,2025-10-25T17:32:16.335Z,1.0,active
0e542199-608d-413b-be52-1b59f65d440b,0c0ace1c8af4,ING Group,2025,,Total,General,Unspecified,3584,tonnes CO2e,0.65,medium,statement_extraction,ing_Annual_Report_2024_1761270292451.pdf,0c0ace1c8af4,2025-10-25T17:32:16.335Z,2025-10-25T17:32:16.335Z,2025-10-25T17:32:16.335Z,1.0,active
bbe7d4fe-feb5-491f-8515-e601cd10b0f5,0c0ace1c8af4,ING Group,2025,,Total,General,Unspecified,5,tonnes CO2e,0.65,medium,statement_extraction,ing_Annual_Report_2024_1761270292451.pdf,0c0ace1c8af4,2025-10-25T17:32:16.335Z,2025-10-25T17:32:16.335Z,2025-10-25T17:32:16.335Z,1.0,active
68207cad-af50-4e29-9152-3608bd7d19b5,0c0ace1c8af4,ING Group,2025,,Total,General,Unspecified,11,tonnes CO2e,0.65,medium,statement_extraction,ing_Annual_Report_2024_1761270292451.pdf,0c0ace1c8af4,2025-10-25T17:32:16.335Z,2025-10-25T17:32:16.335Z,2025-10-25T17:32:16.335Z,1.0,active
a2ea6f11-d292-4212-8fa3-fc0753821aa5,0c0ace1c8af4,ING Group,2025,,Total,General,Unspecified,1113,tonnes CO2e,0.65,medium,statement_extraction,ing_Annual_Report_2024_1761270292451.pdf,0c0ace1c8af4,2025-10-25T17:32:16.335Z,2025-10-25T17:32:16.335Z,2025-10-25T17:32:16.335Z,1.0,active
ab1192ec-4bcd-4403-ac30-2f20438dcef4,0c0ace1c8af4,ING Group,2025,,Total,General,Unspecified,3817,tonnes CO2e,0.65,medium,statement_extraction,ing_Annual_Report_2024_1761270292451.pdf,0c0ace1c8af4,2025-10-25T17:32:16.335Z,2025-10-25T17:32:16.335Z,2025-10-25T17:32:16.335Z,1.0,active
df7a21f8-e4ee-4553-b4d7-0d6da5f9ef7d,0c0ace1c8af4,ING Group,2025,,Total,General,Unspecified,36,tonnes CO2e,0.65,medium,statement_extraction,ing_Annual_Report_2024_1761270292451.pdf,0c0ace1c8af4,2025-10-25T17:32:16.335Z,2025-10-25T17:32:16.335Z,2025-10-25T17:32:16.335Z,1.0,active
1902f134-91f5-49cd-87d7-c6f959b27620,0c0ace1c8af4,ING Group,2025,,Total,General,Unspecified,1,tonnes CO2e,0.65,medium,statement_extraction,ing_Annual_Report_2024_1761270292451.pdf,0c0ace1c8af4,2025-10-25T17:32:16.335Z,2025-10-25T17:32:16.335Z,2025-10-25T17:32:16.335Z,1.0,active
db931b84-43df-4b5b-b7bd-f588fd9c1f40,0c0ace1c8af4,ING Group,2024,,Total,General,Unspecified,6981,tonnes CO2e,0.80,high,statement_extraction,ing_Annual_Report_2024_1761270292451.pdf,0c0ace1c8af4,2025-10-25T17:32:16.335Z,2025-10-25T17:32:16.335Z,2025-10-25T17:32:16.335Z,1.0,active
aba7e48a-0e24-4542-a701-92d89fc61808,0c0ace1c8af4,ING Group,2025,,Total,General,Unspecified,3278,tonnes CO2e,0.65,medium,statement_extraction,ing_Annual_Report_2024_1761270292451.pdf,0c0ace1c8af4,2025-10-25T17:32:16.335Z,2025-10-25T17:32:16.335Z,2025-10-25T17:32:16.335Z,1.0,active
37e55dbe-2762-46e5-9a9f-78d158b0f88b,0c0ace1c8af4,ING Group,2025,,Total,General,Unspecified,3558,tonnes CO2e,0.65,medium,statement_extraction,ing_Annual_Report_2024_1761270292451.pdf,0c0ace1c8af4,2025-10-25T17:32:16.335Z,2025-10-25T17:32:16.335Z,2025-10-25T17:32:16.335Z,1.0,active
bafae853-4fb3-4b47-84d5-03a49f9392cb,0c0ace1c8af4,ING Group,2024,,Total,General,Unspecified,98,tonnes CO2e,0.80,high,statement_extraction,ing_Annual_Report_2024_1761270292451.pdf,0c0ace1c8af4,2025-10-25T17:32:16.335Z,2025-10-25T17:32:16.335Z,2025-10-25T17:32:16.335Z,1.0,active
b549f2cf-dd78-4d2f-a849-b27c3d567e20,0c0ace1c8af4,ING Group,2024,,Total,General,Unspecified,7302,tonnes CO2e,0.80,high,statement_extraction,ing_Annual_Report_2024_1761270292451.pdf,0c0ace1c8af4,2025-10-25T17:32:16.335Z,2025-10-25T17:32:16.335Z,2025-10-25T17:32:16.335Z,1.0,active
7b4600eb-0d1b-415b-87bd-1316fc6b3cba,0c0ace1c8af4,ING Group,2025,,Total,General,Unspecified,40,tonnes CO2e,0.65,medium,statement_extraction,ing_Annual_Report_2024_1761270292451.pdf,0c0ace1c8af4,2025-10-25T17:32:16.335Z,2025-10-25T17:32:16.335Z,2025-10-25T17:32:16.335Z,1.0,active
40a7f11c-1415-4c40-b51c-7c44099da0c3,0c0ace1c8af4,ING Group,2025,,Total,General,Unspecified,88,tonnes CO2e,0.65,medium,statement_extraction,ing_Annual_Report_2024_1761270292451.pdf,0c0ace1c8af4,2025-10-25T17:32:16.335Z,2025-10-25T17:32:16.335Z,2025-10-25T17:32:16.335Z,1.0,active
06c0493b-8701-45c7-868c-6f502692f9f7,0c0ace1c8af4,ING Group,2025,,Total,General,Unspecified,14.4,tonnes CO2e,0.65,medium,statement_extraction,ing_Annual_Report_2024_1761270292451.pdf,0c0ace1c8af4,2025-10-25T17:32:16.335Z,2025-10-25T17:32:16.335Z,2025-10-25T17:32:16.335Z,1.0,active
c06a0515-24b5-40bd-86d9-22afbf900d71,0c0ace1c8af4,ING Group,2024,,Total,Direct Emissions,Direct Emissions,85,tonnes CO2e,0.90,high,statement_extraction,ing_Annual_Report_2024_1761270292451.pdf,0c0ace1c8af4,2025-10-25T17:32:16.335Z,2025-10-25T17:32:16.335Z,2025-10-25T17:32:16.335Z,1.0,active
6679c35f-46a1-4772-a847-f6c7517ef34e,0c0ace1c8af4,ING Group,2025,,Total,General,Unspecified,495000,tonnes CO2e,0.65,medium,statement_extraction,ing_Annual_Report_2024_1761270292451.pdf,0c0ace1c8af4,2025-10-25T17:32:16.335Z,2025-10-25T17:32:16.335Z,2025-10-25T17:32:16.335Z,1.0,active
879e23b4-ed27-493d-a0a4-23ebb58b928c,0c0ace1c8af4,ING Group,2025,,Total,General,Unspecified,100,tonnes CO2e,0.65,medium,statement_extraction,ing_Annual_Report_2024_1761270292451.pdf,0c0ace1c8af4,2025-10-25T17:32:16.335Z,2025-10-25T17:32:16.335Z,2025-10-25T17:32:16.335Z,1.0,active
12f50f95-9e82-4994-8af8-1c6b78c7cd7b,0c0ace1c8af4,ING Group,2025,,Total,General,Unspecified,25,tonnes CO2e,0.65,medium,statement_extraction,ing_Annual_Report_2024_1761270292451.pdf,0c0ace1c8af4,2025-10-25T17:32:16.335Z,2025-10-25T17:32:16.335Z,2025-10-25T17:32:16.335Z,1.0,active
96f8757c-6b57-472a-8bd7-0365b135397f,0c0ace1c8af4,ING Group,2023,,Total,General,Unspecified,514.9,tonnes CO2e,0.80,high,statement_extraction,ing_Annual_Report_2024_1761270292451.pdf,0c0ace1c8af4,2025-10-25T17:32:16.335Z,2025-10-25T17:32:16.335Z,2025-10-25T17:32:16.335Z,1.0,active
34bc0d05-d4f5-4517-992a-a6c36973bc49,0c0ace1c8af4,ING Group,2024,,Total,General,Unspecified,22,tonnes CO2e,0.80,high,statement_extraction,ing_Annual_Report_2024_1761270292451.pdf,0c0ace1c8af4,2025-10-25T17:32:16.335Z,2025-10-25T17:32:16.335Z,2025-10-25T17:32:16.335Z,1.0,active
801e72ca-137d-4ed9-8b95-80018d652cc1,0c0ace1c8af4,ING Group,2025,,Scope 1,Energy,Fossil Fuel Combustion,2,tonnes CO2e,0.85,high,statement_extraction,ing_Annual_Report_2024_1761270292451.pdf,0c0ace1c8af4,2025-10-25T17:32:16.335Z,2025-10-25T17:32:16.335Z,2025-10-25T17:32:16.335Z,1.0,active
954ac098-0ce4-4309-b6dc-5e9f516f86c5,0c0ace1c8af4,ING Group,2025,,Scope 1,General,Unspecified,2,tonnes CO2e,0.75,high,statement_extraction,ing_Annual_Report_2024_1761270292451.pdf,0c0ace1c8af4,2025-10-25T17:32:16.335Z,2025-10-25T17:32:16.335Z,2025-10-25T17:32:16.335Z,1.0,active
afe03b10-f588-4ac7-b1c3-5e9c6e71e0fb,0c0ace1c8af4,ING Group,2025,,Scope 1,General,Unspecified,1,tonnes CO2e,0.75,high,statement_extraction,ing_Annual_Report_2024_1761270292451.pdf,0c0ace1c8af4,2025-10-25T17:32:16.335Z,2025-10-25T17:32:16.335Z,2025-10-25T17:32:16.335Z,1.0,active
81052fad-4909-4488-80b2-2cad82f4fa1e,0c0ace1c8af4,ING Group,2030,1,Total,Energy,Energy,2050,tonnes CO2e,0.90,high,statement_extraction,ing_Annual_Report_2024_1761270292451.pdf,0c0ace1c8af4,2025-10-25T17:32:16.335Z,2025-10-25T17:32:16.335Z,2025-10-25T17:32:16.335Z,1.0,active
f3d401e1-f545-46fc-817f-d6cf8e9b8bab,0c0ace1c8af4,ING Group,2024,,Total,General,Unspecified,13,tonnes CO2e,0.80,high,statement_extraction,ing_Annual_Report_2024_1761270292451.pdf,0c0ace1c8af4,2025-10-25T17:32:16.335Z,2025-10-25T17:32:16.335Z,2025-10-25T17:32:16.335Z,1.0,active
f47d3d88-9dec-42ac-bd8f-8b90d3b0d88c,0c0ace1c8af4,ING Group,2025,,Scope 1,General,Unspecified,75,tonnes CO2e,0.75,high,statement_extraction,ing_Annual_Report_2024_1761270292451.pdf,0c0ace1c8af4,2025-10-25T17:32:16.335Z,2025-10-25T17:32:16.335Z,2025-10-25T17:32:16.335Z,1.0,active
0941fbc6-74ee-4586-9136-6c4057437c3b,0c0ace1c8af4,ING Group,2025,,Scope 1,General,Unspecified,18,tonnes CO2e,0.75,high,statement_extraction,ing_Annual_Report_2024_1761270292451.pdf,0c0ace1c8af4,2025-10-25T17:32:16.335Z,2025-10-25T17:32:16.335Z,2025-10-25T17:32:16.335Z,1.0,active
88a644f2-16b1-412a-b707-d319c2e8bac2,0c0ace1c8af4,ING Group,2025,,Scope 1,Direct Emissions,Direct Operations,3,tonnes CO2e,0.85,high,statement_extraction,ing_Annual_Report_2024_1761270292451.pdf,0c0ace1c8af4,2025-10-25T17:32:16.335Z,2025-10-25T17:32:16.335Z,2025-10-25T17:32:16.335Z,1.0,active
691e2ee4-c81c-4aa3-b69e-2e929cedde99,0c0ace1c8af4,ING Group,2023,,Scope 1,Direct Emissions,Direct Operations,15,tonnes CO2e,1.00,high,statement_extraction,ing_Annual_Report_2024_1761270292451.pdf,0c0ace1c8af4,2025-10-25T17:32:16.335Z,2025-10-25T17:32:16.335Z,2025-10-25T17:32:16.335Z,1.0,active
5674a858-0cd2-4d57-8b5a-f1600ef84c29,0c0ace1c8af4,ING Group,2025,,Scope 2,Direct Emissions,Indirect Energy,2,tonnes CO2e,0.85,high,statement_extraction,ing_Annual_Report_2024_1761270292451.pdf,0c0ace1c8af4,2025-10-25T17:32:16.335Z,2025-10-25T17:32:16.335Z,2025-10-25T17:32:16.335Z,1.0,active
422c9401-8067-4766-91b2-9008dad59eeb,0c0ace1c8af4,ING Group,2025,,Scope 1,General,Unspecified,3,tonnes CO2e,0.75,high,statement_extraction,ing_Annual_Report_2024_1761270292451.pdf,0c0ace1c8af4,2025-10-25T17:32:16.335Z,2025-10-25T17:32:16.335Z,2025-10-25T17:32:16.335Z,1.0,active
a1162561-6e5a-4dff-aa15-bcc28f546b77,0c0ace1c8af4,ING Group,2023,,Scope 1,General,Unspecified,3,tonnes CO2e,0.90,high,statement_extraction,ing_Annual_Report_2024_1761270292451.pdf,0c0ace1c8af4,2025-10-25T17:32:16.335Z,2025-10-25T17:32:16.335Z,2025-10-25T17:32:16.335Z,1.0,active
5629806f-6561-4f59-b74d-1b25a040025c,0c0ace1c8af4,ING Group,2025,,Total,General,Unspecified,250,tonnes CO2e,0.65,medium,statement_extraction,ing_Annual_Report_2024_1761270292451.pdf,0c0ace1c8af4,2025-10-25T17:32:16.335Z,2025-10-25T17:32:16.335Z,2025-10-25T17:32:16.335Z,1.0,active
6a2c2ee9-52b4-4357-ba7f-cf32442f7d20,0c0ace1c8af4,ING Group,2024,,Total,General,Unspecified,9,tonnes CO2e,0.80,high,statement_extraction,ing_Annual_Report_2024_1761270292451.pdf,0c0ace1c8af4,2025-10-25T17:32:16.335Z,2025-10-25T17:32:16.335Z,2025-10-25T17:32:16.335Z,1.0,active
62edb5b7-bec8-404a-85c8-1da4930191de,0c0ace1c8af4,ING Group,2024,,Total,General,Unspecified,32,tonnes CO2e,0.80,high,statement_extraction,ing_Annual_Report_2024_1761270292451.pdf,0c0ace1c8af4,2025-10-25T17:32:16.335Z,2025-10-25T17:32:16.335Z,2025-10-25T17:32:16.335Z,1.0,active
f0e2ba8a-3b1c-423f-8ecf-6f3e4c90d281,0c0ace1c8af4,ING Group,2024,,Total,General,Unspecified,194,tonnes CO2e,0.80,high,statement_extraction,ing_Annual_Report_2024_1761270292451.pdf,0c0ace1c8af4,2025-10-25T17:32:16.335Z,2025-10-25T17:32:16.335Z,2025-10-25T17:32:16.335Z,1.0,active
e2b0055c-3558-47f0-8994-f50de0ab07ad,0c0ace1c8af4,ING Group,2025,,Total,General,Unspecified,2,tonnes CO2e,0.65,medium,statement_extraction,ing_Annual_Report_2024_1761270292451.pdf,0c0ace1c8af4,2025-10-25T17:32:16.335Z,2025-10-25T17:32:16.335Z,2025-10-25T17:32:16.335Z,1.0,active
631ee9b9-693b-4e33-9f73-60f5364f22e8,0c0ace1c8af4,ING Group,2025,,Total,General,Unspecified,19.8,tonnes CO2e,0.65,medium,statement_extraction,ing_Annual_Report_2024_1761270292451.pdf,0c0ace1c8af4,2025-10-25T17:32:16.335Z,2025-10-25T17:32:16.335Z,2025-10-25T17:32:16.335Z,1.0,active
0021e29b-d4ba-40f7-9e2e-8bfffc709fdf,0c0ace1c8af4,ING Group,2025,,Total,General,Unspecified,16,tonnes CO2e,0.65,medium,statement_extraction,ing_Annual_Report_2024_1761270292451.pdf,0c0ace1c8af4,2025-10-25T17:32:16.335Z,2025-10-25T17:32:16.335Z,2025-10-25T17:32:16.335Z,1.0,active
85c21b9e-4975-42f9-b8f6-9fc970390be9,0c0ace1c8af4,ING Group,2024,,Total,General,Unspecified,50.5,tonnes CO2e,0.80,high,statement_extraction,ing_Annual_Report_2024_1761270292451.pdf,0c0ace1c8af4,2025-10-25T17:32:16.335Z,2025-10-25T17:32:16.335Z,2025-10-25T17:32:16.335Z,1.0,active
b8ed87d2-8fdf-421c-be5a-e76eed5e38bb,0c0ace1c8af4,ING Group,2025,,Total,General,Unspecified,8,tonnes CO2e,0.65,medium,statement_extraction,ing_Annual_Report_2024_1761270292451.pdf,0c0ace1c8af4,2025-10-25T17:32:16.335Z,2025-10-25T17:32:16.335Z,2025-10-25T17:32:16.335Z,1.0,active
ee7f8ba4-68c3-4262-9400-758c15ceb252,0c0ace1c8af4,ING Group,2025,,Total,General,Unspecified,14.98,tonnes CO2e,0.65,medium,statement_extraction,ing_Annual_Report_2024_1761270292451.pdf,0c0ace1c8af4,2025-10-25T17:32:16.335Z,2025-10-25T17:32:16.335Z,2025-10-25T17:32:16.335Z,1.0,active
1d3acd0f-6f58-4e27-b719-d65d1ebec3d7,0c0ace1c8af4,ING Group,2025,,Total,General,Unspecified,0.6,tonnes CO2e,0.65,medium,statement_extraction,ing_Annual_Report_2024_1761270292451.pdf,0c0ace1c8af4,2025-10-25T17:32:16.335Z,2025-10-25T17:32:16.335Z,2025-10-25T17:32:16.335Z,1.0,active
615acee9-35fd-4b6f-b59a-2ae4d01991b9,0c0ace1c8af4,ING Group,2024,,Total,General,Unspecified,18.4,tonnes CO2e,0.80,high,statement_extraction,ing_Annual_Report_2024_1761270292451.pdf,0c0ace1c8af4,2025-10-25T17:32:16.335Z,2025-10-25T17:32:16.335Z,2025-10-25T17:32:16.335Z,1.0,active
15c79276-6a82-4ed6-8837-5be1f0e22c35,0c0ace1c8af4,ING Group,2025,,Total,General,Unspecified,931552,tonnes CO2e,0.65,medium,statement_extraction,ing_Annual_Report_2024_1761270292451.pdf,0c0ace1c8af4,2025-10-25T17:32:16.335Z,2025-10-25T17:32:16.335Z,2025-10-25T17:32:16.335Z,1.0,active
e0435a30-54b1-4851-a1f4-f302557cc706,0c0ace1c8af4,ING Group,2023,,Total,General,Unspecified,12.4,tonnes CO2e,0.80,high,statement_extraction,ing_Annual_Report_2024_1761270292451.pdf,0c0ace1c8af4,2025-10-25T17:32:16.335Z,2025-10-25T17:32:16.335Z,2025-10-25T17:32:16.335Z,1.0,active
99f5a6cd-196a-47e1-853c-060b6b2e9a5e,0c0ace1c8af4,ING Group,2025,,Total,General,Unspecified,961863,tonnes CO2e,0.65,medium,statement_extraction,ing_Annual_Report_2024_1761270292451.pdf,0c0ace1c8af4,2025-10-25T17:32:16.335Z,2025-10-25T17:32:16.335Z,2025-10-25T17:32:16.335Z,1.0,active
14babdd7-194f-4f2c-b97b-11d8cc7a226b,0c0ace1c8af4,ING Group,2025,,Total,General,Unspecified,55.9,tonnes CO2e,0.65,medium,statement_extraction,ing_Annual_Report_2024_1761270292451.pdf,0c0ace1c8af4,2025-10-25T17:32:16.335Z,2025-10-25T17:32:16.335Z,2025-10-25T17:32:16.335Z,1.0,active
0b10cf34-79dd-4936-a13a-79df0fbd3781,0c0ace1c8af4,ING Group,2025,,Total,General,Unspecified,55,tonnes CO2e,0.65,medium,statement_extraction,ing_Annual_Report_2024_1761270292451.pdf,0c0ace1c8af4,2025-10-25T17:32:16.335Z,2025-10-25T17:32:16.335Z,2025-10-25T17:32:16.335Z,1.0,active
c404dd60-2bff-4f16-b7bf-a3efa611c37a,0c0ace1c8af4,ING Group,2023,,Total,General,Unspecified,38.7,tonnes CO2e,0.80,high,statement_extraction,ing_Annual_Report_2024_1761270292451.pdf,0c0ace1c8af4,2025-10-25T17:32:16.335Z,2025-10-25T17:32:16.335Z,2025-10-25T17:32:16.335Z,1.0,active
121e2ff2-ed34-46d5-8750-81466106d277,0c0ace1c8af4,ING Group,2023,,Total,General,Unspecified,39.1,tonnes CO2e,0.80,high,statement_extraction,ing_Annual_Report_2024_1761270292451.pdf,0c0ace1c8af4,2025-10-25T17:32:16.335Z,2025-10-25T17:32:16.335Z,2025-10-25T17:32:16.335Z,1.0,active
2a1045dc-135b-4298-9f05-af563d8bb3aa,0c0ace1c8af4,ING Group,2025,,Total,General,Unspecified,817266,tonnes CO2e,0.65,medium,statement_extraction,ing_Annual_Report_2024_1761270292451.pdf,0c0ace1c8af4,2025-10-25T17:32:16.335Z,2025-10-25T17:32:16.335Z,2025-10-25T17:32:16.335Z,1.0,active
9d725e32-28e7-42ba-aae3-68318c863de1,0c0ace1c8af4,ING Group,2025,,Total,General,Unspecified,90,tonnes CO2e,0.65,medium,statement_extraction,ing_Annual_Report_2024_1761270292451.pdf,0c0ace1c8af4,2025-10-25T17:32:16.335Z,2025-10-25T17:32:16.335Z,2025-10-25T17:32:16.335Z,1.0,active
f7d154fe-614f-4363-97c8-989b544118f9,0c0ace1c8af4,ING Group,2025,,Total,General,Unspecified,846,tonnes CO2e,0.65,medium,statement_extraction,ing_Annual_Report_2024_1761270292451.pdf,0c0ace1c8af4,2025-10-25T17:32:16.335Z,2025-10-25T17:32:16.335Z,2025-10-25T17:32:16.335Z,1.0,active
2a5628eb-fc84-4f1b-8592-a965602f2226,0c0ace1c8af4,ING Group,2025,,Total,General,Unspecified,8825,tonnes CO2e,0.65,medium,statement_extraction,ing_Annual_Report_2024_1761270292451.pdf,0c0ace1c8af4,2025-10-25T17:32:16.335Z,2025-10-25T17:32:16.335Z,2025-10-25T17:32:16.335Z,1.0,active
44d7de03-3fb2-40bb-b0a5-9521042f460e,0c0ace1c8af4,ING Group,2025,,Total,General,Unspecified,1.5,tonnes CO2e,0.65,medium,statement_extraction,ing_Annual_Report_2024_1761270292451.pdf,0c0ace1c8af4,2025-10-25T17:32:16.335Z,2025-10-25T17:32:16.335Z,2025-10-25T17:32:16.335Z,1.0,active
a8739532-c165-42e9-8a08-37075d19ceb8,0c0ace1c8af4,ING Group,2024,,Total,General,Unspecified,31,tonnes CO2e,0.80,high,statement_extraction,ing_Annual_Report_2024_1761270292451.pdf,0c0ace1c8af4,2025-10-25T17:32:16.335Z,2025-10-25T17:32:16.335Z,2025-10-25T17:32:16.335Z,1.0,active
e99294fc-9ce1-4d89-8cd0-7ba42f7efdff,0c0ace1c8af4,ING Group,2023,,Total,General,Unspecified,1.8,tonnes CO2e,0.80,high,statement_extraction,ing_Annual_Report_2024_1761270292451.pdf,0c0ace1c8af4,2025-10-25T17:32:16.335Z,2025-10-25T17:32:16.335Z,2025-10-25T17:32:16.335Z,1.0,active
eb31116a-1ab5-4528-8641-006983c50c33,0c0ace1c8af4,ING Group,2025,,Total,General,Unspecified,2144,tonnes CO2e,0.65,medium,statement_extraction,ing_Annual_Report_2024_1761270292451.pdf,0c0ace1c8af4,2025-10-25T17:32:16.335Z,2025-10-25T17:32:16.335Z,2025-10-25T17:32:16.335Z,1.0,active
6d470f16-55f7-4199-8841-fac8e70d1074,0c0ace1c8af4,ING Group,2023,,Total,General,Unspecified,26.7,tonnes CO2e,0.80,high,statement_extraction,ing_Annual_Report_2024_1761270292451.pdf,0c0ace1c8af4,2025-10-25T17:32:16.335Z,2025-10-25T17:32:16.335Z,2025-10-25T17:32:16.335Z,1.0,active
b2afc18f-01c7-4ab0-9539-c5a69d4b9427,0c0ace1c8af4,ING Group,2025,,Total,General,Unspecified,2898,tonnes CO2e,0.65,medium,statement_extraction,ing_Annual_Report_2024_1761270292451.pdf,0c0ace1c8af4,2025-10-25T17:32:16.335Z,2025-10-25T17:32:16.335Z,2025-10-25T17:32:16.335Z,1.0,active
fa5f5439-9d8d-40a7-9cb2-43d0133151ed,0c0ace1c8af4,ING Group,2023,,Total,General,Unspecified,45.4,tonnes CO2e,0.80,high,statement_extraction,ing_Annual_Report_2024_1761270292451.pdf,0c0ace1c8af4,2025-10-25T17:32:16.335Z,2025-10-25T17:32:16.335Z,2025-10-25T17:32:16.335Z,1.0,active
d33cdf3c-4882-4270-927f-0b860cd17c2a,0c0ace1c8af4,ING Group,2023,,Total,General,Unspecified,18.6,tonnes CO2e,0.80,high,statement_extraction,ing_Annual_Report_2024_1761270292451.pdf,0c0ace1c8af4,2025-10-25T17:32:16.335Z,2025-10-25T17:32:16.335Z,2025-10-25T17:32:16.335Z,1.0,active
80df8b13-0916-47f6-b14d-9b04f4630ed1,0c0ace1c8af4,ING Group,2025,,Total,General,Unspecified,11653,tonnes CO2e,0.65,medium,statement_extraction,ing_Annual_Report_2024_1761270292451.pdf,0c0ace1c8af4,2025-10-25T17:32:16.335Z,2025-10-25T17:32:16.335Z,2025-10-25T17:32:16.335Z,1.0,active
97fddacc-a390-4611-8286-fe7cf2f970ad,0c0ace1c8af4,ING Group,2025,,Total,General,Unspecified,13295,tonnes CO2e,0.65,medium,statement_extraction,ing_Annual_Report_2024_1761270292451.pdf,0c0ace1c8af4,2025-10-25T17:32:16.335Z,2025-10-25T17:32:16.335Z,2025-10-25T17:32:16.335Z,1.0,active
0ec05ee5-7a1c-4c8c-8bed-8864da57fca9,0c0ace1c8af4,ING Group,2025,,Total,General,Unspecified,836869,tonnes CO2e,0.65,medium,statement_extraction,ing_Annual_Report_2024_1761270292451.pdf,0c0ace1c8af4,2025-10-25T17:32:16.335Z,2025-10-25T17:32:16.335Z,2025-10-25T17:32:16.335Z,1.0,active
1802388c-2e6e-4aa8-a08f-107cd6f2d35d,0c0ace1c8af4,ING Group,2025,,Total,General,Unspecified,5839,tonnes CO2e,0.65,medium,statement_extraction,ing_Annual_Report_2024_1761270292451.pdf,0c0ace1c8af4,2025-10-25T17:32:16.335Z,2025-10-25T17:32:16.335Z,2025-10-25T17:32:16.335Z,1.0,active
d339181b-448c-48a1-9ab4-a330c85fe8ff,0c0ace1c8af4,ING Group,2023,,Total,General,Unspecified,91.5,tonnes CO2e,0.80,high,statement_extraction,ing_Annual_Report_2024_1761270292451.pdf,0c0ace1c8af4,2025-10-25T17:32:16.335Z,2025-10-25T17:32:16.335Z,2025-10-25T17:32:16.335Z,1.0,active
414d81e1-cc66-4fbe-8241-db2b4ab10c9f,0c0ace1c8af4,ING Group,2025,,Total,General,Unspecified,3,tonnes CO2e,0.65,medium,statement_extraction,ing_Annual_Report_2024_1761270292451.pdf,0c0ace1c8af4,2025-10-25T17:32:16.335Z,2025-10-25T17:32:16.335Z,2025-10-25T17:32:16.335Z,1.0,active
ab159d89-ee23-4bef-9594-49e2dc3d20f6,0c0ace1c8af4,ING Group,2025,,Total,General,Unspecified,577,tonnes CO2e,0.65,medium,statement_extraction,ing_Annual_Report_2024_1761270292451.pdf,0c0ace1c8af4,2025-10-25T17:32:16.335Z,2025-10-25T17:32:16.335Z,2025-10-25T17:32:16.335Z,1.0,active
36d01162-22d3-475c-b772-ccf5a69aad69,0c0ace1c8af4,ING Group,2023,,Total,General,Unspecified,50,tonnes CO2e,0.80,high,statement_extraction,ing_Annual_Report_2024_1761270292451.pdf,0c0ace1c8af4,2025-10-25T17:32:16.335Z,2025-10-25T17:32:16.335Z,2025-10-25T17:32:16.335Z,1.0,active
ef61721f-8977-421f-a6ad-8835f0ecc05a,0c0ace1c8af4,ING Group,2024,,Total,General,Unspecified,38,tonnes CO2e,0.80,high,statement_extraction,ing_Annual_Report_2024_1761270292451.pdf,0c0ace1c8af4,2025-10-25T17:32:16.335Z,2025-10-25T17:32:16.335Z,2025-10-25T17:32:16.335Z,1.0,active
94c5d49c-b6cb-4375-b91c-4c99a8cdc1e3,0c0ace1c8af4,ING Group,2025,,Total,General,Unspecified,2856,tonnes CO2e,0.65,medium,statement_extraction,ing_Annual_Report_2024_1761270292451.pdf,0c0ace1c8af4,2025-10-25T17:32:16.335Z,2025-10-25T17:32:16.335Z,2025-10-25T17:32:16.335Z,1.0,active
ff6ad2eb-df8e-4286-ad98-6624c2fdec2b,0c0ace1c8af4,ING Group,2025,,Total,General,Unspecified,236,tonnes CO2e,0.65,medium,statement_extraction,ing_Annual_Report_2024_1761270292451.pdf,0c0ace1c8af4,2025-10-25T17:32:16.335Z,2025-10-25T17:32:16.335Z,2025-10-25T17:32:16.335Z,1.0,active
bd73bba2-ceec-48aa-85d1-158f6327992d,0c0ace1c8af4,ING Group,2025,,Total,General,Unspecified,969,tonnes CO2e,0.65,medium,statement_extraction,ing_Annual_Report_2024_1761270292451.pdf,0c0ace1c8af4,2025-10-25T17:32:16.335Z,2025-10-25T17:32:16.335Z,2025-10-25T17:32:16.335Z,1.0,active
7591c2cb-dce6-405d-94ec-301c910472c2,0c0ace1c8af4,ING Group,2025,,Total,General,Unspecified,1544,tonnes CO2e,0.65,medium,statement_extraction,ing_Annual_Report_2024_1761270292451.pdf,0c0ace1c8af4,2025-10-25T17:32:16.335Z,2025-10-25T17:32:16.335Z,2025-10-25T17:32:16.335Z,1.0,active
cddf3bb6-36fb-4f50-aa92-2c0521959295,0c0ace1c8af4,ING Group,2025,,Total,General,Unspecified,1030,tonnes CO2e,0.65,medium,statement_extraction,ing_Annual_Report_2024_1761270292451.pdf,0c0ace1c8af4,2025-10-25T17:32:16.335Z,2025-10-25T17:32:16.335Z,2025-10-25T17:32:16.335Z,1.0,active
6d942f45-caec-449c-b614-60e04f47e3ef,0c0ace1c8af4,ING Group,2025,,Total,General,Unspecified,77388,tonnes CO2e,0.65,medium,statement_extraction,ing_Annual_Report_2024_1761270292451.pdf,0c0ace1c8af4,2025-10-25T17:32:16.335Z,2025-10-25T17:32:16.335Z,2025-10-25T17:32:16.335Z,1.0,active
ac11f2a0-df2c-489d-a90a-966b56eaf96a,0c0ace1c8af4,ING Group,2025,,Total,General,Unspecified,16849,tonnes CO2e,0.65,medium,statement_extraction,ing_Annual_Report_2024_1761270292451.pdf,0c0ace1c8af4,2025-10-25T17:32:16.335Z,2025-10-25T17:32:16.335Z,2025-10-25T17:32:16.335Z,1.0,active
ce305767-a86d-4db6-8263-58fcbd71a41c,0c0ace1c8af4,ING Group,2025,,Total,General,Unspecified,1152,tonnes CO2e,0.65,medium,statement_extraction,ing_Annual_Report_2024_1761270292451.pdf,0c0ace1c8af4,2025-10-25T17:32:16.335Z,2025-10-25T17:32:16.335Z,2025-10-25T17:32:16.335Z,1.0,active
ea213da1-c6e6-4ef0-8599-266e040bddde,0c0ace1c8af4,ING Group,2025,,Total,General,Unspecified,756,tonnes CO2e,0.65,medium,statement_extraction,ing_Annual_Report_2024_1761270292451.pdf,0c0ace1c8af4,2025-10-25T17:32:16.335Z,2025-10-25T17:32:16.335Z,2025-10-25T17:32:16.335Z,1.0,active
acab7588-09a8-49f3-8a01-2e837294b72e,0c0ace1c8af4,ING Group,2025,,Total,General,Unspecified,65,tonnes CO2e,0.65,medium,statement_extraction,ing_Annual_Report_2024_1761270292451.pdf,0c0ace1c8af4,2025-10-25T17:32:16.335Z,2025-10-25T17:32:16.335Z,2025-10-25T17:32:16.335Z,1.0,active
0b6dda5b-9422-4f31-8260-0e9f98794e77,0c0ace1c8af4,ING Group,2025,,Total,General,Unspecified,22,tonnes CO2e,0.65,medium,statement_extraction,ing_Annual_Report_2024_1761270292451.pdf,0c0ace1c8af4,2025-10-25T17:32:16.335Z,2025-10-25T17:32:16.335Z,2025-10-25T17:32:16.335Z,1.0,active
010b356b-b1f2-488e-8736-2d8a7c053597,0c0ace1c8af4,ING Group,2025,,Total,General,Unspecified,114.7,tonnes CO2e,0.65,medium,statement_extraction,ing_Annual_Report_2024_1761270292451.pdf,0c0ace1c8af4,2025-10-25T17:32:16.335Z,2025-10-25T17:32:16.335Z,2025-10-25T17:32:16.335Z,1.0,active
2316d8d1-4487-447c-a214-98e6deaf359b,0c0ace1c8af4,ING Group,2025,,Total,General,Unspecified,97.4,tonnes CO2e,0.65,medium,statement_extraction,ing_Annual_Report_2024_1761270292451.pdf,0c0ace1c8af4,2025-10-25T17:32:16.335Z,2025-10-25T17:32:16.335Z,2025-10-25T17:32:16.335Z,1.0,active
9a6a5181-51d6-45ea-8d4e-d3b90e788dfe,0c0ace1c8af4,ING Group,2025,,Total,General,Unspecified,13060,tonnes CO2e,0.65,medium,statement_extraction,ing_Annual_Report_2024_1761270292451.pdf,0c0ace1c8af4,2025-10-25T17:32:16.335Z,2025-10-25T17:32:16.335Z,2025-10-25T17:32:16.335Z,1.0,active
0e77d036-cfce-4f49-a20d-732c9a4f351e,0c0ace1c8af4,ING Group,2025,,Total,General,Unspecified,14714,tonnes CO2e,0.65,medium,statement_extraction,ing_Annual_Report_2024_1761270292451.pdf,0c0ace1c8af4,2025-10-25T17:32:16.335Z,2025-10-25T17:32:16.335Z,2025-10-25T17:32:16.335Z,1.0,active
0eaa1a4c-f20e-4b16-a38c-cf6e75f73e88,0c0ace1c8af4,ING Group,2025,,Total,General,Unspecified,8003,tonnes CO2e,0.65,medium,statement_extraction,ing_Annual_Report_2024_1761270292451.pdf,0c0ace1c8af4,2025-10-25T17:32:16.335Z,2025-10-25T17:32:16.335Z,2025-10-25T17:32:16.335Z,1.0,active
fd437594-014e-4e1c-a582-4b460f00b6d6,0c0ace1c8af4,ING Group,2025,,Total,General,Unspecified,8507,tonnes CO2e,0.65,medium,statement_extraction,ing_Annual_Report_2024_1761270292451.pdf,0c0ace1c8af4,2025-10-25T17:32:16.335Z,2025-10-25T17:32:16.335Z,2025-10-25T17:32:16.335Z,1.0,active
fa73d8ba-b0dd-489f-b34d-73a49294fcfe,0c0ace1c8af4,ING Group,2025,,Total,General,Unspecified,636,tonnes CO2e,0.65,medium,statement_extraction,ing_Annual_Report_2024_1761270292451.pdf,0c0ace1c8af4,2025-10-25T17:32:16.335Z,2025-10-25T17:32:16.335Z,2025-10-25T17:32:16.335Z,1.0,active
b52f056f-d39d-4ccd-852e-f4ac750f327d,0c0ace1c8af4,ING Group,2023,,Total,General,Unspecified,160,tonnes CO2e,0.80,high,statement_extraction,ing_Annual_Report_2024_1761270292451.pdf,0c0ace1c8af4,2025-10-25T17:32:16.335Z,2025-10-25T17:32:16.335Z,2025-10-25T17:32:16.335Z,1.0,active
9f69ccd3-8e79-4ddb-a3f3-76413103093b,0c0ace1c8af4,ING Group,2023,,Total,General,Unspecified,290,tonnes CO2e,0.80,high,statement_extraction,ing_Annual_Report_2024_1761270292451.pdf,0c0ace1c8af4,2025-10-25T17:32:16.335Z,2025-10-25T17:32:16.335Z,2025-10-25T17:32:16.335Z,1.0,active
48bfd0ed-b7b6-4317-98f9-1133129b173b,0c0ace1c8af4,ING Group,2025,,Total,General,Unspecified,101645,tonnes CO2e,0.65,medium,statement_extraction,ing_Annual_Report_2024_1761270292451.pdf,0c0ace1c8af4,2025-10-25T17:32:16.335Z,2025-10-25T17:32:16.335Z,2025-10-25T17:32:16.335Z,1.0,active
163e23c3-fbb6-4f79-b8f7-eeb4fc7e0e11,0c0ace1c8af4,ING Group,2025,,Total,General,Unspecified,23025,tonnes CO2e,0.65,medium,statement_extraction,ing_Annual_Report_2024_1761270292451.pdf,0c0ace1c8af4,2025-10-25T17:32:16.335Z,2025-10-25T17:32:16.335Z,2025-10-25T17:32:16.335Z,1.0,active
0a23b7db-3209-4944-97ea-e1b08e5c57a6,0c0ace1c8af4,ING Group,2025,,Total,General,Unspecified,124670,tonnes CO2e,0.65,medium,statement_extraction,ing_Annual_Report_2024_1761270292451.pdf,0c0ace1c8af4,2025-10-25T17:32:16.335Z,2025-10-25T17:32:16.335Z,2025-10-25T17:32:16.335Z,1.0,active
146aa46c-45e8-4ca3-9cd3-8ceb3e78d37e,0c0ace1c8af4,ING Group,2025,,Total,General,Unspecified,50413,tonnes CO2e,0.65,medium,statement_extraction,ing_Annual_Report_2024_1761270292451.pdf,0c0ace1c8af4,2025-10-25T17:32:16.335Z,2025-10-25T17:32:16.335Z,2025-10-25T17:32:16.335Z,1.0,active
57497819-5ca7-4b4a-94b8-d0d7023270bf,0c0ace1c8af4,ING Group,2024,,Total,General,Unspecified,195,tonnes CO2e,0.80,high,statement_extraction,ing_Annual_Report_2024_1761270292451.pdf,0c0ace1c8af4,2025-10-25T17:32:16.335Z,2025-10-25T17:32:16.335Z,2025-10-25T17:32:16.335Z,1.0,active
e86bfce7-9139-47d4-b459-614e0edbdda1,0c0ace1c8af4,ING Group,2024,,Total,General,Unspecified,3,tonnes CO2e,0.80,high,statement_extraction,ing_Annual_Report_2024_1761270292451.pdf,0c0ace1c8af4,2025-10-25T17:32:16.335Z,2025-10-25T17:32:16.335Z,2025-10-25T17:32:16.335Z,1.0,active
fe220026-dcf1-4941-bdb3-71380da4fc9b,0c0ace1c8af4,ING Group,2025,,Total,General,Unspecified,43,tonnes CO2e,0.65,medium,statement_extraction,ing_Annual_Report_2024_1761270292451.pdf,0c0ace1c8af4,2025-10-25T17:32:16.335Z,2025-10-25T17:32:16.335Z,2025-10-25T17:32:16.335Z,1.0,active
0a6bc13f-b238-45cb-8a8e-3bec8864e3b5,0c0ace1c8af4,ING Group,2024,,Total,General,Unspecified,156,tonnes CO2e,0.80,high,statement_extraction,ing_Annual_Report_2024_1761270292451.pdf,0c0ace1c8af4,2025-10-25T17:32:16.335Z,2025-10-25T17:32:16.335Z,2025-10-25T17:32:16.335Z,1.0,active
58f1658b-e90d-400e-9dc3-37b048340dbe,0c0ace1c8af4,ING Group,2024,,Total,General,Unspecified,50,tonnes CO2e,0.80,high,statement_extraction,ing_Annual_Report_2024_1761270292451.pdf,0c0ace1c8af4,2025-10-25T17:32:16.335Z,2025-10-25T17:32:16.335Z,2025-10-25T17:32:16.335Z,1.0,active
746aa0d0-e0ba-43ef-a148-3c934445b678,0c0ace1c8af4,ING Group,2025,,Total,General,Unspecified,10952,tonnes CO2e,0.65,medium,statement_extraction,ing_Annual_Report_2024_1761270292451.pdf,0c0ace1c8af4,2025-10-25T17:32:16.335Z,2025-10-25T17:32:16.335Z,2025-10-25T17:32:16.335Z,1.0,active
5fbccba3-aadb-4de8-bca5-cadaa87878da,0c0ace1c8af4,ING Group,2025,,Total,General,Unspecified,98,tonnes CO2e,0.65,medium,statement_extraction,ing_Annual_Report_2024_1761270292451.pdf,0c0ace1c8af4,2025-10-25T17:32:16.335Z,2025-10-25T17:32:16.335Z,2025-10-25T17:32:16.335Z,1.0,active
7670bc1b-5907-49ca-ac5a-689183cf429f,0c0ace1c8af4,ING Group,2025,,Total,General,Unspecified,3762,tonnes CO2e,0.65,medium,statement_extraction,ing_Annual_Report_2024_1761270292451.pdf,0c0ace1c8af4,2025-10-25T17:32:16.335Z,2025-10-25T17:32:16.335Z,2025-10-25T17:32:16.335Z,1.0,active
1f9fef22-281c-4f2f-a052-2e8af620d688,0c0ace1c8af4,ING Group,2025,,Total,General,Unspecified,5085,tonnes CO2e,0.65,medium,statement_extraction,ing_Annual_Report_2024_1761270292451.pdf,0c0ace1c8af4,2025-10-25T17:32:16.335Z,2025-10-25T17:32:16.335Z,2025-10-25T17:32:16.335Z,1.0,active
d19a4699-8beb-4180-a7e0-2e4e5d6922da,0c0ace1c8af4,ING Group,2025,,Total,General,Unspecified,1499,tonnes CO2e,0.65,medium,statement_extraction,ing_Annual_Report_2024_1761270292451.pdf,0c0ace1c8af4,2025-10-25T17:32:16.335Z,2025-10-25T17:32:16.335Z,2025-10-25T17:32:16.335Z,1.0,active
5760e781-c84f-46a9-8aca-f9df565e9663,0c0ace1c8af4,ING Group,2024,,Total,General,Unspecified,25,tonnes CO2e,0.80,high,statement_extraction,ing_Annual_Report_2024_1761270292451.pdf,0c0ace1c8af4,2025-10-25T17:32:16.335Z,2025-10-25T17:32:16.335Z,2025-10-25T17:32:16.335Z,1.0,active
aff52629-bfdf-4ae0-a9ff-d867b9b4603a,0c0ace1c8af4,ING Group,2025,,Total,General,Unspecified,2044,tonnes CO2e,0.65,medium,statement_extraction,ing_Annual_Report_2024_1761270292451.pdf,0c0ace1c8af4,2025-10-25T17:32:16.335Z,2025-10-25T17:32:16.335Z,2025-10-25T17:32:16.335Z,1.0,active
c2256969-0c97-4c7c-8a2a-fba9c0316721,0c0ace1c8af4,ING Group,2025,,Total,General,Unspecified,3757,tonnes CO2e,0.65,medium,statement_extraction,ing_Annual_Report_2024_1761270292451.pdf,0c0ace1c8af4,2025-10-25T17:32:16.335Z,2025-10-25T17:32:16.335Z,2025-10-25T17:32:16.335Z,1.0,active
3a5c68ef-0609-44d2-9e26-f84e6a838b38,0c0ace1c8af4,ING Group,2025,,Total,General,Unspecified,3274,tonnes CO2e,0.65,medium,statement_extraction,ing_Annual_Report_2024_1761270292451.pdf,0c0ace1c8af4,2025-10-25T17:32:16.335Z,2025-10-25T17:32:16.335Z,2025-10-25T17:32:16.335Z,1.0,active
4afcde8b-824f-4c4f-88d4-978aa7bb98db,0c0ace1c8af4,ING Group,2024,,Total,General,Unspecified,1.106,tonnes CO2e,0.80,high,statement_extraction,ing_Annual_Report_2024_1761270292451.pdf,0c0ace1c8af4,2025-10-25T17:32:16.335Z,2025-10-25T17:32:16.335Z,2025-10-25T17:32:16.335Z,1.0,active
fc27cb93-42ec-4a53-8ea3-94ddbfeee992,0c0ace1c8af4,ING Group,2025,,Total,General,Unspecified,1219,tonnes CO2e,0.65,medium,statement_extraction,ing_Annual_Report_2024_1761270292451.pdf,0c0ace1c8af4,2025-10-25T17:32:16.335Z,2025-10-25T17:32:16.335Z,2025-10-25T17:32:16.335Z,1.0,active
a053b315-2200-4635-b7c3-9051e89febaa,0c0ace1c8af4,ING Group,2025,,Total,General,Unspecified,18561,tonnes CO2e,0.65,medium,statement_extraction,ing_Annual_Report_2024_1761270292451.pdf,0c0ace1c8af4,2025-10-25T17:32:16.335Z,2025-10-25T17:32:16.335Z,2025-10-25T17:32:16.335Z,1.0,active
204e5524-2d07-4688-9c71-ea984452db6f,0c0ace1c8af4,ING Group,2025,,Total,General,Unspecified,1474,tonnes CO2e,0.65,medium,statement_extraction,ing_Annual_Report_2024_1761270292451.pdf,0c0ace1c8af4,2025-10-25T17:32:16.335Z,2025-10-25T17:32:16.335Z,2025-10-25T17:32:16.335Z,1.0,active
a6dd168c-d93b-4900-8eb2-62e5f9044cef,0c0ace1c8af4,ING Group,2025,,Total,General,Unspecified,4,tonnes CO2e,0.65,medium,statement_extraction,ing_Annual_Report_2024_1761270292451.pdf,0c0ace1c8af4,2025-10-25T17:32:16.335Z,2025-10-25T17:32:16.335Z,2025-10-25T17:32:16.335Z,1.0,active
eccb4146-3c1c-4567-b19e-deb6c5f1e460,0c0ace1c8af4,ING Group,2025,,Total,General,Unspecified,85,tonnes CO2e,0.65,medium,statement_extraction,ing_Annual_Report_2024_1761270292451.pdf,0c0ace1c8af4,2025-10-25T17:32:16.335Z,2025-10-25T17:32:16.335Z,2025-10-25T17:32:16.335Z,1.0,active
c83e1cb9-d106-4d05-b9c2-c2b468049468,0c0ace1c8af4,ING Group,2029,1,Total,General,Unspecified,768,tonnes CO2e,0.80,high,statement_extraction,ing_Annual_Report_2024_1761270292451.pdf,0c0ace1c8af4,2025-10-25T17:32:16.335Z,2025-10-25T17:32:16.335Z,2025-10-25T17:32:16.335Z,1.0,active
beef1d5f-bbd1-4fb7-8766-bf32ead5a277,0c0ace1c8af4,ING Group,2025,,Total,General,Unspecified,781,tonnes CO2e,0.65,medium,statement_extraction,ing_Annual_Report_2024_1761270292451.pdf,0c0ace1c8af4,2025-10-25T17:32:16.335Z,2025-10-25T17:32:16.335Z,2025-10-25T17:32:16.335Z,1.0,active
45bf8100-725b-4c6e-aacf-006fffe4584e,0c0ace1c8af4,ING Group,2025,,Total,General,Unspecified,1096,tonnes CO2e,0.65,medium,statement_extraction,ing_Annual_Report_2024_1761270292451.pdf,0c0ace1c8af4,2025-10-25T17:32:16.335Z,2025-10-25T17:32:16.335Z,2025-10-25T17:32:16.335Z,1.0,active
2f2d725b-0055-457e-8dac-7c2f0daa1bdb,0c0ace1c8af4,ING Group,2025,,Total,General,Unspecified,1870,tonnes CO2e,0.65,medium,statement_extraction,ing_Annual_Report_2024_1761270292451.pdf,0c0ace1c8af4,2025-10-25T17:32:16.335Z,2025-10-25T17:32:16.335Z,2025-10-25T17:32:16.335Z,1.0,active
64e42f25-17a5-47fe-8600-3450c819b28f,0c0ace1c8af4,ING Group,2025,,Total,General,Unspecified,907,tonnes CO2e,0.65,medium,statement_extraction,ing_Annual_Report_2024_1761270292451.pdf,0c0ace1c8af4,2025-10-25T17:32:16.335Z,2025-10-25T17:32:16.335Z,2025-10-25T17:32:16.335Z,1.0,active
f4113439-1138-46c2-9dd4-c3fd9439e44d,0c0ace1c8af4,ING Group,2025,,Total,General,Unspecified,385,tonnes CO2e,0.65,medium,statement_extraction,ing_Annual_Report_2024_1761270292451.pdf,0c0ace1c8af4,2025-10-25T17:32:16.335Z,2025-10-25T17:32:16.335Z,2025-10-25T17:32:16.335Z,1.0,active
15a3543e-e7b9-4a74-b1b6-b6afbba9b263,0c0ace1c8af4,ING Group,2024,,Total,General,Unspecified,11,tonnes CO2e,0.80,high,statement_extraction,ing_Annual_Report_2024_1761270292451.pdf,0c0ace1c8af4,2025-10-25T17:32:16.335Z,2025-10-25T17:32:16.335Z,2025-10-25T17:32:16.335Z,1.0,active
aeccc0fc-554a-48d5-81b6-5ef408626699,0c0ace1c8af4,ING Group,2024,,Total,General,Unspecified,0.8,tonnes CO2e,0.80,high,statement_extraction,ing_Annual_Report_2024_1761270292451.pdf,0c0ace1c8af4,2025-10-25T17:32:16.335Z,2025-10-25T17:32:16.335Z,2025-10-25T17:32:16.335Z,1.0,active
26816453-ea3e-4dd2-a39d-e0b90b1baee1,0c0ace1c8af4,ING Group,2025,,Total,General,Unspecified,729,tonnes CO2e,0.65,medium,statement_extraction,ing_Annual_Report_2024_1761270292451.pdf,0c0ace1c8af4,2025-10-25T17:32:16.335Z,2025-10-25T17:32:16.335Z,2025-10-25T17:32:16.335Z,1.0,active
dc2c1350-2a6a-4068-a70a-c04d7adb5d4e,0c0ace1c8af4,ING Group,2023,,Total,General,Unspecified,316,tonnes CO2e,0.80,high,statement_extraction,ing_Annual_Report_2024_1761270292451.pdf,0c0ace1c8af4,2025-10-25T17:32:16.335Z,2025-10-25T17:32:16.335Z,2025-10-25T17:32:16.335Z,1.0,active
cb00ebd6-9b49-4037-b31c-3ed214185a47,0c0ace1c8af4,ING Group,2025,,Total,General,Unspecified,1020545,tonnes CO2e,0.65,medium,statement_extraction,ing_Annual_Report_2024_1761270292451.pdf,0c0ace1c8af4,2025-10-25T17:32:16.335Z,2025-10-25T17:32:16.335Z,2025-10-25T17:32:16.335Z,1.0,active
cc7b9d77-04cc-4786-8950-a12023d988b2,0c0ace1c8af4,ING Group,2025,,Total,General,Unspecified,975583,tonnes CO2e,0.65,medium,statement_extraction,ing_Annual_Report_2024_1761270292451.pdf,0c0ace1c8af4,2025-10-25T17:32:16.335Z,2025-10-25T17:32:16.335Z,2025-10-25T17:32:16.335Z,1.0,active
ef4a9c45-c5de-424e-93bb-dbedb4646aa8,0c0ace1c8af4,ING Group,2025,,Total,General,Unspecified,969236,tonnes CO2e,0.65,medium,statement_extraction,ing_Annual_Report_2024_1761270292451.pdf,0c0ace1c8af4,2025-10-25T17:32:16.335Z,2025-10-25T17:32:16.335Z,2025-10-25T17:32:16.335Z,1.0,active
04ef55a4-a5c9-4b34-98a2-5db6a4778af3,0c0ace1c8af4,ING Group,2025,,Total,General,Unspecified,923400,tonnes CO2e,0.65,medium,statement_extraction,ing_Annual_Report_2024_1761270292451.pdf,0c0ace1c8af4,2025-10-25T17:32:16.335Z,2025-10-25T17:32:16.335Z,2025-10-25T17:32:16.335Z,1.0,active
8f33c09a-eb32-4856-b376-0dd50ee585d6,0c0ace1c8af4,ING Group,2024,,Total,General,Unspecified,10992,tonnes CO2e,0.80,high,statement_extraction,ing_Annual_Report_2024_1761270292451.pdf,0c0ace1c8af4,2025-10-25T17:32:16.335Z,2025-10-25T17:32:16.335Z,2025-10-25T17:32:16.335Z,1.0,active
9b259150-7ae4-4453-95ad-0b683e1ff61a,0c0ace1c8af4,ING Group,2024,,Total,General,Unspecified,2410,tonnes CO2e,0.80,high,statement_extraction,ing_Annual_Report_2024_1761270292451.pdf,0c0ace1c8af4,2025-10-25T17:32:16.335Z,2025-10-25T17:32:16.335Z,2025-10-25T17:32:16.335Z,1.0,active
bfb072d3-9130-4353-acc5-a371c2ae5e4a,0c0ace1c8af4,ING Group,2023,,Total,General,Unspecified,11458,tonnes CO2e,0.80,high,statement_extraction,ing_Annual_Report_2024_1761270292451.pdf,0c0ace1c8af4,2025-10-25T17:32:16.335Z,2025-10-25T17:32:16.335Z,2025-10-25T17:32:16.335Z,1.0,active
084d29a4-a0c1-40a6-985a-8760805f1708,0c0ace1c8af4,ING Group,2023,,Total,General,Unspecified,1616,tonnes CO2e,0.80,high,statement_extraction,ing_Annual_Report_2024_1761270292451.pdf,0c0ace1c8af4,2025-10-25T17:32:16.335Z,2025-10-25T17:32:16.335Z,2025-10-25T17:32:16.335Z,1.0,active
837c9730-0faf-4f83-8352-8445b0ed452f,0c0ace1c8af4,ING Group,2024,,Total,General,Unspecified,16690,tonnes CO2e,0.80,high,statement_extraction,ing_Annual_Report_2024_1761270292451.pdf,0c0ace1c8af4,2025-10-25T17:32:16.335Z,2025-10-25T17:32:16.335Z,2025-10-25T17:32:16.335Z,1.0,active
85287260-b936-45c6-8f87-09e42b7308d9,0c0ace1c8af4,ING Group,2024,,Total,General,Unspecified,16817,tonnes CO2e,0.80,high,statement_extraction,ing_Annual_Report_2024_1761270292451.pdf,0c0ace1c8af4,2025-10-25T17:32:16.335Z,2025-10-25T17:32:16.335Z,2025-10-25T17:32:16.335Z,1.0,active
f2c42fa4-c82a-4580-9131-35f958fb735f,0c0ace1c8af4,ING Group,2025,,Total,General,Unspecified,98905,tonnes CO2e,0.65,medium,statement_extraction,ing_Annual_Report_2024_1761270292451.pdf,0c0ace1c8af4,2025-10-25T17:32:16.335Z,2025-10-25T17:32:16.335Z,2025-10-25T17:32:16.335Z,1.0,active
372c0612-8758-4c43-89aa-8bcd023aaa99,0c0ace1c8af4,ING Group,2023,,Total,General,Unspecified,21193,tonnes CO2e,0.80,high,statement_extraction,ing_Annual_Report_2024_1761270292451.pdf,0c0ace1c8af4,2025-10-25T17:32:16.335Z,2025-10-25T17:32:16.335Z,2025-10-25T17:32:16.335Z,1.0,active
a8e7dabb-5bed-465a-a0e8-8cfb2cfb4e73,0c0ace1c8af4,ING Group,2023,,Total,General,Unspecified,15116,tonnes CO2e,0.80,high,statement_extraction,ing_Annual_Report_2024_1761270292451.pdf,0c0ace1c8af4,2025-10-25T17:32:16.335Z,2025-10-25T17:32:16.335Z,2025-10-25T17:32:16.335Z,1.0,active
4472f1e6-f633-48da-a5cf-bfae1cd7addd,0c0ace1c8af4,ING Group,2023,,Total,General,Unspecified,319,tonnes CO2e,0.80,high,statement_extraction,ing_Annual_Report_2024_1761270292451.pdf,0c0ace1c8af4,2025-10-25T17:32:16.335Z,2025-10-25T17:32:16.335Z,2025-10-25T17:32:16.335Z,1.0,active
42c2ebc3-eb66-4304-b708-399338e4259d,0c0ace1c8af4,ING Group,2025,,Total,General,Unspecified,14513,tonnes CO2e,0.65,medium,statement_extraction,ing_Annual_Report_2024_1761270292451.pdf,0c0ace1c8af4,2025-10-25T17:32:16.335Z,2025-10-25T17:32:16.335Z,2025-10-25T17:32:16.335Z,1.0,active
df5ad75d-0b95-4cb3-88bc-adc989a1ad23,0c0ace1c8af4,ING Group,2025,,Total,General,Unspecified,15782,tonnes CO2e,0.65,medium,statement_extraction,ing_Annual_Report_2024_1761270292451.pdf,0c0ace1c8af4,2025-10-25T17:32:16.335Z,2025-10-25T17:32:16.335Z,2025-10-25T17:32:16.335Z,1.0,active
0584354e-94cf-4cf8-9e1c-256fead9c0ca,0c0ace1c8af4,ING Group,2025,,Total,General,Unspecified,18008,tonnes CO2e,0.65,medium,statement_extraction,ing_Annual_Report_2024_1761270292451.pdf,0c0ace1c8af4,2025-10-25T17:32:16.335Z,2025-10-25T17:32:16.335Z,2025-10-25T17:32:16.335Z,1.0,active
53ed4888-9264-4616-8906-0f96973827b0,0c0ace1c8af4,ING Group,2025,,Total,General,Unspecified,1048,tonnes CO2e,0.65,medium,statement_extraction,ing_Annual_Report_2024_1761270292451.pdf,0c0ace1c8af4,2025-10-25T17:32:16.335Z,2025-10-25T17:32:16.335Z,2025-10-25T17:32:16.335Z,1.0,active
40f1e7a7-c7fd-49a0-a860-8ea9b857bb07,0c0ace1c8af4,ING Group,2023,,Total,General,Unspecified,138,tonnes CO2e,0.80,high,statement_extraction,ing_Annual_Report_2024_1761270292451.pdf,0c0ace1c8af4,2025-10-25T17:32:16.335Z,2025-10-25T17:32:16.335Z,2025-10-25T17:32:16.335Z,1.0,active
03812f4a-ba80-49f5-a031-b25a4d44afa7,0c0ace1c8af4,ING Group,2024,,Total,General,Unspecified,324,tonnes CO2e,0.80,high,statement_extraction,ing_Annual_Report_2024_1761270292451.pdf,0c0ace1c8af4,2025-10-25T17:32:16.335Z,2025-10-25T17:32:16.335Z,2025-10-25T17:32:16.335Z,1.0,active
57013510-6538-4dec-b5cb-b0a4125d12fe,0c0ace1c8af4,ING Group,2025,,Total,General,Unspecified,31451240,tonnes CO2e,0.65,medium,statement_extraction,ing_Annual_Report_2024_1761270292451.pdf,0c0ace1c8af4,2025-10-25T17:32:16.335Z,2025-10-25T17:32:16.335Z,2025-10-25T17:32:16.335Z,1.0,active
41a79c9e-475f-4a50-a360-c316e8c893c3,0c0ace1c8af4,ING Group,2025,,Total,General,Unspecified,553110,tonnes CO2e,0.65,medium,statement_extraction,ing_Annual_Report_2024_1761270292451.pdf,0c0ace1c8af4,2025-10-25T17:32:16.335Z,2025-10-25T17:32:16.335Z,2025-10-25T17:32:16.335Z,1.0,active
298114c1-f4aa-4b45-9e25-c1a709b42968,0c0ace1c8af4,ING Group,2025,,Total,General,Unspecified,359280,tonnes CO2e,0.65,medium,statement_extraction,ing_Annual_Report_2024_1761270292451.pdf,0c0ace1c8af4,2025-10-25T17:32:16.335Z,2025-10-25T17:32:16.335Z,2025-10-25T17:32:16.335Z,1.0,active
6c5a5227-c17e-4dd6-b831-908d92158a8b,0c0ace1c8af4,ING Group,2023,,Scope 1,General,Unspecified,1,tonnes CO2e,0.90,high,statement_extraction,ing_Annual_Report_2024_1761270292451.pdf,0c0ace1c8af4,2025-10-25T17:32:16.335Z,2025-10-25T17:32:16.335Z,2025-10-25T17:32:16.335Z,1.0,active
63e0a6ee-3836-4971-be43-6b085329a520,0c0ace1c8af4,ING Group,2030,1,Total,General,Unspecified,24,tonnes CO2e,0.80,high,statement_extraction,ing_Annual_Report_2024_1761270292451.pdf,0c0ace1c8af4,2025-10-25T17:32:16.335Z,2025-10-25T17:32:16.335Z,2025-10-25T17:32:16.335Z,1.0,active
ca8792c6-b04a-4001-98a1-ada973154fbe,0c0ace1c8af4,ING Group,2025,,Scope 3,General,Unspecified,11,tonnes CO2e,0.75,high,statement_extraction,ing_Annual_Report_2024_1761270292451.pdf,0c0ace1c8af4,2025-10-25T17:32:16.335Z,2025-10-25T17:32:16.335Z,2025-10-25T17:32:16.335Z,1.0,active
ab0fb5cc-be30-4efc-8df4-c01727960c17,0c0ace1c8af4,ING Group,2025,,Scope 1,General,Unspecified,13,tonnes CO2e,0.75,high,statement_extraction,ing_Annual_Report_2024_1761270292451.pdf,0c0ace1c8af4,2025-10-25T17:32:16.335Z,2025-10-25T17:32:16.335Z,2025-10-25T17:32:16.335Z,1.0,active
1b9ad004-bb4a-47c0-9626-09ef4cd8aee9,0c0ace1c8af4,ING Group,2023,,Total,General,Unspecified,2.02,tonnes CO2e,0.80,high,statement_extraction,ing_Annual_Report_2024_1761270292451.pdf,0c0ace1c8af4,2025-10-25T17:32:16.335Z,2025-10-25T17:32:16.335Z,2025-10-25T17:32:16.335Z,1.0,active
ca808e91-321a-4227-a8b5-017e4c93729d,0c0ace1c8af4,ING Group,2023,,Scope 1,General,Unspecified,2,tonnes CO2e,0.90,high,statement_extraction,ing_Annual_Report_2024_1761270292451.pdf,0c0ace1c8af4,2025-10-25T17:32:16.335Z,2025-10-25T17:32:16.335Z,2025-10-25T17:32:16.335Z,1.0,active
e9b93a92-f1ba-4fdf-8ff5-42354e0a0a3d,0c0ace1c8af4,ING Group,2022,,Total,General,Unspecified,23,tonnes CO2e,0.80,high,statement_extraction,ing_Annual_Report_2024_1761270292451.pdf,0c0ace1c8af4,2025-10-25T17:32:16.335Z,2025-10-25T17:32:16.335Z,2025-10-25T17:32:16.335Z,1.0,active
89c6d958-9fa2-457b-b29d-2dd2744ae0e8,0c0ace1c8af4,ING Group,2025,,Total,General,Unspecified,50,tonnes CO2e,0.65,medium,statement_extraction,ing_Annual_Report_2024_1761270292451.pdf,0c0ace1c8af4,2025-10-25T17:32:16.335Z,2025-10-25T17:32:16.335Z,2025-10-25T17:32:16.335Z,1.0,active
2add3184-bf94-42bd-bf66-dccd57e6c001,0c0ace1c8af4,ING Group,2025,,Total,General,Unspecified,53,tonnes CO2e,0.65,medium,statement_extraction,ing_Annual_Report_2024_1761270292451.pdf,0c0ace1c8af4,2025-10-25T17:32:16.335Z,2025-10-25T17:32:16.335Z,2025-10-25T17:32:16.335Z,1.0,active
5d03fd97-c7ff-4732-8d11-186e28efb614,0c0ace1c8af4,ING Group,2025,,Total,General,Unspecified,1089,tonnes CO2e,0.65,medium,statement_extraction,ing_Annual_Report_2024_1761270292451.pdf,0c0ace1c8af4,2025-10-25T17:32:16.335Z,2025-10-25T17:32:16.335Z,2025-10-25T17:32:16.335Z,1.0,active
78f8ec7a-a794-477e-adbf-2c1de3ee8284,0c0ace1c8af4,ING Group,2025,,Total,General,Unspecified,172,tonnes CO2e,0.65,medium,statement_extraction,ing_Annual_Report_2024_1761270292451.pdf,0c0ace1c8af4,2025-10-25T17:32:16.335Z,2025-10-25T17:32:16.335Z,2025-10-25T17:32:16.335Z,1.0,active
07360a71-8568-4df6-b887-d6635d06c404,0c0ace1c8af4,ING Group,2025,,Total,General,Unspecified,1916,tonnes CO2e,0.65,medium,statement_extraction,ing_Annual_Report_2024_1761270292451.pdf,0c0ace1c8af4,2025-10-25T17:32:16.335Z,2025-10-25T17:32:16.335Z,2025-10-25T17:32:16.335Z,1.0,active
c2eb94f3-4463-44a8-8a12-d6f02d1c9155,0c0ace1c8af4,ING Group,2025,,Total,General,Unspecified,387,tonnes CO2e,0.65,medium,statement_extraction,ing_Annual_Report_2024_1761270292451.pdf,0c0ace1c8af4,2025-10-25T17:32:16.335Z,2025-10-25T17:32:16.335Z,2025-10-25T17:32:16.335Z,1.0,active
0c69ffc1-7395-4ba9-ad07-25c6f1c49ad6,0c0ace1c8af4,ING Group,2025,,Total,General,Unspecified,81.61,tonnes CO2e,0.65,medium,statement_extraction,ing_Annual_Report_2024_1761270292451.pdf,0c0ace1c8af4,2025-10-25T17:32:16.335Z,2025-10-25T17:32:16.335Z,2025-10-25T17:32:16.335Z,1.0,active
30c7bfde-fa45-44c9-8448-148c5f2c751f,0c0ace1c8af4,ING Group,2025,,Total,General,Unspecified,78.9,tonnes CO2e,0.65,medium,statement_extraction,ing_Annual_Report_2024_1761270292451.pdf,0c0ace1c8af4,2025-10-25T17:32:16.335Z,2025-10-25T17:32:16.335Z,2025-10-25T17:32:16.335Z,1.0,active
e7961eed-e71d-47fc-915a-11d60a06504c,0c0ace1c8af4,ING Group,2025,,Total,General,Unspecified,78.91,tonnes CO2e,0.65,medium,statement_extraction,ing_Annual_Report_2024_1761270292451.pdf,0c0ace1c8af4,2025-10-25T17:32:16.335Z,2025-10-25T17:32:16.335Z,2025-10-25T17:32:16.335Z,1.0,active
c9410681-3a48-47dd-b266-52398ec679ff,0c0ace1c8af4,ING Group,2025,,Total,General,Unspecified,69.92,tonnes CO2e,0.65,medium,statement_extraction,ing_Annual_Report_2024_1761270292451.pdf,0c0ace1c8af4,2025-10-25T17:32:16.335Z,2025-10-25T17:32:16.335Z,2025-10-25T17:32:16.335Z,1.0,active
10293d38-0a1c-4561-8035-18bfdc4a660c,0c0ace1c8af4,ING Group,2025,,Total,General,Unspecified,0.02,tonnes CO2e,0.65,medium,statement_extraction,ing_Annual_Report_2024_1761270292451.pdf,0c0ace1c8af4,2025-10-25T17:32:16.335Z,2025-10-25T17:32:16.335Z,2025-10-25T17:32:16.335Z,1.0,active
afb835cb-0893-4ce9-af36-62599633e125,0c0ace1c8af4,ING Group,2023,,Scope 1,Transportation,Company Vehicles,27,tonnes CO2e,1.00,high,statement_extraction,ing_Annual_Report_2024_1761270292451.pdf,0c0ace1c8af4,2025-10-25T17:32:16.335Z,2025-10-25T17:32:16.335Z,2025-10-25T17:32:16.335Z,1.0,active
856fe9b3-441b-4fc7-89b6-d6587b68415f,0c0ace1c8af4,ING Group,2024,,Scope 1,General,Unspecified,2,tonnes CO2e,0.90,high,statement_extraction,ing_Annual_Report_2024_1761270292451.pdf,0c0ace1c8af4,2025-10-25T17:32:16.335Z,2025-10-25T17:32:16.335Z,2025-10-25T17:32:16.335Z,1.0,active
d8eeb9d2-5c3a-4536-802f-2d8e8e0a6c52,0c0ace1c8af4,ING Group,2025,,Scope 1,Energy,Fossil Fuel Combustion,18,tonnes CO2e,0.85,high,statement_extraction,ing_Annual_Report_2024_1761270292451.pdf,0c0ace1c8af4,2025-10-25T17:32:16.335Z,2025-10-25T17:32:16.335Z,2025-10-25T17:32:16.335Z,1.0,active
2403fa09-6cab-4747-a623-5ea72c8fcc39,0c0ace1c8af4,ING Group,2023,,Scope 1,General,Unspecified,2024,tonnes CO2e,0.90,high,statement_extraction,ing_Annual_Report_2024_1761270292451.pdf,0c0ace1c8af4,2025-10-25T17:32:16.335Z,2025-10-25T17:32:16.335Z,2025-10-25T17:32:16.335Z,1.0,active
43c9bcc7-3078-46f1-8c99-4eaedb2d0557,0c0ace1c8af4,ING Group,2024,,Scope 1,General,Unspecified,13,tonnes CO2e,0.90,high,statement_extraction,ing_Annual_Report_2024_1761270292451.pdf,0c0ace1c8af4,2025-10-25T17:32:16.335Z,2025-10-25T17:32:16.335Z,2025-10-25T17:32:16.335Z,1.0,active
3e64b32c-6e26-4cfd-8861-69ac1abadecd,0c0ace1c8af4,ING Group,2022,,Scope 1,General,Unspecified,2,tonnes CO2e,0.90,high,statement_extraction,ing_Annual_Report_2024_1761270292451.pdf,0c0ace1c8af4,2025-10-25T17:32:16.335Z,2025-10-25T17:32:16.335Z,2025-10-25T17:32:16.335Z,1.0,active
6c047d6f-9674-4791-a501-915613b788de,0c0ace1c8af4,ING Group,2023,,Scope 3,Transportation,Business Travel & Logistics,27,tonnes CO2e,1.00,high,statement_extraction,ing_Annual_Report_2024_1761270292451.pdf,0c0ace1c8af4,2025-10-25T17:32:16.335Z,2025-10-25T17:32:16.335Z,2025-10-25T17:32:16.335Z,1.0,active
0a70da02-63a7-4144-af60-f316e8007be4,0c0ace1c8af4,ING Group,2023,,Scope 3,Direct Emissions,Value Chain,15,tonnes CO2e,1.00,high,statement_extraction,ing_Annual_Report_2024_1761270292451.pdf,0c0ace1c8af4,2025-10-25T17:32:16.335Z,2025-10-25T17:32:16.335Z,2025-10-25T17:32:16.335Z,1.0,active
19e3de5e-9d3f-4b9b-b0e9-17ccbada0651,0c0ace1c8af4,ING Group,2025,,Scope 3,Energy,Energy-Related Activities,11,tonnes CO2e,0.85,high,statement_extraction,ing_Annual_Report_2024_1761270292451.pdf,0c0ace1c8af4,2025-10-25T17:32:16.335Z,2025-10-25T17:32:16.335Z,2025-10-25T17:32:16.335Z,1.0,active
af6cbce8-39bb-4d12-8667-0edc4cbd338a,0c0ace1c8af4,ING Group,2024,,Scope 3,General,Unspecified,13,tonnes CO2e,0.90,high,statement_extraction,ing_Annual_Report_2024_1761270292451.pdf,0c0ace1c8af4,2025-10-25T17:32:16.335Z,2025-10-25T17:32:16.335Z,2025-10-25T17:32:16.335Z,1.0,active
97689bde-0b5d-49ef-adbf-af3528de9b06,330997f7d1ee,Indian Oil Corporation,2030,1,Total,General,Unspecified,50,tonnes CO2e,0.80,high,statement_extraction,IOC-Sustainability-Report-2021.pdf,330997f7d1ee,2025-10-25T17:32:16.335Z,2025-10-25T17:32:16.335Z,2025-10-25T17:32:16.335Z,1.0,active
26d3d5a5-268c-4923-aef4-8b85c7ea9f26,330997f7d1ee,Indian Oil Corporation,2024,,Total,General,Unspecified,50,tonnes CO2e,0.80,high,statement_extraction,IOC-Sustainability-Report-2021.pdf,330997f7d1ee,2025-10-25T17:32:16.335Z,2025-10-25T17:32:16.335Z,2025-10-25T17:32:16.335Z,1.0,active
18375f58-2a3a-4cdc-9cfc-ddf3178f1b6f,330997f7d1ee,Indian Oil Corporation,2019,,Total,General,Unspecified,26969,tonnes CO2e,0.80,high,statement_extraction,IOC-Sustainability-Report-2021.pdf,330997f7d1ee,2025-10-25T17:32:16.335Z,2025-10-25T17:32:16.335Z,2025-10-25T17:32:16.335Z,1.0,active
e2812c64-a671-4bae-bc82-45068c2fc34c,330997f7d1ee,Indian Oil Corporation,2025,,Total,General,Unspecified,3,tonnes CO2e,0.65,medium,statement_extraction,IOC-Sustainability-Report-2021.pdf,330997f7d1ee,2025-10-25T17:32:16.335Z,2025-10-25T17:32:16.335Z,2025-10-25T17:32:16.335Z,1.0,active
0f35202b-0355-4878-b5cb-6e563f4d45e0,330997f7d1ee,Indian Oil Corporation,2020,,Total,Transportation,Transportation,9820,tonnes CO2e,0.90,high,statement_extraction,IOC-Sustainability-Report-2021.pdf,330997f7d1ee,2025-10-25T17:32:16.335Z,2025-10-25T17:32:16.335Z,2025-10-25T17:32:16.335Z,1.0,active
64abe012-a16b-4e15-8d11-04acd3f70f18,330997f7d1ee,Indian Oil Corporation,2020,,Total,General,Unspecified,200,tonnes CO2e,0.80,high,statement_extraction,IOC-Sustainability-Report-2021.pdf,330997f7d1ee,2025-10-25T17:32:16.335Z,2025-10-25T17:32:16.335Z,2025-10-25T17:32:16.335Z,1.0,active
fb60d86e-4b75-4d1b-bfc9-033746852e50,330997f7d1ee,Indian Oil Corporation,2025,,Total,General,Unspecified,5,tonnes CO2e,0.65,medium,statement_extraction,IOC-Sustainability-Report-2021.pdf,330997f7d1ee,2025-10-25T17:32:16.335Z,2025-10-25T17:32:16.335Z,2025-10-25T17:32:16.335Z,1.0,active
c0b5abeb-5454-4bc8-b615-672689b3299a,330997f7d1ee,Indian Oil Corporation,2021,,Total,General,Unspecified,17,tonnes CO2e,0.80,high,statement_extraction,IOC-Sustainability-Report-2021.pdf,330997f7d1ee,2025-10-25T17:32:16.335Z,2025-10-25T17:32:16.335Z,2025-10-25T17:32:16.335Z,1.0,active
8cfd5250-b35c-4c75-8539-ce667018b197,330997f7d1ee,Indian Oil Corporation,2020,,Total,Transportation,Transportation,2,tonnes CO2e,0.90,high,statement_extraction,IOC-Sustainability-Report-2021.pdf,330997f7d1ee,2025-10-25T17:32:16.335Z,2025-10-25T17:32:16.335Z,2025-10-25T17:32:16.335Z,1.0,active
51111f2f-6911-4ab6-8960-9c26e2873684,330997f7d1ee,Indian Oil Corporation,2025,,Total,General,Unspecified,200000,tonnes CO2e,0.65,medium,statement_extraction,IOC-Sustainability-Report-2021.pdf,330997f7d1ee,2025-10-25T17:32:16.335Z,2025-10-25T17:32:16.335Z,2025-10-25T17:32:16.335Z,1.0,active
4f45743f-1d06-4af6-9a95-c4f0b054bf7c,330997f7d1ee,Indian Oil Corporation,2030,1,Total,Direct Emissions,Direct Emissions,200000,tonnes CO2e,0.90,high,statement_extraction,IOC-Sustainability-Report-2021.pdf,330997f7d1ee,2025-10-25T17:32:16.335Z,2025-10-25T17:32:16.335Z,2025-10-25T17:32:16.335Z,1.0,active
6187f828-af72-4f52-afa1-cb485f205d06,298b68063ae7,Jaarverslag,2025,,Scope 1,General,Unspecified,2,tonnes CO2e,0.75,high,statement_extraction,Jaarverslag-2024.pdf,298b68063ae7,2025-10-25T17:32:16.335Z,2025-10-25T17:32:16.335Z,2025-10-25T17:32:16.335Z,1.0,active
b88ae7b7-7d54-460c-bb9f-2815b9fd1ba6,298b68063ae7,Jaarverslag,2024,,Scope 3,General,Unspecified,3,tonnes CO2e,0.90,high,statement_extraction,Jaarverslag-2024.pdf,298b68063ae7,2025-10-25T17:32:16.335Z,2025-10-25T17:32:16.335Z,2025-10-25T17:32:16.335Z,1.0,active
69a9e97b-ef13-4fa5-a3fb-73c9529286ce,298b68063ae7,Jaarverslag,2025,,Scope 1,General,Unspecified,3,tonnes CO2e,0.75,high,statement_extraction,Jaarverslag-2024.pdf,298b68063ae7,2025-10-25T17:32:16.335Z,2025-10-25T17:32:16.335Z,2025-10-25T17:32:16.335Z,1.0,active
b95fb40d-b609-4885-bd52-8de1aec881a5,298b68063ae7,Jaarverslag,2025,,Scope 1,General,Unspecified,1,tonnes CO2e,0.75,high,statement_extraction,Jaarverslag-2024.pdf,298b68063ae7,2025-10-25T17:32:16.335Z,2025-10-25T17:32:16.335Z,2025-10-25T17:32:16.335Z,1.0,active
3823c143-c3ce-4e89-8b21-26e29956f5c7,298b68063ae7,Jaarverslag,2025,,Scope 1,General,Unspecified,58,tonnes CO2e,0.75,high,statement_extraction,Jaarverslag-2024.pdf,298b68063ae7,2025-10-25T17:32:16.335Z,2025-10-25T17:32:16.335Z,2025-10-25T17:32:16.335Z,1.0,active
2be3b327-6ab2-44b1-9440-c0d556dda2b7,298b68063ae7,Jaarverslag,2025,,Total,General,Unspecified,71,tonnes CO2e,0.65,medium,statement_extraction,Jaarverslag-2024.pdf,298b68063ae7,2025-10-25T17:32:16.335Z,2025-10-25T17:32:16.335Z,2025-10-25T17:32:16.335Z,1.0,active
7ad0c8fb-7d8c-4728-a2bd-35b1761a6df1,298b68063ae7,Jaarverslag,2025,,Total,General,Unspecified,57,tonnes CO2e,0.65,medium,statement_extraction,Jaarverslag-2024.pdf,298b68063ae7,2025-10-25T17:32:16.335Z,2025-10-25T17:32:16.335Z,2025-10-25T17:32:16.335Z,1.0,active
b0f1819b-11b6-407a-9e49-9badf85e09ed,298b68063ae7,Jaarverslag,2025,,Total,General,Unspecified,127,tonnes CO2e,0.65,medium,statement_extraction,Jaarverslag-2024.pdf,298b68063ae7,2025-10-25T17:32:16.335Z,2025-10-25T17:32:16.335Z,2025-10-25T17:32:16.335Z,1.0,active
8036bae0-e059-4c98-995e-010284ddc77c,298b68063ae7,Jaarverslag,2025,,Total,General,Unspecified,12,tonnes CO2e,0.65,medium,statement_extraction,Jaarverslag-2024.pdf,298b68063ae7,2025-10-25T17:32:16.335Z,2025-10-25T17:32:16.335Z,2025-10-25T17:32:16.335Z,1.0,active
6f73abbc-2fe4-4de9-bdee-205139ed0a0f,298b68063ae7,Jaarverslag,2025,,Total,General,Unspecified,77,tonnes CO2e,0.65,medium,statement_extraction,Jaarverslag-2024.pdf,298b68063ae7,2025-10-25T17:32:16.335Z,2025-10-25T17:32:16.335Z,2025-10-25T17:32:16.335Z,1.0,active
f97c345f-2f0f-4ab8-8bb5-18c6acc31ad5,298b68063ae7,Jaarverslag,2025,,Total,General,Unspecified,1093,tonnes CO2e,0.65,medium,statement_extraction,Jaarverslag-2024.pdf,298b68063ae7,2025-10-25T17:32:16.335Z,2025-10-25T17:32:16.335Z,2025-10-25T17:32:16.335Z,1.0,active
a0344a61-026b-41ce-8ca1-37e262712af1,298b68063ae7,Jaarverslag,2025,,Total,General,Unspecified,21,tonnes CO2e,0.65,medium,statement_extraction,Jaarverslag-2024.pdf,298b68063ae7,2025-10-25T17:32:16.335Z,2025-10-25T17:32:16.335Z,2025-10-25T17:32:16.335Z,1.0,active
39468f13-4783-4b5e-b95c-119c41af540a,298b68063ae7,Jaarverslag,2025,,Total,General,Unspecified,3,tonnes CO2e,0.65,medium,statement_extraction,Jaarverslag-2024.pdf,298b68063ae7,2025-10-25T17:32:16.335Z,2025-10-25T17:32:16.335Z,2025-10-25T17:32:16.335Z,1.0,active
68048401-9437-43d3-8c68-0d445f42b647,298b68063ae7,Jaarverslag,2025,,Total,General,Unspecified,4,tonnes CO2e,0.65,medium,statement_extraction,Jaarverslag-2024.pdf,298b68063ae7,2025-10-25T17:32:16.335Z,2025-10-25T17:32:16.335Z,2025-10-25T17:32:16.335Z,1.0,active
8d73ac84-a4a4-43b9-9dea-00cad7889e5e,298b68063ae7,Jaarverslag,2025,,Scope 1,Direct Emissions,Direct Operations,1,tonnes CO2e,0.85,high,statement_extraction,Jaarverslag-2024.pdf,298b68063ae7,2025-10-25T17:32:16.335Z,2025-10-25T17:32:16.335Z,2025-10-25T17:32:16.335Z,1.0,active
15169913-a87f-4fb8-970e-4022df6262a9,298b68063ae7,Jaarverslag,2025,,Scope 1,Direct Emissions,Direct Operations,2,tonnes CO2e,0.85,high,statement_extraction,Jaarverslag-2024.pdf,298b68063ae7,2025-10-25T17:32:16.335Z,2025-10-25T17:32:16.335Z,2025-10-25T17:32:16.335Z,1.0,active
44a3763c-a966-4cfc-8af0-8dc9b172e43b,298b68063ae7,Jaarverslag,2025,,Scope 3,Direct Emissions,Value Chain,3,tonnes CO2e,0.85,high,statement_extraction,Jaarverslag-2024.pdf,298b68063ae7,2025-10-25T17:32:16.335Z,2025-10-25T17:32:16.335Z,2025-10-25T17:32:16.335Z,1.0,active
05579087-f663-4d65-8dfc-3f3bb7ba2ee3,298b68063ae7,Jaarverslag,2025,,Total,General,Unspecified,5,tonnes CO2e,0.65,medium,statement_extraction,Jaarverslag-2024.pdf,298b68063ae7,2025-10-25T17:32:16.335Z,2025-10-25T17:32:16.335Z,2025-10-25T17:32:16.335Z,1.0,active
d9b0a637-99cf-4450-a87a-dbc76b895b77,298b68063ae7,Jaarverslag,2025,,Scope 2,Direct Emissions,Indirect Energy,2,tonnes CO2e,0.85,high,statement_extraction,Jaarverslag-2024.pdf,298b68063ae7,2025-10-25T17:32:16.335Z,2025-10-25T17:32:16.335Z,2025-10-25T17:32:16.335Z,1.0,active
77cc06ec-e265-4281-a45b-28260f515156,298b68063ae7,Jaarverslag,2025,,Scope 1,General,Unspecified,168.545,tonnes CO2e,0.75,high,statement_extraction,Jaarverslag-2024.pdf,298b68063ae7,2025-10-25T17:32:16.335Z,2025-10-25T17:32:16.335Z,2025-10-25T17:32:16.335Z,1.0,active
8f25fc94-f8cd-486e-a4cc-644da9b650d2,298b68063ae7,Jaarverslag,2025,,Total,General,Unspecified,400.768,tonnes CO2e,0.65,medium,statement_extraction,Jaarverslag-2024.pdf,298b68063ae7,2025-10-25T17:32:16.335Z,2025-10-25T17:32:16.335Z,2025-10-25T17:32:16.335Z,1.0,active
302ed5e9-c852-4524-ab42-cace9028b164,298b68063ae7,Jaarverslag,2024,,Scope 3,General,Unspecified,2024,tonnes CO2e,0.90,high,statement_extraction,Jaarverslag-2024.pdf,298b68063ae7,2025-10-25T17:32:16.335Z,2025-10-25T17:32:16.335Z,2025-10-25T17:32:16.335Z,1.0,active
11179056-e8a7-4b71-93b7-6613336b48ae,ea9d31d8bbb2,KPN,2023,,Total,General,Unspecified,3,tonnes CO2e,0.80,high,statement_extraction,KPN-integrated-annual-report-2024_2025-02-21-143127_spyv.pdf,ea9d31d8bbb2,2025-10-25T17:32:16.335Z,2025-10-25T17:32:16.335Z,2025-10-25T17:32:16.335Z,1.0,active
c68c3b91-92bd-47d0-b2b7-4bfec8db96de,ea9d31d8bbb2,KPN,2025,,Total,Energy,Energy,2,tonnes CO2e,0.75,high,statement_extraction,KPN-integrated-annual-report-2024_2025-02-21-143127_spyv.pdf,ea9d31d8bbb2,2025-10-25T17:32:16.335Z,2025-10-25T17:32:16.335Z,2025-10-25T17:32:16.335Z,1.0,active
379270b7-8ced-428b-8a1d-7ad18213ebe2,ea9d31d8bbb2,KPN,2025,,Scope 1,General,Unspecified,6100,tonnes CO2e,0.90,high,statement_extraction,KPN-integrated-annual-report-2024_2025-02-21-143127_spyv.pdf,ea9d31d8bbb2,2025-10-25T17:32:16.335Z,2025-10-25T17:32:16.335Z,2025-10-25T17:32:16.335Z,1.0,active
97e99a07-f52a-460b-a3d5-9c3ffa2a07ca,ea9d31d8bbb2,KPN,2025,,Scope 2,General,Unspecified,116000,tonnes CO2e,0.90,high,statement_extraction,KPN-integrated-annual-report-2024_2025-02-21-143127_spyv.pdf,ea9d31d8bbb2,2025-10-25T17:32:16.335Z,2025-10-25T17:32:16.335Z,2025-10-25T17:32:16.335Z,1.0,active
88d50fb6-6bca-40ae-a9b9-b768bd3f139a,ea9d31d8bbb2,KPN,2025,,Scope 3,General,Unspecified,101750,tonnes CO2e,0.75,high,statement_extraction,KPN-integrated-annual-report-2024_2025-02-21-143127_spyv.pdf,ea9d31d8bbb2,2025-10-25T17:32:16.335Z,2025-10-25T17:32:16.335Z,2025-10-25T17:32:16.335Z,1.0,active
04a2c7a4-e3ec-4a86-9a31-568a55d8a011,ea9d31d8bbb2,KPN,2024,,Scope 1,General,Unspecified,6208,tonnes CO2e,0.90,high,statement_extraction,KPN-integrated-annual-report-2024_2025-02-21-143127_spyv.pdf,ea9d31d8bbb2,2025-10-25T17:32:16.335Z,2025-10-25T17:32:16.335Z,2025-10-25T17:32:16.335Z,1.0,active
18188a10-4653-455a-b3b5-53ab09e6d9fe,ea9d31d8bbb2,KPN,2024,,Scope 2,General,Unspecified,118356,tonnes CO2e,0.90,high,statement_extraction,KPN-integrated-annual-report-2024_2025-02-21-143127_spyv.pdf,ea9d31d8bbb2,2025-10-25T17:32:16.335Z,2025-10-25T17:32:16.335Z,2025-10-25T17:32:16.335Z,1.0,active
a80a44ed-1623-4a9d-936d-856ddaf92958,ea9d31d8bbb2,KPN,2024,,Scope 3,General,Unspecified,813481,tonnes CO2e,0.90,high,statement_extraction,KPN-integrated-annual-report-2024_2025-02-21-143127_spyv.pdf,ea9d31d8bbb2,2025-10-25T17:32:16.335Z,2025-10-25T17:32:16.335Z,2025-10-25T17:32:16.335Z,1.0,active
05ca5a68-48ff-4789-9bd7-a1dfc0370035,ea9d31d8bbb2,KPN,2025,,Scope 1,Direct Emissions,Direct Operations,3,tonnes CO2e,0.85,high,statement_extraction,KPN-integrated-annual-report-2024_2025-02-21-143127_spyv.pdf,ea9d31d8bbb2,2025-10-25T17:32:16.335Z,2025-10-25T17:32:16.335Z,2025-10-25T17:32:16.335Z,1.0,active
1619749c-ca61-4a62-b883-200565983940,ea9d31d8bbb2,KPN,2025,,Total,General,Unspecified,59,tonnes CO2e,0.65,medium,statement_extraction,KPN-integrated-annual-report-2024_2025-02-21-143127_spyv.pdf,ea9d31d8bbb2,2025-10-25T17:32:16.335Z,2025-10-25T17:32:16.335Z,2025-10-25T17:32:16.335Z,1.0,active
b43e3ceb-5569-484b-8d49-e8b4bc5a5b56,ea9d31d8bbb2,KPN,2025,,Total,General,Unspecified,100,tonnes CO2e,0.65,medium,statement_extraction,KPN-integrated-annual-report-2024_2025-02-21-143127_spyv.pdf,ea9d31d8bbb2,2025-10-25T17:32:16.335Z,2025-10-25T17:32:16.335Z,2025-10-25T17:32:16.335Z,1.0,active
a6aca69b-0b64-4342-9fef-730f608ad507,ea9d31d8bbb2,KPN,2025,,Scope 3,Transportation,Business Travel & Logistics,9,tonnes CO2e,0.85,high,statement_extraction,KPN-integrated-annual-report-2024_2025-02-21-143127_spyv.pdf,ea9d31d8bbb2,2025-10-25T17:32:16.335Z,2025-10-25T17:32:16.335Z,2025-10-25T17:32:16.335Z,1.0,active
3c482fa5-90b8-40ea-91f4-1e9a0d1fe67a,ea9d31d8bbb2,KPN,2025,,Scope 3,Transportation,Business Travel & Logistics,13,tonnes CO2e,0.85,high,statement_extraction,KPN-integrated-annual-report-2024_2025-02-21-143127_spyv.pdf,ea9d31d8bbb2,2025-10-25T17:32:16.335Z,2025-10-25T17:32:16.335Z,2025-10-25T17:32:16.335Z,1.0,active
51aca91e-00bf-4b14-97a6-7f75f3e2203c,ea9d31d8bbb2,KPN,2025,,Scope 2,General,Unspecified,3,tonnes CO2e,0.75,high,statement_extraction,KPN-integrated-annual-report-2024_2025-02-21-143127_spyv.pdf,ea9d31d8bbb2,2025-10-25T17:32:16.335Z,2025-10-25T17:32:16.335Z,2025-10-25T17:32:16.335Z,1.0,active
d9bad35e-94cc-496b-94d3-4cd3bc587bb5,ea9d31d8bbb2,KPN,2025,,Total,General,Unspecified,30,tonnes CO2e,0.65,medium,statement_extraction,KPN-integrated-annual-report-2024_2025-02-21-143127_spyv.pdf,ea9d31d8bbb2,2025-10-25T17:32:16.335Z,2025-10-25T17:32:16.335Z,2025-10-25T17:32:16.335Z,1.0,active
5be0f2f9-135d-4ff2-adb7-4c690eb1cd12,ea9d31d8bbb2,KPN,2025,,Scope 1,General,Unspecified,2,tonnes CO2e,0.75,high,statement_extraction,KPN-integrated-annual-report-2024_2025-02-21-143127_spyv.pdf,ea9d31d8bbb2,2025-10-25T17:32:16.335Z,2025-10-25T17:32:16.335Z,2025-10-25T17:32:16.335Z,1.0,active
50f04556-501f-4943-8900-bc9ebf196956,ea9d31d8bbb2,KPN,2025,,Scope 3,General,Unspecified,3,tonnes CO2e,0.90,high,statement_extraction,KPN-integrated-annual-report-2024_2025-02-21-143127_spyv.pdf,ea9d31d8bbb2,2025-10-25T17:32:16.335Z,2025-10-25T17:32:16.335Z,2025-10-25T17:32:16.335Z,1.0,active
b3458201-9313-4939-a529-c4f67bd21aee,ea9d31d8bbb2,KPN,2025,,Scope 3,General,Unspecified,15,tonnes CO2e,0.75,high,statement_extraction,KPN-integrated-annual-report-2024_2025-02-21-143127_spyv.pdf,ea9d31d8bbb2,2025-10-25T17:32:16.335Z,2025-10-25T17:32:16.335Z,2025-10-25T17:32:16.335Z,1.0,active
2988399d-426e-46d2-b9af-e7a185267e20,ea9d31d8bbb2,KPN,2024,,Scope 3,General,Unspecified,3,tonnes CO2e,0.90,high,statement_extraction,KPN-integrated-annual-report-2024_2025-02-21-143127_spyv.pdf,ea9d31d8bbb2,2025-10-25T17:32:16.335Z,2025-10-25T17:32:16.335Z,2025-10-25T17:32:16.335Z,1.0,active
b8b6a500-c41b-44ee-a25c-1ff12c714a83,ea9d31d8bbb2,KPN,2025,,Scope 1,General,Unspecified,3,tonnes CO2e,0.75,high,statement_extraction,KPN-integrated-annual-report-2024_2025-02-21-143127_spyv.pdf,ea9d31d8bbb2,2025-10-25T17:32:16.335Z,2025-10-25T17:32:16.335Z,2025-10-25T17:32:16.335Z,1.0,active
63d1d1e0-3c7b-4618-807f-7beae1984466,ea9d31d8bbb2,KPN,2025,,Scope 1,General,Unspecified,90,tonnes CO2e,0.75,high,statement_extraction,KPN-integrated-annual-report-2024_2025-02-21-143127_spyv.pdf,ea9d31d8bbb2,2025-10-25T17:32:16.335Z,2025-10-25T17:32:16.335Z,2025-10-25T17:32:16.335Z,1.0,active
b470ee64-fe29-4032-8ae0-a11c52db1a5e,ea9d31d8bbb2,KPN,2025,,Scope 1,Energy,Fossil Fuel Combustion,1,tonnes CO2e,0.85,high,statement_extraction,KPN-integrated-annual-report-2024_2025-02-21-143127_spyv.pdf,ea9d31d8bbb2,2025-10-25T17:32:16.335Z,2025-10-25T17:32:16.335Z,2025-10-25T17:32:16.335Z,1.0,active
bbbf3f67-dc6a-4fe8-aa0d-00f4dc0d59ab,ea9d31d8bbb2,KPN,2030,1,Scope 3,General,Unspecified,3,tonnes CO2e,0.90,high,statement_extraction,KPN-integrated-annual-report-2024_2025-02-21-143127_spyv.pdf,ea9d31d8bbb2,2025-10-25T17:32:16.335Z,2025-10-25T17:32:16.335Z,2025-10-25T17:32:16.335Z,1.0,active
d3c94b07-3d3f-43d1-bcf5-4836e65a5697,ea9d31d8bbb2,KPN,2025,,Scope 1,General,Unspecified,1.5,tonnes CO2e,0.75,high,statement_extraction,KPN-integrated-annual-report-2024_2025-02-21-143127_spyv.pdf,ea9d31d8bbb2,2025-10-25T17:32:16.335Z,2025-10-25T17:32:16.335Z,2025-10-25T17:32:16.335Z,1.0,active
fd6ae441-33a8-46e3-bb35-5bd529e4f93d,ea9d31d8bbb2,KPN,2024,,Scope 3,General,Unspecified,20,tonnes CO2e,0.90,high,statement_extraction,KPN-integrated-annual-report-2024_2025-02-21-143127_spyv.pdf,ea9d31d8bbb2,2025-10-25T17:32:16.335Z,2025-10-25T17:32:16.335Z,2025-10-25T17:32:16.335Z,1.0,active
c475bd7a-f9fb-42c5-9944-d56256cddeb3,ea9d31d8bbb2,KPN,2025,,Scope 1,Direct Emissions,Direct Operations,1,tonnes CO2e,0.85,high,statement_extraction,KPN-integrated-annual-report-2024_2025-02-21-143127_spyv.pdf,ea9d31d8bbb2,2025-10-25T17:32:16.335Z,2025-10-25T17:32:16.335Z,2025-10-25T17:32:16.335Z,1.0,active
46ee93db-dec5-4d67-9d39-14f9c7d977ce,ea9d31d8bbb2,KPN,2025,,Scope 1,Direct Emissions,Direct Operations,100,tonnes CO2e,0.85,high,statement_extraction,KPN-integrated-annual-report-2024_2025-02-21-143127_spyv.pdf,ea9d31d8bbb2,2025-10-25T17:32:16.335Z,2025-10-25T17:32:16.335Z,2025-10-25T17:32:16.335Z,1.0,active
7f564cb3-d743-47da-b794-b630505f23e8,ea9d31d8bbb2,KPN,2025,,Scope 3,General,Unspecified,3,tonnes CO2e,0.75,high,statement_extraction,KPN-integrated-annual-report-2024_2025-02-21-143127_spyv.pdf,ea9d31d8bbb2,2025-10-25T17:32:16.335Z,2025-10-25T17:32:16.335Z,2025-10-25T17:32:16.335Z,1.0,active
356f799e-3555-411f-b394-4cdf339aedf7,ea9d31d8bbb2,KPN,2025,,Scope 3,Energy,Energy-Related Activities,3,tonnes CO2e,0.85,high,statement_extraction,KPN-integrated-annual-report-2024_2025-02-21-143127_spyv.pdf,ea9d31d8bbb2,2025-10-25T17:32:16.335Z,2025-10-25T17:32:16.335Z,2025-10-25T17:32:16.335Z,1.0,active
ba67ccc7-075d-4d4a-919e-d7203674e6e4,ea9d31d8bbb2,KPN,2025,,Scope 3,Transportation,Business Travel & Logistics,3,tonnes CO2e,0.85,high,statement_extraction,KPN-integrated-annual-report-2024_2025-02-21-143127_spyv.pdf,ea9d31d8bbb2,2025-10-25T17:32:16.335Z,2025-10-25T17:32:16.335Z,2025-10-25T17:32:16.335Z,1.0,active
cb78e7d1-e81b-4c7b-9418-343d6d5f303e,ea9d31d8bbb2,KPN,2023,,Scope 3,General,Unspecified,3,tonnes CO2e,0.90,high,statement_extraction,KPN-integrated-annual-report-2024_2025-02-21-143127_spyv.pdf,ea9d31d8bbb2,2025-10-25T17:32:16.335Z,2025-10-25T17:32:16.335Z,2025-10-25T17:32:16.335Z,1.0,active
21e5b6d9-fb0c-4fc0-9dd1-2e119d449cff,ea9d31d8bbb2,KPN,2025,,Total,General,Unspecified,1.075,tonnes CO2e,0.65,medium,statement_extraction,KPN-integrated-annual-report-2024_2025-02-21-143127_spyv.pdf,ea9d31d8bbb2,2025-10-25T17:32:16.335Z,2025-10-25T17:32:16.335Z,2025-10-25T17:32:16.335Z,1.0,active
1f8b2d5b-ef15-4606-81ee-f7a37d1ebb44,ea9d31d8bbb2,KPN,2025,,Scope 1,Energy,Fossil Fuel Combustion,3,tonnes CO2e,0.85,high,statement_extraction,KPN-integrated-annual-report-2024_2025-02-21-143127_spyv.pdf,ea9d31d8bbb2,2025-10-25T17:32:16.335Z,2025-10-25T17:32:16.335Z,2025-10-25T17:32:16.335Z,1.0,active
8ab62a4e-7729-485d-863f-5fef61aea088,ea9d31d8bbb2,KPN,2024,,Scope 3,General,Unspecified,99,tonnes CO2e,0.90,high,statement_extraction,KPN-integrated-annual-report-2024_2025-02-21-143127_spyv.pdf,ea9d31d8bbb2,2025-10-25T17:32:16.335Z,2025-10-25T17:32:16.335Z,2025-10-25T17:32:16.335Z,1.0,active
33411526-d7e1-474a-aea7-922e8ff2cf8d,ea9d31d8bbb2,KPN,2024,,Scope 3,Purchased Goods,Supply Chain Emissions,77,tonnes CO2e,1.00,high,statement_extraction,KPN-integrated-annual-report-2024_2025-02-21-143127_spyv.pdf,ea9d31d8bbb2,2025-10-25T17:32:16.335Z,2025-10-25T17:32:16.335Z,2025-10-25T17:32:16.335Z,1.0,active
48ca1299-cde3-4463-b98b-9e3c5998a90e,ea9d31d8bbb2,KPN,2025,,Scope 3,Purchased Goods,Supply Chain Emissions,1,tonnes CO2e,0.85,high,statement_extraction,KPN-integrated-annual-report-2024_2025-02-21-143127_spyv.pdf,ea9d31d8bbb2,2025-10-25T17:32:16.335Z,2025-10-25T17:32:16.335Z,2025-10-25T17:32:16.335Z,1.0,active
5e3f72d7-0fe3-4901-998e-73a7370d6e77,ea9d31d8bbb2,KPN,2030,1,Scope 1,General,Unspecified,3,tonnes CO2e,0.90,high,statement_extraction,KPN-integrated-annual-report-2024_2025-02-21-143127_spyv.pdf,ea9d31d8bbb2,2025-10-25T17:32:16.335Z,2025-10-25T17:32:16.335Z,2025-10-25T17:32:16.335Z,1.0,active
3e066b82-d097-456b-9798-d4e41cd79e52,ea9d31d8bbb2,KPN,2025,,Scope 1,General,Unspecified,1,tonnes CO2e,0.75,high,statement_extraction,KPN-integrated-annual-report-2024_2025-02-21-143127_spyv.pdf,ea9d31d8bbb2,2025-10-25T17:32:16.335Z,2025-10-25T17:32:16.335Z,2025-10-25T17:32:16.335Z,1.0,active
7f4600e3-742d-44bc-bbea-84bb78caa5fa,ea9d31d8bbb2,KPN,2025,,Scope 1,Energy,Fossil Fuel Combustion,2,tonnes CO2e,0.85,high,statement_extraction,KPN-integrated-annual-report-2024_2025-02-21-143127_spyv.pdf,ea9d31d8bbb2,2025-10-25T17:32:16.335Z,2025-10-25T17:32:16.335Z,2025-10-25T17:32:16.335Z,1.0,active
e7887e5a-632d-43ee-8db4-1d2ef65c780f,ea9d31d8bbb2,KPN,2022,,Scope 3,General,Unspecified,3,tonnes CO2e,0.90,high,statement_extraction,KPN-integrated-annual-report-2024_2025-02-21-143127_spyv.pdf,ea9d31d8bbb2,2025-10-25T17:32:16.335Z,2025-10-25T17:32:16.335Z,2025-10-25T17:32:16.335Z,1.0,active
e07609fc-61cd-4b21-87ed-74ec333d4f1d,ea9d31d8bbb2,KPN,2023,,Scope 2,General,Unspecified,2,tonnes CO2e,0.90,high,statement_extraction,KPN-integrated-annual-report-2024_2025-02-21-143127_spyv.pdf,ea9d31d8bbb2,2025-10-25T17:32:16.335Z,2025-10-25T17:32:16.335Z,2025-10-25T17:32:16.335Z,1.0,active
1bef55f4-9177-407f-a1af-205d68a3de50,ea9d31d8bbb2,KPN,2015,,Scope 2,General,Unspecified,2,tonnes CO2e,0.90,high,statement_extraction,KPN-integrated-annual-report-2024_2025-02-21-143127_spyv.pdf,ea9d31d8bbb2,2025-10-25T17:32:16.335Z,2025-10-25T17:32:16.335Z,2025-10-25T17:32:16.335Z,1.0,active
7e3ae6f7-9440-4d5e-90bf-b54e33763957,ea9d31d8bbb2,KPN,2025,,Total,General,Unspecified,11,tonnes CO2e,0.65,medium,statement_extraction,KPN-integrated-annual-report-2024_2025-02-21-143127_spyv.pdf,ea9d31d8bbb2,2025-10-25T17:32:16.335Z,2025-10-25T17:32:16.335Z,2025-10-25T17:32:16.335Z,1.0,active
c7d562a3-4de3-4da7-8f8a-28a8a437b7ca,ea9d31d8bbb2,KPN,2025,,Total,General,Unspecified,13,tonnes CO2e,0.65,medium,statement_extraction,KPN-integrated-annual-report-2024_2025-02-21-143127_spyv.pdf,ea9d31d8bbb2,2025-10-25T17:32:16.335Z,2025-10-25T17:32:16.335Z,2025-10-25T17:32:16.335Z,1.0,active
211147da-2ec4-44b7-8cef-af8a576da810,ea9d31d8bbb2,KPN,2025,,Total,General,Unspecified,9,tonnes CO2e,0.65,medium,statement_extraction,KPN-integrated-annual-report-2024_2025-02-21-143127_spyv.pdf,ea9d31d8bbb2,2025-10-25T17:32:16.335Z,2025-10-25T17:32:16.335Z,2025-10-25T17:32:16.335Z,1.0,active
b77d3cb1-60ad-497e-95e1-b7ced2593817,ea9d31d8bbb2,KPN,2025,,Total,General,Unspecified,4.7,tonnes CO2e,0.65,medium,statement_extraction,KPN-integrated-annual-report-2024_2025-02-21-143127_spyv.pdf,ea9d31d8bbb2,2025-10-25T17:32:16.335Z,2025-10-25T17:32:16.335Z,2025-10-25T17:32:16.335Z,1.0,active
658386c2-c934-441b-b965-406645d18776,ea9d31d8bbb2,KPN,2025,,Scope 3,General,Unspecified,50,tonnes CO2e,0.75,high,statement_extraction,KPN-integrated-annual-report-2024_2025-02-21-143127_spyv.pdf,ea9d31d8bbb2,2025-10-25T17:32:16.335Z,2025-10-25T17:32:16.335Z,2025-10-25T17:32:16.335Z,1.0,active
adec7ad9-1d71-4754-834a-e6961c138ed2,ea9d31d8bbb2,KPN,2025,,Scope 3,Supply Chain,Supply Chain,3,tonnes CO2e,0.85,high,statement_extraction,KPN-integrated-annual-report-2024_2025-02-21-143127_spyv.pdf,ea9d31d8bbb2,2025-10-25T17:32:16.335Z,2025-10-25T17:32:16.335Z,2025-10-25T17:32:16.335Z,1.0,active
c7765fc3-5593-40fb-a8b5-d95468861326,ea9d31d8bbb2,KPN,2025,,Scope 2,Energy,Purchased Electricity,2,tonnes CO2e,0.85,high,statement_extraction,KPN-integrated-annual-report-2024_2025-02-21-143127_spyv.pdf,ea9d31d8bbb2,2025-10-25T17:32:16.335Z,2025-10-25T17:32:16.335Z,2025-10-25T17:32:16.335Z,1.0,active
bb5b4555-9aae-40ea-a40c-de83c9a07a56,ea9d31d8bbb2,KPN,2025,,Scope 3,General,Unspecified,2,tonnes CO2e,0.75,high,statement_extraction,KPN-integrated-annual-report-2024_2025-02-21-143127_spyv.pdf,ea9d31d8bbb2,2025-10-25T17:32:16.335Z,2025-10-25T17:32:16.335Z,2025-10-25T17:32:16.335Z,1.0,active
bb13e405-bba3-4b5c-8387-8e8f195679a7,ea9d31d8bbb2,KPN,2025,,Scope 3,Transportation,Business Travel & Logistics,4,tonnes CO2e,0.85,high,statement_extraction,KPN-integrated-annual-report-2024_2025-02-21-143127_spyv.pdf,ea9d31d8bbb2,2025-10-25T17:32:16.335Z,2025-10-25T17:32:16.335Z,2025-10-25T17:32:16.335Z,1.0,active
78d8ecf8-4b5e-4cb3-9b6a-7588aeb36549,ea9d31d8bbb2,KPN,2025,,Total,Transportation,Transportation,2,tonnes CO2e,0.75,high,statement_extraction,KPN-integrated-annual-report-2024_2025-02-21-143127_spyv.pdf,ea9d31d8bbb2,2025-10-25T17:32:16.335Z,2025-10-25T17:32:16.335Z,2025-10-25T17:32:16.335Z,1.0,active
cb06ccce-2f31-4f11-847f-99c9069e962e,ea9d31d8bbb2,KPN,2025,,Scope 3,Waste,Waste Disposal & Treatment,5,tonnes CO2e,0.85,high,statement_extraction,KPN-integrated-annual-report-2024_2025-02-21-143127_spyv.pdf,ea9d31d8bbb2,2025-10-25T17:32:16.335Z,2025-10-25T17:32:16.335Z,2025-10-25T17:32:16.335Z,1.0,active
b963e430-3c00-4a5c-a10e-dbb1a183ee73,ea9d31d8bbb2,KPN,2025,,Scope 1,Transportation,Company Vehicles,6,tonnes CO2e,0.85,high,statement_extraction,KPN-integrated-annual-report-2024_2025-02-21-143127_spyv.pdf,ea9d31d8bbb2,2025-10-25T17:32:16.335Z,2025-10-25T17:32:16.335Z,2025-10-25T17:32:16.335Z,1.0,active
023f4498-07f9-42ae-9cb8-05752bff4e30,ea9d31d8bbb2,KPN,2025,,Scope 1,Transportation,Company Vehicles,2,tonnes CO2e,0.85,high,statement_extraction,KPN-integrated-annual-report-2024_2025-02-21-143127_spyv.pdf,ea9d31d8bbb2,2025-10-25T17:32:16.335Z,2025-10-25T17:32:16.335Z,2025-10-25T17:32:16.335Z,1.0,active
f53f940d-b8c8-444c-ae8c-3ee09c12b2b6,ea9d31d8bbb2,KPN,2025,,Scope 1,General,Unspecified,7,tonnes CO2e,0.75,high,statement_extraction,KPN-integrated-annual-report-2024_2025-02-21-143127_spyv.pdf,ea9d31d8bbb2,2025-10-25T17:32:16.335Z,2025-10-25T17:32:16.335Z,2025-10-25T17:32:16.335Z,1.0,active
090ecd19-9f5a-4337-99db-76f13b112568,ea9d31d8bbb2,KPN,2025,,Scope 3,General,Unspecified,8,tonnes CO2e,0.75,high,statement_extraction,KPN-integrated-annual-report-2024_2025-02-21-143127_spyv.pdf,ea9d31d8bbb2,2025-10-25T17:32:16.335Z,2025-10-25T17:32:16.335Z,2025-10-25T17:32:16.335Z,1.0,active
6f3062bd-a41a-4407-a4f5-9a99349147fe,ea9d31d8bbb2,KPN,2025,,Scope 1,Transportation,Company Vehicles,9,tonnes CO2e,0.85,high,statement_extraction,KPN-integrated-annual-report-2024_2025-02-21-143127_spyv.pdf,ea9d31d8bbb2,2025-10-25T17:32:16.335Z,2025-10-25T17:32:16.335Z,2025-10-25T17:32:16.335Z,1.0,active
62e3f324-92e3-44f9-8656-744e1c873fb1,ea9d31d8bbb2,KPN,2025,,Scope 3,General,Unspecified,10,tonnes CO2e,0.75,high,statement_extraction,KPN-integrated-annual-report-2024_2025-02-21-143127_spyv.pdf,ea9d31d8bbb2,2025-10-25T17:32:16.335Z,2025-10-25T17:32:16.335Z,2025-10-25T17:32:16.335Z,1.0,active
e4286158-6241-499d-93ab-6f06393f6e97,ea9d31d8bbb2,KPN,2025,,Scope 3,Direct Emissions,Value Chain,11,tonnes CO2e,0.85,high,statement_extraction,KPN-integrated-annual-report-2024_2025-02-21-143127_spyv.pdf,ea9d31d8bbb2,2025-10-25T17:32:16.335Z,2025-10-25T17:32:16.335Z,2025-10-25T17:32:16.335Z,1.0,active
f7d2f841-a05b-4d2f-bfa2-ff247b9c90e7,ea9d31d8bbb2,KPN,2023,,Total,General,Unspecified,4,tonnes CO2e,0.80,high,statement_extraction,KPN-integrated-annual-report-2024_2025-02-21-143127_spyv.pdf,ea9d31d8bbb2,2025-10-25T17:32:16.335Z,2025-10-25T17:32:16.335Z,2025-10-25T17:32:16.335Z,1.0,active
d1d767a4-12ca-453f-a36c-05e5df606a63,ea9d31d8bbb2,KPN,2025,,Scope 3,Direct Emissions,Value Chain,12,tonnes CO2e,0.85,high,statement_extraction,KPN-integrated-annual-report-2024_2025-02-21-143127_spyv.pdf,ea9d31d8bbb2,2025-10-25T17:32:16.335Z,2025-10-25T17:32:16.335Z,2025-10-25T17:32:16.335Z,1.0,active
83d0ab39-30fb-4289-a0b6-637fcc353a18,ea9d31d8bbb2,KPN,2025,,Scope 1,Waste,Waste,13,tonnes CO2e,0.85,high,statement_extraction,KPN-integrated-annual-report-2024_2025-02-21-143127_spyv.pdf,ea9d31d8bbb2,2025-10-25T17:32:16.335Z,2025-10-25T17:32:16.335Z,2025-10-25T17:32:16.335Z,1.0,active
3e73c703-bfe9-417c-9b2e-4ea44cccc412,ea9d31d8bbb2,KPN,2025,,Scope 3,General,Unspecified,14,tonnes CO2e,0.75,high,statement_extraction,KPN-integrated-annual-report-2024_2025-02-21-143127_spyv.pdf,ea9d31d8bbb2,2025-10-25T17:32:16.335Z,2025-10-25T17:32:16.335Z,2025-10-25T17:32:16.335Z,1.0,active
104da778-f36c-4504-9fa6-df383415cece,ea9d31d8bbb2,KPN,2025,,Scope 1,General,Unspecified,15,tonnes CO2e,0.75,high,statement_extraction,KPN-integrated-annual-report-2024_2025-02-21-143127_spyv.pdf,ea9d31d8bbb2,2025-10-25T17:32:16.335Z,2025-10-25T17:32:16.335Z,2025-10-25T17:32:16.335Z,1.0,active
d0595314-7407-4a94-bf19-babac7265c08,ea9d31d8bbb2,KPN,2025,,Total,Direct Emissions,Direct Emissions,15,tonnes CO2e,0.75,high,statement_extraction,KPN-integrated-annual-report-2024_2025-02-21-143127_spyv.pdf,ea9d31d8bbb2,2025-10-25T17:32:16.335Z,2025-10-25T17:32:16.335Z,2025-10-25T17:32:16.335Z,1.0,active
1c799a99-b015-42bf-a173-2843807780e4,ea9d31d8bbb2,KPN,2024,,Scope 1,General,Unspecified,1,tonnes CO2e,0.90,high,statement_extraction,KPN-integrated-annual-report-2024_2025-02-21-143127_spyv.pdf,ea9d31d8bbb2,2025-10-25T17:32:16.335Z,2025-10-25T17:32:16.335Z,2025-10-25T17:32:16.335Z,1.0,active
b7d38785-4efb-4b4d-ab4a-af3eab599b36,ea9d31d8bbb2,KPN,2025,,Scope 1,Energy,Fossil Fuel Combustion,100,tonnes CO2e,0.85,high,statement_extraction,KPN-integrated-annual-report-2024_2025-02-21-143127_spyv.pdf,ea9d31d8bbb2,2025-10-25T17:32:16.335Z,2025-10-25T17:32:16.335Z,2025-10-25T17:32:16.335Z,1.0,active
5c8737ed-ce06-41ca-8129-ecf218e8c4ea,ea9d31d8bbb2,KPN,2015,,Scope 1,General,Unspecified,2040,tonnes CO2e,0.90,high,statement_extraction,KPN-integrated-annual-report-2024_2025-02-21-143127_spyv.pdf,ea9d31d8bbb2,2025-10-25T17:32:16.335Z,2025-10-25T17:32:16.335Z,2025-10-25T17:32:16.335Z,1.0,active
2dadfa03-09a1-4499-a295-47fd079d44fe,ea9d31d8bbb2,KPN,2025,,Total,Waste,Waste,12737,tonnes CO2e,0.75,high,statement_extraction,KPN-integrated-annual-report-2024_2025-02-21-143127_spyv.pdf,ea9d31d8bbb2,2025-10-25T17:32:16.335Z,2025-10-25T17:32:16.335Z,2025-10-25T17:32:16.335Z,1.0,active
517b9252-16e6-49ba-a1fc-23021f775d17,ea9d31d8bbb2,KPN,2025,,Total,Waste,Waste,13111,tonnes CO2e,0.75,high,statement_extraction,KPN-integrated-annual-report-2024_2025-02-21-143127_spyv.pdf,ea9d31d8bbb2,2025-10-25T17:32:16.335Z,2025-10-25T17:32:16.335Z,2025-10-25T17:32:16.335Z,1.0,active
5f5be7dd-d594-484f-98f2-795e9bbe9bf4,ea9d31d8bbb2,KPN,2025,,Total,General,Unspecified,9664,tonnes CO2e,0.65,medium,statement_extraction,KPN-integrated-annual-report-2024_2025-02-21-143127_spyv.pdf,ea9d31d8bbb2,2025-10-25T17:32:16.335Z,2025-10-25T17:32:16.335Z,2025-10-25T17:32:16.335Z,1.0,active
dec75ff4-2543-4791-a807-62213a0ee4e9,ea9d31d8bbb2,KPN,2025,,Total,General,Unspecified,10333,tonnes CO2e,0.65,medium,statement_extraction,KPN-integrated-annual-report-2024_2025-02-21-143127_spyv.pdf,ea9d31d8bbb2,2025-10-25T17:32:16.335Z,2025-10-25T17:32:16.335Z,2025-10-25T17:32:16.335Z,1.0,active
3382cd7a-e5f4-4c7a-b3b6-5fc300642839,ea9d31d8bbb2,KPN,2015,,Total,General,Unspecified,9664,tonnes CO2e,0.80,high,statement_extraction,KPN-integrated-annual-report-2024_2025-02-21-143127_spyv.pdf,ea9d31d8bbb2,2025-10-25T17:32:16.335Z,2025-10-25T17:32:16.335Z,2025-10-25T17:32:16.335Z,1.0,active
4ab3814f-c971-44c5-928c-9bea631aed92,ea9d31d8bbb2,KPN,2025,,Total,General,Unspecified,1115,tonnes CO2e,0.65,medium,statement_extraction,KPN-integrated-annual-report-2024_2025-02-21-143127_spyv.pdf,ea9d31d8bbb2,2025-10-25T17:32:16.335Z,2025-10-25T17:32:16.335Z,2025-10-25T17:32:16.335Z,1.0,active
91dfa6da-f7d3-4cd9-9f97-485e492861cd,ea9d31d8bbb2,KPN,2025,,Total,General,Unspecified,89,tonnes CO2e,0.65,medium,statement_extraction,KPN-integrated-annual-report-2024_2025-02-21-143127_spyv.pdf,ea9d31d8bbb2,2025-10-25T17:32:16.335Z,2025-10-25T17:32:16.335Z,2025-10-25T17:32:16.335Z,1.0,active
386f501b-c3ce-4f06-84ad-c2b997ab325b,ea9d31d8bbb2,KPN,2023,,Total,General,Unspecified,40,tonnes CO2e,0.80,high,statement_extraction,KPN-integrated-annual-report-2024_2025-02-21-143127_spyv.pdf,ea9d31d8bbb2,2025-10-25T17:32:16.335Z,2025-10-25T17:32:16.335Z,2025-10-25T17:32:16.335Z,1.0,active
4f0f8fc2-2372-4e9d-90be-923f5369567a,ea9d31d8bbb2,KPN,2025,,Total,General,Unspecified,35333561,tonnes CO2e,0.65,medium,statement_extraction,KPN-integrated-annual-report-2024_2025-02-21-143127_spyv.pdf,ea9d31d8bbb2,2025-10-25T17:32:16.335Z,2025-10-25T17:32:16.335Z,2025-10-25T17:32:16.335Z,1.0,active
bf1a46ff-bb95-4695-968b-988f1ff50ca7,ea9d31d8bbb2,KPN,2025,,Total,General,Unspecified,4,tonnes CO2e,0.65,medium,statement_extraction,KPN-integrated-annual-report-2024_2025-02-21-143127_spyv.pdf,ea9d31d8bbb2,2025-10-25T17:32:16.335Z,2025-10-25T17:32:16.335Z,2025-10-25T17:32:16.335Z,1.0,active
24f170d5-a24b-4028-b076-c02902f95312,ea9d31d8bbb2,KPN,2025,,Total,General,Unspecified,13.1,tonnes CO2e,0.65,medium,statement_extraction,KPN-integrated-annual-report-2024_2025-02-21-143127_spyv.pdf,ea9d31d8bbb2,2025-10-25T17:32:16.335Z,2025-10-25T17:32:16.335Z,2025-10-25T17:32:16.335Z,1.0,active
5d2567dd-8c95-404d-91ea-a91f2f32bea5,ea9d31d8bbb2,KPN,2024,,Total,General,Unspecified,30,tonnes CO2e,0.80,high,statement_extraction,KPN-integrated-annual-report-2024_2025-02-21-143127_spyv.pdf,ea9d31d8bbb2,2025-10-25T17:32:16.335Z,2025-10-25T17:32:16.335Z,2025-10-25T17:32:16.335Z,1.0,active
57e7bd0d-4835-4949-bce7-3a46147cb505,ea9d31d8bbb2,KPN,2025,,Total,General,Unspecified,246,tonnes CO2e,0.65,medium,statement_extraction,KPN-integrated-annual-report-2024_2025-02-21-143127_spyv.pdf,ea9d31d8bbb2,2025-10-25T17:32:16.335Z,2025-10-25T17:32:16.335Z,2025-10-25T17:32:16.335Z,1.0,active
c918e7df-81f8-4686-92d7-bf5c3e474103,ea9d31d8bbb2,KPN,2023,,Total,General,Unspecified,0.06,tonnes CO2e,0.80,high,statement_extraction,KPN-integrated-annual-report-2024_2025-02-21-143127_spyv.pdf,ea9d31d8bbb2,2025-10-25T17:32:16.335Z,2025-10-25T17:32:16.335Z,2025-10-25T17:32:16.335Z,1.0,active
97319614-aea5-42c3-a08c-2ae3acb64b3c,ea9d31d8bbb2,KPN,2025,,Total,General,Unspecified,31,tonnes CO2e,0.65,medium,statement_extraction,KPN-integrated-annual-report-2024_2025-02-21-143127_spyv.pdf,ea9d31d8bbb2,2025-10-25T17:32:16.335Z,2025-10-25T17:32:16.335Z,2025-10-25T17:32:16.335Z,1.0,active
69a938f5-3858-49c3-afc2-cdeafef3cdd9,ea9d31d8bbb2,KPN,2025,,Total,General,Unspecified,1941,tonnes CO2e,0.65,medium,statement_extraction,KPN-integrated-annual-report-2024_2025-02-21-143127_spyv.pdf,ea9d31d8bbb2,2025-10-25T17:32:16.335Z,2025-10-25T17:32:16.335Z,2025-10-25T17:32:16.335Z,1.0,active
9552e637-8263-45dd-a853-cf17f6043998,ea9d31d8bbb2,KPN,2025,,Total,General,Unspecified,2001,tonnes CO2e,0.65,medium,statement_extraction,KPN-integrated-annual-report-2024_2025-02-21-143127_spyv.pdf,ea9d31d8bbb2,2025-10-25T17:32:16.335Z,2025-10-25T17:32:16.335Z,2025-10-25T17:32:16.335Z,1.0,active
3f098b5d-fa6e-4eab-a5a8-d5bc7a24061e,ea9d31d8bbb2,KPN,2024,,Total,General,Unspecified,31,tonnes CO2e,0.80,high,statement_extraction,KPN-integrated-annual-report-2024_2025-02-21-143127_spyv.pdf,ea9d31d8bbb2,2025-10-25T17:32:16.335Z,2025-10-25T17:32:16.335Z,2025-10-25T17:32:16.335Z,1.0,active
30d522d0-0b0f-4ab3-a275-e340dfd4b752,ea9d31d8bbb2,KPN,2025,,Total,General,Unspecified,184,tonnes CO2e,0.65,medium,statement_extraction,KPN-integrated-annual-report-2024_2025-02-21-143127_spyv.pdf,ea9d31d8bbb2,2025-10-25T17:32:16.335Z,2025-10-25T17:32:16.335Z,2025-10-25T17:32:16.335Z,1.0,active
87dc68f4-af20-468f-acbd-2e3d7f482a33,ea9d31d8bbb2,KPN,2025,,Total,General,Unspecified,61,tonnes CO2e,0.65,medium,statement_extraction,KPN-integrated-annual-report-2024_2025-02-21-143127_spyv.pdf,ea9d31d8bbb2,2025-10-25T17:32:16.335Z,2025-10-25T17:32:16.335Z,2025-10-25T17:32:16.335Z,1.0,active
f25f83c9-46e0-479d-b800-884d875689ed,ea9d31d8bbb2,KPN,2025,,Total,General,Unspecified,90,tonnes CO2e,0.65,medium,statement_extraction,KPN-integrated-annual-report-2024_2025-02-21-143127_spyv.pdf,ea9d31d8bbb2,2025-10-25T17:32:16.335Z,2025-10-25T17:32:16.335Z,2025-10-25T17:32:16.335Z,1.0,active
2f98ccf0-88ed-4ba9-a281-18062015e0be,ea9d31d8bbb2,KPN,2025,,Total,General,Unspecified,153,tonnes CO2e,0.65,medium,statement_extraction,KPN-integrated-annual-report-2024_2025-02-21-143127_spyv.pdf,ea9d31d8bbb2,2025-10-25T17:32:16.335Z,2025-10-25T17:32:16.335Z,2025-10-25T17:32:16.335Z,1.0,active
0d68d66b-f44d-4507-a9be-97416280fc42,ea9d31d8bbb2,KPN,2025,,Total,General,Unspecified,110669,tonnes CO2e,0.65,medium,statement_extraction,KPN-integrated-annual-report-2024_2025-02-21-143127_spyv.pdf,ea9d31d8bbb2,2025-10-25T17:32:16.335Z,2025-10-25T17:32:16.335Z,2025-10-25T17:32:16.335Z,1.0,active
f070b01a-ac78-4aad-93cf-36bd64fc4566,ea9d31d8bbb2,KPN,2025,,Total,Energy,Energy,125609,tonnes CO2e,0.75,high,statement_extraction,KPN-integrated-annual-report-2024_2025-02-21-143127_spyv.pdf,ea9d31d8bbb2,2025-10-25T17:32:16.335Z,2025-10-25T17:32:16.335Z,2025-10-25T17:32:16.335Z,1.0,active
0f080541-fcd8-48b0-9200-6dfba26e7bd5,ea9d31d8bbb2,KPN,2025,,Total,General,Unspecified,110130,tonnes CO2e,0.65,medium,statement_extraction,KPN-integrated-annual-report-2024_2025-02-21-143127_spyv.pdf,ea9d31d8bbb2,2025-10-25T17:32:16.335Z,2025-10-25T17:32:16.335Z,2025-10-25T17:32:16.335Z,1.0,active
b22e40e7-83ca-4eab-a998-f94bf97fd8a9,ea9d31d8bbb2,KPN,2025,,Total,General,Unspecified,125209,tonnes CO2e,0.65,medium,statement_extraction,KPN-integrated-annual-report-2024_2025-02-21-143127_spyv.pdf,ea9d31d8bbb2,2025-10-25T17:32:16.335Z,2025-10-25T17:32:16.335Z,2025-10-25T17:32:16.335Z,1.0,active
41f2875d-d574-417e-9a61-7881cbd58e6e,ea9d31d8bbb2,KPN,2024,,Total,General,Unspecified,17,tonnes CO2e,0.80,high,statement_extraction,KPN-integrated-annual-report-2024_2025-02-21-143127_spyv.pdf,ea9d31d8bbb2,2025-10-25T17:32:16.335Z,2025-10-25T17:32:16.335Z,2025-10-25T17:32:16.335Z,1.0,active
227b18ba-c515-4c35-871d-8c2a188ad1ca,ea9d31d8bbb2,KPN,2023,,Total,General,Unspecified,9,tonnes CO2e,0.80,high,statement_extraction,KPN-integrated-annual-report-2024_2025-02-21-143127_spyv.pdf,ea9d31d8bbb2,2025-10-25T17:32:16.335Z,2025-10-25T17:32:16.335Z,2025-10-25T17:32:16.335Z,1.0,active
a9477d21-8318-4173-83ab-9dccfe3e7bdc,ea9d31d8bbb2,KPN,2023,,Total,General,Unspecified,15,tonnes CO2e,0.80,high,statement_extraction,KPN-integrated-annual-report-2024_2025-02-21-143127_spyv.pdf,ea9d31d8bbb2,2025-10-25T17:32:16.335Z,2025-10-25T17:32:16.335Z,2025-10-25T17:32:16.335Z,1.0,active
7b3fd60b-7b50-4eef-8637-dda6e5f77c0a,ea9d31d8bbb2,KPN,2025,,Total,General,Unspecified,2,tonnes CO2e,0.65,medium,statement_extraction,KPN-integrated-annual-report-2024_2025-02-21-143127_spyv.pdf,ea9d31d8bbb2,2025-10-25T17:32:16.335Z,2025-10-25T17:32:16.335Z,2025-10-25T17:32:16.335Z,1.0,active
4ed4482b-bbfa-4d43-97b9-6000409e08c7,ea9d31d8bbb2,KPN,2025,,Total,General,Unspecified,5,tonnes CO2e,0.65,medium,statement_extraction,KPN-integrated-annual-report-2024_2025-02-21-143127_spyv.pdf,ea9d31d8bbb2,2025-10-25T17:32:16.335Z,2025-10-25T17:32:16.335Z,2025-10-25T17:32:16.335Z,1.0,active
443e66cd-94c4-42b7-9018-0723a8d6081b,ea9d31d8bbb2,KPN,2025,,Total,General,Unspecified,145,tonnes CO2e,0.65,medium,statement_extraction,KPN-integrated-annual-report-2024_2025-02-21-143127_spyv.pdf,ea9d31d8bbb2,2025-10-25T17:32:16.335Z,2025-10-25T17:32:16.335Z,2025-10-25T17:32:16.335Z,1.0,active
b24ab93a-3de8-4b02-9e6f-b50ddca08b25,ea9d31d8bbb2,KPN,2023,,Total,General,Unspecified,31,tonnes CO2e,0.80,high,statement_extraction,KPN-integrated-annual-report-2024_2025-02-21-143127_spyv.pdf,ea9d31d8bbb2,2025-10-25T17:32:16.335Z,2025-10-25T17:32:16.335Z,2025-10-25T17:32:16.335Z,1.0,active
3074f933-81dd-4fdb-95ef-0abe6e85d802,ea9d31d8bbb2,KPN,2025,,Total,General,Unspecified,21,tonnes CO2e,0.80,high,statement_extraction,KPN-integrated-annual-report-2024_2025-02-21-143127_spyv.pdf,ea9d31d8bbb2,2025-10-25T17:32:16.335Z,2025-10-25T17:32:16.335Z,2025-10-25T17:32:16.335Z,1.0,active
d8c642b2-aa16-4b18-ab30-a55c16877614,ea9d31d8bbb2,KPN,2025,,Total,General,Unspecified,323,tonnes CO2e,0.65,medium,statement_extraction,KPN-integrated-annual-report-2024_2025-02-21-143127_spyv.pdf,ea9d31d8bbb2,2025-10-25T17:32:16.335Z,2025-10-25T17:32:16.335Z,2025-10-25T17:32:16.335Z,1.0,active
b8cf3ee7-b2f3-47b5-8422-f738b15d70e5,ea9d31d8bbb2,KPN,2025,,Total,General,Unspecified,2781782,tonnes CO2e,0.65,medium,statement_extraction,KPN-integrated-annual-report-2024_2025-02-21-143127_spyv.pdf,ea9d31d8bbb2,2025-10-25T17:32:16.335Z,2025-10-25T17:32:16.335Z,2025-10-25T17:32:16.335Z,1.0,active
758b47b7-b0da-4652-b141-16681ed581a6,ea9d31d8bbb2,KPN,2025,,Total,General,Unspecified,3907,tonnes CO2e,0.65,medium,statement_extraction,KPN-integrated-annual-report-2024_2025-02-21-143127_spyv.pdf,ea9d31d8bbb2,2025-10-25T17:32:16.335Z,2025-10-25T17:32:16.335Z,2025-10-25T17:32:16.335Z,1.0,active
b89db2c3-a5a7-4077-8612-d8656cd0a2f0,ea9d31d8bbb2,KPN,2025,,Total,General,Unspecified,95,tonnes CO2e,0.65,medium,statement_extraction,KPN-integrated-annual-report-2024_2025-02-21-143127_spyv.pdf,ea9d31d8bbb2,2025-10-25T17:32:16.335Z,2025-10-25T17:32:16.335Z,2025-10-25T17:32:16.335Z,1.0,active
4f8e2621-89d1-4df3-b695-ef59ef2176fc,ea9d31d8bbb2,KPN,2025,,Total,General,Unspecified,2931,tonnes CO2e,0.65,medium,statement_extraction,KPN-integrated-annual-report-2024_2025-02-21-143127_spyv.pdf,ea9d31d8bbb2,2025-10-25T17:32:16.335Z,2025-10-25T17:32:16.335Z,2025-10-25T17:32:16.335Z,1.0,active
8122f480-e023-43e5-8545-c25266901d58,ea9d31d8bbb2,KPN,2025,,Scope 1,General,Unspecified,6100,tonnes CO2e,0.75,high,statement_extraction,KPN-integrated-annual-report-2024_2025-02-21-143127_spyv.pdf,ea9d31d8bbb2,2025-10-25T17:32:16.335Z,2025-10-25T17:32:16.335Z,2025-10-25T17:32:16.335Z,1.0,active
1182a21e-ba87-4fba-8cdd-856d5853ed64,ea9d31d8bbb2,KPN,2025,,Scope 1,General,Unspecified,141000,tonnes CO2e,0.90,high,statement_extraction,KPN-integrated-annual-report-2024_2025-02-21-143127_spyv.pdf,ea9d31d8bbb2,2025-10-25T17:32:16.335Z,2025-10-25T17:32:16.335Z,2025-10-25T17:32:16.335Z,1.0,active
d59d0110-bb7c-45e7-a535-2ab9a2a53639,ea9d31d8bbb2,KPN,2030,1,Scope 3,General,Unspecified,59900,tonnes CO2e,0.90,high,statement_extraction,KPN-integrated-annual-report-2024_2025-02-21-143127_spyv.pdf,ea9d31d8bbb2,2025-10-25T17:32:16.335Z,2025-10-25T17:32:16.335Z,2025-10-25T17:32:16.335Z,1.0,active
087c3d58-67ec-412d-a251-f1ea9cf2396f,ea9d31d8bbb2,KPN,2025,,Scope 2,General,Unspecified,20238686,tonnes CO2e,0.75,high,statement_extraction,KPN-integrated-annual-report-2024_2025-02-21-143127_spyv.pdf,ea9d31d8bbb2,2025-10-25T17:32:16.335Z,2025-10-25T17:32:16.335Z,2025-10-25T17:32:16.335Z,1.0,active
0ae8c8f1-6fd1-4612-a194-23418306ac6a,ea9d31d8bbb2,KPN,2025,,Scope 3,General,Unspecified,132326,tonnes CO2e,0.75,high,statement_extraction,KPN-integrated-annual-report-2024_2025-02-21-143127_spyv.pdf,ea9d31d8bbb2,2025-10-25T17:32:16.335Z,2025-10-25T17:32:16.335Z,2025-10-25T17:32:16.335Z,1.0,active
25580dd2-f4d9-47b5-9830-28197d178a94,ea9d31d8bbb2,KPN,2025,,Total,General,Unspecified,795061,tonnes CO2e,0.65,medium,statement_extraction,KPN-integrated-annual-report-2024_2025-02-21-143127_spyv.pdf,ea9d31d8bbb2,2025-10-25T17:32:16.335Z,2025-10-25T17:32:16.335Z,2025-10-25T17:32:16.335Z,1.0,active
e1bcfd3d-36c0-4b1f-8530-36ac8207447a,ea9d31d8bbb2,KPN,2025,,Total,General,Unspecified,20246208,tonnes CO2e,0.65,medium,statement_extraction,KPN-integrated-annual-report-2024_2025-02-21-143127_spyv.pdf,ea9d31d8bbb2,2025-10-25T17:32:16.335Z,2025-10-25T17:32:16.335Z,2025-10-25T17:32:16.335Z,1.0,active
c135ae97-243b-4d1a-8941-b29cc281385c,ea9d31d8bbb2,KPN,2025,,Total,General,Unspecified,118356,tonnes CO2e,0.65,medium,statement_extraction,KPN-integrated-annual-report-2024_2025-02-21-143127_spyv.pdf,ea9d31d8bbb2,2025-10-25T17:32:16.335Z,2025-10-25T17:32:16.335Z,2025-10-25T17:32:16.335Z,1.0,active
3be05b80-8bab-4273-b442-ab31d4612ad0,ea9d31d8bbb2,KPN,2025,,Total,General,Unspecified,813481,tonnes CO2e,0.65,medium,statement_extraction,KPN-integrated-annual-report-2024_2025-02-21-143127_spyv.pdf,ea9d31d8bbb2,2025-10-25T17:32:16.335Z,2025-10-25T17:32:16.335Z,2025-10-25T17:32:16.335Z,1.0,active
a88434b7-75ac-42fb-8169-0f49f57a7fd7,ea9d31d8bbb2,KPN,2025,,Total,General,Unspecified,20248500,tonnes CO2e,0.65,medium,statement_extraction,KPN-integrated-annual-report-2024_2025-02-21-143127_spyv.pdf,ea9d31d8bbb2,2025-10-25T17:32:16.335Z,2025-10-25T17:32:16.335Z,2025-10-25T17:32:16.335Z,1.0,active
77771270-60c1-4a6f-a39f-b043ade023de,ea9d31d8bbb2,KPN,2025,,Total,General,Unspecified,150000,tonnes CO2e,0.65,medium,statement_extraction,KPN-integrated-annual-report-2024_2025-02-21-143127_spyv.pdf,ea9d31d8bbb2,2025-10-25T17:32:16.335Z,2025-10-25T17:32:16.335Z,2025-10-25T17:32:16.335Z,1.0,active
af8e0b39-70b2-4b31-8b3e-af1ce8f2080f,ea9d31d8bbb2,KPN,2025,,Total,General,Unspecified,759000,tonnes CO2e,0.65,medium,statement_extraction,KPN-integrated-annual-report-2024_2025-02-21-143127_spyv.pdf,ea9d31d8bbb2,2025-10-25T17:32:16.335Z,2025-10-25T17:32:16.335Z,2025-10-25T17:32:16.335Z,1.0,active
be6c07f5-6ea4-4226-b1d5-1aa3a1da8c4a,ea9d31d8bbb2,KPN,2025,,Total,General,Unspecified,20256100,tonnes CO2e,0.65,medium,statement_extraction,KPN-integrated-annual-report-2024_2025-02-21-143127_spyv.pdf,ea9d31d8bbb2,2025-10-25T17:32:16.335Z,2025-10-25T17:32:16.335Z,2025-10-25T17:32:16.335Z,1.0,active
808e607e-91d9-4a2d-9be5-f2e182314f8c,ea9d31d8bbb2,KPN,2025,,Total,General,Unspecified,116000,tonnes CO2e,0.65,medium,statement_extraction,KPN-integrated-annual-report-2024_2025-02-21-143127_spyv.pdf,ea9d31d8bbb2,2025-10-25T17:32:16.335Z,2025-10-25T17:32:16.335Z,2025-10-25T17:32:16.335Z,1.0,active
5f6940b9-52c9-4481-91dc-bb42140c26e8,ea9d31d8bbb2,KPN,2025,,Total,General,Unspecified,794000,tonnes CO2e,0.65,medium,statement_extraction,KPN-integrated-annual-report-2024_2025-02-21-143127_spyv.pdf,ea9d31d8bbb2,2025-10-25T17:32:16.335Z,2025-10-25T17:32:16.335Z,2025-10-25T17:32:16.335Z,1.0,active
ac534113-9a1c-4c0c-a829-39fb5ad18714,ea9d31d8bbb2,KPN,2015,,Total,General,Unspecified,37500,tonnes CO2e,0.80,high,statement_extraction,KPN-integrated-annual-report-2024_2025-02-21-143127_spyv.pdf,ea9d31d8bbb2,2025-10-25T17:32:16.335Z,2025-10-25T17:32:16.335Z,2025-10-25T17:32:16.335Z,1.0,active
a217963d-a124-43a9-84e5-7959a9a14107,ea9d31d8bbb2,KPN,2015,,Total,General,Unspecified,271600,tonnes CO2e,0.80,high,statement_extraction,KPN-integrated-annual-report-2024_2025-02-21-143127_spyv.pdf,ea9d31d8bbb2,2025-10-25T17:32:16.335Z,2025-10-25T17:32:16.335Z,2025-10-25T17:32:16.335Z,1.0,active
86f2b86b-7640-4b6f-a609-fbb08d169ff9,ea9d31d8bbb2,KPN,2025,,Total,General,Unspecified,1017501,tonnes CO2e,0.65,medium,statement_extraction,KPN-integrated-annual-report-2024_2025-02-21-143127_spyv.pdf,ea9d31d8bbb2,2025-10-25T17:32:16.335Z,2025-10-25T17:32:16.335Z,2025-10-25T17:32:16.335Z,1.0,active
01083e2e-0225-47d2-8032-034dc7514343,ea9d31d8bbb2,KPN,2030,1,Total,General,Unspecified,6000,tonnes CO2e,0.80,high,statement_extraction,KPN-integrated-annual-report-2024_2025-02-21-143127_spyv.pdf,ea9d31d8bbb2,2025-10-25T17:32:16.335Z,2025-10-25T17:32:16.335Z,2025-10-25T17:32:16.335Z,1.0,active
1d15702a-bf13-4bc1-ae53-472e3ae06d1b,ea9d31d8bbb2,KPN,2030,1,Total,General,Unspecified,3750,tonnes CO2e,0.80,high,statement_extraction,KPN-integrated-annual-report-2024_2025-02-21-143127_spyv.pdf,ea9d31d8bbb2,2025-10-25T17:32:16.335Z,2025-10-25T17:32:16.335Z,2025-10-25T17:32:16.335Z,1.0,active
6bc1cb04-800e-4a3c-9d0c-3c383504c3f8,ea9d31d8bbb2,KPN,2030,1,Total,General,Unspecified,110000,tonnes CO2e,0.80,high,statement_extraction,KPN-integrated-annual-report-2024_2025-02-21-143127_spyv.pdf,ea9d31d8bbb2,2025-10-25T17:32:16.335Z,2025-10-25T17:32:16.335Z,2025-10-25T17:32:16.335Z,1.0,active
8f52dc96-720c-4479-ace7-59a16365ae02,ea9d31d8bbb2,KPN,2030,1,Total,General,Unspecified,100000,tonnes CO2e,0.80,high,statement_extraction,KPN-integrated-annual-report-2024_2025-02-21-143127_spyv.pdf,ea9d31d8bbb2,2025-10-25T17:32:16.335Z,2025-10-25T17:32:16.335Z,2025-10-25T17:32:16.335Z,1.0,active
e47076fd-1056-4772-9f27-f7989b63d113,ea9d31d8bbb2,KPN,2030,1,Total,General,Unspecified,599000,tonnes CO2e,0.80,high,statement_extraction,KPN-integrated-annual-report-2024_2025-02-21-143127_spyv.pdf,ea9d31d8bbb2,2025-10-25T17:32:16.335Z,2025-10-25T17:32:16.335Z,2025-10-25T17:32:16.335Z,1.0,active
ca9891f1-d828-42c8-9c18-b66afce88189,ea9d31d8bbb2,KPN,2030,1,Total,General,Unspecified,248270,tonnes CO2e,0.80,high,statement_extraction,KPN-integrated-annual-report-2024_2025-02-21-143127_spyv.pdf,ea9d31d8bbb2,2025-10-25T17:32:16.335Z,2025-10-25T17:32:16.335Z,2025-10-25T17:32:16.335Z,1.0,active
abcb0814-cace-4176-8d0f-c1a6d121375d,ea9d31d8bbb2,KPN,2025,,Total,General,Unspecified,101750,tonnes CO2e,0.65,medium,statement_extraction,KPN-integrated-annual-report-2024_2025-02-21-143127_spyv.pdf,ea9d31d8bbb2,2025-10-25T17:32:16.335Z,2025-10-25T17:32:16.335Z,2025-10-25T17:32:16.335Z,1.0,active
4063e34c-c1c1-44e0-89a2-86ff1ffdc0f1,ea9d31d8bbb2,KPN,2025,,Total,General,Unspecified,437199,tonnes CO2e,0.65,medium,statement_extraction,KPN-integrated-annual-report-2024_2025-02-21-143127_spyv.pdf,ea9d31d8bbb2,2025-10-25T17:32:16.335Z,2025-10-25T17:32:16.335Z,2025-10-25T17:32:16.335Z,1.0,active
bec95c4a-5d77-4d5c-8de7-9461cc004573,ea9d31d8bbb2,KPN,2025,,Total,General,Unspecified,76,tonnes CO2e,0.65,medium,statement_extraction,KPN-integrated-annual-report-2024_2025-02-21-143127_spyv.pdf,ea9d31d8bbb2,2025-10-25T17:32:16.335Z,2025-10-25T17:32:16.335Z,2025-10-25T17:32:16.335Z,1.0,active
4d3c4be5-3386-4c03-8040-cfab8969e616,ea9d31d8bbb2,KPN,2025,,Total,General,Unspecified,591751,tonnes CO2e,0.65,medium,statement_extraction,KPN-integrated-annual-report-2024_2025-02-21-143127_spyv.pdf,ea9d31d8bbb2,2025-10-25T17:32:16.335Z,2025-10-25T17:32:16.335Z,2025-10-25T17:32:16.335Z,1.0,active
e793d527-5179-491c-98d3-f772f0d8b614,ea9d31d8bbb2,KPN,2025,,Total,General,Unspecified,126,tonnes CO2e,0.65,medium,statement_extraction,KPN-integrated-annual-report-2024_2025-02-21-143127_spyv.pdf,ea9d31d8bbb2,2025-10-25T17:32:16.335Z,2025-10-25T17:32:16.335Z,2025-10-25T17:32:16.335Z,1.0,active
fdda52d3-8f6f-4ff1-985f-c1b23fd0b6fb,ea9d31d8bbb2,KPN,2023,,Total,Energy,Energy,383041,tonnes CO2e,0.90,high,statement_extraction,KPN-integrated-annual-report-2024_2025-02-21-143127_spyv.pdf,ea9d31d8bbb2,2025-10-25T17:32:16.335Z,2025-10-25T17:32:16.335Z,2025-10-25T17:32:16.335Z,1.0,active
aab63490-6ea1-416d-a526-71d6b3c03838,ea9d31d8bbb2,KPN,2030,1,Scope 1,General,Unspecified,2030,tonnes CO2e,0.90,high,statement_extraction,KPN-integrated-annual-report-2024_2025-02-21-143127_spyv.pdf,ea9d31d8bbb2,2025-10-25T17:32:16.335Z,2025-10-25T17:32:16.335Z,2025-10-25T17:32:16.335Z,1.0,active
ad1fcf79-2855-4c30-91cf-d17697b39ed5,ea9d31d8bbb2,KPN,2023,,Scope 2,General,Unspecified,21304,tonnes CO2e,0.90,high,statement_extraction,KPN-integrated-annual-report-2024_2025-02-21-143127_spyv.pdf,ea9d31d8bbb2,2025-10-25T17:32:16.335Z,2025-10-25T17:32:16.335Z,2025-10-25T17:32:16.335Z,1.0,active
c7356f6a-203d-4a9f-8761-0faae5807a3a,ea9d31d8bbb2,KPN,2015,,Scope 2,General,Unspecified,153567,tonnes CO2e,0.90,high,statement_extraction,KPN-integrated-annual-report-2024_2025-02-21-143127_spyv.pdf,ea9d31d8bbb2,2025-10-25T17:32:16.335Z,2025-10-25T17:32:16.335Z,2025-10-25T17:32:16.335Z,1.0,active
29e21712-fa05-409f-9776-f50a77874465,ea9d31d8bbb2,KPN,2023,,Total,Direct Emissions,Direct Emissions,2569,tonnes CO2e,0.90,high,statement_extraction,KPN-integrated-annual-report-2024_2025-02-21-143127_spyv.pdf,ea9d31d8bbb2,2025-10-25T17:32:16.335Z,2025-10-25T17:32:16.335Z,2025-10-25T17:32:16.335Z,1.0,active
4d4f3f91-1182-4091-bac2-d266d5f373cd,ea9d31d8bbb2,KPN,2025,,Total,Waste,Waste,10,tonnes CO2e,0.75,high,statement_extraction,KPN-integrated-annual-report-2024_2025-02-21-143127_spyv.pdf,ea9d31d8bbb2,2025-10-25T17:32:16.335Z,2025-10-25T17:32:16.335Z,2025-10-25T17:32:16.335Z,1.0,active
6c0adce4-6ae7-423f-aa2c-7b4b9bf5af85,ea9d31d8bbb2,KPN,2025,,Total,General,Unspecified,3124,tonnes CO2e,0.65,medium,statement_extraction,KPN-integrated-annual-report-2024_2025-02-21-143127_spyv.pdf,ea9d31d8bbb2,2025-10-25T17:32:16.335Z,2025-10-25T17:32:16.335Z,2025-10-25T17:32:16.335Z,1.0,active
ad891f6d-5b5d-4d58-904c-506fed15b01c,ea9d31d8bbb2,KPN,2025,,Total,General,Unspecified,506,tonnes CO2e,0.65,medium,statement_extraction,KPN-integrated-annual-report-2024_2025-02-21-143127_spyv.pdf,ea9d31d8bbb2,2025-10-25T17:32:16.335Z,2025-10-25T17:32:16.335Z,2025-10-25T17:32:16.335Z,1.0,active
b58dbb5f-8387-44ec-8bd3-b433fcff5891,ea9d31d8bbb2,KPN,2025,,Total,General,Unspecified,288,tonnes CO2e,0.65,medium,statement_extraction,KPN-integrated-annual-report-2024_2025-02-21-143127_spyv.pdf,ea9d31d8bbb2,2025-10-25T17:32:16.335Z,2025-10-25T17:32:16.335Z,2025-10-25T17:32:16.335Z,1.0,active
5e1d6b1f-a9c2-4605-bc29-f02c6d1a98fb,ea9d31d8bbb2,KPN,2015,,Scope 1,General,Unspecified,90,tonnes CO2e,0.90,high,statement_extraction,KPN-integrated-annual-report-2024_2025-02-21-143127_spyv.pdf,ea9d31d8bbb2,2025-10-25T17:32:16.335Z,2025-10-25T17:32:16.335Z,2025-10-25T17:32:16.335Z,1.0,active
7d14095e-ba27-45aa-acd5-e51758b33299,ea9d31d8bbb2,KPN,2024,,Scope 1,General,Unspecified,2,tonnes CO2e,0.90,high,statement_extraction,KPN-integrated-annual-report-2024_2025-02-21-143127_spyv.pdf,ea9d31d8bbb2,2025-10-25T17:32:16.335Z,2025-10-25T17:32:16.335Z,2025-10-25T17:32:16.335Z,1.0,active
22652005-20e5-49a0-9adc-dc9a85fd4e1b,ea9d31d8bbb2,KPN,2030,1,Scope 1,General,Unspecified,2,tonnes CO2e,0.90,high,statement_extraction,KPN-integrated-annual-report-2024_2025-02-21-143127_spyv.pdf,ea9d31d8bbb2,2025-10-25T17:32:16.335Z,2025-10-25T17:32:16.335Z,2025-10-25T17:32:16.335Z,1.0,active
f840ee4f-43e8-426e-8474-b42f370921e6,ea9d31d8bbb2,KPN,2025,,Scope 1,General,Unspecified,50,tonnes CO2e,0.75,high,statement_extraction,KPN-integrated-annual-report-2024_2025-02-21-143127_spyv.pdf,ea9d31d8bbb2,2025-10-25T17:32:16.335Z,2025-10-25T17:32:16.335Z,2025-10-25T17:32:16.335Z,1.0,active
3e5eee9d-e025-4b96-b88a-34e791494f65,ea9d31d8bbb2,KPN,2015,,Scope 1,General,Unspecified,2,tonnes CO2e,0.90,high,statement_extraction,KPN-integrated-annual-report-2024_2025-02-21-143127_spyv.pdf,ea9d31d8bbb2,2025-10-25T17:32:16.335Z,2025-10-25T17:32:16.335Z,2025-10-25T17:32:16.335Z,1.0,active
e999b475-e01d-4b9c-bff7-c066fff95a13,ea9d31d8bbb2,KPN,2024,,Scope 1,General,Unspecified,2024,tonnes CO2e,0.90,high,statement_extraction,KPN-integrated-annual-report-2024_2025-02-21-143127_spyv.pdf,ea9d31d8bbb2,2025-10-25T17:32:16.335Z,2025-10-25T17:32:16.335Z,2025-10-25T17:32:16.335Z,1.0,active
4614246d-56d1-463f-9ce1-872d5a423133,ea9d31d8bbb2,KPN,2027,1,Scope 1,Energy,Fossil Fuel Combustion,7000,tonnes CO2e,1.00,high,statement_extraction,KPN-integrated-annual-report-2024_2025-02-21-143127_spyv.pdf,ea9d31d8bbb2,2025-10-25T17:32:16.335Z,2025-10-25T17:32:16.335Z,2025-10-25T17:32:16.335Z,1.0,active
caae0eb5-ab60-4e12-817c-5425665547a6,ea9d31d8bbb2,KPN,2022,,Scope 1,General,Unspecified,2,tonnes CO2e,0.90,high,statement_extraction,KPN-integrated-annual-report-2024_2025-02-21-143127_spyv.pdf,ea9d31d8bbb2,2025-10-25T17:32:16.335Z,2025-10-25T17:32:16.335Z,2025-10-25T17:32:16.335Z,1.0,active
78e0c605-be5b-4261-8c4c-30692c4a8c4d,ea9d31d8bbb2,KPN,2025,,Scope 2,General,Unspecified,1.5,tonnes CO2e,0.75,high,statement_extraction,KPN-integrated-annual-report-2024_2025-02-21-143127_spyv.pdf,ea9d31d8bbb2,2025-10-25T17:32:16.335Z,2025-10-25T17:32:16.335Z,2025-10-25T17:32:16.335Z,1.0,active
4380fa58-600d-48b5-a3f1-31be220c4b4f,ea9d31d8bbb2,KPN,2025,,Scope 2,Direct Emissions,Indirect Energy,100,tonnes CO2e,0.85,high,statement_extraction,KPN-integrated-annual-report-2024_2025-02-21-143127_spyv.pdf,ea9d31d8bbb2,2025-10-25T17:32:16.335Z,2025-10-25T17:32:16.335Z,2025-10-25T17:32:16.335Z,1.0,active
9157a06b-fa5f-4968-8f83-26330ca699b7,ea9d31d8bbb2,KPN,2023,,Scope 2,General,Unspecified,2023,tonnes CO2e,0.90,high,statement_extraction,KPN-integrated-annual-report-2024_2025-02-21-143127_spyv.pdf,ea9d31d8bbb2,2025-10-25T17:32:16.335Z,2025-10-25T17:32:16.335Z,2025-10-25T17:32:16.335Z,1.0,active
9c3e8b7d-49e6-4d65-acc0-7f0a94a768b7,ea9d31d8bbb2,KPN,2027,1,Scope 2,Energy,Purchased Electricity,100,tonnes CO2e,1.00,high,statement_extraction,KPN-integrated-annual-report-2024_2025-02-21-143127_spyv.pdf,ea9d31d8bbb2,2025-10-25T17:32:16.335Z,2025-10-25T17:32:16.335Z,2025-10-25T17:32:16.335Z,1.0,active
bef115bf-5078-4223-874c-108dde2f2b8c,ea9d31d8bbb2,KPN,2024,,Scope 3,General,Unspecified,101750,tonnes CO2e,0.90,high,statement_extraction,KPN-integrated-annual-report-2024_2025-02-21-143127_spyv.pdf,ea9d31d8bbb2,2025-10-25T17:32:16.335Z,2025-10-25T17:32:16.335Z,2025-10-25T17:32:16.335Z,1.0,active
9e4df5cc-fadd-4342-a5ee-343b5cc2f31e,ea9d31d8bbb2,KPN,2024,,Scope 3,General,Unspecified,15,tonnes CO2e,0.90,high,statement_extraction,KPN-integrated-annual-report-2024_2025-02-21-143127_spyv.pdf,ea9d31d8bbb2,2025-10-25T17:32:16.335Z,2025-10-25T17:32:16.335Z,2025-10-25T17:32:16.335Z,1.0,active
62673392-35cf-4b4f-91b0-4c310b7badb3,ea9d31d8bbb2,KPN,2024,,Scope 3,General,Unspecified,2022,tonnes CO2e,0.90,high,statement_extraction,KPN-integrated-annual-report-2024_2025-02-21-143127_spyv.pdf,ea9d31d8bbb2,2025-10-25T17:32:16.335Z,2025-10-25T17:32:16.335Z,2025-10-25T17:32:16.335Z,1.0,active
2aae53a1-6367-49ab-847e-2972304894ba,ea9d31d8bbb2,KPN,2015,,Scope 3,General,Unspecified,90,tonnes CO2e,0.90,high,statement_extraction,KPN-integrated-annual-report-2024_2025-02-21-143127_spyv.pdf,ea9d31d8bbb2,2025-10-25T17:32:16.335Z,2025-10-25T17:32:16.335Z,2025-10-25T17:32:16.335Z,1.0,active
6a196a94-952c-4f33-8d7b-5222a541acd6,ea9d31d8bbb2,KPN,2024,,Scope 3,Energy,Energy-Related Activities,2024,tonnes CO2e,1.00,high,statement_extraction,KPN-integrated-annual-report-2024_2025-02-21-143127_spyv.pdf,ea9d31d8bbb2,2025-10-25T17:32:16.335Z,2025-10-25T17:32:16.335Z,2025-10-25T17:32:16.335Z,1.0,active
e43580ef-9f39-4b5b-bba8-23c9ceb580e0,ea9d31d8bbb2,KPN,2023,,Scope 3,General,Unspecified,2023,tonnes CO2e,0.90,high,statement_extraction,KPN-integrated-annual-report-2024_2025-02-21-143127_spyv.pdf,ea9d31d8bbb2,2025-10-25T17:32:16.335Z,2025-10-25T17:32:16.335Z,2025-10-25T17:32:16.335Z,1.0,active
033fcaad-aa0c-4998-be74-48f1372aba5f,ea9d31d8bbb2,KPN,2030,1,Scope 3,General,Unspecified,2030,tonnes CO2e,0.90,high,statement_extraction,KPN-integrated-annual-report-2024_2025-02-21-143127_spyv.pdf,ea9d31d8bbb2,2025-10-25T17:32:16.335Z,2025-10-25T17:32:16.335Z,2025-10-25T17:32:16.335Z,1.0,active
f078d2be-c4f1-4f53-9b9c-f70f857b8ee8,ea9d31d8bbb2,KPN,2024,,Scope 3,Purchased Goods,Supply Chain Emissions,2024,tonnes CO2e,1.00,high,statement_extraction,KPN-integrated-annual-report-2024_2025-02-21-143127_spyv.pdf,ea9d31d8bbb2,2025-10-25T17:32:16.335Z,2025-10-25T17:32:16.335Z,2025-10-25T17:32:16.335Z,1.0,active
47e7b89f-a67d-472a-ab4d-5efc94078b0f,ea9d31d8bbb2,KPN,2022,,Scope 3,General,Unspecified,2022,tonnes CO2e,0.90,high,statement_extraction,KPN-integrated-annual-report-2024_2025-02-21-143127_spyv.pdf,ea9d31d8bbb2,2025-10-25T17:32:16.335Z,2025-10-25T17:32:16.335Z,2025-10-25T17:32:16.335Z,1.0,active
5b32272d-e847-4dba-9a86-a62b6e6f777c,ea9d31d8bbb2,KPN,2025,,Scope 3,Supply Chain,Supply Chain,10,tonnes CO2e,0.85,high,statement_extraction,KPN-integrated-annual-report-2024_2025-02-21-143127_spyv.pdf,ea9d31d8bbb2,2025-10-25T17:32:16.335Z,2025-10-25T17:32:16.335Z,2025-10-25T17:32:16.335Z,1.0,active
13a857a1-0aeb-4224-80df-c7a4696c388b,ea9d31d8bbb2,KPN,2025,,Scope 3,Energy,Energy-Related Activities,13,tonnes CO2e,0.85,high,statement_extraction,KPN-integrated-annual-report-2024_2025-02-21-143127_spyv.pdf,ea9d31d8bbb2,2025-10-25T17:32:16.335Z,2025-10-25T17:32:16.335Z,2025-10-25T17:32:16.335Z,1.0,active
30fe6a7b-cc3b-408d-8af6-b9ded1aad6e5,cfeb0b1e6fe1,London Stock Exchange Group,2024,,Scope 3,General,Unspecified,3,tonnes CO2e,0.90,high,statement_extraction,lseg-sustainability-report.pdf,cfeb0b1e6fe1,2025-10-25T17:32:16.335Z,2025-10-25T17:32:16.335Z,2025-10-25T17:32:16.335Z,1.0,active
cc462f9e-6259-4887-81d2-a77caa0f502e,cfeb0b1e6fe1,London Stock Exchange Group,2019,,Scope 1,General,Unspecified,83,tonnes CO2e,0.90,high,statement_extraction,lseg-sustainability-report.pdf,cfeb0b1e6fe1,2025-10-25T17:32:16.335Z,2025-10-25T17:32:16.335Z,2025-10-25T17:32:16.335Z,1.0,active
b6913df5-0811-4458-b48e-297d0f0c14ec,cfeb0b1e6fe1,London Stock Exchange Group,2025,,Scope 3,Purchased Goods,Supply Chain Emissions,3,tonnes CO2e,0.85,high,statement_extraction,lseg-sustainability-report.pdf,cfeb0b1e6fe1,2025-10-25T17:32:16.335Z,2025-10-25T17:32:16.335Z,2025-10-25T17:32:16.335Z,1.0,active
bbd8f854-777a-4360-9a09-bec86c0a7c63,cfeb0b1e6fe1,London Stock Exchange Group,2021,,Total,General,Unspecified,1900,tonnes CO2e,0.80,high,statement_extraction,lseg-sustainability-report.pdf,cfeb0b1e6fe1,2025-10-25T17:32:16.335Z,2025-10-25T17:32:16.335Z,2025-10-25T17:32:16.335Z,1.0,active
428202d4-ebd3-4ae4-bd4d-215058e552c5,cfeb0b1e6fe1,London Stock Exchange Group,2025,,Total,General,Unspecified,3,tonnes CO2e,0.65,medium,statement_extraction,lseg-sustainability-report.pdf,cfeb0b1e6fe1,2025-10-25T17:32:16.335Z,2025-10-25T17:32:16.335Z,2025-10-25T17:32:16.335Z,1.0,active
979f74cb-30b2-42b2-8664-a1560fb34819,cfeb0b1e6fe1,London Stock Exchange Group,2025,,Total,General,Unspecified,2.6,tonnes CO2e,0.65,medium,statement_extraction,lseg-sustainability-report.pdf,cfeb0b1e6fe1,2025-10-25T17:32:16.335Z,2025-10-25T17:32:16.335Z,2025-10-25T17:32:16.335Z,1.0,active
e859fed4-80fb-4c6d-a9d7-f50932da7c3a,cfeb0b1e6fe1,London Stock Exchange Group,2025,,Total,General,Unspecified,2040,tonnes CO2e,0.80,high,statement_extraction,lseg-sustainability-report.pdf,cfeb0b1e6fe1,2025-10-25T17:32:16.335Z,2025-10-25T17:32:16.335Z,2025-10-25T17:32:16.335Z,1.0,active
3f3a8bb8-d373-4662-b9e9-13eec600bb14,cfeb0b1e6fe1,London Stock Exchange Group,2025,,Scope 1,Transportation,Company Vehicles,3,tonnes CO2e,0.85,high,statement_extraction,lseg-sustainability-report.pdf,cfeb0b1e6fe1,2025-10-25T17:32:16.335Z,2025-10-25T17:32:16.335Z,2025-10-25T17:32:16.335Z,1.0,active
313e4787-19a1-4ddc-be07-cea74d7111cb,cfeb0b1e6fe1,London Stock Exchange Group,2025,,Scope 1,General,Unspecified,2,tonnes CO2e,0.75,high,statement_extraction,lseg-sustainability-report.pdf,cfeb0b1e6fe1,2025-10-25T17:32:16.335Z,2025-10-25T17:32:16.335Z,2025-10-25T17:32:16.335Z,1.0,active
409f820c-d334-4be1-82cc-fe0200e54cb5,cfeb0b1e6fe1,London Stock Exchange Group,2030,1,Scope 1,General,Unspecified,50,tonnes CO2e,0.90,high,statement_extraction,lseg-sustainability-report.pdf,cfeb0b1e6fe1,2025-10-25T17:32:16.335Z,2025-10-25T17:32:16.335Z,2025-10-25T17:32:16.335Z,1.0,active
1c07b553-278a-42b3-8735-bbe5e82b409f,cfeb0b1e6fe1,London Stock Exchange Group,2024,,Scope 1,General,Unspecified,2,tonnes CO2e,0.90,high,statement_extraction,lseg-sustainability-report.pdf,cfeb0b1e6fe1,2025-10-25T17:32:16.335Z,2025-10-25T17:32:16.335Z,2025-10-25T17:32:16.335Z,1.0,active
62a1061c-a3f3-4e62-a127-5eef390b7704,cfeb0b1e6fe1,London Stock Exchange Group,2025,,Scope 1,General,Unspecified,3,tonnes CO2e,0.75,high,statement_extraction,lseg-sustainability-report.pdf,cfeb0b1e6fe1,2025-10-25T17:32:16.335Z,2025-10-25T17:32:16.335Z,2025-10-25T17:32:16.335Z,1.0,active
c7453a45-d153-4316-8420-70c29b2d5569,cfeb0b1e6fe1,London Stock Exchange Group,2025,,Scope 3,Purchased Goods,Supply Chain Emissions,1,tonnes CO2e,0.85,high,statement_extraction,lseg-sustainability-report.pdf,cfeb0b1e6fe1,2025-10-25T17:32:16.335Z,2025-10-25T17:32:16.335Z,2025-10-25T17:32:16.335Z,1.0,active
f9ff1ecf-7753-4085-a3b1-139f27bb47fb,cfeb0b1e6fe1,London Stock Exchange Group,2025,,Scope 3,General,Unspecified,2,tonnes CO2e,0.75,high,statement_extraction,lseg-sustainability-report.pdf,cfeb0b1e6fe1,2025-10-25T17:32:16.335Z,2025-10-25T17:32:16.335Z,2025-10-25T17:32:16.335Z,1.0,active
67062f94-7d6d-4eb4-80a8-7619f25c3727,cfeb0b1e6fe1,London Stock Exchange Group,2025,,Scope 3,Transportation,Business Travel & Logistics,6,tonnes CO2e,0.85,high,statement_extraction,lseg-sustainability-report.pdf,cfeb0b1e6fe1,2025-10-25T17:32:16.335Z,2025-10-25T17:32:16.335Z,2025-10-25T17:32:16.335Z,1.0,active
9d80b335-fff5-4c95-87c0-b5bb9382d60c,cfeb0b1e6fe1,London Stock Exchange Group,2025,,Scope 3,General,Unspecified,7,tonnes CO2e,0.75,high,statement_extraction,lseg-sustainability-report.pdf,cfeb0b1e6fe1,2025-10-25T17:32:16.335Z,2025-10-25T17:32:16.335Z,2025-10-25T17:32:16.335Z,1.0,active
45c81f55-c7d5-45af-b62a-8d53c1b32fd0,cfeb0b1e6fe1,London Stock Exchange Group,2025,,Scope 3,General,Unspecified,8,tonnes CO2e,0.75,high,statement_extraction,lseg-sustainability-report.pdf,cfeb0b1e6fe1,2025-10-25T17:32:16.335Z,2025-10-25T17:32:16.335Z,2025-10-25T17:32:16.335Z,1.0,active
cfa2aa54-3614-4f85-b6e6-a1b67b7b1d53,cfeb0b1e6fe1,London Stock Exchange Group,2025,,Scope 3,General,Unspecified,15,tonnes CO2e,0.75,high,statement_extraction,lseg-sustainability-report.pdf,cfeb0b1e6fe1,2025-10-25T17:32:16.335Z,2025-10-25T17:32:16.335Z,2025-10-25T17:32:16.335Z,1.0,active
83df30c4-6da7-41d9-8752-93c56d41d788,cfeb0b1e6fe1,London Stock Exchange Group,2025,,Scope 1,Direct Emissions,Direct Operations,3,tonnes CO2e,0.85,high,statement_extraction,lseg-sustainability-report.pdf,cfeb0b1e6fe1,2025-10-25T17:32:16.335Z,2025-10-25T17:32:16.335Z,2025-10-25T17:32:16.335Z,1.0,active
6d219127-91e3-4859-9c1b-9174fe50e25c,cfeb0b1e6fe1,London Stock Exchange Group,2025,,Scope 1,Energy,Fossil Fuel Combustion,2,tonnes CO2e,0.85,high,statement_extraction,lseg-sustainability-report.pdf,cfeb0b1e6fe1,2025-10-25T17:32:16.335Z,2025-10-25T17:32:16.335Z,2025-10-25T17:32:16.335Z,1.0,active
7098a5af-1fb2-49f5-9d04-817a85baa977,cfeb0b1e6fe1,London Stock Exchange Group,2025,,Scope 3,Energy,Energy-Related Activities,7,tonnes CO2e,0.85,high,statement_extraction,lseg-sustainability-report.pdf,cfeb0b1e6fe1,2025-10-25T17:32:16.335Z,2025-10-25T17:32:16.335Z,2025-10-25T17:32:16.335Z,1.0,active
eea6cab2-6147-448c-bbe3-5d35099e8e9e,cfeb0b1e6fe1,London Stock Exchange Group,2025,,Scope 3,Purchased Goods,Supply Chain Emissions,2,tonnes CO2e,0.85,high,statement_extraction,lseg-sustainability-report.pdf,cfeb0b1e6fe1,2025-10-25T17:32:16.335Z,2025-10-25T17:32:16.335Z,2025-10-25T17:32:16.335Z,1.0,active
0ebb4c7c-b23d-4a73-a539-ff15f13fd588,cfeb0b1e6fe1,London Stock Exchange Group,2023,,Total,General,Unspecified,47,tonnes CO2e,0.80,high,statement_extraction,lseg-sustainability-report.pdf,cfeb0b1e6fe1,2025-10-25T17:32:16.335Z,2025-10-25T17:32:16.335Z,2025-10-25T17:32:16.335Z,1.0,active
5d1f350d-6256-4a3f-a02d-de0b27d1b515,cfeb0b1e6fe1,London Stock Exchange Group,2024,,Scope 1,General,Unspecified,72,tonnes CO2e,0.90,high,statement_extraction,lseg-sustainability-report.pdf,cfeb0b1e6fe1,2025-10-25T17:32:16.335Z,2025-10-25T17:32:16.335Z,2025-10-25T17:32:16.335Z,1.0,active
c97ecce2-86c0-46a6-9e10-99f336b762f3,cfeb0b1e6fe1,London Stock Exchange Group,2025,,Scope 3,General,Unspecified,3,tonnes CO2e,0.75,high,statement_extraction,lseg-sustainability-report.pdf,cfeb0b1e6fe1,2025-10-25T17:32:16.335Z,2025-10-25T17:32:16.335Z,2025-10-25T17:32:16.335Z,1.0,active
227a32a9-3d39-472f-a7dc-9afc9546f4b0,cfeb0b1e6fe1,London Stock Exchange Group,2024,,Scope 1,Energy,Fossil Fuel Combustion,3,tonnes CO2e,1.00,high,statement_extraction,lseg-sustainability-report.pdf,cfeb0b1e6fe1,2025-10-25T17:32:16.335Z,2025-10-25T17:32:16.335Z,2025-10-25T17:32:16.335Z,1.0,active
93993187-78bb-4c4a-8000-b9f5c7123197,cfeb0b1e6fe1,London Stock Exchange Group,2023,,Scope 3,Energy,Energy-Related Activities,107,tonnes CO2e,1.00,high,statement_extraction,lseg-sustainability-report.pdf,cfeb0b1e6fe1,2025-10-25T17:32:16.335Z,2025-10-25T17:32:16.335Z,2025-10-25T17:32:16.335Z,1.0,active
824b5ef0-3c0c-4804-8fec-da3a9ff73004,cfeb0b1e6fe1,London Stock Exchange Group,2025,,Scope 3,Energy,Energy-Related Activities,3,tonnes CO2e,0.85,high,statement_extraction,lseg-sustainability-report.pdf,cfeb0b1e6fe1,2025-10-25T17:32:16.335Z,2025-10-25T17:32:16.335Z,2025-10-25T17:32:16.335Z,1.0,active
0b33953f-a847-46c3-8721-3fa9addcac60,cfeb0b1e6fe1,London Stock Exchange Group,2024,,Total,General,Unspecified,72,tonnes CO2e,0.80,high,statement_extraction,lseg-sustainability-report.pdf,cfeb0b1e6fe1,2025-10-25T17:32:16.335Z,2025-10-25T17:32:16.335Z,2025-10-25T17:32:16.335Z,1.0,active
e8380597-530d-4c54-be75-29964a7a2e03,cfeb0b1e6fe1,London Stock Exchange Group,2030,1,Total,Transportation,Transportation,50,tonnes CO2e,0.90,high,statement_extraction,lseg-sustainability-report.pdf,cfeb0b1e6fe1,2025-10-25T17:32:16.335Z,2025-10-25T17:32:16.335Z,2025-10-25T17:32:16.335Z,1.0,active
18f4c9de-e4f0-46d2-9f4c-5182e215f98b,cfeb0b1e6fe1,London Stock Exchange Group,2024,,Scope 3,Transportation,Business Travel & Logistics,25,tonnes CO2e,1.00,high,statement_extraction,lseg-sustainability-report.pdf,cfeb0b1e6fe1,2025-10-25T17:32:16.335Z,2025-10-25T17:32:16.335Z,2025-10-25T17:32:16.335Z,1.0,active
ad30faed-18e9-40d3-ac7e-a9f873684db7,cfeb0b1e6fe1,London Stock Exchange Group,2024,,Total,General,Unspecified,42,tonnes CO2e,0.80,high,statement_extraction,lseg-sustainability-report.pdf,cfeb0b1e6fe1,2025-10-25T17:32:16.335Z,2025-10-25T17:32:16.335Z,2025-10-25T17:32:16.335Z,1.0,active
992b6b66-5902-498e-bef2-93c8938bf147,cfeb0b1e6fe1,London Stock Exchange Group,2024,,Total,General,Unspecified,67563,tonnes CO2e,0.80,high,statement_extraction,lseg-sustainability-report.pdf,cfeb0b1e6fe1,2025-10-25T17:32:16.335Z,2025-10-25T17:32:16.335Z,2025-10-25T17:32:16.335Z,1.0,active
68dace7d-eabe-46fb-b304-8d28043a4afa,cfeb0b1e6fe1,London Stock Exchange Group,2019,,Scope 1,Energy,Fossil Fuel Combustion,50,tonnes CO2e,1.00,high,statement_extraction,lseg-sustainability-report.pdf,cfeb0b1e6fe1,2025-10-25T17:32:16.335Z,2025-10-25T17:32:16.335Z,2025-10-25T17:32:16.335Z,1.0,active
20ba2a0f-f824-4a77-80a9-4900106b78f2,cfeb0b1e6fe1,London Stock Exchange Group,2023,,Scope 1,Purchased Goods,Purchased Goods,72,tonnes CO2e,1.00,high,statement_extraction,lseg-sustainability-report.pdf,cfeb0b1e6fe1,2025-10-25T17:32:16.335Z,2025-10-25T17:32:16.335Z,2025-10-25T17:32:16.335Z,1.0,active
24049db4-4e98-4c7c-8248-9390651483c9,cfeb0b1e6fe1,London Stock Exchange Group,2022,,Scope 1,Purchased Goods,Purchased Goods,50,tonnes CO2e,1.00,high,statement_extraction,lseg-sustainability-report.pdf,cfeb0b1e6fe1,2025-10-25T17:32:16.335Z,2025-10-25T17:32:16.335Z,2025-10-25T17:32:16.335Z,1.0,active
3577daca-8140-472b-a7db-d4825ae0d3fc,cfeb0b1e6fe1,London Stock Exchange Group,2024,,Scope 3,General,Unspecified,2024,tonnes CO2e,0.90,high,statement_extraction,lseg-sustainability-report.pdf,cfeb0b1e6fe1,2025-10-25T17:32:16.335Z,2025-10-25T17:32:16.335Z,2025-10-25T17:32:16.335Z,1.0,active
f27a0647-bd7c-47bf-9a6e-84b433cd467d,cfeb0b1e6fe1,London Stock Exchange Group,2023,,Scope 3,Energy,Energy-Related Activities,2024,tonnes CO2e,1.00,high,statement_extraction,lseg-sustainability-report.pdf,cfeb0b1e6fe1,2025-10-25T17:32:16.335Z,2025-10-25T17:32:16.335Z,2025-10-25T17:32:16.335Z,1.0,active
33a9fe3f-4935-483b-9b62-6da58d2a5bfc,cfeb0b1e6fe1,London Stock Exchange Group,2023,,Scope 3,Transportation,Business Travel & Logistics,2024,tonnes CO2e,1.00,high,statement_extraction,lseg-sustainability-report.pdf,cfeb0b1e6fe1,2025-10-25T17:32:16.335Z,2025-10-25T17:32:16.335Z,2025-10-25T17:32:16.335Z,1.0,active
0bd2d911-186e-4821-8fea-8fc053c0f079,5e9719608306,Royal Avebe,2025,,Scope 1,General,Unspecified,2,tonnes CO2e,0.75,high,statement_extraction,NL_Royal-Avebe-geintegreerd-jaarverslag-2022_2023.pdf,5e9719608306,2025-10-25T17:32:16.335Z,2025-10-25T17:32:16.335Z,2025-10-25T17:32:16.335Z,1.0,active
2eb5e5d1-be01-4adf-98ed-0c53b8c6a657,5e9719608306,Royal Avebe,2025,,Total,General,Unspecified,95,tonnes CO2e,0.65,medium,statement_extraction,NL_Royal-Avebe-geintegreerd-jaarverslag-2022_2023.pdf,5e9719608306,2025-10-25T17:32:16.335Z,2025-10-25T17:32:16.335Z,2025-10-25T17:32:16.335Z,1.0,active
a0d0c0de-70c8-4650-9bae-9863be90301b,5e9719608306,Royal Avebe,2025,,Scope 1,Direct Emissions,Direct Operations,1,tonnes CO2e,0.85,high,statement_extraction,NL_Royal-Avebe-geintegreerd-jaarverslag-2022_2023.pdf,5e9719608306,2025-10-25T17:32:16.335Z,2025-10-25T17:32:16.335Z,2025-10-25T17:32:16.335Z,1.0,active
10b05332-ba41-4009-9c41-187ca608411b,5e9719608306,Royal Avebe,2025,,Scope 2,Direct Emissions,Indirect Energy,43,tonnes CO2e,0.85,high,statement_extraction,NL_Royal-Avebe-geintegreerd-jaarverslag-2022_2023.pdf,5e9719608306,2025-10-25T17:32:16.335Z,2025-10-25T17:32:16.335Z,2025-10-25T17:32:16.335Z,1.0,active
b44bef6e-ae2c-4cec-8055-9e0eed4ee09b,5e9719608306,Royal Avebe,2025,,Total,General,Unspecified,2016305,tonnes CO2e,0.65,medium,statement_extraction,NL_Royal-Avebe-geintegreerd-jaarverslag-2022_2023.pdf,5e9719608306,2025-10-25T17:32:16.335Z,2025-10-25T17:32:16.335Z,2025-10-25T17:32:16.335Z,1.0,active
b4c2489a-32cc-4bcd-87db-9c25867c1c7c,5e9719608306,Royal Avebe,2025,,Total,General,Unspecified,175,kt CO2e,0.65,medium,statement_extraction,NL_Royal-Avebe-geintegreerd-jaarverslag-2022_2023.pdf,5e9719608306,2025-10-25T17:32:16.335Z,2025-10-25T17:32:16.335Z,2025-10-25T17:32:16.335Z,1.0,active
7916478a-b4f5-4430-a987-5b8d5c51400e,5e9719608306,Royal Avebe,2025,,Total,General,Unspecified,103,tonnes CO2e,0.65,medium,statement_extraction,NL_Royal-Avebe-geintegreerd-jaarverslag-2022_2023.pdf,5e9719608306,2025-10-25T17:32:16.335Z,2025-10-25T17:32:16.335Z,2025-10-25T17:32:16.335Z,1.0,active
5fc14c4d-6e2e-4368-ae4b-c3740dfad9eb,5e9719608306,Royal Avebe,2025,,Total,General,Unspecified,225,tonnes CO2e,0.65,medium,statement_extraction,NL_Royal-Avebe-geintegreerd-jaarverslag-2022_2023.pdf,5e9719608306,2025-10-25T17:32:16.335Z,2025-10-25T17:32:16.335Z,2025-10-25T17:32:16.335Z,1.0,active
c12415e1-6e89-4aed-ab1a-5169648c4516,5e9719608306,Royal Avebe,2025,,Total,General,Unspecified,10,tonnes CO2e,0.65,medium,statement_extraction,NL_Royal-Avebe-geintegreerd-jaarverslag-2022_2023.pdf,5e9719608306,2025-10-25T17:32:16.335Z,2025-10-25T17:32:16.335Z,2025-10-25T17:32:16.335Z,1.0,active
47bcc4d4-05c0-43eb-9a37-f893954ee527,e911dbf3996e,NN Group,2024,,Total,General,Unspecified,2.16,tonnes CO2e,0.80,high,statement_extraction,nn-group_Annual_Report_2024_1761270844314.pdf,e911dbf3996e,2025-10-25T17:32:16.335Z,2025-10-25T17:32:16.335Z,2025-10-25T17:32:16.335Z,1.0,active
36b92db9-a178-4134-a9d2-600b8d5a5bbb,e911dbf3996e,NN Group,2025,,Total,General,Unspecified,1.3,tonnes CO2e,0.65,medium,statement_extraction,nn-group_Annual_Report_2024_1761270844314.pdf,e911dbf3996e,2025-10-25T17:32:16.335Z,2025-10-25T17:32:16.335Z,2025-10-25T17:32:16.335Z,1.0,active
fcfa54a8-80d9-497d-882d-b99cc73788d7,e911dbf3996e,NN Group,2025,,Total,General,Unspecified,35,tonnes CO2e,0.80,high,statement_extraction,nn-group_Annual_Report_2024_1761270844314.pdf,e911dbf3996e,2025-10-25T17:32:16.335Z,2025-10-25T17:32:16.335Z,2025-10-25T17:32:16.335Z,1.0,active
feaa6f70-8ece-479c-b186-a083ba9817b8,e911dbf3996e,NN Group,2025,,Total,Direct Emissions,Direct Emissions,394,tonnes CO2e,0.75,high,statement_extraction,nn-group_Annual_Report_2024_1761270844314.pdf,e911dbf3996e,2025-10-25T17:32:16.335Z,2025-10-25T17:32:16.335Z,2025-10-25T17:32:16.335Z,1.0,active
1fce1599-f715-41b1-8449-28a720af48b0,e911dbf3996e,NN Group,2025,,Total,Direct Emissions,Direct Emissions,1538760,tonnes CO2e,0.75,high,statement_extraction,nn-group_Annual_Report_2024_1761270844314.pdf,e911dbf3996e,2025-10-25T17:32:16.335Z,2025-10-25T17:32:16.335Z,2025-10-25T17:32:16.335Z,1.0,active
4fdd036b-c984-4937-b2d2-500aa05fa9be,e911dbf3996e,NN Group,2024,,Total,General,Unspecified,102,tonnes CO2e,0.80,high,statement_extraction,nn-group_Annual_Report_2024_1761270844314.pdf,e911dbf3996e,2025-10-25T17:32:16.335Z,2025-10-25T17:32:16.335Z,2025-10-25T17:32:16.335Z,1.0,active
26b5026d-749c-4b2d-8492-2a2199f533cc,e911dbf3996e,NN Group,2025,,Scope 1,General,Unspecified,3,tonnes CO2e,0.75,high,statement_extraction,nn-group_Annual_Report_2024_1761270844314.pdf,e911dbf3996e,2025-10-25T17:32:16.335Z,2025-10-25T17:32:16.335Z,2025-10-25T17:32:16.335Z,1.0,active
f0b58765-8e9b-44f5-989d-6b1c85c0a75d,e911dbf3996e,NN Group,2025,,Scope 3,Transportation,Business Travel & Logistics,3,tonnes CO2e,0.85,high,statement_extraction,nn-group_Annual_Report_2024_1761270844314.pdf,e911dbf3996e,2025-10-25T17:32:16.335Z,2025-10-25T17:32:16.335Z,2025-10-25T17:32:16.335Z,1.0,active
05e31ba9-7d73-4407-94b7-a2460618fc78,e911dbf3996e,NN Group,2030,1,Scope 3,Transportation,Business Travel & Logistics,1,tonnes CO2e,1.00,high,statement_extraction,nn-group_Annual_Report_2024_1761270844314.pdf,e911dbf3996e,2025-10-25T17:32:16.335Z,2025-10-25T17:32:16.335Z,2025-10-25T17:32:16.335Z,1.0,active
effd1323-2002-4060-9642-1585df312ba4,e911dbf3996e,NN Group,2025,,Scope 1,General,Unspecified,2,tonnes CO2e,0.75,high,statement_extraction,nn-group_Annual_Report_2024_1761270844314.pdf,e911dbf3996e,2025-10-25T17:32:16.335Z,2025-10-25T17:32:16.335Z,2025-10-25T17:32:16.335Z,1.0,active
e4665e7b-e047-4674-ac75-52e1b3062b1e,e911dbf3996e,NN Group,2025,,Scope 3,Transportation,Business Travel & Logistics,50,tonnes CO2e,0.85,high,statement_extraction,nn-group_Annual_Report_2024_1761270844314.pdf,e911dbf3996e,2025-10-25T17:32:16.335Z,2025-10-25T17:32:16.335Z,2025-10-25T17:32:16.335Z,1.0,active
965c300d-7d27-45a0-8f6c-1c07cfd6fb25,e911dbf3996e,NN Group,2025,,Scope 1,General,Unspecified,25,tonnes CO2e,0.75,high,statement_extraction,nn-group_Annual_Report_2024_1761270844314.pdf,e911dbf3996e,2025-10-25T17:32:16.335Z,2025-10-25T17:32:16.335Z,2025-10-25T17:32:16.335Z,1.0,active
99ea7a84-b39d-4dd8-aedc-c8b3d84467f1,e911dbf3996e,NN Group,2025,,Scope 1,General,Unspecified,1,tonnes CO2e,0.75,high,statement_extraction,nn-group_Annual_Report_2024_1761270844314.pdf,e911dbf3996e,2025-10-25T17:32:16.335Z,2025-10-25T17:32:16.335Z,2025-10-25T17:32:16.335Z,1.0,active
7ff8f4a9-bb48-45b8-8d9e-c61f2107eaa1,e911dbf3996e,NN Group,2025,,Scope 3,General,Unspecified,3,tonnes CO2e,0.75,high,statement_extraction,nn-group_Annual_Report_2024_1761270844314.pdf,e911dbf3996e,2025-10-25T17:32:16.335Z,2025-10-25T17:32:16.335Z,2025-10-25T17:32:16.335Z,1.0,active
a1f06906-5687-451f-b1e5-91afe4100ec1,e911dbf3996e,NN Group,2025,,Total,General,Unspecified,2,tonnes CO2e,0.65,medium,statement_extraction,nn-group_Annual_Report_2024_1761270844314.pdf,e911dbf3996e,2025-10-25T17:32:16.335Z,2025-10-25T17:32:16.335Z,2025-10-25T17:32:16.335Z,1.0,active
9ec7cf4f-bd5d-44a7-8921-a0a6e384fd0c,e911dbf3996e,NN Group,2019,,Scope 1,Transportation,Company Vehicles,3,tonnes CO2e,1.00,high,statement_extraction,nn-group_Annual_Report_2024_1761270844314.pdf,e911dbf3996e,2025-10-25T17:32:16.335Z,2025-10-25T17:32:16.335Z,2025-10-25T17:32:16.335Z,1.0,active
dfe3bce9-41da-46f4-80f1-5800a3069206,e911dbf3996e,NN Group,2025,,Total,Transportation,Transportation,2,tonnes CO2e,0.75,high,statement_extraction,nn-group_Annual_Report_2024_1761270844314.pdf,e911dbf3996e,2025-10-25T17:32:16.335Z,2025-10-25T17:32:16.335Z,2025-10-25T17:32:16.335Z,1.0,active
90301bae-3c81-4e13-b799-3dd67e0ca34c,e911dbf3996e,NN Group,2025,,Scope 1,General,Unspecified,1785,tonnes CO2e,0.75,high,statement_extraction,nn-group_Annual_Report_2024_1761270844314.pdf,e911dbf3996e,2025-10-25T17:32:16.335Z,2025-10-25T17:32:16.335Z,2025-10-25T17:32:16.335Z,1.0,active
fab7cb75-af5f-4f71-b1e7-06f9c8f4a15a,e911dbf3996e,NN Group,2024,,Scope 2,General,Unspecified,2,tonnes CO2e,0.90,high,statement_extraction,nn-group_Annual_Report_2024_1761270844314.pdf,e911dbf3996e,2025-10-25T17:32:16.335Z,2025-10-25T17:32:16.335Z,2025-10-25T17:32:16.335Z,1.0,active
6547bdd6-84ab-4415-9f17-0f86d047da68,e911dbf3996e,NN Group,2019,,Scope 1,General,Unspecified,1,tonnes CO2e,0.90,high,statement_extraction,nn-group_Annual_Report_2024_1761270844314.pdf,e911dbf3996e,2025-10-25T17:32:16.335Z,2025-10-25T17:32:16.335Z,2025-10-25T17:32:16.335Z,1.0,active
2da260ac-6e2e-4ebe-b621-d9570c09d7a9,e911dbf3996e,NN Group,2019,,Scope 2,General,Unspecified,2,tonnes CO2e,0.90,high,statement_extraction,nn-group_Annual_Report_2024_1761270844314.pdf,e911dbf3996e,2025-10-25T17:32:16.335Z,2025-10-25T17:32:16.335Z,2025-10-25T17:32:16.335Z,1.0,active
581f2ed5-9f85-44e8-a1b2-daee8087c4a1,e911dbf3996e,NN Group,2025,,Scope 2,General,Unspecified,8,tonnes CO2e,0.75,high,statement_extraction,nn-group_Annual_Report_2024_1761270844314.pdf,e911dbf3996e,2025-10-25T17:32:16.335Z,2025-10-25T17:32:16.335Z,2025-10-25T17:32:16.335Z,1.0,active
63ce0e40-b370-4cb8-b0c1-e72bcca63f27,e911dbf3996e,NN Group,2025,,Scope 3,General,Unspecified,16,tonnes CO2e,0.75,high,statement_extraction,nn-group_Annual_Report_2024_1761270844314.pdf,e911dbf3996e,2025-10-25T17:32:16.335Z,2025-10-25T17:32:16.335Z,2025-10-25T17:32:16.335Z,1.0,active
12d9bed5-d2a6-4324-90b8-50ca3bc67e4f,e911dbf3996e,NN Group,2025,,Scope 1,General,Unspecified,238192,tonnes CO2e,0.75,high,statement_extraction,nn-group_Annual_Report_2024_1761270844314.pdf,e911dbf3996e,2025-10-25T17:32:16.335Z,2025-10-25T17:32:16.335Z,2025-10-25T17:32:16.335Z,1.0,active
39ecf4e0-3aa1-4cc9-a82b-4c22dc4fdccf,e911dbf3996e,NN Group,2025,,Scope 1,General,Unspecified,238,tonnes CO2e,0.75,high,statement_extraction,nn-group_Annual_Report_2024_1761270844314.pdf,e911dbf3996e,2025-10-25T17:32:16.335Z,2025-10-25T17:32:16.335Z,2025-10-25T17:32:16.335Z,1.0,active
5e6b9124-5b19-4770-96f8-737aebd28d1e,e911dbf3996e,NN Group,2025,,Scope 3,Transportation,Business Travel & Logistics,6,tonnes CO2e,0.85,high,statement_extraction,nn-group_Annual_Report_2024_1761270844314.pdf,e911dbf3996e,2025-10-25T17:32:16.335Z,2025-10-25T17:32:16.335Z,2025-10-25T17:32:16.335Z,1.0,active
d22856f2-1b16-42a7-90d8-b92cf040127d,e911dbf3996e,NN Group,2019,,Scope 3,Transportation,Business Travel & Logistics,3,tonnes CO2e,1.00,high,statement_extraction,nn-group_Annual_Report_2024_1761270844314.pdf,e911dbf3996e,2025-10-25T17:32:16.335Z,2025-10-25T17:32:16.335Z,2025-10-25T17:32:16.335Z,1.0,active
ecac480a-6b77-42c5-9710-d5140e0aad37,e911dbf3996e,NN Group,2025,,Scope 1,Energy,Fossil Fuel Combustion,2,tonnes CO2e,0.85,high,statement_extraction,nn-group_Annual_Report_2024_1761270844314.pdf,e911dbf3996e,2025-10-25T17:32:16.335Z,2025-10-25T17:32:16.335Z,2025-10-25T17:32:16.335Z,1.0,active
55a8b29a-5f47-4144-a8fc-e9f51ac7a572,e911dbf3996e,NN Group,2025,,Total,General,Unspecified,3.3,tonnes CO2e,0.65,medium,statement_extraction,nn-group_Annual_Report_2024_1761270844314.pdf,e911dbf3996e,2025-10-25T17:32:16.335Z,2025-10-25T17:32:16.335Z,2025-10-25T17:32:16.335Z,1.0,active
4246c319-0b08-49bc-b280-d2365dc02582,e911dbf3996e,NN Group,2025,,Scope 1,General,Unspecified,25,tonnes CO2e,0.90,high,statement_extraction,nn-group_Annual_Report_2024_1761270844314.pdf,e911dbf3996e,2025-10-25T17:32:16.335Z,2025-10-25T17:32:16.335Z,2025-10-25T17:32:16.335Z,1.0,active
aec8c3e5-7327-4339-9c34-f7008d641620,e911dbf3996e,NN Group,2030,1,Scope 1,General,Unspecified,45,tonnes CO2e,0.90,high,statement_extraction,nn-group_Annual_Report_2024_1761270844314.pdf,e911dbf3996e,2025-10-25T17:32:16.335Z,2025-10-25T17:32:16.335Z,2025-10-25T17:32:16.335Z,1.0,active
2ebd8589-8a8f-458d-b34a-912817686496,e911dbf3996e,NN Group,2025,,Total,General,Unspecified,45,tonnes CO2e,0.80,high,statement_extraction,nn-group_Annual_Report_2024_1761270844314.pdf,e911dbf3996e,2025-10-25T17:32:16.335Z,2025-10-25T17:32:16.335Z,2025-10-25T17:32:16.335Z,1.0,active
93ec6051-cd9e-4d64-9024-4136e601682b,e911dbf3996e,NN Group,2025,,Scope 3,Energy,Energy-Related Activities,3,tonnes CO2e,0.85,high,statement_extraction,nn-group_Annual_Report_2024_1761270844314.pdf,e911dbf3996e,2025-10-25T17:32:16.335Z,2025-10-25T17:32:16.335Z,2025-10-25T17:32:16.335Z,1.0,active
75786f6e-e7c8-420f-a203-7e0b9669672e,e911dbf3996e,NN Group,2025,,Scope 1,Direct Emissions,Direct Operations,2,tonnes CO2e,0.85,high,statement_extraction,nn-group_Annual_Report_2024_1761270844314.pdf,e911dbf3996e,2025-10-25T17:32:16.335Z,2025-10-25T17:32:16.335Z,2025-10-25T17:32:16.335Z,1.0,active
181e5570-0f48-4d3d-bbc8-5f35605e70ad,e911dbf3996e,NN Group,2024,,Total,General,Unspecified,12.8,tonnes CO2e,0.80,high,statement_extraction,nn-group_Annual_Report_2024_1761270844314.pdf,e911dbf3996e,2025-10-25T17:32:16.335Z,2025-10-25T17:32:16.335Z,2025-10-25T17:32:16.335Z,1.0,active
36fcd78f-9b1f-4a38-9ac8-a74798daffd5,e911dbf3996e,NN Group,2024,,Total,General,Unspecified,22.9,tonnes CO2e,0.80,high,statement_extraction,nn-group_Annual_Report_2024_1761270844314.pdf,e911dbf3996e,2025-10-25T17:32:16.335Z,2025-10-25T17:32:16.335Z,2025-10-25T17:32:16.335Z,1.0,active
5a2d3cac-d539-4e80-8f0e-76c2a95ccccd,e911dbf3996e,NN Group,2025,,Total,General,Unspecified,200844,tonnes CO2e,0.65,medium,statement_extraction,nn-group_Annual_Report_2024_1761270844314.pdf,e911dbf3996e,2025-10-25T17:32:16.335Z,2025-10-25T17:32:16.335Z,2025-10-25T17:32:16.335Z,1.0,active
43ec82b2-1bb1-4e1c-905b-5e9fef1460a0,e911dbf3996e,NN Group,2025,,Total,General,Unspecified,8.5,tonnes CO2e,0.65,medium,statement_extraction,nn-group_Annual_Report_2024_1761270844314.pdf,e911dbf3996e,2025-10-25T17:32:16.335Z,2025-10-25T17:32:16.335Z,2025-10-25T17:32:16.335Z,1.0,active
1461aad7-2401-4d6c-bd69-5718d68ff5cd,e911dbf3996e,NN Group,2025,,Total,General,Unspecified,100,tonnes CO2e,0.65,medium,statement_extraction,nn-group_Annual_Report_2024_1761270844314.pdf,e911dbf3996e,2025-10-25T17:32:16.335Z,2025-10-25T17:32:16.335Z,2025-10-25T17:32:16.335Z,1.0,active
769da777-0890-483c-976e-b78a1326f15a,e911dbf3996e,NN Group,2030,1,Total,General,Unspecified,2035,tonnes CO2e,0.80,high,statement_extraction,nn-group_Annual_Report_2024_1761270844314.pdf,e911dbf3996e,2025-10-25T17:32:16.335Z,2025-10-25T17:32:16.335Z,2025-10-25T17:32:16.335Z,1.0,active
1cf7efea-698b-4338-8060-a60a71674e14,e911dbf3996e,NN Group,2025,,Total,General,Unspecified,16439100,tonnes CO2e,0.65,medium,statement_extraction,nn-group_Annual_Report_2024_1761270844314.pdf,e911dbf3996e,2025-10-25T17:32:16.335Z,2025-10-25T17:32:16.335Z,2025-10-25T17:32:16.335Z,1.0,active
0d86afd0-cd9a-4e92-9c55-eb233902fb1c,e911dbf3996e,NN Group,2025,,Total,General,Unspecified,16400100,tonnes CO2e,0.65,medium,statement_extraction,nn-group_Annual_Report_2024_1761270844314.pdf,e911dbf3996e,2025-10-25T17:32:16.335Z,2025-10-25T17:32:16.335Z,2025-10-25T17:32:16.335Z,1.0,active
32545e88-fead-4937-b8ce-6954f5e1f9a5,e911dbf3996e,NN Group,2025,,Total,General,Unspecified,91,tonnes CO2e,0.65,medium,statement_extraction,nn-group_Annual_Report_2024_1761270844314.pdf,e911dbf3996e,2025-10-25T17:32:16.335Z,2025-10-25T17:32:16.335Z,2025-10-25T17:32:16.335Z,1.0,active
2cec7996-325b-4ee9-a71b-fec4f43436e2,e911dbf3996e,NN Group,2025,,Total,General,Unspecified,16654100,tonnes CO2e,0.65,medium,statement_extraction,nn-group_Annual_Report_2024_1761270844314.pdf,e911dbf3996e,2025-10-25T17:32:16.335Z,2025-10-25T17:32:16.335Z,2025-10-25T17:32:16.335Z,1.0,active
13376f02-0a9b-478f-b6e1-943acd9e167d,e911dbf3996e,NN Group,2025,,Total,General,Unspecified,182100,tonnes CO2e,0.65,medium,statement_extraction,nn-group_Annual_Report_2024_1761270844314.pdf,e911dbf3996e,2025-10-25T17:32:16.335Z,2025-10-25T17:32:16.335Z,2025-10-25T17:32:16.335Z,1.0,active
d798abe5-5537-4289-b1e3-eed3af005e7e,e911dbf3996e,NN Group,2024,,Total,General,Unspecified,364904,tonnes CO2e,0.80,high,statement_extraction,nn-group_Annual_Report_2024_1761270844314.pdf,e911dbf3996e,2025-10-25T17:32:16.335Z,2025-10-25T17:32:16.335Z,2025-10-25T17:32:16.335Z,1.0,active
eb0cd25d-7ae8-45e5-8147-17152f236b6e,e911dbf3996e,NN Group,2025,,Scope 1,General,Unspecified,55,tonnes CO2e,0.75,high,statement_extraction,nn-group_Annual_Report_2024_1761270844314.pdf,e911dbf3996e,2025-10-25T17:32:16.335Z,2025-10-25T17:32:16.335Z,2025-10-25T17:32:16.335Z,1.0,active
b1657a7e-ec2c-442a-9030-faf8f44c615b,e911dbf3996e,NN Group,2025,,Total,Direct Emissions,Direct Emissions,47,tonnes CO2e,0.75,high,statement_extraction,nn-group_Annual_Report_2024_1761270844314.pdf,e911dbf3996e,2025-10-25T17:32:16.335Z,2025-10-25T17:32:16.335Z,2025-10-25T17:32:16.335Z,1.0,active
39a1c37a-8f0e-463a-8db8-95bb3a1d49cb,e911dbf3996e,NN Group,2025,,Total,General,Unspecified,2967,tonnes CO2e,0.65,medium,statement_extraction,nn-group_Annual_Report_2024_1761270844314.pdf,e911dbf3996e,2025-10-25T17:32:16.335Z,2025-10-25T17:32:16.335Z,2025-10-25T17:32:16.335Z,1.0,active
ba17c223-5326-4eb5-932b-d99a61bb5eba,e911dbf3996e,NN Group,2025,,Total,Direct Emissions,Direct Emissions,34,tonnes CO2e,0.75,high,statement_extraction,nn-group_Annual_Report_2024_1761270844314.pdf,e911dbf3996e,2025-10-25T17:32:16.335Z,2025-10-25T17:32:16.335Z,2025-10-25T17:32:16.335Z,1.0,active
cffe7499-3e88-44e5-93df-325c3e3f4cc1,e911dbf3996e,NN Group,2025,,Total,General,Unspecified,1,tonnes CO2e,0.65,medium,statement_extraction,nn-group_Annual_Report_2024_1761270844314.pdf,e911dbf3996e,2025-10-25T17:32:16.335Z,2025-10-25T17:32:16.335Z,2025-10-25T17:32:16.335Z,1.0,active
adfda756-fad0-4fd2-9ac1-4b78a45e86a9,e911dbf3996e,NN Group,2025,,Total,General,Unspecified,312,tonnes CO2e,0.65,medium,statement_extraction,nn-group_Annual_Report_2024_1761270844314.pdf,e911dbf3996e,2025-10-25T17:32:16.335Z,2025-10-25T17:32:16.335Z,2025-10-25T17:32:16.335Z,1.0,active
a116a8e6-96e6-406d-b905-a35186fc8e38,e911dbf3996e,NN Group,2025,,Total,General,Unspecified,1496,tonnes CO2e,0.65,medium,statement_extraction,nn-group_Annual_Report_2024_1761270844314.pdf,e911dbf3996e,2025-10-25T17:32:16.335Z,2025-10-25T17:32:16.335Z,2025-10-25T17:32:16.335Z,1.0,active
10c0e49b-8fd8-4087-8581-f26bccd14453,e911dbf3996e,NN Group,2024,,Total,General,Unspecified,529,tonnes CO2e,0.80,high,statement_extraction,nn-group_Annual_Report_2024_1761270844314.pdf,e911dbf3996e,2025-10-25T17:32:16.335Z,2025-10-25T17:32:16.335Z,2025-10-25T17:32:16.335Z,1.0,active
1a92c8ae-155d-4f10-932e-56611f428f95,e911dbf3996e,NN Group,2023,,Total,General,Unspecified,632,tonnes CO2e,0.80,high,statement_extraction,nn-group_Annual_Report_2024_1761270844314.pdf,e911dbf3996e,2025-10-25T17:32:16.335Z,2025-10-25T17:32:16.335Z,2025-10-25T17:32:16.335Z,1.0,active
925ab8bb-ef92-4491-aef9-b08c65a78d33,e911dbf3996e,NN Group,2023,,Total,General,Unspecified,1.12,tonnes CO2e,0.80,high,statement_extraction,nn-group_Annual_Report_2024_1761270844314.pdf,e911dbf3996e,2025-10-25T17:32:16.335Z,2025-10-25T17:32:16.335Z,2025-10-25T17:32:16.335Z,1.0,active
6319f370-67c1-4008-9354-ef85b7f5d73c,e911dbf3996e,NN Group,2023,,Total,General,Unspecified,3.2,tonnes CO2e,0.80,high,statement_extraction,nn-group_Annual_Report_2024_1761270844314.pdf,e911dbf3996e,2025-10-25T17:32:16.335Z,2025-10-25T17:32:16.335Z,2025-10-25T17:32:16.335Z,1.0,active
5e041e47-2ade-46e0-9fc6-d4199c2d471a,e911dbf3996e,NN Group,2024,,Total,General,Unspecified,3,tonnes CO2e,0.80,high,statement_extraction,nn-group_Annual_Report_2024_1761270844314.pdf,e911dbf3996e,2025-10-25T17:32:16.335Z,2025-10-25T17:32:16.335Z,2025-10-25T17:32:16.335Z,1.0,active
867ee3c3-1d15-49d5-a617-59dfaf43b88f,e911dbf3996e,NN Group,2025,,Total,General,Unspecified,1082574,tonnes CO2e,0.65,medium,statement_extraction,nn-group_Annual_Report_2024_1761270844314.pdf,e911dbf3996e,2025-10-25T17:32:16.335Z,2025-10-25T17:32:16.335Z,2025-10-25T17:32:16.335Z,1.0,active
035ad3f7-f384-4512-8fb1-c177050d1148,e911dbf3996e,NN Group,2025,,Total,General,Unspecified,1182528,tonnes CO2e,0.65,medium,statement_extraction,nn-group_Annual_Report_2024_1761270844314.pdf,e911dbf3996e,2025-10-25T17:32:16.335Z,2025-10-25T17:32:16.335Z,2025-10-25T17:32:16.335Z,1.0,active
86c82aa4-a9c5-4613-9bff-53af20dc1790,e911dbf3996e,NN Group,2023,,Total,General,Unspecified,24,tonnes CO2e,0.80,high,statement_extraction,nn-group_Annual_Report_2024_1761270844314.pdf,e911dbf3996e,2025-10-25T17:32:16.335Z,2025-10-25T17:32:16.335Z,2025-10-25T17:32:16.335Z,1.0,active
e92a870c-7d86-4c11-9307-7b2e7f304b75,e911dbf3996e,NN Group,2025,,Total,General,Unspecified,147245,tonnes CO2e,0.65,medium,statement_extraction,nn-group_Annual_Report_2024_1761270844314.pdf,e911dbf3996e,2025-10-25T17:32:16.335Z,2025-10-25T17:32:16.335Z,2025-10-25T17:32:16.335Z,1.0,active
c0e545dd-6b8a-4387-b193-d3bea8a8e401,e911dbf3996e,NN Group,2025,,Total,General,Unspecified,13263,tonnes CO2e,0.65,medium,statement_extraction,nn-group_Annual_Report_2024_1761270844314.pdf,e911dbf3996e,2025-10-25T17:32:16.335Z,2025-10-25T17:32:16.335Z,2025-10-25T17:32:16.335Z,1.0,active
41deaa5e-a521-4e85-b892-ee7d0bd75562,e911dbf3996e,NN Group,2025,,Total,General,Unspecified,354751,tonnes CO2e,0.65,medium,statement_extraction,nn-group_Annual_Report_2024_1761270844314.pdf,e911dbf3996e,2025-10-25T17:32:16.335Z,2025-10-25T17:32:16.335Z,2025-10-25T17:32:16.335Z,1.0,active
06089864-a214-488e-b856-811b1de70337,e911dbf3996e,NN Group,2025,,Total,General,Unspecified,5207173,tonnes CO2e,0.65,medium,statement_extraction,nn-group_Annual_Report_2024_1761270844314.pdf,e911dbf3996e,2025-10-25T17:32:16.335Z,2025-10-25T17:32:16.335Z,2025-10-25T17:32:16.335Z,1.0,active
c70e2539-d440-4653-92fd-5db53651cc7c,e911dbf3996e,NN Group,2024,,Total,General,Unspecified,166511,tonnes CO2e,0.80,high,statement_extraction,nn-group_Annual_Report_2024_1761270844314.pdf,e911dbf3996e,2025-10-25T17:32:16.335Z,2025-10-25T17:32:16.335Z,2025-10-25T17:32:16.335Z,1.0,active
259e27c7-4f84-4233-baba-57295867f688,e911dbf3996e,NN Group,2023,,Total,General,Unspecified,160574,tonnes CO2e,0.80,high,statement_extraction,nn-group_Annual_Report_2024_1761270844314.pdf,e911dbf3996e,2025-10-25T17:32:16.335Z,2025-10-25T17:32:16.335Z,2025-10-25T17:32:16.335Z,1.0,active
c8767093-58e7-4046-a201-ceb39773fb7f,e911dbf3996e,NN Group,2025,,Total,General,Unspecified,362100,tonnes CO2e,0.65,medium,statement_extraction,nn-group_Annual_Report_2024_1761270844314.pdf,e911dbf3996e,2025-10-25T17:32:16.335Z,2025-10-25T17:32:16.335Z,2025-10-25T17:32:16.335Z,1.0,active
0b99589a-4202-47ab-9559-f7821f891299,e911dbf3996e,NN Group,2023,,Total,General,Unspecified,161.4,tonnes CO2e,0.80,high,statement_extraction,nn-group_Annual_Report_2024_1761270844314.pdf,e911dbf3996e,2025-10-25T17:32:16.335Z,2025-10-25T17:32:16.335Z,2025-10-25T17:32:16.335Z,1.0,active
76e7e1a1-f4e5-4084-90a2-e82fbf73b077,e911dbf3996e,NN Group,2024,,Total,General,Unspecified,3030,tonnes CO2e,0.80,high,statement_extraction,nn-group_Annual_Report_2024_1761270844314.pdf,e911dbf3996e,2025-10-25T17:32:16.335Z,2025-10-25T17:32:16.335Z,2025-10-25T17:32:16.335Z,1.0,active
2e8ec225-39f8-4e1c-a4c6-a3d41f021cb0,e911dbf3996e,NN Group,2023,,Total,General,Unspecified,3030,tonnes CO2e,0.80,high,statement_extraction,nn-group_Annual_Report_2024_1761270844314.pdf,e911dbf3996e,2025-10-25T17:32:16.335Z,2025-10-25T17:32:16.335Z,2025-10-25T17:32:16.335Z,1.0,active
0a6f9e7b-bf18-4d37-beb9-1a349a007412,e911dbf3996e,NN Group,2025,,Total,General,Unspecified,19,tonnes CO2e,0.65,medium,statement_extraction,nn-group_Annual_Report_2024_1761270844314.pdf,e911dbf3996e,2025-10-25T17:32:16.335Z,2025-10-25T17:32:16.335Z,2025-10-25T17:32:16.335Z,1.0,active
5df34314-b4b4-409f-aa7b-2a5e71c6c7c0,e911dbf3996e,NN Group,2025,,Total,General,Unspecified,3.7,tonnes CO2e,0.65,medium,statement_extraction,nn-group_Annual_Report_2024_1761270844314.pdf,e911dbf3996e,2025-10-25T17:32:16.335Z,2025-10-25T17:32:16.335Z,2025-10-25T17:32:16.335Z,1.0,active
fc2fbe2e-3a75-4de5-aaa4-eaca64fd3b67,e911dbf3996e,NN Group,2023,,Total,General,Unspecified,8554,tonnes CO2e,0.80,high,statement_extraction,nn-group_Annual_Report_2024_1761270844314.pdf,e911dbf3996e,2025-10-25T17:32:16.335Z,2025-10-25T17:32:16.335Z,2025-10-25T17:32:16.335Z,1.0,active
e1cd94d2-5664-4c4a-8d28-655976b38275,e911dbf3996e,NN Group,2025,,Total,General,Unspecified,8,tonnes CO2e,0.65,medium,statement_extraction,nn-group_Annual_Report_2024_1761270844314.pdf,e911dbf3996e,2025-10-25T17:32:16.335Z,2025-10-25T17:32:16.335Z,2025-10-25T17:32:16.335Z,1.0,active
5ef33b3e-649d-4cd2-beaf-cfc6fdd5a954,e911dbf3996e,NN Group,2024,,Total,General,Unspecified,347,tonnes CO2e,0.80,high,statement_extraction,nn-group_Annual_Report_2024_1761270844314.pdf,e911dbf3996e,2025-10-25T17:32:16.335Z,2025-10-25T17:32:16.335Z,2025-10-25T17:32:16.335Z,1.0,active
4b2a7e4d-c82d-4fef-9770-c1c6b5765b03,e911dbf3996e,NN Group,2024,,Total,General,Unspecified,1.28,tonnes CO2e,0.80,high,statement_extraction,nn-group_Annual_Report_2024_1761270844314.pdf,e911dbf3996e,2025-10-25T17:32:16.335Z,2025-10-25T17:32:16.335Z,2025-10-25T17:32:16.335Z,1.0,active
e82c00ac-ea7b-40a5-b0af-79f54fd4f9bf,e911dbf3996e,NN Group,2025,,Total,General,Unspecified,30,tonnes CO2e,0.65,medium,statement_extraction,nn-group_Annual_Report_2024_1761270844314.pdf,e911dbf3996e,2025-10-25T17:32:16.335Z,2025-10-25T17:32:16.335Z,2025-10-25T17:32:16.335Z,1.0,active
14e2aca2-ec67-4beb-85c3-d8e5f2680584,e911dbf3996e,NN Group,2024,,Total,General,Unspecified,532,tonnes CO2e,0.80,high,statement_extraction,nn-group_Annual_Report_2024_1761270844314.pdf,e911dbf3996e,2025-10-25T17:32:16.335Z,2025-10-25T17:32:16.335Z,2025-10-25T17:32:16.335Z,1.0,active
34452c31-cd6d-4d97-8995-f9a1711d4cc1,e911dbf3996e,NN Group,2025,,Total,General,Unspecified,1952675,tonnes CO2e,0.80,high,statement_extraction,nn-group_Annual_Report_2024_1761270844314.pdf,e911dbf3996e,2025-10-25T17:32:16.335Z,2025-10-25T17:32:16.335Z,2025-10-25T17:32:16.335Z,1.0,active
fb18962a-eb30-4422-bf82-38a7f27d30f4,e911dbf3996e,NN Group,2025,,Total,Direct Emissions,Direct Emissions,105,tonnes CO2e,0.75,high,statement_extraction,nn-group_Annual_Report_2024_1761270844314.pdf,e911dbf3996e,2025-10-25T17:32:16.335Z,2025-10-25T17:32:16.335Z,2025-10-25T17:32:16.335Z,1.0,active
cc455eea-6f81-400e-9d5d-ec73bd76f991,e911dbf3996e,NN Group,2025,,Total,General,Unspecified,88,tonnes CO2e,0.65,medium,statement_extraction,nn-group_Annual_Report_2024_1761270844314.pdf,e911dbf3996e,2025-10-25T17:32:16.335Z,2025-10-25T17:32:16.335Z,2025-10-25T17:32:16.335Z,1.0,active
1b3f0348-2734-4d89-bf13-c22014797321,e911dbf3996e,NN Group,2024,,Total,General,Unspecified,72,tonnes CO2e,0.80,high,statement_extraction,nn-group_Annual_Report_2024_1761270844314.pdf,e911dbf3996e,2025-10-25T17:32:16.335Z,2025-10-25T17:32:16.335Z,2025-10-25T17:32:16.335Z,1.0,active
0ea46115-eb2c-42a9-8636-a9f7a7007dee,e911dbf3996e,NN Group,2025,,Scope 1,General,Unspecified,6.3,kt CO2e,0.75,high,statement_extraction,nn-group_Annual_Report_2024_1761270844314.pdf,e911dbf3996e,2025-10-25T17:32:16.335Z,2025-10-25T17:32:16.335Z,2025-10-25T17:32:16.335Z,1.0,active
d72c834e-2fd0-490e-988a-7a275009f510,e911dbf3996e,NN Group,2025,,Scope 3,Transportation,Business Travel & Logistics,3.6,kt CO2e,0.85,high,statement_extraction,nn-group_Annual_Report_2024_1761270844314.pdf,e911dbf3996e,2025-10-25T17:32:16.335Z,2025-10-25T17:32:16.335Z,2025-10-25T17:32:16.335Z,1.0,active
fe93406a-339d-4c95-b6f6-b9576594a585,e911dbf3996e,NN Group,2024,,Total,General,Unspecified,154,tonnes CO2e,0.80,high,statement_extraction,nn-group_Annual_Report_2024_1761270844314.pdf,e911dbf3996e,2025-10-25T17:32:16.335Z,2025-10-25T17:32:16.335Z,2025-10-25T17:32:16.335Z,1.0,active
9dd61414-ebf3-4536-b2d8-9192eb186828,e911dbf3996e,NN Group,2030,1,Total,General,Unspecified,6,tonnes CO2e,0.80,high,statement_extraction,nn-group_Annual_Report_2024_1761270844314.pdf,e911dbf3996e,2025-10-25T17:32:16.335Z,2025-10-25T17:32:16.335Z,2025-10-25T17:32:16.335Z,1.0,active
191a244a-0fe9-4419-a305-81d05c2f7d50,e911dbf3996e,NN Group,2019,,Scope 2,Purchased Goods,Purchased Goods,3,tonnes CO2e,1.00,high,statement_extraction,nn-group_Annual_Report_2024_1761270844314.pdf,e911dbf3996e,2025-10-25T17:32:16.335Z,2025-10-25T17:32:16.335Z,2025-10-25T17:32:16.335Z,1.0,active
ea4d833b-fc0c-4535-bfd6-a99534b4e9e5,e911dbf3996e,NN Group,2025,,Scope 1,Energy,Fossil Fuel Combustion,3,tonnes CO2e,0.85,high,statement_extraction,nn-group_Annual_Report_2024_1761270844314.pdf,e911dbf3996e,2025-10-25T17:32:16.335Z,2025-10-25T17:32:16.335Z,2025-10-25T17:32:16.335Z,1.0,active
247d3f31-7d74-4ed4-9938-cd81db210dde,e911dbf3996e,NN Group,2025,,Scope 1,Direct Emissions,Direct Operations,3,tonnes CO2e,0.85,high,statement_extraction,nn-group_Annual_Report_2024_1761270844314.pdf,e911dbf3996e,2025-10-25T17:32:16.335Z,2025-10-25T17:32:16.335Z,2025-10-25T17:32:16.335Z,1.0,active
64378dd4-a6bb-4ba7-af53-35943445e79d,e911dbf3996e,NN Group,2025,,Total,General,Unspecified,15,tonnes CO2e,0.65,medium,statement_extraction,nn-group_Annual_Report_2024_1761270844314.pdf,e911dbf3996e,2025-10-25T17:32:16.335Z,2025-10-25T17:32:16.335Z,2025-10-25T17:32:16.335Z,1.0,active
d351abc0-f1b6-4da2-9285-1f8aaa16a980,e911dbf3996e,NN Group,2025,,Total,Energy,Energy,1471,tonnes CO2e,0.75,high,statement_extraction,nn-group_Annual_Report_2024_1761270844314.pdf,e911dbf3996e,2025-10-25T17:32:16.335Z,2025-10-25T17:32:16.335Z,2025-10-25T17:32:16.335Z,1.0,active
c836a1a7-f547-4024-8005-650df5231400,e911dbf3996e,NN Group,2021,,Total,General,Unspecified,125,tonnes CO2e,0.80,high,statement_extraction,nn-group_Annual_Report_2024_1761270844314.pdf,e911dbf3996e,2025-10-25T17:32:16.335Z,2025-10-25T17:32:16.335Z,2025-10-25T17:32:16.335Z,1.0,active
d205005d-5a83-44ef-ba0a-430b5310a2a9,e911dbf3996e,NN Group,2024,,Total,General,Unspecified,86,tonnes CO2e,0.80,high,statement_extraction,nn-group_Annual_Report_2024_1761270844314.pdf,e911dbf3996e,2025-10-25T17:32:16.335Z,2025-10-25T17:32:16.335Z,2025-10-25T17:32:16.335Z,1.0,active
3b19d09b-9c1a-4365-a6fa-ef7048859f5c,e911dbf3996e,NN Group,2019,,Scope 1,General,Unspecified,25,tonnes CO2e,0.90,high,statement_extraction,nn-group_Annual_Report_2024_1761270844314.pdf,e911dbf3996e,2025-10-25T17:32:16.335Z,2025-10-25T17:32:16.335Z,2025-10-25T17:32:16.335Z,1.0,active
445d9189-b87a-49c3-9c68-de64adf20c4d,e911dbf3996e,NN Group,2019,,Scope 1,Transportation,Company Vehicles,2019,tonnes CO2e,1.00,high,statement_extraction,nn-group_Annual_Report_2024_1761270844314.pdf,e911dbf3996e,2025-10-25T17:32:16.335Z,2025-10-25T17:32:16.335Z,2025-10-25T17:32:16.335Z,1.0,active
41f7f5c7-fd76-4282-86e1-43b150d243ba,e911dbf3996e,NN Group,2024,,Scope 1,General,Unspecified,1785,tonnes CO2e,0.90,high,statement_extraction,nn-group_Annual_Report_2024_1761270844314.pdf,e911dbf3996e,2025-10-25T17:32:16.335Z,2025-10-25T17:32:16.335Z,2025-10-25T17:32:16.335Z,1.0,active
50052970-7d2c-41d3-b5cd-6cdcbbedf259,e911dbf3996e,NN Group,2019,,Scope 1,General,Unspecified,2019,tonnes CO2e,0.90,high,statement_extraction,nn-group_Annual_Report_2024_1761270844314.pdf,e911dbf3996e,2025-10-25T17:32:16.335Z,2025-10-25T17:32:16.335Z,2025-10-25T17:32:16.335Z,1.0,active
8190aed2-3172-4f15-a637-82be109d9da2,e911dbf3996e,NN Group,2019,,Scope 1,General,Unspecified,2,tonnes CO2e,0.90,high,statement_extraction,nn-group_Annual_Report_2024_1761270844314.pdf,e911dbf3996e,2025-10-25T17:32:16.335Z,2025-10-25T17:32:16.335Z,2025-10-25T17:32:16.335Z,1.0,active
d7a9facb-966b-48ff-9b51-4ae422f36e75,e911dbf3996e,NN Group,2030,1,Scope 1,General,Unspecified,25,tonnes CO2e,0.90,high,statement_extraction,nn-group_Annual_Report_2024_1761270844314.pdf,e911dbf3996e,2025-10-25T17:32:16.335Z,2025-10-25T17:32:16.335Z,2025-10-25T17:32:16.335Z,1.0,active
6f854fe2-e695-4d32-b288-833fa837eb8d,e911dbf3996e,NN Group,2024,,Scope 1,Transportation,Company Vehicles,6.3,tonnes CO2e,1.00,high,statement_extraction,nn-group_Annual_Report_2024_1761270844314.pdf,e911dbf3996e,2025-10-25T17:32:16.335Z,2025-10-25T17:32:16.335Z,2025-10-25T17:32:16.335Z,1.0,active
52102f97-5ef5-46d6-87f3-93f75489e01a,e911dbf3996e,NN Group,2019,,Scope 1,Energy,Fossil Fuel Combustion,12141183,tonnes CO2e,1.00,high,statement_extraction,nn-group_Annual_Report_2024_1761270844314.pdf,e911dbf3996e,2025-10-25T17:32:16.335Z,2025-10-25T17:32:16.335Z,2025-10-25T17:32:16.335Z,1.0,active
362758e5-bb63-4e97-886f-05c1660c0f9e,e911dbf3996e,NN Group,2019,,Scope 2,General,Unspecified,2019,tonnes CO2e,0.90,high,statement_extraction,nn-group_Annual_Report_2024_1761270844314.pdf,e911dbf3996e,2025-10-25T17:32:16.335Z,2025-10-25T17:32:16.335Z,2025-10-25T17:32:16.335Z,1.0,active
b9bc5df5-056f-412e-ada5-4fec451d33cb,e911dbf3996e,NN Group,2024,,Scope 2,Transportation,Transportation,6.3,tonnes CO2e,1.00,high,statement_extraction,nn-group_Annual_Report_2024_1761270844314.pdf,e911dbf3996e,2025-10-25T17:32:16.335Z,2025-10-25T17:32:16.335Z,2025-10-25T17:32:16.335Z,1.0,active
a9152ba1-6124-49f3-a56e-56ffe4d0611f,e911dbf3996e,NN Group,2019,,Scope 2,Energy,Purchased Electricity,12141183,tonnes CO2e,1.00,high,statement_extraction,nn-group_Annual_Report_2024_1761270844314.pdf,e911dbf3996e,2025-10-25T17:32:16.335Z,2025-10-25T17:32:16.335Z,2025-10-25T17:32:16.335Z,1.0,active
4598b27f-f0f1-4c3f-baa4-7342b9e1a924,e911dbf3996e,NN Group,2030,1,Scope 3,Transportation,Business Travel & Logistics,25,tonnes CO2e,1.00,high,statement_extraction,nn-group_Annual_Report_2024_1761270844314.pdf,e911dbf3996e,2025-10-25T17:32:16.335Z,2025-10-25T17:32:16.335Z,2025-10-25T17:32:16.335Z,1.0,active
6983b20c-951f-4733-8e44-8ce55abfa883,e911dbf3996e,NN Group,2030,1,Scope 3,Transportation,Business Travel & Logistics,50,tonnes CO2e,1.00,high,statement_extraction,nn-group_Annual_Report_2024_1761270844314.pdf,e911dbf3996e,2025-10-25T17:32:16.335Z,2025-10-25T17:32:16.335Z,2025-10-25T17:32:16.335Z,1.0,active
e9103662-8bd9-422c-a08a-c0721fdc17a6,e911dbf3996e,NN Group,2024,,Scope 3,Transportation,Business Travel & Logistics,3.6,tonnes CO2e,1.00,high,statement_extraction,nn-group_Annual_Report_2024_1761270844314.pdf,e911dbf3996e,2025-10-25T17:32:16.335Z,2025-10-25T17:32:16.335Z,2025-10-25T17:32:16.335Z,1.0,active
91629acb-dd08-4fc1-81ba-12c9d6760100,e911dbf3996e,NN Group,2019,,Scope 3,Energy,Energy-Related Activities,2019,tonnes CO2e,1.00,high,statement_extraction,nn-group_Annual_Report_2024_1761270844314.pdf,e911dbf3996e,2025-10-25T17:32:16.335Z,2025-10-25T17:32:16.335Z,2025-10-25T17:32:16.335Z,1.0,active
321eec20-9d26-495d-a6ea-4c90ddede9cb,ef61af49c937,Philips,2025,,Total,General,Unspecified,40,tonnes CO2e,0.65,medium,statement_extraction,PhilipsFullAnnualReport2024-English.pdf,ef61af49c937,2025-10-25T17:32:16.335Z,2025-10-25T17:32:16.335Z,2025-10-25T17:32:16.335Z,1.0,active
a8d4b96f-310b-4d24-9ebc-7ac5fe0d392b,ef61af49c937,Philips,2024,,Total,General,Unspecified,691,tonnes CO2e,0.80,high,statement_extraction,PhilipsFullAnnualReport2024-English.pdf,ef61af49c937,2025-10-25T17:32:16.335Z,2025-10-25T17:32:16.335Z,2025-10-25T17:32:16.335Z,1.0,active
a5faf7ce-9025-4d14-bc01-fa9bce4c2715,ef61af49c937,Philips,2023,,Total,General,Unspecified,1162,tonnes CO2e,0.80,high,statement_extraction,PhilipsFullAnnualReport2024-English.pdf,ef61af49c937,2025-10-25T17:32:16.335Z,2025-10-25T17:32:16.335Z,2025-10-25T17:32:16.335Z,1.0,active
6619a815-a633-4596-869e-f3f6ea43d69f,ef61af49c937,Philips,2023,,Total,General,Unspecified,53,tonnes CO2e,0.80,high,statement_extraction,PhilipsFullAnnualReport2024-English.pdf,ef61af49c937,2025-10-25T17:32:16.335Z,2025-10-25T17:32:16.335Z,2025-10-25T17:32:16.335Z,1.0,active
d4b35d76-44de-4e86-98a3-fa37daaeb3a2,ef61af49c937,Philips,2024,,Total,General,Unspecified,7689,tonnes CO2e,0.80,high,statement_extraction,PhilipsFullAnnualReport2024-English.pdf,ef61af49c937,2025-10-25T17:32:16.335Z,2025-10-25T17:32:16.335Z,2025-10-25T17:32:16.335Z,1.0,active
878f9b99-4bb1-4e10-8c9e-4258a85cb885,ef61af49c937,Philips,2023,,Total,General,Unspecified,50,tonnes CO2e,0.80,high,statement_extraction,PhilipsFullAnnualReport2024-English.pdf,ef61af49c937,2025-10-25T17:32:16.335Z,2025-10-25T17:32:16.335Z,2025-10-25T17:32:16.335Z,1.0,active
f4651295-d3ac-469f-b233-5da8279f6baa,ef61af49c937,Philips,2022,,Total,General,Unspecified,512,tonnes CO2e,0.80,high,statement_extraction,PhilipsFullAnnualReport2024-English.pdf,ef61af49c937,2025-10-25T17:32:16.335Z,2025-10-25T17:32:16.335Z,2025-10-25T17:32:16.335Z,1.0,active
9da36e6a-807b-49c5-b6c8-112a492ffbe0,ef61af49c937,Philips,2024,,Total,General,Unspecified,93,tonnes CO2e,0.80,high,statement_extraction,PhilipsFullAnnualReport2024-English.pdf,ef61af49c937,2025-10-25T17:32:16.335Z,2025-10-25T17:32:16.335Z,2025-10-25T17:32:16.335Z,1.0,active
1bf81fbe-be2f-494e-8e80-15ea9720f623,ef61af49c937,Philips,2024,,Total,General,Unspecified,700,tonnes CO2e,0.80,high,statement_extraction,PhilipsFullAnnualReport2024-English.pdf,ef61af49c937,2025-10-25T17:32:16.335Z,2025-10-25T17:32:16.335Z,2025-10-25T17:32:16.335Z,1.0,active
77b6f647-55fd-49e4-9ee4-a66298192d58,ef61af49c937,Philips,2025,,Total,General,Unspecified,50,tonnes CO2e,0.65,medium,statement_extraction,PhilipsFullAnnualReport2024-English.pdf,ef61af49c937,2025-10-25T17:32:16.335Z,2025-10-25T17:32:16.335Z,2025-10-25T17:32:16.335Z,1.0,active
fad8ff24-36ec-404e-9d3d-34c755a35c07,ef61af49c937,Philips,2024,,Total,Direct Emissions,Direct Emissions,7,tonnes CO2e,0.90,high,statement_extraction,PhilipsFullAnnualReport2024-English.pdf,ef61af49c937,2025-10-25T17:32:16.335Z,2025-10-25T17:32:16.335Z,2025-10-25T17:32:16.335Z,1.0,active
0d18d390-939e-4612-9201-12edb45d552d,ef61af49c937,Philips,2025,,Total,General,Unspecified,45,tonnes CO2e,0.65,medium,statement_extraction,PhilipsFullAnnualReport2024-English.pdf,ef61af49c937,2025-10-25T17:32:16.335Z,2025-10-25T17:32:16.335Z,2025-10-25T17:32:16.335Z,1.0,active
2e29acf0-16a3-4b88-9b21-8af8d9b239bc,ef61af49c937,Philips,2020,,Scope 1,Transportation,Company Vehicles,3,tonnes CO2e,1.00,high,statement_extraction,PhilipsFullAnnualReport2024-English.pdf,ef61af49c937,2025-10-25T17:32:16.335Z,2025-10-25T17:32:16.335Z,2025-10-25T17:32:16.335Z,1.0,active
72645984-8208-4a26-bb4d-fc353d2e2197,ef61af49c937,Philips,2024,,Total,General,Unspecified,596769,tonnes CO2e,0.80,high,statement_extraction,PhilipsFullAnnualReport2024-English.pdf,ef61af49c937,2025-10-25T17:32:16.335Z,2025-10-25T17:32:16.335Z,2025-10-25T17:32:16.335Z,1.0,active
fced0b68-1cdb-4484-a679-48651eb505a2,ef61af49c937,Philips,2020,,Scope 3,Energy,Energy-Related Activities,3,tonnes CO2e,1.00,high,statement_extraction,PhilipsFullAnnualReport2024-English.pdf,ef61af49c937,2025-10-25T17:32:16.335Z,2025-10-25T17:32:16.335Z,2025-10-25T17:32:16.335Z,1.0,active
7b11db9b-7014-453d-9055-2f96379e59f8,ef61af49c937,Philips,2024,,Total,General,Unspecified,805,tonnes CO2e,0.80,high,statement_extraction,PhilipsFullAnnualReport2024-English.pdf,ef61af49c937,2025-10-25T17:32:16.335Z,2025-10-25T17:32:16.335Z,2025-10-25T17:32:16.335Z,1.0,active
c8c991b0-1bcc-4192-afa2-3923cc338516,ef61af49c937,Philips,2025,,Total,General,Unspecified,764,tonnes CO2e,0.65,medium,statement_extraction,PhilipsFullAnnualReport2024-English.pdf,ef61af49c937,2025-10-25T17:32:16.335Z,2025-10-25T17:32:16.335Z,2025-10-25T17:32:16.335Z,1.0,active
e8b31fed-a835-46c3-9e3b-8f8da73d0d86,ef61af49c937,Philips,2025,,Total,General,Unspecified,39.7,tonnes CO2e,0.65,medium,statement_extraction,PhilipsFullAnnualReport2024-English.pdf,ef61af49c937,2025-10-25T17:32:16.335Z,2025-10-25T17:32:16.335Z,2025-10-25T17:32:16.335Z,1.0,active
500d4c7b-c8d7-4bf7-9af0-bd1f56e2dd57,ef61af49c937,Philips,2025,,Total,General,Unspecified,1,tonnes CO2e,0.65,medium,statement_extraction,PhilipsFullAnnualReport2024-English.pdf,ef61af49c937,2025-10-25T17:32:16.335Z,2025-10-25T17:32:16.335Z,2025-10-25T17:32:16.335Z,1.0,active
9e8b89a8-edbc-4a9d-b7fd-a51f4cf59f68,ef61af49c937,Philips,2025,,Total,General,Unspecified,33,tonnes CO2e,0.65,medium,statement_extraction,PhilipsFullAnnualReport2024-English.pdf,ef61af49c937,2025-10-25T17:32:16.335Z,2025-10-25T17:32:16.335Z,2025-10-25T17:32:16.335Z,1.0,active
7b1c5a2a-3783-4c0e-a47b-740a30c67e72,ef61af49c937,Philips,2025,,Total,General,Unspecified,782,tonnes CO2e,0.65,medium,statement_extraction,PhilipsFullAnnualReport2024-English.pdf,ef61af49c937,2025-10-25T17:32:16.335Z,2025-10-25T17:32:16.335Z,2025-10-25T17:32:16.335Z,1.0,active
9dd213d1-5cb7-45b3-ad2d-a4e9379daaed,ef61af49c937,Philips,2025,,Total,General,Unspecified,1100,tonnes CO2e,0.65,medium,statement_extraction,PhilipsFullAnnualReport2024-English.pdf,ef61af49c937,2025-10-25T17:32:16.335Z,2025-10-25T17:32:16.335Z,2025-10-25T17:32:16.335Z,1.0,active
52e1221a-8045-4add-b831-11f788333f4d,ef61af49c937,Philips,2025,,Total,General,Unspecified,27633,tonnes CO2e,0.65,medium,statement_extraction,PhilipsFullAnnualReport2024-English.pdf,ef61af49c937,2025-10-25T17:32:16.335Z,2025-10-25T17:32:16.335Z,2025-10-25T17:32:16.335Z,1.0,active
3e27c74c-47e0-477a-a9b5-4809272211e7,ef61af49c937,Philips,2023,,Total,General,Unspecified,234,tonnes CO2e,0.80,high,statement_extraction,PhilipsFullAnnualReport2024-English.pdf,ef61af49c937,2025-10-25T17:32:16.335Z,2025-10-25T17:32:16.335Z,2025-10-25T17:32:16.335Z,1.0,active
28c15b9c-b03d-49ac-8782-42ca4f624960,ef61af49c937,Philips,2025,,Total,General,Unspecified,1019,tonnes CO2e,0.65,medium,statement_extraction,PhilipsFullAnnualReport2024-English.pdf,ef61af49c937,2025-10-25T17:32:16.335Z,2025-10-25T17:32:16.335Z,2025-10-25T17:32:16.335Z,1.0,active
d61fe550-80fe-4e3f-a1b0-6167c9955254,ef61af49c937,Philips,2023,,Total,General,Unspecified,31,tonnes CO2e,0.80,high,statement_extraction,PhilipsFullAnnualReport2024-English.pdf,ef61af49c937,2025-10-25T17:32:16.335Z,2025-10-25T17:32:16.335Z,2025-10-25T17:32:16.335Z,1.0,active
31fe2857-296e-4ce0-90f9-778b09424f45,ef61af49c937,Philips,2025,,Total,General,Unspecified,32,tonnes CO2e,0.65,medium,statement_extraction,PhilipsFullAnnualReport2024-English.pdf,ef61af49c937,2025-10-25T17:32:16.335Z,2025-10-25T17:32:16.335Z,2025-10-25T17:32:16.335Z,1.0,active
06f7aa49-b86d-4fcd-9249-4216bf64fa7b,ef61af49c937,Philips,2025,,Total,General,Unspecified,154,tonnes CO2e,0.65,medium,statement_extraction,PhilipsFullAnnualReport2024-English.pdf,ef61af49c937,2025-10-25T17:32:16.335Z,2025-10-25T17:32:16.335Z,2025-10-25T17:32:16.335Z,1.0,active
5cc261df-e3ec-4f9f-b306-31cf7c1fef16,ef61af49c937,Philips,2025,,Total,General,Unspecified,507,tonnes CO2e,0.65,medium,statement_extraction,PhilipsFullAnnualReport2024-English.pdf,ef61af49c937,2025-10-25T17:32:16.335Z,2025-10-25T17:32:16.335Z,2025-10-25T17:32:16.335Z,1.0,active
ab4a9fc1-8ed4-49ac-bc1a-65e8dd959553,ef61af49c937,Philips,2025,,Total,General,Unspecified,208,tonnes CO2e,0.65,medium,statement_extraction,PhilipsFullAnnualReport2024-English.pdf,ef61af49c937,2025-10-25T17:32:16.335Z,2025-10-25T17:32:16.335Z,2025-10-25T17:32:16.335Z,1.0,active
d25ca1b7-fc5b-4f3e-be4c-92a55f45d076,ef61af49c937,Philips,2025,,Total,General,Unspecified,335,tonnes CO2e,0.65,medium,statement_extraction,PhilipsFullAnnualReport2024-English.pdf,ef61af49c937,2025-10-25T17:32:16.335Z,2025-10-25T17:32:16.335Z,2025-10-25T17:32:16.335Z,1.0,active
fc1c435d-4fd0-461b-a9ee-67baf0bff27d,ef61af49c937,Philips,2023,,Total,General,Unspecified,500,tonnes CO2e,0.80,high,statement_extraction,PhilipsFullAnnualReport2024-English.pdf,ef61af49c937,2025-10-25T17:32:16.335Z,2025-10-25T17:32:16.335Z,2025-10-25T17:32:16.335Z,1.0,active
e54b0d11-ecd2-41b9-a431-6843d276c389,ef61af49c937,Philips,2025,,Total,General,Unspecified,411,tonnes CO2e,0.65,medium,statement_extraction,PhilipsFullAnnualReport2024-English.pdf,ef61af49c937,2025-10-25T17:32:16.335Z,2025-10-25T17:32:16.335Z,2025-10-25T17:32:16.335Z,1.0,active
cf576389-40b6-450c-bcd0-4b1b3f30673d,ef61af49c937,Philips,2024,,Total,General,Unspecified,3.1,tonnes CO2e,0.80,high,statement_extraction,PhilipsFullAnnualReport2024-English.pdf,ef61af49c937,2025-10-25T17:32:16.335Z,2025-10-25T17:32:16.335Z,2025-10-25T17:32:16.335Z,1.0,active
c69e18cf-99d2-4751-b931-1dc63b171213,ef61af49c937,Philips,2023,,Total,General,Unspecified,4.3,tonnes CO2e,0.80,high,statement_extraction,PhilipsFullAnnualReport2024-English.pdf,ef61af49c937,2025-10-25T17:32:16.335Z,2025-10-25T17:32:16.335Z,2025-10-25T17:32:16.335Z,1.0,active
d2b73d79-3290-4ca8-9553-6c9d111d05d3,ef61af49c937,Philips,2021,,Total,General,Unspecified,31,tonnes CO2e,0.80,high,statement_extraction,PhilipsFullAnnualReport2024-English.pdf,ef61af49c937,2025-10-25T17:32:16.335Z,2025-10-25T17:32:16.335Z,2025-10-25T17:32:16.335Z,1.0,active
d30d1322-98e7-4fed-a3f4-4c06c60a4f7c,ef61af49c937,Philips,2024,,Total,General,Unspecified,0.85,tonnes CO2e,0.80,high,statement_extraction,PhilipsFullAnnualReport2024-English.pdf,ef61af49c937,2025-10-25T17:32:16.335Z,2025-10-25T17:32:16.335Z,2025-10-25T17:32:16.335Z,1.0,active
f685a173-a73a-4986-8926-a75e480cbcdc,ef61af49c937,Philips,2023,,Total,General,Unspecified,0.85,tonnes CO2e,0.80,high,statement_extraction,PhilipsFullAnnualReport2024-English.pdf,ef61af49c937,2025-10-25T17:32:16.335Z,2025-10-25T17:32:16.335Z,2025-10-25T17:32:16.335Z,1.0,active
4ad9807b-3b97-49c8-a1af-9b7223a6195f,ef61af49c937,Philips,2022,,Total,General,Unspecified,0.85,tonnes CO2e,0.80,high,statement_extraction,PhilipsFullAnnualReport2024-English.pdf,ef61af49c937,2025-10-25T17:32:16.335Z,2025-10-25T17:32:16.335Z,2025-10-25T17:32:16.335Z,1.0,active
91f305a5-4141-4440-8f00-c80a943a34ca,ef61af49c937,Philips,2023,,Total,General,Unspecified,138,tonnes CO2e,0.80,high,statement_extraction,PhilipsFullAnnualReport2024-English.pdf,ef61af49c937,2025-10-25T17:32:16.335Z,2025-10-25T17:32:16.335Z,2025-10-25T17:32:16.335Z,1.0,active
cde32ae8-90e8-4477-b21f-532c09ae2e76,ef61af49c937,Philips,2025,,Total,General,Unspecified,16474,tonnes CO2e,0.65,medium,statement_extraction,PhilipsFullAnnualReport2024-English.pdf,ef61af49c937,2025-10-25T17:32:16.335Z,2025-10-25T17:32:16.335Z,2025-10-25T17:32:16.335Z,1.0,active
60f70ea4-9dfd-4fb3-b60d-05c0a6e9b51d,ef61af49c937,Philips,2025,,Total,General,Unspecified,24,tonnes CO2e,0.65,medium,statement_extraction,PhilipsFullAnnualReport2024-English.pdf,ef61af49c937,2025-10-25T17:32:16.335Z,2025-10-25T17:32:16.335Z,2025-10-25T17:32:16.335Z,1.0,active
b3343788-a2aa-497e-b4f7-ebd3a3b2840f,ef61af49c937,Philips,2024,,Total,General,Unspecified,38,tonnes CO2e,0.80,high,statement_extraction,PhilipsFullAnnualReport2024-English.pdf,ef61af49c937,2025-10-25T17:32:16.335Z,2025-10-25T17:32:16.335Z,2025-10-25T17:32:16.335Z,1.0,active
40c3be4e-8530-4aad-aaf4-606378a1e4c8,ef61af49c937,Philips,2024,,Total,General,Unspecified,128,tonnes CO2e,0.80,high,statement_extraction,PhilipsFullAnnualReport2024-English.pdf,ef61af49c937,2025-10-25T17:32:16.335Z,2025-10-25T17:32:16.335Z,2025-10-25T17:32:16.335Z,1.0,active
8140bad7-8d98-4aa3-972d-967af5b8d3bd,ef61af49c937,Philips,2024,,Total,General,Unspecified,73,tonnes CO2e,0.80,high,statement_extraction,PhilipsFullAnnualReport2024-English.pdf,ef61af49c937,2025-10-25T17:32:16.335Z,2025-10-25T17:32:16.335Z,2025-10-25T17:32:16.335Z,1.0,active
6f7ad61c-2c31-479c-af03-be2a02ff0621,ef61af49c937,Philips,2024,,Total,General,Unspecified,15475,tonnes CO2e,0.80,high,statement_extraction,PhilipsFullAnnualReport2024-English.pdf,ef61af49c937,2025-10-25T17:32:16.335Z,2025-10-25T17:32:16.335Z,2025-10-25T17:32:16.335Z,1.0,active
cd7c2e08-9047-493a-92db-1a906d5ea0f0,ef61af49c937,Philips,2025,,Total,General,Unspecified,89562,tonnes CO2e,0.65,medium,statement_extraction,PhilipsFullAnnualReport2024-English.pdf,ef61af49c937,2025-10-25T17:32:16.335Z,2025-10-25T17:32:16.335Z,2025-10-25T17:32:16.335Z,1.0,active
b1fdc313-4f59-4ca5-b99f-3ca4b4b7e0bf,ef61af49c937,Philips,2024,,Total,General,Unspecified,2,tonnes CO2e,0.80,high,statement_extraction,PhilipsFullAnnualReport2024-English.pdf,ef61af49c937,2025-10-25T17:32:16.335Z,2025-10-25T17:32:16.335Z,2025-10-25T17:32:16.335Z,1.0,active
c231502e-8ce8-4723-9651-1fa2b3d8ea9c,ef61af49c937,Philips,2024,,Total,General,Unspecified,15,tonnes CO2e,0.80,high,statement_extraction,PhilipsFullAnnualReport2024-English.pdf,ef61af49c937,2025-10-25T17:32:16.335Z,2025-10-25T17:32:16.335Z,2025-10-25T17:32:16.335Z,1.0,active
35fb5fa2-89bd-401b-9541-614e485ddfed,ef61af49c937,Philips,2022,,Total,General,Unspecified,8.5,tonnes CO2e,0.80,high,statement_extraction,PhilipsFullAnnualReport2024-English.pdf,ef61af49c937,2025-10-25T17:32:16.335Z,2025-10-25T17:32:16.335Z,2025-10-25T17:32:16.335Z,1.0,active
d2dbc383-1596-47fa-b53a-236e6e43b298,ef61af49c937,Philips,2025,,Total,General,Unspecified,9728,tonnes CO2e,0.65,medium,statement_extraction,PhilipsFullAnnualReport2024-English.pdf,ef61af49c937,2025-10-25T17:32:16.335Z,2025-10-25T17:32:16.335Z,2025-10-25T17:32:16.335Z,1.0,active
c5ed9486-97a5-4c48-9406-30cef95dc930,ef61af49c937,Philips,2025,,Total,General,Unspecified,1543,tonnes CO2e,0.65,medium,statement_extraction,PhilipsFullAnnualReport2024-English.pdf,ef61af49c937,2025-10-25T17:32:16.335Z,2025-10-25T17:32:16.335Z,2025-10-25T17:32:16.335Z,1.0,active
7d8dbd48-c164-410a-a1c7-83f521a2abe6,ef61af49c937,Philips,2025,,Total,General,Unspecified,1173,tonnes CO2e,0.65,medium,statement_extraction,PhilipsFullAnnualReport2024-English.pdf,ef61af49c937,2025-10-25T17:32:16.335Z,2025-10-25T17:32:16.335Z,2025-10-25T17:32:16.335Z,1.0,active
2dba488f-7551-46ba-bcbc-4d8289ac23c1,ef61af49c937,Philips,2024,,Total,General,Unspecified,31,tonnes CO2e,0.80,high,statement_extraction,PhilipsFullAnnualReport2024-English.pdf,ef61af49c937,2025-10-25T17:32:16.335Z,2025-10-25T17:32:16.335Z,2025-10-25T17:32:16.335Z,1.0,active
c41ada8a-3129-4618-a22c-d3405d16fd44,ef61af49c937,Philips,2023,,Total,General,Unspecified,2,tonnes CO2e,0.80,high,statement_extraction,PhilipsFullAnnualReport2024-English.pdf,ef61af49c937,2025-10-25T17:32:16.335Z,2025-10-25T17:32:16.335Z,2025-10-25T17:32:16.335Z,1.0,active
239f11de-ae91-4680-884d-212e551b24fd,ef61af49c937,Philips,2023,,Total,General,Unspecified,1869,tonnes CO2e,0.80,high,statement_extraction,PhilipsFullAnnualReport2024-English.pdf,ef61af49c937,2025-10-25T17:32:16.335Z,2025-10-25T17:32:16.335Z,2025-10-25T17:32:16.335Z,1.0,active
cb1ac864-808e-4a38-82c1-0d506e5a6e51,ef61af49c937,Philips,2023,,Total,General,Unspecified,7035,tonnes CO2e,0.80,high,statement_extraction,PhilipsFullAnnualReport2024-English.pdf,ef61af49c937,2025-10-25T17:32:16.335Z,2025-10-25T17:32:16.335Z,2025-10-25T17:32:16.335Z,1.0,active
b1454dc6-6dae-4010-b8f5-fb16ff5d8d03,ef61af49c937,Philips,2025,,Total,General,Unspecified,89,tonnes CO2e,0.65,medium,statement_extraction,PhilipsFullAnnualReport2024-English.pdf,ef61af49c937,2025-10-25T17:32:16.335Z,2025-10-25T17:32:16.335Z,2025-10-25T17:32:16.335Z,1.0,active
057c08a5-fb74-45e4-8b03-a119d556ead3,ef61af49c937,Philips,2023,,Total,General,Unspecified,328,tonnes CO2e,0.80,high,statement_extraction,PhilipsFullAnnualReport2024-English.pdf,ef61af49c937,2025-10-25T17:32:16.335Z,2025-10-25T17:32:16.335Z,2025-10-25T17:32:16.335Z,1.0,active
466ce322-6956-4365-bec6-72598c32fe5e,ef61af49c937,Philips,2025,,Scope 1,General,Unspecified,2,tonnes CO2e,0.75,high,statement_extraction,PhilipsFullAnnualReport2024-English.pdf,ef61af49c937,2025-10-25T17:32:16.335Z,2025-10-25T17:32:16.335Z,2025-10-25T17:32:16.335Z,1.0,active
fb721f0c-bad9-4328-b7bc-b39a4323b4a5,ef61af49c937,Philips,2025,,Total,General,Unspecified,3,tonnes CO2e,0.65,medium,statement_extraction,PhilipsFullAnnualReport2024-English.pdf,ef61af49c937,2025-10-25T17:32:16.335Z,2025-10-25T17:32:16.335Z,2025-10-25T17:32:16.335Z,1.0,active
6d3c0bc9-a00d-4b4d-8b05-cc8786d33a41,ef61af49c937,Philips,2017,,Scope 1,General,Unspecified,2,tonnes CO2e,0.90,high,statement_extraction,PhilipsFullAnnualReport2024-English.pdf,ef61af49c937,2025-10-25T17:32:16.335Z,2025-10-25T17:32:16.335Z,2025-10-25T17:32:16.335Z,1.0,active
38f9436e-86a2-4106-a055-ec6663fe7d12,ef61af49c937,Philips,2025,,Scope 1,General,Unspecified,3,tonnes CO2e,0.75,high,statement_extraction,PhilipsFullAnnualReport2024-English.pdf,ef61af49c937,2025-10-25T17:32:16.335Z,2025-10-25T17:32:16.335Z,2025-10-25T17:32:16.335Z,1.0,active
a48d669f-b2e3-41d7-bfc5-df562ea5d353,ef61af49c937,Philips,2025,,Scope 1,Direct Emissions,Direct Operations,2,tonnes CO2e,0.85,high,statement_extraction,PhilipsFullAnnualReport2024-English.pdf,ef61af49c937,2025-10-25T17:32:16.335Z,2025-10-25T17:32:16.335Z,2025-10-25T17:32:16.335Z,1.0,active
11a35d5d-d93e-47e6-a44c-b0cb915c5ae9,ef61af49c937,Philips,2024,,Scope 1,General,Unspecified,2,tonnes CO2e,0.90,high,statement_extraction,PhilipsFullAnnualReport2024-English.pdf,ef61af49c937,2025-10-25T17:32:16.335Z,2025-10-25T17:32:16.335Z,2025-10-25T17:32:16.335Z,1.0,active
0547a19f-77b8-463b-892c-77fffdd76e08,ef61af49c937,Philips,2020,,Scope 3,General,Unspecified,3,tonnes CO2e,0.90,high,statement_extraction,PhilipsFullAnnualReport2024-English.pdf,ef61af49c937,2025-10-25T17:32:16.335Z,2025-10-25T17:32:16.335Z,2025-10-25T17:32:16.335Z,1.0,active
24802e84-81f5-4b54-9306-f1800312793f,ef61af49c937,Philips,2025,,Scope 1,Energy,Fossil Fuel Combustion,3,tonnes CO2e,0.85,high,statement_extraction,PhilipsFullAnnualReport2024-English.pdf,ef61af49c937,2025-10-25T17:32:16.335Z,2025-10-25T17:32:16.335Z,2025-10-25T17:32:16.335Z,1.0,active
1951bcb3-214c-4b06-8fc6-e55d5da9361b,ef61af49c937,Philips,2023,,Total,Energy,Energy,2,tonnes CO2e,0.90,high,statement_extraction,PhilipsFullAnnualReport2024-English.pdf,ef61af49c937,2025-10-25T17:32:16.335Z,2025-10-25T17:32:16.335Z,2025-10-25T17:32:16.335Z,1.0,active
352f9b59-5ece-4de3-a3fd-da3a8325acdd,ef61af49c937,Philips,2025,,Total,Energy,Energy,18021,tonnes CO2e,0.75,high,statement_extraction,PhilipsFullAnnualReport2024-English.pdf,ef61af49c937,2025-10-25T17:32:16.335Z,2025-10-25T17:32:16.335Z,2025-10-25T17:32:16.335Z,1.0,active
d04617f5-2057-446a-9c34-8ee9bef1a065,ef61af49c937,Philips,2023,,Total,Energy,Energy,25.18,tonnes CO2e,0.90,high,statement_extraction,PhilipsFullAnnualReport2024-English.pdf,ef61af49c937,2025-10-25T17:32:16.335Z,2025-10-25T17:32:16.335Z,2025-10-25T17:32:16.335Z,1.0,active
f863cd51-350e-4ec4-9e13-87f99c7d49ec,ef61af49c937,Philips,2025,,Scope 3,Transportation,Business Travel & Logistics,9,tonnes CO2e,0.85,high,statement_extraction,PhilipsFullAnnualReport2024-English.pdf,ef61af49c937,2025-10-25T17:32:16.335Z,2025-10-25T17:32:16.335Z,2025-10-25T17:32:16.335Z,1.0,active
f6bd39d0-ad8f-4449-95eb-3a65c9da24fd,ef61af49c937,Philips,2025,,Total,General,Unspecified,2040,kt CO2e,0.65,medium,statement_extraction,PhilipsFullAnnualReport2024-English.pdf,ef61af49c937,2025-10-25T17:32:16.335Z,2025-10-25T17:32:16.335Z,2025-10-25T17:32:16.335Z,1.0,active
c3b3756f-0082-40dd-8ec4-a08185cbad9d,ef61af49c937,Philips,2025,,Total,General,Unspecified,6,kt CO2e,0.65,medium,statement_extraction,PhilipsFullAnnualReport2024-English.pdf,ef61af49c937,2025-10-25T17:32:16.335Z,2025-10-25T17:32:16.335Z,2025-10-25T17:32:16.335Z,1.0,active
b750ec86-debc-4781-bbc8-b40c4c57453d,ef61af49c937,Philips,2015,,Scope 1,General,Unspecified,2,tonnes CO2e,0.90,high,statement_extraction,PhilipsFullAnnualReport2024-English.pdf,ef61af49c937,2025-10-25T17:32:16.335Z,2025-10-25T17:32:16.335Z,2025-10-25T17:32:16.335Z,1.0,active
c98a4d5f-d582-41ce-b565-5aca1e78adef,ef61af49c937,Philips,2025,,Scope 1,General,Unspecified,1,tonnes CO2e,0.75,high,statement_extraction,PhilipsFullAnnualReport2024-English.pdf,ef61af49c937,2025-10-25T17:32:16.335Z,2025-10-25T17:32:16.335Z,2025-10-25T17:32:16.335Z,1.0,active
99e2178e-3989-49f3-9f76-4c047920d3fb,ef61af49c937,Philips,2015,,Scope 2,General,Unspecified,2,tonnes CO2e,0.90,high,statement_extraction,PhilipsFullAnnualReport2024-English.pdf,ef61af49c937,2025-10-25T17:32:16.335Z,2025-10-25T17:32:16.335Z,2025-10-25T17:32:16.335Z,1.0,active
08fd8935-5b4e-4cf6-879d-687abf9b2abe,ef61af49c937,Philips,2020,,Scope 3,Purchased Goods,Supply Chain Emissions,3,tonnes CO2e,1.00,high,statement_extraction,PhilipsFullAnnualReport2024-English.pdf,ef61af49c937,2025-10-25T17:32:16.335Z,2025-10-25T17:32:16.335Z,2025-10-25T17:32:16.335Z,1.0,active
fbae9704-aae2-4f6f-836f-5bf1bc5638f3,ef61af49c937,Philips,2025,,Scope 2,General,Unspecified,2,tonnes CO2e,0.75,high,statement_extraction,PhilipsFullAnnualReport2024-English.pdf,ef61af49c937,2025-10-25T17:32:16.335Z,2025-10-25T17:32:16.335Z,2025-10-25T17:32:16.335Z,1.0,active
82b7d71f-01f3-4406-96c3-35cdef3f1712,ef61af49c937,Philips,2023,,Scope 1,Direct Emissions,Direct Operations,1,tonnes CO2e,1.00,high,statement_extraction,PhilipsFullAnnualReport2024-English.pdf,ef61af49c937,2025-10-25T17:32:16.335Z,2025-10-25T17:32:16.335Z,2025-10-25T17:32:16.335Z,1.0,active
ded3d6aa-b3f3-4c2a-a960-e1cc42e6ca3f,ef61af49c937,Philips,2025,,Scope 1,General,Unspecified,1.5,tonnes CO2e,0.75,high,statement_extraction,PhilipsFullAnnualReport2024-English.pdf,ef61af49c937,2025-10-25T17:32:16.335Z,2025-10-25T17:32:16.335Z,2025-10-25T17:32:16.335Z,1.0,active
04eeb4b9-9a5c-4240-90bc-81e8db4ffbd8,ef61af49c937,Philips,2025,,Scope 1,Energy,Fossil Fuel Combustion,2,tonnes CO2e,0.85,high,statement_extraction,PhilipsFullAnnualReport2024-English.pdf,ef61af49c937,2025-10-25T17:32:16.335Z,2025-10-25T17:32:16.335Z,2025-10-25T17:32:16.335Z,1.0,active
29b44d90-1d7d-4e11-b297-5730dfe793bb,ef61af49c937,Philips,2025,,Scope 2,General,Unspecified,21182160,tonnes CO2e,0.75,high,statement_extraction,PhilipsFullAnnualReport2024-English.pdf,ef61af49c937,2025-10-25T17:32:16.335Z,2025-10-25T17:32:16.335Z,2025-10-25T17:32:16.335Z,1.0,active
c436a9b6-f7f4-4a7b-a828-5e428639cc0c,ef61af49c937,Philips,2025,,Scope 3,Purchased Goods,Supply Chain Emissions,1,kt CO2e,0.85,high,statement_extraction,PhilipsFullAnnualReport2024-English.pdf,ef61af49c937,2025-10-25T17:32:16.335Z,2025-10-25T17:32:16.335Z,2025-10-25T17:32:16.335Z,1.0,active
4bb678a9-5269-41e7-8010-6bdc35c97648,ef61af49c937,Philips,2025,,Scope 3,Transportation,Business Travel & Logistics,6,tonnes CO2e,0.85,high,statement_extraction,PhilipsFullAnnualReport2024-English.pdf,ef61af49c937,2025-10-25T17:32:16.335Z,2025-10-25T17:32:16.335Z,2025-10-25T17:32:16.335Z,1.0,active
b2f71315-cfc3-4057-8b82-d6ad771d9017,ef61af49c937,Philips,2023,,Scope 3,Transportation,Business Travel & Logistics,27,tonnes CO2e,1.00,high,statement_extraction,PhilipsFullAnnualReport2024-English.pdf,ef61af49c937,2025-10-25T17:32:16.335Z,2025-10-25T17:32:16.335Z,2025-10-25T17:32:16.335Z,1.0,active
29065b9f-2fb3-4a7a-967a-3cdddaba7b0e,ef61af49c937,Philips,2025,,Scope 3,General,Unspecified,11,kt CO2e,0.75,high,statement_extraction,PhilipsFullAnnualReport2024-English.pdf,ef61af49c937,2025-10-25T17:32:16.335Z,2025-10-25T17:32:16.335Z,2025-10-25T17:32:16.335Z,1.0,active
81a382ff-d91b-444a-b59d-51dba2706c11,ef61af49c937,Philips,2024,,Scope 3,General,Unspecified,2529,kt CO2e,0.90,high,statement_extraction,PhilipsFullAnnualReport2024-English.pdf,ef61af49c937,2025-10-25T17:32:16.335Z,2025-10-25T17:32:16.335Z,2025-10-25T17:32:16.335Z,1.0,active
929a3f08-d8c6-4480-9e89-6a255b3486e5,ef61af49c937,Philips,2025,,Total,General,Unspecified,450,kt CO2e,0.65,medium,statement_extraction,PhilipsFullAnnualReport2024-English.pdf,ef61af49c937,2025-10-25T17:32:16.335Z,2025-10-25T17:32:16.335Z,2025-10-25T17:32:16.335Z,1.0,active
3be140a6-9681-4a02-bdd8-aac8f3610055,ef61af49c937,Philips,2025,,Scope 1,General,Unspecified,96,tonnes CO2e,0.75,high,statement_extraction,PhilipsFullAnnualReport2024-English.pdf,ef61af49c937,2025-10-25T17:32:16.335Z,2025-10-25T17:32:16.335Z,2025-10-25T17:32:16.335Z,1.0,active
a19f5b99-8a78-4d59-b739-2f8be03121a1,ef61af49c937,Philips,2025,,Total,General,Unspecified,98,tonnes CO2e,0.65,medium,statement_extraction,PhilipsFullAnnualReport2024-English.pdf,ef61af49c937,2025-10-25T17:32:16.335Z,2025-10-25T17:32:16.335Z,2025-10-25T17:32:16.335Z,1.0,active
2928aae6-3c40-4aa5-af32-cb5c57bc0cb6,ef61af49c937,Philips,2025,,Total,General,Unspecified,148,tonnes CO2e,0.65,medium,statement_extraction,PhilipsFullAnnualReport2024-English.pdf,ef61af49c937,2025-10-25T17:32:16.335Z,2025-10-25T17:32:16.335Z,2025-10-25T17:32:16.335Z,1.0,active
23821490-533b-4707-b966-9e70d1d9acaf,ef61af49c937,Philips,2025,,Total,General,Unspecified,9,tonnes CO2e,0.65,medium,statement_extraction,PhilipsFullAnnualReport2024-English.pdf,ef61af49c937,2025-10-25T17:32:16.335Z,2025-10-25T17:32:16.335Z,2025-10-25T17:32:16.335Z,1.0,active
6f048509-d890-42e4-a9e9-7a2d52bd8607,ef61af49c937,Philips,2025,,Total,General,Unspecified,67,tonnes CO2e,0.65,medium,statement_extraction,PhilipsFullAnnualReport2024-English.pdf,ef61af49c937,2025-10-25T17:32:16.335Z,2025-10-25T17:32:16.335Z,2025-10-25T17:32:16.335Z,1.0,active
ee614147-d0ea-4553-9e89-d0726fe09916,ef61af49c937,Philips,2015,,Scope 1,General,Unspecified,2040,tonnes CO2e,0.90,high,statement_extraction,PhilipsFullAnnualReport2024-English.pdf,ef61af49c937,2025-10-25T17:32:16.335Z,2025-10-25T17:32:16.335Z,2025-10-25T17:32:16.335Z,1.0,active
3fc4e530-5ec7-4e72-b247-e9ac0afc4038,ef61af49c937,Philips,2015,,Scope 1,General,Unspecified,85,tonnes CO2e,0.90,high,statement_extraction,PhilipsFullAnnualReport2024-English.pdf,ef61af49c937,2025-10-25T17:32:16.335Z,2025-10-25T17:32:16.335Z,2025-10-25T17:32:16.335Z,1.0,active
95cbcf56-e822-478a-8a95-4067af4aeaf9,ef61af49c937,Philips,2025,,Scope 3,Transportation,Business Travel & Logistics,4,tonnes CO2e,0.85,high,statement_extraction,PhilipsFullAnnualReport2024-English.pdf,ef61af49c937,2025-10-25T17:32:16.335Z,2025-10-25T17:32:16.335Z,2025-10-25T17:32:16.335Z,1.0,active
3b30b265-620e-4f90-80ce-58ea86b4af7d,ef61af49c937,Philips,2023,,Total,General,Unspecified,1,tonnes CO2e,0.80,high,statement_extraction,PhilipsFullAnnualReport2024-English.pdf,ef61af49c937,2025-10-25T17:32:16.335Z,2025-10-25T17:32:16.335Z,2025-10-25T17:32:16.335Z,1.0,active
baa4093a-7e53-4f24-bde5-4600edbbe2c4,ef61af49c937,Philips,2024,,Total,Waste,Waste,60,kt CO2e,0.90,high,statement_extraction,PhilipsFullAnnualReport2024-English.pdf,ef61af49c937,2025-10-25T17:32:16.335Z,2025-10-25T17:32:16.335Z,2025-10-25T17:32:16.335Z,1.0,active
96c590be-1fae-4680-b3e0-e11d252384cb,ef61af49c937,Philips,2025,,Total,Waste,Waste,114,kt CO2e,0.75,high,statement_extraction,PhilipsFullAnnualReport2024-English.pdf,ef61af49c937,2025-10-25T17:32:16.335Z,2025-10-25T17:32:16.335Z,2025-10-25T17:32:16.335Z,1.0,active
e7cd14b7-f668-4c24-b5bb-6bce55d9be17,ef61af49c937,Philips,2024,,Total,Waste,Waste,4.8,kt CO2e,0.90,high,statement_extraction,PhilipsFullAnnualReport2024-English.pdf,ef61af49c937,2025-10-25T17:32:16.335Z,2025-10-25T17:32:16.335Z,2025-10-25T17:32:16.335Z,1.0,active
b48f8814-2e73-465b-bb74-d0a8171f3f85,ef61af49c937,Philips,2024,,Total,Waste,Waste,9,tonnes CO2e,0.90,high,statement_extraction,PhilipsFullAnnualReport2024-English.pdf,ef61af49c937,2025-10-25T17:32:16.335Z,2025-10-25T17:32:16.335Z,2025-10-25T17:32:16.335Z,1.0,active
550c930a-f4a7-4176-96e9-93cde9012932,ef61af49c937,Philips,2025,,Total,Waste,Waste,92,tonnes CO2e,0.75,high,statement_extraction,PhilipsFullAnnualReport2024-English.pdf,ef61af49c937,2025-10-25T17:32:16.335Z,2025-10-25T17:32:16.335Z,2025-10-25T17:32:16.335Z,1.0,active
1bf0ed15-4f11-4584-a689-6b27b00e55be,ef61af49c937,Philips,2025,,Total,Waste,Waste,8,tonnes CO2e,0.75,high,statement_extraction,PhilipsFullAnnualReport2024-English.pdf,ef61af49c937,2025-10-25T17:32:16.335Z,2025-10-25T17:32:16.335Z,2025-10-25T17:32:16.335Z,1.0,active
5c469f69-acc1-4113-a097-11aeec5adf2e,ef61af49c937,Philips,2025,,Total,Waste,Waste,2528,tonnes CO2e,0.75,high,statement_extraction,PhilipsFullAnnualReport2024-English.pdf,ef61af49c937,2025-10-25T17:32:16.335Z,2025-10-25T17:32:16.335Z,2025-10-25T17:32:16.335Z,1.0,active
2bcc5436-b559-4c8a-b515-bdd449786482,ef61af49c937,Philips,2024,,Total,General,Unspecified,672608,tonnes CO2e,0.80,high,statement_extraction,PhilipsFullAnnualReport2024-English.pdf,ef61af49c937,2025-10-25T17:32:16.335Z,2025-10-25T17:32:16.335Z,2025-10-25T17:32:16.335Z,1.0,active
4fe5610f-5e10-44ff-ba32-53bac50e7e03,ef61af49c937,Philips,2024,,Total,General,Unspecified,5,tonnes CO2e,0.80,high,statement_extraction,PhilipsFullAnnualReport2024-English.pdf,ef61af49c937,2025-10-25T17:32:16.335Z,2025-10-25T17:32:16.335Z,2025-10-25T17:32:16.335Z,1.0,active
239ea864-7986-406c-897e-2556a3bb080c,ef61af49c937,Philips,2023,,Total,General,Unspecified,74,tonnes CO2e,0.80,high,statement_extraction,PhilipsFullAnnualReport2024-English.pdf,ef61af49c937,2025-10-25T17:32:16.335Z,2025-10-25T17:32:16.335Z,2025-10-25T17:32:16.335Z,1.0,active
fb8c31bc-869c-4c04-8b6c-42e9308fa1b1,ef61af49c937,Philips,2025,,Total,Waste,Waste,24,tonnes CO2e,0.75,high,statement_extraction,PhilipsFullAnnualReport2024-English.pdf,ef61af49c937,2025-10-25T17:32:16.335Z,2025-10-25T17:32:16.335Z,2025-10-25T17:32:16.335Z,1.0,active
7c0395e4-93af-4ab1-8056-10d3997e7530,ef61af49c937,Philips,2025,,Total,General,Unspecified,12,tonnes CO2e,0.65,medium,statement_extraction,PhilipsFullAnnualReport2024-English.pdf,ef61af49c937,2025-10-25T17:32:16.335Z,2025-10-25T17:32:16.335Z,2025-10-25T17:32:16.335Z,1.0,active
74178d60-2b58-4ccf-b002-f34cb02cb8ad,ef61af49c937,Philips,2024,,Total,Energy,Energy,0.3,tonnes CO2e,0.90,high,statement_extraction,PhilipsFullAnnualReport2024-English.pdf,ef61af49c937,2025-10-25T17:32:16.335Z,2025-10-25T17:32:16.335Z,2025-10-25T17:32:16.335Z,1.0,active
0dd9b848-1909-4c65-957a-d600977ce68f,ef61af49c937,Philips,2025,,Total,General,Unspecified,14.3,tonnes CO2e,0.65,medium,statement_extraction,PhilipsFullAnnualReport2024-English.pdf,ef61af49c937,2025-10-25T17:32:16.335Z,2025-10-25T17:32:16.335Z,2025-10-25T17:32:16.335Z,1.0,active
7846f073-0311-45d7-a955-2533ce410989,ef61af49c937,Philips,2025,,Total,General,Unspecified,100,tonnes CO2e,0.65,medium,statement_extraction,PhilipsFullAnnualReport2024-English.pdf,ef61af49c937,2025-10-25T17:32:16.335Z,2025-10-25T17:32:16.335Z,2025-10-25T17:32:16.335Z,1.0,active
ed1a52ca-0c9e-414e-9a8b-cd029cd0c841,ef61af49c937,Philips,2025,,Total,General,Unspecified,3164130,tonnes CO2e,0.65,medium,statement_extraction,PhilipsFullAnnualReport2024-English.pdf,ef61af49c937,2025-10-25T17:32:16.335Z,2025-10-25T17:32:16.335Z,2025-10-25T17:32:16.335Z,1.0,active
94c80266-7016-4d66-86ba-f1f4aeacdf45,ef61af49c937,Philips,2024,,Total,General,Unspecified,60,tonnes CO2e,0.80,high,statement_extraction,PhilipsFullAnnualReport2024-English.pdf,ef61af49c937,2025-10-25T17:32:16.335Z,2025-10-25T17:32:16.335Z,2025-10-25T17:32:16.335Z,1.0,active
3ae2a278-29ce-4b63-9bde-63169ae34fbf,ef61af49c937,Philips,2025,,Total,General,Unspecified,45001,tonnes CO2e,0.65,medium,statement_extraction,PhilipsFullAnnualReport2024-English.pdf,ef61af49c937,2025-10-25T17:32:16.335Z,2025-10-25T17:32:16.335Z,2025-10-25T17:32:16.335Z,1.0,active
d26d4160-f89a-4d6a-b496-a5cc87bc3e1c,ef61af49c937,Philips,2024,,Total,General,Unspecified,11,tonnes CO2e,0.80,high,statement_extraction,PhilipsFullAnnualReport2024-English.pdf,ef61af49c937,2025-10-25T17:32:16.335Z,2025-10-25T17:32:16.335Z,2025-10-25T17:32:16.335Z,1.0,active
21ac68c7-cce5-4745-b41d-994271af31f9,ef61af49c937,Philips,2024,,Total,General,Unspecified,69656,tonnes CO2e,0.80,high,statement_extraction,PhilipsFullAnnualReport2024-English.pdf,ef61af49c937,2025-10-25T17:32:16.335Z,2025-10-25T17:32:16.335Z,2025-10-25T17:32:16.335Z,1.0,active
da2a3ee7-a249-4079-8d69-46c66266f805,ef61af49c937,Philips,2023,,Total,General,Unspecified,2978,tonnes CO2e,0.80,high,statement_extraction,PhilipsFullAnnualReport2024-English.pdf,ef61af49c937,2025-10-25T17:32:16.335Z,2025-10-25T17:32:16.335Z,2025-10-25T17:32:16.335Z,1.0,active
4bb8454d-86ae-4c9e-93d6-daad4b1b5b8a,ef61af49c937,Philips,2024,,Total,General,Unspecified,48,tonnes CO2e,0.80,high,statement_extraction,PhilipsFullAnnualReport2024-English.pdf,ef61af49c937,2025-10-25T17:32:16.335Z,2025-10-25T17:32:16.335Z,2025-10-25T17:32:16.335Z,1.0,active
f133ed61-b3db-4fab-ae09-042439b2ae5c,ef61af49c937,Philips,2024,,Total,General,Unspecified,14,tonnes CO2e,0.80,high,statement_extraction,PhilipsFullAnnualReport2024-English.pdf,ef61af49c937,2025-10-25T17:32:16.335Z,2025-10-25T17:32:16.335Z,2025-10-25T17:32:16.335Z,1.0,active
0bc2ff26-846f-4cc7-87ed-896b668ade4d,ef61af49c937,Philips,2023,,Total,General,Unspecified,60,tonnes CO2e,0.80,high,statement_extraction,PhilipsFullAnnualReport2024-English.pdf,ef61af49c937,2025-10-25T17:32:16.335Z,2025-10-25T17:32:16.335Z,2025-10-25T17:32:16.335Z,1.0,active
27cf1b1d-fdac-4f61-9c0b-ab590cf6a8ea,ef61af49c937,Philips,2023,,Total,General,Unspecified,18,tonnes CO2e,0.80,high,statement_extraction,PhilipsFullAnnualReport2024-English.pdf,ef61af49c937,2025-10-25T17:32:16.335Z,2025-10-25T17:32:16.335Z,2025-10-25T17:32:16.335Z,1.0,active
e0cee2bc-1f22-4f89-84a5-5cfdeaa4c9ba,ef61af49c937,Philips,2024,,Total,General,Unspecified,212,tonnes CO2e,0.80,high,statement_extraction,PhilipsFullAnnualReport2024-English.pdf,ef61af49c937,2025-10-25T17:32:16.335Z,2025-10-25T17:32:16.335Z,2025-10-25T17:32:16.335Z,1.0,active
62dd84ca-2d24-4f3f-b5cb-086c5e645e4a,ef61af49c937,Philips,2024,,Total,General,Unspecified,16,tonnes CO2e,0.80,high,statement_extraction,PhilipsFullAnnualReport2024-English.pdf,ef61af49c937,2025-10-25T17:32:16.335Z,2025-10-25T17:32:16.335Z,2025-10-25T17:32:16.335Z,1.0,active
dbd89edc-33a5-4f57-a4bd-309d91d14e2e,ef61af49c937,Philips,2025,,Total,General,Unspecified,1916,tonnes CO2e,0.65,medium,statement_extraction,PhilipsFullAnnualReport2024-English.pdf,ef61af49c937,2025-10-25T17:32:16.335Z,2025-10-25T17:32:16.335Z,2025-10-25T17:32:16.335Z,1.0,active
30e8cb27-89c1-472f-9dd4-1e589be84965,ef61af49c937,Philips,2024,,Scope 3,General,Unspecified,3,tonnes CO2e,0.90,high,statement_extraction,PhilipsFullAnnualReport2024-English.pdf,ef61af49c937,2025-10-25T17:32:16.335Z,2025-10-25T17:32:16.335Z,2025-10-25T17:32:16.335Z,1.0,active
93be7dab-ad0e-4aa5-a2e8-7e6df2b51dac,ef61af49c937,Philips,2025,,Total,General,Unspecified,1.8,tonnes CO2e,0.65,medium,statement_extraction,PhilipsFullAnnualReport2024-English.pdf,ef61af49c937,2025-10-25T17:32:16.335Z,2025-10-25T17:32:16.335Z,2025-10-25T17:32:16.335Z,1.0,active
767c85e5-26d0-4cc6-b2f7-f84636daa9cd,ef61af49c937,Philips,2024,,Total,General,Unspecified,40,tonnes CO2e,0.80,high,statement_extraction,PhilipsFullAnnualReport2024-English.pdf,ef61af49c937,2025-10-25T17:32:16.335Z,2025-10-25T17:32:16.335Z,2025-10-25T17:32:16.335Z,1.0,active
6571ed53-cf36-4b03-8aae-65e5c2e5e390,ef61af49c937,Philips,2025,,Total,General,Unspecified,685,tonnes CO2e,0.65,medium,statement_extraction,PhilipsFullAnnualReport2024-English.pdf,ef61af49c937,2025-10-25T17:32:16.335Z,2025-10-25T17:32:16.335Z,2025-10-25T17:32:16.335Z,1.0,active
fdb0f94f-8ef1-404f-a204-5ff8b5dcd07b,ef61af49c937,Philips,2024,,Total,Purchased Goods,Purchased Goods,596769,tonnes CO2e,0.90,high,statement_extraction,PhilipsFullAnnualReport2024-English.pdf,ef61af49c937,2025-10-25T17:32:16.335Z,2025-10-25T17:32:16.335Z,2025-10-25T17:32:16.335Z,1.0,active
04576827-4e5a-451f-bfb4-fb176a8bd9cf,ef61af49c937,Philips,2020,,Scope 3,Energy,Energy-Related Activities,2994720,tonnes CO2e,1.00,high,statement_extraction,PhilipsFullAnnualReport2024-English.pdf,ef61af49c937,2025-10-25T17:32:16.335Z,2025-10-25T17:32:16.335Z,2025-10-25T17:32:16.335Z,1.0,active
0a1dd5e3-5458-45bc-9d15-941d037a80b9,ef61af49c937,Philips,2025,,Total,General,Unspecified,685.1,tonnes CO2e,0.65,medium,statement_extraction,PhilipsFullAnnualReport2024-English.pdf,ef61af49c937,2025-10-25T17:32:16.335Z,2025-10-25T17:32:16.335Z,2025-10-25T17:32:16.335Z,1.0,active
80092dba-2494-4ba8-9746-dfa04f5c51f5,ef61af49c937,Philips,2024,,Total,General,Unspecified,26,tonnes CO2e,0.80,high,statement_extraction,PhilipsFullAnnualReport2024-English.pdf,ef61af49c937,2025-10-25T17:32:16.335Z,2025-10-25T17:32:16.335Z,2025-10-25T17:32:16.335Z,1.0,active
4341c40e-469e-4617-962f-9fdaaec69213,ef61af49c937,Philips,2021,,Total,Waste,Waste,18485,tonnes CO2e,0.90,high,statement_extraction,PhilipsFullAnnualReport2024-English.pdf,ef61af49c937,2025-10-25T17:32:16.335Z,2025-10-25T17:32:16.335Z,2025-10-25T17:32:16.335Z,1.0,active
ac4a9146-964a-49f5-b73b-54928884f309,ef61af49c937,Philips,2025,,Total,Waste,Waste,1672,tonnes CO2e,0.75,high,statement_extraction,PhilipsFullAnnualReport2024-English.pdf,ef61af49c937,2025-10-25T17:32:16.335Z,2025-10-25T17:32:16.335Z,2025-10-25T17:32:16.335Z,1.0,active
bc496350-a502-4a43-960d-1ffac2c9e8bc,ef61af49c937,Philips,2024,,Total,Waste,Waste,2528,tonnes CO2e,0.90,high,statement_extraction,PhilipsFullAnnualReport2024-English.pdf,ef61af49c937,2025-10-25T17:32:16.335Z,2025-10-25T17:32:16.335Z,2025-10-25T17:32:16.335Z,1.0,active
7df0eea3-fa99-4d58-bbd7-186f9d0bca1e,ef61af49c937,Philips,2024,,Total,Waste,Waste,2314,tonnes CO2e,0.90,high,statement_extraction,PhilipsFullAnnualReport2024-English.pdf,ef61af49c937,2025-10-25T17:32:16.335Z,2025-10-25T17:32:16.335Z,2025-10-25T17:32:16.335Z,1.0,active
51290e59-a03d-489b-bab3-e9333c8bc21b,ef61af49c937,Philips,2025,,Total,Waste,Waste,1.1,tonnes CO2e,0.75,high,statement_extraction,PhilipsFullAnnualReport2024-English.pdf,ef61af49c937,2025-10-25T17:32:16.335Z,2025-10-25T17:32:16.335Z,2025-10-25T17:32:16.335Z,1.0,active
a39b3a50-7dee-4e75-aef6-247b807e8885,ef61af49c937,Philips,2025,,Total,Waste,Waste,198,tonnes CO2e,0.75,high,statement_extraction,PhilipsFullAnnualReport2024-English.pdf,ef61af49c937,2025-10-25T17:32:16.335Z,2025-10-25T17:32:16.335Z,2025-10-25T17:32:16.335Z,1.0,active
0f5c57a1-9cac-400e-911a-68148bb5af4b,ef61af49c937,Philips,2024,,Total,Waste,Waste,2.7,tonnes CO2e,0.90,high,statement_extraction,PhilipsFullAnnualReport2024-English.pdf,ef61af49c937,2025-10-25T17:32:16.335Z,2025-10-25T17:32:16.335Z,2025-10-25T17:32:16.335Z,1.0,active
1349c3a2-7844-46e3-8fc0-7efdb4ee695d,ef61af49c937,Philips,2025,,Total,General,Unspecified,79,tonnes CO2e,0.65,medium,statement_extraction,PhilipsFullAnnualReport2024-English.pdf,ef61af49c937,2025-10-25T17:32:16.335Z,2025-10-25T17:32:16.335Z,2025-10-25T17:32:16.335Z,1.0,active
a7508a8a-c858-428f-8a15-7fe9b5e4d0fa,ef61af49c937,Philips,2025,,Total,General,Unspecified,69,tonnes CO2e,0.65,medium,statement_extraction,PhilipsFullAnnualReport2024-English.pdf,ef61af49c937,2025-10-25T17:32:16.335Z,2025-10-25T17:32:16.335Z,2025-10-25T17:32:16.335Z,1.0,active
4b59d98b-313e-418a-a8ee-3ce747de8f98,ef61af49c937,Philips,2024,,Total,General,Unspecified,7,tonnes CO2e,0.80,high,statement_extraction,PhilipsFullAnnualReport2024-English.pdf,ef61af49c937,2025-10-25T17:32:16.335Z,2025-10-25T17:32:16.335Z,2025-10-25T17:32:16.335Z,1.0,active
a4f22281-f9b7-40bf-b50b-8bc4f3646f62,ef61af49c937,Philips,2023,,Total,Waste,Waste,69,tonnes CO2e,0.90,high,statement_extraction,PhilipsFullAnnualReport2024-English.pdf,ef61af49c937,2025-10-25T17:32:16.335Z,2025-10-25T17:32:16.335Z,2025-10-25T17:32:16.335Z,1.0,active
9fe3ab8d-2f72-4d2d-b92c-8f510d67c66c,ef61af49c937,Philips,2023,,Total,Waste,Waste,74,tonnes CO2e,0.90,high,statement_extraction,PhilipsFullAnnualReport2024-English.pdf,ef61af49c937,2025-10-25T17:32:16.335Z,2025-10-25T17:32:16.335Z,2025-10-25T17:32:16.335Z,1.0,active
04bba21d-9485-4b39-a507-4255ba2f8e2c,ef61af49c937,Philips,2024,,Total,General,Unspecified,37,tonnes CO2e,0.80,high,statement_extraction,PhilipsFullAnnualReport2024-English.pdf,ef61af49c937,2025-10-25T17:32:16.335Z,2025-10-25T17:32:16.335Z,2025-10-25T17:32:16.335Z,1.0,active
d18f0621-48ca-467b-a07c-1a20322ddd1f,ef61af49c937,Philips,2025,,Total,General,Unspecified,508,tonnes CO2e,0.65,medium,statement_extraction,PhilipsFullAnnualReport2024-English.pdf,ef61af49c937,2025-10-25T17:32:16.335Z,2025-10-25T17:32:16.335Z,2025-10-25T17:32:16.335Z,1.0,active
da55c99b-b777-4fe5-b103-0e9b64e89769,ef61af49c937,Philips,2025,,Total,General,Unspecified,177,tonnes CO2e,0.65,medium,statement_extraction,PhilipsFullAnnualReport2024-English.pdf,ef61af49c937,2025-10-25T17:32:16.335Z,2025-10-25T17:32:16.335Z,2025-10-25T17:32:16.335Z,1.0,active
7edb69b7-04c6-4f80-9501-8f7084cad866,ef61af49c937,Philips,2024,,Total,Energy,Energy,9200,tonnes CO2e,0.90,high,statement_extraction,PhilipsFullAnnualReport2024-English.pdf,ef61af49c937,2025-10-25T17:32:16.335Z,2025-10-25T17:32:16.335Z,2025-10-25T17:32:16.335Z,1.0,active
4e8698a9-617f-4281-981c-4cc6ef0f293d,ef61af49c937,Philips,2025,,Total,Waste,Waste,20157,kt CO2e,0.75,high,statement_extraction,PhilipsFullAnnualReport2024-English.pdf,ef61af49c937,2025-10-25T17:32:16.335Z,2025-10-25T17:32:16.335Z,2025-10-25T17:32:16.335Z,1.0,active
626ebdf4-54a1-4853-9b2d-49fd869343e7,ef61af49c937,Philips,2020,,Scope 1,Transportation,Company Vehicles,2,tonnes CO2e,1.00,high,statement_extraction,PhilipsFullAnnualReport2024-English.pdf,ef61af49c937,2025-10-25T17:32:16.335Z,2025-10-25T17:32:16.335Z,2025-10-25T17:32:16.335Z,1.0,active
12712488-7335-4ac1-98f1-f7d1dd794388,ef61af49c937,Philips,2024,,Scope 1,Direct Emissions,Direct Operations,74,tonnes CO2e,1.00,high,statement_extraction,PhilipsFullAnnualReport2024-English.pdf,ef61af49c937,2025-10-25T17:32:16.335Z,2025-10-25T17:32:16.335Z,2025-10-25T17:32:16.335Z,1.0,active
c59dc661-7395-4d8b-a583-68a24e63d086,ef61af49c937,Philips,2024,,Scope 1,General,Unspecified,11,tonnes CO2e,0.90,high,statement_extraction,PhilipsFullAnnualReport2024-English.pdf,ef61af49c937,2025-10-25T17:32:16.335Z,2025-10-25T17:32:16.335Z,2025-10-25T17:32:16.335Z,1.0,active
6a6133d1-3213-41e8-83b5-319a77cd5a59,ef61af49c937,Philips,2023,,Scope 1,Energy,Fossil Fuel Combustion,2,tonnes CO2e,1.00,high,statement_extraction,PhilipsFullAnnualReport2024-English.pdf,ef61af49c937,2025-10-25T17:32:16.335Z,2025-10-25T17:32:16.335Z,2025-10-25T17:32:16.335Z,1.0,active
17203598-b99d-4510-897c-2ec85ace5473,ef61af49c937,Philips,2025,,Scope 1,Transportation,Company Vehicles,85,tonnes CO2e,0.85,high,statement_extraction,PhilipsFullAnnualReport2024-English.pdf,ef61af49c937,2025-10-25T17:32:16.335Z,2025-10-25T17:32:16.335Z,2025-10-25T17:32:16.335Z,1.0,active
49203b58-25ef-4aad-bb4a-32dd9bb4bd3a,ef61af49c937,Philips,2015,,Scope 1,General,Unspecified,2015,tonnes CO2e,0.90,high,statement_extraction,PhilipsFullAnnualReport2024-English.pdf,ef61af49c937,2025-10-25T17:32:16.335Z,2025-10-25T17:32:16.335Z,2025-10-25T17:32:16.335Z,1.0,active
eee377b0-2bb4-437f-8ee5-77dbcd56e9af,ef61af49c937,Philips,2025,,Scope 1,Energy,Fossil Fuel Combustion,1.5,tonnes CO2e,0.85,high,statement_extraction,PhilipsFullAnnualReport2024-English.pdf,ef61af49c937,2025-10-25T17:32:16.335Z,2025-10-25T17:32:16.335Z,2025-10-25T17:32:16.335Z,1.0,active
3688c380-1362-4e9b-83eb-8b02249f328c,ef61af49c937,Philips,2025,,Scope 1,General,Unspecified,95,tonnes CO2e,0.75,high,statement_extraction,PhilipsFullAnnualReport2024-English.pdf,ef61af49c937,2025-10-25T17:32:16.335Z,2025-10-25T17:32:16.335Z,2025-10-25T17:32:16.335Z,1.0,active
509e02b9-8770-4264-900b-fbc614a5f64e,ef61af49c937,Philips,2015,,Scope 1,Energy,Fossil Fuel Combustion,85,tonnes CO2e,1.00,high,statement_extraction,PhilipsFullAnnualReport2024-English.pdf,ef61af49c937,2025-10-25T17:32:16.335Z,2025-10-25T17:32:16.335Z,2025-10-25T17:32:16.335Z,1.0,active
003bc66b-147d-4576-80e5-9ef06db8dbfe,ef61af49c937,Philips,2025,,Scope 1,Direct Emissions,Direct Operations,6,tonnes CO2e,0.85,high,statement_extraction,PhilipsFullAnnualReport2024-English.pdf,ef61af49c937,2025-10-25T17:32:16.335Z,2025-10-25T17:32:16.335Z,2025-10-25T17:32:16.335Z,1.0,active
407c70fb-3e67-42da-a36c-c8d02500cdd7,ef61af49c937,Philips,2024,,Scope 2,Direct Emissions,Indirect Energy,2024,tonnes CO2e,1.00,high,statement_extraction,PhilipsFullAnnualReport2024-English.pdf,ef61af49c937,2025-10-25T17:32:16.335Z,2025-10-25T17:32:16.335Z,2025-10-25T17:32:16.335Z,1.0,active
54c98218-aea7-4ec8-91c1-9fb4665f39c0,ef61af49c937,Philips,2020,,Scope 2,General,Unspecified,2015,tonnes CO2e,0.90,high,statement_extraction,PhilipsFullAnnualReport2024-English.pdf,ef61af49c937,2025-10-25T17:32:16.335Z,2025-10-25T17:32:16.335Z,2025-10-25T17:32:16.335Z,1.0,active
5cdc996a-e191-4ec7-88f2-9ba3bd6908d1,ef61af49c937,Philips,2025,,Scope 2,Purchased Goods,Purchased Goods,21182160,tonnes CO2e,0.85,high,statement_extraction,PhilipsFullAnnualReport2024-English.pdf,ef61af49c937,2025-10-25T17:32:16.335Z,2025-10-25T17:32:16.335Z,2025-10-25T17:32:16.335Z,1.0,active
ebee2776-1613-4ed8-b208-2542321abb1e,ef61af49c937,Philips,2025,,Scope 3,General,Unspecified,12,tonnes CO2e,0.75,high,statement_extraction,PhilipsFullAnnualReport2024-English.pdf,ef61af49c937,2025-10-25T17:32:16.335Z,2025-10-25T17:32:16.335Z,2025-10-25T17:32:16.335Z,1.0,active
eb3013f7-7b43-4735-b0c1-4dad4ead6d8f,ef61af49c937,Philips,2020,,Scope 3,Transportation,Business Travel & Logistics,2020,tonnes CO2e,1.00,high,statement_extraction,PhilipsFullAnnualReport2024-English.pdf,ef61af49c937,2025-10-25T17:32:16.335Z,2025-10-25T17:32:16.335Z,2025-10-25T17:32:16.335Z,1.0,active
a1cea524-77a9-413b-96af-18fa922acfde,ef61af49c937,Philips,2020,,Scope 3,Transportation,Business Travel & Logistics,11,tonnes CO2e,1.00,high,statement_extraction,PhilipsFullAnnualReport2024-English.pdf,ef61af49c937,2025-10-25T17:32:16.335Z,2025-10-25T17:32:16.335Z,2025-10-25T17:32:16.335Z,1.0,active
0c27f3d1-b885-41a4-aa03-e3cf5f500cf5,ef61af49c937,Philips,2025,,Scope 3,General,Unspecified,96,tonnes CO2e,0.75,high,statement_extraction,PhilipsFullAnnualReport2024-English.pdf,ef61af49c937,2025-10-25T17:32:16.335Z,2025-10-25T17:32:16.335Z,2025-10-25T17:32:16.335Z,1.0,active
2d77158c-186c-4e63-aea4-1d2ed9554c17,ef61af49c937,Philips,2022,,Scope 3,Energy,Energy-Related Activities,11,tonnes CO2e,1.00,high,statement_extraction,PhilipsFullAnnualReport2024-English.pdf,ef61af49c937,2025-10-25T17:32:16.335Z,2025-10-25T17:32:16.335Z,2025-10-25T17:32:16.335Z,1.0,active
cfb28255-96f4-4316-9d59-406f406637f1,ef61af49c937,Philips,2024,,Scope 3,General,Unspecified,2024,tonnes CO2e,0.90,high,statement_extraction,PhilipsFullAnnualReport2024-English.pdf,ef61af49c937,2025-10-25T17:32:16.335Z,2025-10-25T17:32:16.335Z,2025-10-25T17:32:16.335Z,1.0,active
fcaeffed-06ac-4a75-a670-08382281203e,e6110d30578e,ReNew Power,2025,,Total,General,Unspecified,20,tonnes CO2e,0.65,medium,statement_extraction,ReNew-Annual-Integrated-Report-FY-2023-24.pdf,e6110d30578e,2025-10-25T17:32:16.335Z,2025-10-25T17:32:16.335Z,2025-10-25T17:32:16.335Z,1.0,active
c4bd5701-9e4d-4139-821c-264b878d73e4,e6110d30578e,ReNew Power,2023,,Total,Energy,Energy,24,tonnes CO2e,0.90,high,statement_extraction,ReNew-Annual-Integrated-Report-FY-2023-24.pdf,e6110d30578e,2025-10-25T17:32:16.335Z,2025-10-25T17:32:16.335Z,2025-10-25T17:32:16.335Z,1.0,active
f880963d-2e86-4767-88ae-59b3aa13e028,e6110d30578e,ReNew Power,2023,,Scope 1,General,Unspecified,24,tonnes CO2e,0.90,high,statement_extraction,ReNew-Annual-Integrated-Report-FY-2023-24.pdf,e6110d30578e,2025-10-25T17:32:16.335Z,2025-10-25T17:32:16.335Z,2025-10-25T17:32:16.335Z,1.0,active
7e917da2-64f3-4665-a905-41e42f3c5ce8,e6110d30578e,ReNew Power,2025,,Scope 1,General,Unspecified,2,tonnes CO2e,0.75,high,statement_extraction,ReNew-Annual-Integrated-Report-FY-2023-24.pdf,e6110d30578e,2025-10-25T17:32:16.335Z,2025-10-25T17:32:16.335Z,2025-10-25T17:32:16.335Z,1.0,active
dbdd2d6f-aa88-486f-8bfd-386daf9596f7,e6110d30578e,ReNew Power,2025,,Scope 1,General,Unspecified,3,tonnes CO2e,0.75,high,statement_extraction,ReNew-Annual-Integrated-Report-FY-2023-24.pdf,e6110d30578e,2025-10-25T17:32:16.335Z,2025-10-25T17:32:16.335Z,2025-10-25T17:32:16.335Z,1.0,active
817a3ebe-ff72-4ba2-9851-223455447f46,e6110d30578e,ReNew Power,2022,,Scope 1,General,Unspecified,29.4,tonnes CO2e,0.90,high,statement_extraction,ReNew-Annual-Integrated-Report-FY-2023-24.pdf,e6110d30578e,2025-10-25T17:32:16.335Z,2025-10-25T17:32:16.335Z,2025-10-25T17:32:16.335Z,1.0,active
635ac2c5-63d6-4878-b9fd-9e33535d0c34,e6110d30578e,ReNew Power,2022,,Scope 1,General,Unspecified,2040,tonnes CO2e,0.90,high,statement_extraction,ReNew-Annual-Integrated-Report-FY-2023-24.pdf,e6110d30578e,2025-10-25T17:32:16.335Z,2025-10-25T17:32:16.335Z,2025-10-25T17:32:16.335Z,1.0,active
bf1323e8-5b0b-44d2-8850-75fa868ee8fe,e6110d30578e,ReNew Power,2024,,Total,General,Unspecified,15.6,tonnes CO2e,0.80,high,statement_extraction,ReNew-Annual-Integrated-Report-FY-2023-24.pdf,e6110d30578e,2025-10-25T17:32:16.335Z,2025-10-25T17:32:16.335Z,2025-10-25T17:32:16.335Z,1.0,active
de4ccfed-0eb7-483e-b711-f97affb4ad96,e6110d30578e,ReNew Power,2025,,Total,General,Unspecified,16,tonnes CO2e,0.65,medium,statement_extraction,ReNew-Annual-Integrated-Report-FY-2023-24.pdf,e6110d30578e,2025-10-25T17:32:16.335Z,2025-10-25T17:32:16.335Z,2025-10-25T17:32:16.335Z,1.0,active
03b48a1a-bdb8-458e-9b56-4326819b0739,e6110d30578e,ReNew Power,2025,,Total,General,Unspecified,2,tonnes CO2e,0.65,medium,statement_extraction,ReNew-Annual-Integrated-Report-FY-2023-24.pdf,e6110d30578e,2025-10-25T17:32:16.335Z,2025-10-25T17:32:16.335Z,2025-10-25T17:32:16.335Z,1.0,active
5da838f8-9fb4-4cc3-9b76-f1652e3d76e0,e6110d30578e,ReNew Power,2025,,Total,Energy,Energy,10.5,tonnes CO2e,0.75,high,statement_extraction,ReNew-Annual-Integrated-Report-FY-2023-24.pdf,e6110d30578e,2025-10-25T17:32:16.335Z,2025-10-25T17:32:16.335Z,2025-10-25T17:32:16.335Z,1.0,active
29acb269-5970-4ca2-9571-e67cdb53a94d,e6110d30578e,ReNew Power,2023,,Total,General,Unspecified,24,tonnes CO2e,0.80,high,statement_extraction,ReNew-Annual-Integrated-Report-FY-2023-24.pdf,e6110d30578e,2025-10-25T17:32:16.335Z,2025-10-25T17:32:16.335Z,2025-10-25T17:32:16.335Z,1.0,active
9b9363e8-f0ac-4b58-8bb9-c6809f93c856,e6110d30578e,ReNew Power,2021,,Scope 1,Energy,Fossil Fuel Combustion,22,tonnes CO2e,1.00,high,statement_extraction,ReNew-Annual-Integrated-Report-FY-2023-24.pdf,e6110d30578e,2025-10-25T17:32:16.335Z,2025-10-25T17:32:16.335Z,2025-10-25T17:32:16.335Z,1.0,active
7b8f1b1c-8711-4135-8222-c70c6590997e,e6110d30578e,ReNew Power,2023,,Total,General,Unspecified,0.79,tonnes CO2e,0.80,high,statement_extraction,ReNew-Annual-Integrated-Report-FY-2023-24.pdf,e6110d30578e,2025-10-25T17:32:16.335Z,2025-10-25T17:32:16.335Z,2025-10-25T17:32:16.335Z,1.0,active
8c22f4c4-8336-467f-91e0-5d601270b016,e6110d30578e,ReNew Power,2025,,Scope 1,General,Unspecified,35334,tonnes CO2e,0.75,high,statement_extraction,ReNew-Annual-Integrated-Report-FY-2023-24.pdf,e6110d30578e,2025-10-25T17:32:16.335Z,2025-10-25T17:32:16.335Z,2025-10-25T17:32:16.335Z,1.0,active
01944e82-27ef-4075-a3a0-8d925c1429ce,e6110d30578e,ReNew Power,2025,,Scope 1,General,Unspecified,32176,tonnes CO2e,0.75,high,statement_extraction,ReNew-Annual-Integrated-Report-FY-2023-24.pdf,e6110d30578e,2025-10-25T17:32:16.335Z,2025-10-25T17:32:16.335Z,2025-10-25T17:32:16.335Z,1.0,active
8d947fa9-afcd-423e-aecf-ab5ce14f9035,e6110d30578e,ReNew Power,2025,,Scope 1,General,Unspecified,2798928,tonnes CO2e,0.75,high,statement_extraction,ReNew-Annual-Integrated-Report-FY-2023-24.pdf,e6110d30578e,2025-10-25T17:32:16.335Z,2025-10-25T17:32:16.335Z,2025-10-25T17:32:16.335Z,1.0,active
80f82761-e9a9-49dc-aa4a-1681ac1f62cf,e6110d30578e,ReNew Power,2025,,Scope 3,General,Unspecified,1,tonnes CO2e,0.75,high,statement_extraction,ReNew-Annual-Integrated-Report-FY-2023-24.pdf,e6110d30578e,2025-10-25T17:32:16.335Z,2025-10-25T17:32:16.335Z,2025-10-25T17:32:16.335Z,1.0,active
51903b7d-3f06-4330-a8f9-bef7a3ac98b6,e6110d30578e,ReNew Power,2025,,Scope 1,Energy,Fossil Fuel Combustion,2,tonnes CO2e,0.85,high,statement_extraction,ReNew-Annual-Integrated-Report-FY-2023-24.pdf,e6110d30578e,2025-10-25T17:32:16.335Z,2025-10-25T17:32:16.335Z,2025-10-25T17:32:16.335Z,1.0,active
1cd3e5a1-f29f-461f-92fd-c344b1a853b2,e6110d30578e,ReNew Power,2025,,Scope 1,Energy,Fossil Fuel Combustion,1.97,tonnes CO2e,0.85,high,statement_extraction,ReNew-Annual-Integrated-Report-FY-2023-24.pdf,e6110d30578e,2025-10-25T17:32:16.335Z,2025-10-25T17:32:16.335Z,2025-10-25T17:32:16.335Z,1.0,active
a0b27d40-ba1e-42db-ba05-4b2d520f1373,e6110d30578e,ReNew Power,2023,,Scope 3,Transportation,Business Travel & Logistics,24,tonnes CO2e,1.00,high,statement_extraction,ReNew-Annual-Integrated-Report-FY-2023-24.pdf,e6110d30578e,2025-10-25T17:32:16.335Z,2025-10-25T17:32:16.335Z,2025-10-25T17:32:16.335Z,1.0,active
51b86180-5b3b-4aa3-aa37-246d73aa9d3c,e6110d30578e,ReNew Power,2023,,Total,Energy,Energy,36,tonnes CO2e,0.90,high,statement_extraction,ReNew-Annual-Integrated-Report-FY-2023-24.pdf,e6110d30578e,2025-10-25T17:32:16.335Z,2025-10-25T17:32:16.335Z,2025-10-25T17:32:16.335Z,1.0,active
078edf4f-4776-4e57-ab97-62850a466509,e6110d30578e,ReNew Power,2025,,Scope 2,General,Unspecified,2,tonnes CO2e,0.75,high,statement_extraction,ReNew-Annual-Integrated-Report-FY-2023-24.pdf,e6110d30578e,2025-10-25T17:32:16.335Z,2025-10-25T17:32:16.335Z,2025-10-25T17:32:16.335Z,1.0,active
1bfd7a0d-7691-469b-bf93-3385b6414eb0,e6110d30578e,ReNew Power,2025,,Total,General,Unspecified,68,tonnes CO2e,0.65,medium,statement_extraction,ReNew-Annual-Integrated-Report-FY-2023-24.pdf,e6110d30578e,2025-10-25T17:32:16.335Z,2025-10-25T17:32:16.335Z,2025-10-25T17:32:16.335Z,1.0,active
4783c408-6e3a-40c1-aee9-c566904ede0b,e6110d30578e,ReNew Power,2024,,Total,Energy,Energy,84,tonnes CO2e,0.90,high,statement_extraction,ReNew-Annual-Integrated-Report-FY-2023-24.pdf,e6110d30578e,2025-10-25T17:32:16.335Z,2025-10-25T17:32:16.335Z,2025-10-25T17:32:16.335Z,1.0,active
f652d8ff-ea60-40dc-bec0-a5b8e4acc689,e6110d30578e,ReNew Power,2023,,Total,General,Unspecified,8.08,tonnes CO2e,0.80,high,statement_extraction,ReNew-Annual-Integrated-Report-FY-2023-24.pdf,e6110d30578e,2025-10-25T17:32:16.335Z,2025-10-25T17:32:16.335Z,2025-10-25T17:32:16.335Z,1.0,active
f04eac1b-fdec-4949-9024-fdc11cd103a6,e6110d30578e,ReNew Power,2024,,Total,General,Unspecified,31,tonnes CO2e,0.80,high,statement_extraction,ReNew-Annual-Integrated-Report-FY-2023-24.pdf,e6110d30578e,2025-10-25T17:32:16.335Z,2025-10-25T17:32:16.335Z,2025-10-25T17:32:16.335Z,1.0,active
b68edd7d-1f18-474e-8a97-7403c62a52ba,e6110d30578e,ReNew Power,2024,,Scope 1,General,Unspecified,3,tonnes CO2e,0.90,high,statement_extraction,ReNew-Annual-Integrated-Report-FY-2023-24.pdf,e6110d30578e,2025-10-25T17:32:16.335Z,2025-10-25T17:32:16.335Z,2025-10-25T17:32:16.335Z,1.0,active
7a41daf1-6c51-4f80-94f0-d4882ae0a910,e6110d30578e,ReNew Power,2024,,Scope 1,General,Unspecified,31,tonnes CO2e,0.90,high,statement_extraction,ReNew-Annual-Integrated-Report-FY-2023-24.pdf,e6110d30578e,2025-10-25T17:32:16.335Z,2025-10-25T17:32:16.335Z,2025-10-25T17:32:16.335Z,1.0,active
2bf88635-2cc1-4fe6-bf2d-a19cc4e6c92e,e6110d30578e,ReNew Power,2025,,Scope 1,General,Unspecified,1,tonnes CO2e,0.75,high,statement_extraction,ReNew-Annual-Integrated-Report-FY-2023-24.pdf,e6110d30578e,2025-10-25T17:32:16.335Z,2025-10-25T17:32:16.335Z,2025-10-25T17:32:16.335Z,1.0,active
0358f846-c32a-4f4b-a501-401655cd63d3,e6110d30578e,ReNew Power,2025,,Scope 3,General,Unspecified,3,tonnes CO2e,0.75,high,statement_extraction,ReNew-Annual-Integrated-Report-FY-2023-24.pdf,e6110d30578e,2025-10-25T17:32:16.335Z,2025-10-25T17:32:16.335Z,2025-10-25T17:32:16.335Z,1.0,active
16892b61-18b6-4c8f-aac5-bc3841fbc0d0,e6110d30578e,ReNew Power,2025,,Total,General,Unspecified,860651.19,tonnes CO2e,0.65,medium,statement_extraction,ReNew-Annual-Integrated-Report-FY-2023-24.pdf,e6110d30578e,2025-10-25T17:32:16.335Z,2025-10-25T17:32:16.335Z,2025-10-25T17:32:16.335Z,1.0,active
d7c3c131-b503-4348-bfca-5151d1888dd9,e6110d30578e,ReNew Power,2025,,Total,General,Unspecified,686308.37,tonnes CO2e,0.65,medium,statement_extraction,ReNew-Annual-Integrated-Report-FY-2023-24.pdf,e6110d30578e,2025-10-25T17:32:16.335Z,2025-10-25T17:32:16.335Z,2025-10-25T17:32:16.335Z,1.0,active
2b1b2719-3eb6-4469-b572-95a5ce45693c,e6110d30578e,ReNew Power,2025,,Total,General,Unspecified,1114728.81,tonnes CO2e,0.65,medium,statement_extraction,ReNew-Annual-Integrated-Report-FY-2023-24.pdf,e6110d30578e,2025-10-25T17:32:16.335Z,2025-10-25T17:32:16.335Z,2025-10-25T17:32:16.335Z,1.0,active
4a43fac8-8cc7-4730-af03-2ca9b3555faa,e6110d30578e,ReNew Power,2025,,Total,General,Unspecified,19492,tonnes CO2e,0.65,medium,statement_extraction,ReNew-Annual-Integrated-Report-FY-2023-24.pdf,e6110d30578e,2025-10-25T17:32:16.335Z,2025-10-25T17:32:16.335Z,2025-10-25T17:32:16.335Z,1.0,active
b596616c-f8fe-49a9-aae6-b5a8cb33501f,e6110d30578e,ReNew Power,2025,,Total,General,Unspecified,8836,tonnes CO2e,0.65,medium,statement_extraction,ReNew-Annual-Integrated-Report-FY-2023-24.pdf,e6110d30578e,2025-10-25T17:32:16.335Z,2025-10-25T17:32:16.335Z,2025-10-25T17:32:16.335Z,1.0,active
8773c5b4-6a9a-4894-82c2-34b9186ee775,e6110d30578e,ReNew Power,2025,,Total,General,Unspecified,10261,tonnes CO2e,0.65,medium,statement_extraction,ReNew-Annual-Integrated-Report-FY-2023-24.pdf,e6110d30578e,2025-10-25T17:32:16.335Z,2025-10-25T17:32:16.335Z,2025-10-25T17:32:16.335Z,1.0,active
135d4ebe-2c1f-4cb0-a5a9-c527d2f53ec7,e6110d30578e,ReNew Power,2025,,Total,General,Unspecified,394,tonnes CO2e,0.65,medium,statement_extraction,ReNew-Annual-Integrated-Report-FY-2023-24.pdf,e6110d30578e,2025-10-25T17:32:16.335Z,2025-10-25T17:32:16.335Z,2025-10-25T17:32:16.335Z,1.0,active
1e3d45e3-21f3-4791-a222-af6cdb3b4403,e6110d30578e,ReNew Power,2025,,Total,General,Unspecified,9.52,tonnes CO2e,0.65,medium,statement_extraction,ReNew-Annual-Integrated-Report-FY-2023-24.pdf,e6110d30578e,2025-10-25T17:32:16.335Z,2025-10-25T17:32:16.335Z,2025-10-25T17:32:16.335Z,1.0,active
69d5113d-9a41-4948-96f0-455e4dce57c9,e6110d30578e,ReNew Power,2025,,Total,Energy,Energy,276428,tonnes CO2e,0.75,high,statement_extraction,ReNew-Annual-Integrated-Report-FY-2023-24.pdf,e6110d30578e,2025-10-25T17:32:16.335Z,2025-10-25T17:32:16.335Z,2025-10-25T17:32:16.335Z,1.0,active
546f1db4-70e6-45de-8357-2a812aeebb41,e6110d30578e,ReNew Power,2023,,Scope 3,Purchased Goods,Supply Chain Emissions,24,tonnes CO2e,1.00,high,statement_extraction,ReNew-Annual-Integrated-Report-FY-2023-24.pdf,e6110d30578e,2025-10-25T17:32:16.335Z,2025-10-25T17:32:16.335Z,2025-10-25T17:32:16.335Z,1.0,active
22bb0bbc-09e6-4760-b569-32d8bd3eb513,e6110d30578e,ReNew Power,2025,,Scope 3,Purchased Goods,Supply Chain Emissions,169975,tonnes CO2e,0.85,high,statement_extraction,ReNew-Annual-Integrated-Report-FY-2023-24.pdf,e6110d30578e,2025-10-25T17:32:16.335Z,2025-10-25T17:32:16.335Z,2025-10-25T17:32:16.335Z,1.0,active
8f2fa92b-a638-48e7-b4f4-a5022f5fa37c,e6110d30578e,ReNew Power,2025,,Total,Energy,Energy,216463,tonnes CO2e,0.75,high,statement_extraction,ReNew-Annual-Integrated-Report-FY-2023-24.pdf,e6110d30578e,2025-10-25T17:32:16.335Z,2025-10-25T17:32:16.335Z,2025-10-25T17:32:16.335Z,1.0,active
ced38973-e94f-4e8c-a4c1-da10bf0c66ad,e6110d30578e,ReNew Power,2025,,Total,Energy,Energy,7300,tonnes CO2e,0.75,high,statement_extraction,ReNew-Annual-Integrated-Report-FY-2023-24.pdf,e6110d30578e,2025-10-25T17:32:16.335Z,2025-10-25T17:32:16.335Z,2025-10-25T17:32:16.335Z,1.0,active
a6cea12c-3c9c-47b9-bf2a-2df413f48867,e6110d30578e,ReNew Power,2025,,Total,Waste,Waste,34424,tonnes CO2e,0.75,high,statement_extraction,ReNew-Annual-Integrated-Report-FY-2023-24.pdf,e6110d30578e,2025-10-25T17:32:16.335Z,2025-10-25T17:32:16.335Z,2025-10-25T17:32:16.335Z,1.0,active
c86a7398-6287-414c-a690-66e43da622df,e6110d30578e,ReNew Power,2025,,Total,Transportation,Transportation,13.7241,tonnes CO2e,0.75,high,statement_extraction,ReNew-Annual-Integrated-Report-FY-2023-24.pdf,e6110d30578e,2025-10-25T17:32:16.335Z,2025-10-25T17:32:16.335Z,2025-10-25T17:32:16.335Z,1.0,active
da549547-1603-4333-977f-104d45b8862e,e6110d30578e,ReNew Power,2025,,Total,Transportation,Transportation,28724338,tonnes CO2e,0.75,high,statement_extraction,ReNew-Annual-Integrated-Report-FY-2023-24.pdf,e6110d30578e,2025-10-25T17:32:16.335Z,2025-10-25T17:32:16.335Z,2025-10-25T17:32:16.335Z,1.0,active
88dc5e49-fccc-4b9c-9b80-10b8a868f00d,e6110d30578e,ReNew Power,2025,,Scope 3,Transportation,Business Travel & Logistics,93,tonnes CO2e,0.85,high,statement_extraction,ReNew-Annual-Integrated-Report-FY-2023-24.pdf,e6110d30578e,2025-10-25T17:32:16.335Z,2025-10-25T17:32:16.335Z,2025-10-25T17:32:16.335Z,1.0,active
b2b28069-a960-47e2-9c0a-492f502d547e,e6110d30578e,ReNew Power,2025,,Scope 3,General,Unspecified,2766752,tonnes CO2e,0.75,high,statement_extraction,ReNew-Annual-Integrated-Report-FY-2023-24.pdf,e6110d30578e,2025-10-25T17:32:16.335Z,2025-10-25T17:32:16.335Z,2025-10-25T17:32:16.335Z,1.0,active
b3b203ba-577a-42f9-8783-3320906fe423,e6110d30578e,ReNew Power,2023,,Scope 3,General,Unspecified,24,tonnes CO2e,0.90,high,statement_extraction,ReNew-Annual-Integrated-Report-FY-2023-24.pdf,e6110d30578e,2025-10-25T17:32:16.335Z,2025-10-25T17:32:16.335Z,2025-10-25T17:32:16.335Z,1.0,active
a900b98d-a9a1-4175-aaa8-90e20078f1c3,e6110d30578e,ReNew Power,2025,,Total,General,Unspecified,615116,tonnes CO2e,0.65,medium,statement_extraction,ReNew-Annual-Integrated-Report-FY-2023-24.pdf,e6110d30578e,2025-10-25T17:32:16.335Z,2025-10-25T17:32:16.335Z,2025-10-25T17:32:16.335Z,1.0,active
efcee229-d81f-4800-a451-41aa04988b30,e6110d30578e,ReNew Power,2025,,Total,General,Unspecified,50943,tonnes CO2e,0.65,medium,statement_extraction,ReNew-Annual-Integrated-Report-FY-2023-24.pdf,e6110d30578e,2025-10-25T17:32:16.335Z,2025-10-25T17:32:16.335Z,2025-10-25T17:32:16.335Z,1.0,active
f7a0aa21-8bfc-4ab4-86e8-a7f2cb44baf4,e6110d30578e,ReNew Power,2025,,Total,General,Unspecified,294036,tonnes CO2e,0.65,medium,statement_extraction,ReNew-Annual-Integrated-Report-FY-2023-24.pdf,e6110d30578e,2025-10-25T17:32:16.335Z,2025-10-25T17:32:16.335Z,2025-10-25T17:32:16.335Z,1.0,active
f1bc2781-5283-4b2f-b953-a84d762c96af,e6110d30578e,ReNew Power,2025,,Total,General,Unspecified,60144,tonnes CO2e,0.65,medium,statement_extraction,ReNew-Annual-Integrated-Report-FY-2023-24.pdf,e6110d30578e,2025-10-25T17:32:16.335Z,2025-10-25T17:32:16.335Z,2025-10-25T17:32:16.335Z,1.0,active
a53fb17a-3434-4489-bc46-17f457859c0b,e6110d30578e,ReNew Power,2025,,Total,General,Unspecified,3380,tonnes CO2e,0.65,medium,statement_extraction,ReNew-Annual-Integrated-Report-FY-2023-24.pdf,e6110d30578e,2025-10-25T17:32:16.335Z,2025-10-25T17:32:16.335Z,2025-10-25T17:32:16.335Z,1.0,active
06c6c360-71a8-49d7-824f-c62608ac7791,e6110d30578e,ReNew Power,2025,,Total,General,Unspecified,1.65,tonnes CO2e,0.65,medium,statement_extraction,ReNew-Annual-Integrated-Report-FY-2023-24.pdf,e6110d30578e,2025-10-25T17:32:16.335Z,2025-10-25T17:32:16.335Z,2025-10-25T17:32:16.335Z,1.0,active
e762f3d4-c682-4054-939f-b2e7ca39a201,e6110d30578e,ReNew Power,2025,,Total,General,Unspecified,33000,tonnes CO2e,0.65,medium,statement_extraction,ReNew-Annual-Integrated-Report-FY-2023-24.pdf,e6110d30578e,2025-10-25T17:32:16.335Z,2025-10-25T17:32:16.335Z,2025-10-25T17:32:16.335Z,1.0,active
ab0d254d-acd9-415e-9307-cf8f9c77f183,e6110d30578e,ReNew Power,2025,,Total,Waste,Waste,90.61,tonnes CO2e,0.75,high,statement_extraction,ReNew-Annual-Integrated-Report-FY-2023-24.pdf,e6110d30578e,2025-10-25T17:32:16.335Z,2025-10-25T17:32:16.335Z,2025-10-25T17:32:16.335Z,1.0,active
bacabb6a-3da3-481a-a9a8-0fbcae74c93e,e6110d30578e,ReNew Power,2025,,Total,Waste,Waste,3160,tonnes CO2e,0.75,high,statement_extraction,ReNew-Annual-Integrated-Report-FY-2023-24.pdf,e6110d30578e,2025-10-25T17:32:16.335Z,2025-10-25T17:32:16.335Z,2025-10-25T17:32:16.335Z,1.0,active
bd93e07b-8dd9-4193-9bfe-aa763c8589e0,e6110d30578e,ReNew Power,2025,,Total,General,Unspecified,349,tonnes CO2e,0.65,medium,statement_extraction,ReNew-Annual-Integrated-Report-FY-2023-24.pdf,e6110d30578e,2025-10-25T17:32:16.335Z,2025-10-25T17:32:16.335Z,2025-10-25T17:32:16.335Z,1.0,active
75fe3d3a-d513-4cc0-a3c5-25acbc9e6d01,e6110d30578e,ReNew Power,2025,,Total,General,Unspecified,6038,tonnes CO2e,0.65,medium,statement_extraction,ReNew-Annual-Integrated-Report-FY-2023-24.pdf,e6110d30578e,2025-10-25T17:32:16.335Z,2025-10-25T17:32:16.335Z,2025-10-25T17:32:16.335Z,1.0,active
5e835cbf-e183-4dd1-b94f-59183c07f9df,e6110d30578e,ReNew Power,2025,,Total,General,Unspecified,6034,tonnes CO2e,0.65,medium,statement_extraction,ReNew-Annual-Integrated-Report-FY-2023-24.pdf,e6110d30578e,2025-10-25T17:32:16.335Z,2025-10-25T17:32:16.335Z,2025-10-25T17:32:16.335Z,1.0,active
a0ab548f-7bc8-443c-8f22-2b7b135d6db2,e6110d30578e,ReNew Power,2025,,Total,General,Unspecified,31504112,tonnes CO2e,0.65,medium,statement_extraction,ReNew-Annual-Integrated-Report-FY-2023-24.pdf,e6110d30578e,2025-10-25T17:32:16.335Z,2025-10-25T17:32:16.335Z,2025-10-25T17:32:16.335Z,1.0,active
2b402f9a-f139-4847-84f7-a59fd090ada0,e6110d30578e,ReNew Power,2025,,Total,General,Unspecified,1451544,tonnes CO2e,0.65,medium,statement_extraction,ReNew-Annual-Integrated-Report-FY-2023-24.pdf,e6110d30578e,2025-10-25T17:32:16.335Z,2025-10-25T17:32:16.335Z,2025-10-25T17:32:16.335Z,1.0,active
5df5315c-175c-40e1-a456-a08e5aa73f73,e6110d30578e,ReNew Power,2025,,Total,General,Unspecified,11571233,tonnes CO2e,0.65,medium,statement_extraction,ReNew-Annual-Integrated-Report-FY-2023-24.pdf,e6110d30578e,2025-10-25T17:32:16.335Z,2025-10-25T17:32:16.335Z,2025-10-25T17:32:16.335Z,1.0,active
47f155a3-97af-4f8b-9eb8-eae418974d76,e6110d30578e,ReNew Power,2025,,Total,General,Unspecified,697110,tonnes CO2e,0.65,medium,statement_extraction,ReNew-Annual-Integrated-Report-FY-2023-24.pdf,e6110d30578e,2025-10-25T17:32:16.335Z,2025-10-25T17:32:16.335Z,2025-10-25T17:32:16.335Z,1.0,active
952e955a-32fd-4494-9627-3528e77a5ad0,e6110d30578e,ReNew Power,2025,,Total,General,Unspecified,35854,tonnes CO2e,0.65,medium,statement_extraction,ReNew-Annual-Integrated-Report-FY-2023-24.pdf,e6110d30578e,2025-10-25T17:32:16.335Z,2025-10-25T17:32:16.335Z,2025-10-25T17:32:16.335Z,1.0,active
dc176ba4-5a9f-48d8-9381-c404efbedaf7,e6110d30578e,ReNew Power,2025,,Total,General,Unspecified,242961,tonnes CO2e,0.65,medium,statement_extraction,ReNew-Annual-Integrated-Report-FY-2023-24.pdf,e6110d30578e,2025-10-25T17:32:16.335Z,2025-10-25T17:32:16.335Z,2025-10-25T17:32:16.335Z,1.0,active
f8300f22-0179-4909-b20a-1462f06adbc1,e6110d30578e,ReNew Power,2025,,Total,General,Unspecified,412,tonnes CO2e,0.65,medium,statement_extraction,ReNew-Annual-Integrated-Report-FY-2023-24.pdf,e6110d30578e,2025-10-25T17:32:16.335Z,2025-10-25T17:32:16.335Z,2025-10-25T17:32:16.335Z,1.0,active
34da8fd0-b67b-4f24-a8db-b611bb86055d,e6110d30578e,ReNew Power,2025,,Total,General,Unspecified,14,tonnes CO2e,0.65,medium,statement_extraction,ReNew-Annual-Integrated-Report-FY-2023-24.pdf,e6110d30578e,2025-10-25T17:32:16.335Z,2025-10-25T17:32:16.335Z,2025-10-25T17:32:16.335Z,1.0,active
b9449525-ee4c-4472-86a3-2ddadd114105,e6110d30578e,ReNew Power,2025,,Scope 1,Direct Emissions,Direct Operations,1,tonnes CO2e,0.85,high,statement_extraction,ReNew-Annual-Integrated-Report-FY-2023-24.pdf,e6110d30578e,2025-10-25T17:32:16.335Z,2025-10-25T17:32:16.335Z,2025-10-25T17:32:16.335Z,1.0,active
ce72f991-0fab-4669-baa2-2b26c396b791,e6110d30578e,ReNew Power,2025,,Total,Direct Emissions,Direct Emissions,2,tonnes CO2e,0.75,high,statement_extraction,ReNew-Annual-Integrated-Report-FY-2023-24.pdf,e6110d30578e,2025-10-25T17:32:16.335Z,2025-10-25T17:32:16.335Z,2025-10-25T17:32:16.335Z,1.0,active
8db5c2dd-faef-4633-b145-6e14411379fd,e6110d30578e,ReNew Power,2025,,Scope 3,Direct Emissions,Value Chain,3,tonnes CO2e,0.85,high,statement_extraction,ReNew-Annual-Integrated-Report-FY-2023-24.pdf,e6110d30578e,2025-10-25T17:32:16.335Z,2025-10-25T17:32:16.335Z,2025-10-25T17:32:16.335Z,1.0,active
3f717289-4589-40fc-8ca5-55b9d130f174,e6110d30578e,ReNew Power,2025,,Total,General,Unspecified,4,tonnes CO2e,0.65,medium,statement_extraction,ReNew-Annual-Integrated-Report-FY-2023-24.pdf,e6110d30578e,2025-10-25T17:32:16.335Z,2025-10-25T17:32:16.335Z,2025-10-25T17:32:16.335Z,1.0,active
ede8b170-e878-44a6-8dbc-224190227700,e6110d30578e,ReNew Power,2025,,Total,General,Unspecified,5,tonnes CO2e,0.65,medium,statement_extraction,ReNew-Annual-Integrated-Report-FY-2023-24.pdf,e6110d30578e,2025-10-25T17:32:16.335Z,2025-10-25T17:32:16.335Z,2025-10-25T17:32:16.335Z,1.0,active
8e4bc763-4c07-4981-8f3d-cce4e733ecea,e6110d30578e,ReNew Power,2025,,Total,Energy,Energy,2,tonnes CO2e,0.75,high,statement_extraction,ReNew-Annual-Integrated-Report-FY-2023-24.pdf,e6110d30578e,2025-10-25T17:32:16.335Z,2025-10-25T17:32:16.335Z,2025-10-25T17:32:16.335Z,1.0,active
567564ed-2d28-4cdd-9680-99b3eb0f3b09,e6110d30578e,ReNew Power,2025,,Total,Energy,Energy,88373,tonnes CO2e,0.75,high,statement_extraction,ReNew-Annual-Integrated-Report-FY-2023-24.pdf,e6110d30578e,2025-10-25T17:32:16.335Z,2025-10-25T17:32:16.335Z,2025-10-25T17:32:16.335Z,1.0,active
8258a8a7-aa68-4643-b695-eb9b5cea1418,e6110d30578e,ReNew Power,2025,,Total,General,Unspecified,34,tonnes CO2e,0.65,medium,statement_extraction,ReNew-Annual-Integrated-Report-FY-2023-24.pdf,e6110d30578e,2025-10-25T17:32:16.335Z,2025-10-25T17:32:16.335Z,2025-10-25T17:32:16.335Z,1.0,active
ef9dc53a-febb-47e8-9072-eec7ec31f976,e6110d30578e,ReNew Power,2025,,Total,General,Unspecified,647316,tonnes CO2e,0.65,medium,statement_extraction,ReNew-Annual-Integrated-Report-FY-2023-24.pdf,e6110d30578e,2025-10-25T17:32:16.335Z,2025-10-25T17:32:16.335Z,2025-10-25T17:32:16.335Z,1.0,active
dbaa02fb-abfa-4752-858a-911abc0e64d2,e6110d30578e,ReNew Power,2025,,Total,General,Unspecified,444260,tonnes CO2e,0.65,medium,statement_extraction,ReNew-Annual-Integrated-Report-FY-2023-24.pdf,e6110d30578e,2025-10-25T17:32:16.335Z,2025-10-25T17:32:16.335Z,2025-10-25T17:32:16.335Z,1.0,active
54f25b5e-0387-464f-bcc5-c07c018ffc7a,e6110d30578e,ReNew Power,2025,,Total,General,Unspecified,62,tonnes CO2e,0.65,medium,statement_extraction,ReNew-Annual-Integrated-Report-FY-2023-24.pdf,e6110d30578e,2025-10-25T17:32:16.335Z,2025-10-25T17:32:16.335Z,2025-10-25T17:32:16.335Z,1.0,active
3e20d717-26e1-404b-b7ee-f862e044eaef,e6110d30578e,ReNew Power,2025,,Total,General,Unspecified,18,tonnes CO2e,0.65,medium,statement_extraction,ReNew-Annual-Integrated-Report-FY-2023-24.pdf,e6110d30578e,2025-10-25T17:32:16.335Z,2025-10-25T17:32:16.335Z,2025-10-25T17:32:16.335Z,1.0,active
4b6a6311-ee21-4bd5-913c-6885cbea38f9,e6110d30578e,ReNew Power,2025,,Total,General,Unspecified,68671,tonnes CO2e,0.65,medium,statement_extraction,ReNew-Annual-Integrated-Report-FY-2023-24.pdf,e6110d30578e,2025-10-25T17:32:16.335Z,2025-10-25T17:32:16.335Z,2025-10-25T17:32:16.335Z,1.0,active
74e95378-d635-408e-880b-47989067c18b,e6110d30578e,ReNew Power,2025,,Total,General,Unspecified,26,tonnes CO2e,0.65,medium,statement_extraction,ReNew-Annual-Integrated-Report-FY-2023-24.pdf,e6110d30578e,2025-10-25T17:32:16.335Z,2025-10-25T17:32:16.335Z,2025-10-25T17:32:16.335Z,1.0,active
cd37b546-3a3a-4581-bdfe-d407b52edccd,e6110d30578e,ReNew Power,2025,,Total,Energy,Energy,20,tonnes CO2e,0.75,high,statement_extraction,ReNew-Annual-Integrated-Report-FY-2023-24.pdf,e6110d30578e,2025-10-25T17:32:16.335Z,2025-10-25T17:32:16.335Z,2025-10-25T17:32:16.335Z,1.0,active
34708082-c434-4007-8560-5fc668f9543e,e6110d30578e,ReNew Power,2022,,Total,General,Unspecified,220000,tonnes CO2e,0.80,high,statement_extraction,ReNew-Annual-Integrated-Report-FY-2023-24.pdf,e6110d30578e,2025-10-25T17:32:16.335Z,2025-10-25T17:32:16.335Z,2025-10-25T17:32:16.335Z,1.0,active
28f7e953-7bb4-4320-a510-e0f44f6a5e35,e6110d30578e,ReNew Power,2030,1,Total,General,Unspecified,100000,tonnes CO2e,0.80,high,statement_extraction,ReNew-Annual-Integrated-Report-FY-2023-24.pdf,e6110d30578e,2025-10-25T17:32:16.335Z,2025-10-25T17:32:16.335Z,2025-10-25T17:32:16.335Z,1.0,active
78836ecc-05ac-4d36-9194-a713b20a974d,e6110d30578e,ReNew Power,2030,1,Total,General,Unspecified,220000,tonnes CO2e,0.80,high,statement_extraction,ReNew-Annual-Integrated-Report-FY-2023-24.pdf,e6110d30578e,2025-10-25T17:32:16.335Z,2025-10-25T17:32:16.335Z,2025-10-25T17:32:16.335Z,1.0,active
2baf424a-0fa1-49e1-8b7b-6300003af5e5,e6110d30578e,ReNew Power,2025,,Total,Energy,Energy,150,tonnes CO2e,0.75,high,statement_extraction,ReNew-Annual-Integrated-Report-FY-2023-24.pdf,e6110d30578e,2025-10-25T17:32:16.335Z,2025-10-25T17:32:16.335Z,2025-10-25T17:32:16.335Z,1.0,active
35355378-2696-4612-827d-8daab35a6dad,e6110d30578e,ReNew Power,2025,,Total,General,Unspecified,41,tonnes CO2e,0.65,medium,statement_extraction,ReNew-Annual-Integrated-Report-FY-2023-24.pdf,e6110d30578e,2025-10-25T17:32:16.335Z,2025-10-25T17:32:16.335Z,2025-10-25T17:32:16.335Z,1.0,active
376e66ab-9c43-4afd-807f-dc704ce54675,e6110d30578e,ReNew Power,2025,,Total,General,Unspecified,25,tonnes CO2e,0.65,medium,statement_extraction,ReNew-Annual-Integrated-Report-FY-2023-24.pdf,e6110d30578e,2025-10-25T17:32:16.335Z,2025-10-25T17:32:16.335Z,2025-10-25T17:32:16.335Z,1.0,active
b7e0c6e0-5b91-4922-a4d5-a774a16bbfcc,e6110d30578e,ReNew Power,2030,1,Total,General,Unspecified,5,tonnes CO2e,0.80,high,statement_extraction,ReNew-Annual-Integrated-Report-FY-2023-24.pdf,e6110d30578e,2025-10-25T17:32:16.335Z,2025-10-25T17:32:16.335Z,2025-10-25T17:32:16.335Z,1.0,active
2d28df91-50d1-42ea-a328-3e564ac10f75,e6110d30578e,ReNew Power,2025,,Total,General,Unspecified,220000,tonnes CO2e,0.65,medium,statement_extraction,ReNew-Annual-Integrated-Report-FY-2023-24.pdf,e6110d30578e,2025-10-25T17:32:16.335Z,2025-10-25T17:32:16.335Z,2025-10-25T17:32:16.335Z,1.0,active
bd00b705-adfb-414c-9674-b917a2cd5a3d,e6110d30578e,ReNew Power,2025,,Total,Waste,Waste,16,tonnes CO2e,0.75,high,statement_extraction,ReNew-Annual-Integrated-Report-FY-2023-24.pdf,e6110d30578e,2025-10-25T17:32:16.335Z,2025-10-25T17:32:16.335Z,2025-10-25T17:32:16.335Z,1.0,active
a8319ddf-d080-4a52-b53d-dc6c3384c1b4,e6110d30578e,ReNew Power,2024,,Total,Energy,Energy,270,tonnes CO2e,0.90,high,statement_extraction,ReNew-Annual-Integrated-Report-FY-2023-24.pdf,e6110d30578e,2025-10-25T17:32:16.335Z,2025-10-25T17:32:16.335Z,2025-10-25T17:32:16.335Z,1.0,active
47b11893-4b1f-4551-b6db-0e327c93699d,e6110d30578e,ReNew Power,2024,,Total,General,Unspecified,6,tonnes CO2e,0.80,high,statement_extraction,ReNew-Annual-Integrated-Report-FY-2023-24.pdf,e6110d30578e,2025-10-25T17:32:16.335Z,2025-10-25T17:32:16.335Z,2025-10-25T17:32:16.335Z,1.0,active
069c156f-59c1-4f5a-80b0-9dc2ca6b832e,e6110d30578e,ReNew Power,2025,,Total,Energy,Energy,16,tonnes CO2e,0.75,high,statement_extraction,ReNew-Annual-Integrated-Report-FY-2023-24.pdf,e6110d30578e,2025-10-25T17:32:16.335Z,2025-10-25T17:32:16.335Z,2025-10-25T17:32:16.335Z,1.0,active
0319e916-951e-4d59-8af7-3bc19b15d3ce,e6110d30578e,ReNew Power,2023,,Scope 3,Transportation,Business Travel & Logistics,3,tCO2e,1.00,high,statement_extraction,ReNew-Annual-Integrated-Report-FY-2023-24.pdf,e6110d30578e,2025-10-25T17:32:16.335Z,2025-10-25T17:32:16.335Z,2025-10-25T17:32:16.335Z,1.0,active
d8232310-1e9f-4a64-90cf-874216bd0c18,e6110d30578e,ReNew Power,2021,,Scope 1,General,Unspecified,2023,tonnes CO2e,0.90,high,statement_extraction,ReNew-Annual-Integrated-Report-FY-2023-24.pdf,e6110d30578e,2025-10-25T17:32:16.335Z,2025-10-25T17:32:16.335Z,2025-10-25T17:32:16.335Z,1.0,active
e34b2bcc-48c6-474e-86f8-a5e6f415bb30,e6110d30578e,ReNew Power,2022,,Scope 1,General,Unspecified,2,tonnes CO2e,0.90,high,statement_extraction,ReNew-Annual-Integrated-Report-FY-2023-24.pdf,e6110d30578e,2025-10-25T17:32:16.335Z,2025-10-25T17:32:16.335Z,2025-10-25T17:32:16.335Z,1.0,active
f367fc75-61b2-4614-ba3e-f4e6f48d0743,e6110d30578e,ReNew Power,2023,,Scope 1,General,Unspecified,2,tonnes CO2e,0.90,high,statement_extraction,ReNew-Annual-Integrated-Report-FY-2023-24.pdf,e6110d30578e,2025-10-25T17:32:16.335Z,2025-10-25T17:32:16.335Z,2025-10-25T17:32:16.335Z,1.0,active
d076d779-dea8-4d8b-9188-259536ebbac9,e6110d30578e,ReNew Power,2021,,Scope 1,Energy,Fossil Fuel Combustion,2,tonnes CO2e,1.00,high,statement_extraction,ReNew-Annual-Integrated-Report-FY-2023-24.pdf,e6110d30578e,2025-10-25T17:32:16.335Z,2025-10-25T17:32:16.335Z,2025-10-25T17:32:16.335Z,1.0,active
fd94dc42-ccf4-4ce5-8a6a-ac21481f1bed,e6110d30578e,ReNew Power,2021,,Scope 1,Energy,Fossil Fuel Combustion,2020,tonnes CO2e,1.00,high,statement_extraction,ReNew-Annual-Integrated-Report-FY-2023-24.pdf,e6110d30578e,2025-10-25T17:32:16.335Z,2025-10-25T17:32:16.335Z,2025-10-25T17:32:16.335Z,1.0,active
d6e7221e-830f-4a45-a464-93091acf6823,e6110d30578e,ReNew Power,2023,,Scope 1,General,Unspecified,32176,tonnes CO2e,0.90,high,statement_extraction,ReNew-Annual-Integrated-Report-FY-2023-24.pdf,e6110d30578e,2025-10-25T17:32:16.335Z,2025-10-25T17:32:16.335Z,2025-10-25T17:32:16.335Z,1.0,active
b4a47061-ba36-44a3-be61-4e16fc498659,e6110d30578e,ReNew Power,2024,,Scope 1,General,Unspecified,2024,tonnes CO2e,0.90,high,statement_extraction,ReNew-Annual-Integrated-Report-FY-2023-24.pdf,e6110d30578e,2025-10-25T17:32:16.335Z,2025-10-25T17:32:16.335Z,2025-10-25T17:32:16.335Z,1.0,active
6c9f3f03-a44d-41cf-b508-22024f53fed8,e6110d30578e,ReNew Power,2024,,Scope 1,General,Unspecified,305,tonnes CO2e,0.90,high,statement_extraction,ReNew-Annual-Integrated-Report-FY-2023-24.pdf,e6110d30578e,2025-10-25T17:32:16.335Z,2025-10-25T17:32:16.335Z,2025-10-25T17:32:16.335Z,1.0,active
78f4710b-a99f-4c70-b217-fcbb3a26429f,e6110d30578e,ReNew Power,2023,,Scope 1,Transportation,Company Vehicles,2,tonnes CO2e,1.00,high,statement_extraction,ReNew-Annual-Integrated-Report-FY-2023-24.pdf,e6110d30578e,2025-10-25T17:32:16.335Z,2025-10-25T17:32:16.335Z,2025-10-25T17:32:16.335Z,1.0,active
e2a7978b-363c-4cb8-a0da-2113e355e280,e6110d30578e,ReNew Power,2023,,Scope 1,General,Unspecified,2020,tonnes CO2e,0.90,high,statement_extraction,ReNew-Annual-Integrated-Report-FY-2023-24.pdf,e6110d30578e,2025-10-25T17:32:16.335Z,2025-10-25T17:32:16.335Z,2025-10-25T17:32:16.335Z,1.0,active
0d8549cd-f105-432f-9c9f-8c510f547bf5,e6110d30578e,ReNew Power,2023,,Scope 1,General,Unspecified,468262,tonnes CO2e,0.90,high,statement_extraction,ReNew-Annual-Integrated-Report-FY-2023-24.pdf,e6110d30578e,2025-10-25T17:32:16.335Z,2025-10-25T17:32:16.335Z,2025-10-25T17:32:16.335Z,1.0,active
90107d09-a5ef-4ef2-be87-193e2dd3b576,e6110d30578e,ReNew Power,2023,,Scope 1,General,Unspecified,39131,tonnes CO2e,0.90,high,statement_extraction,ReNew-Annual-Integrated-Report-FY-2023-24.pdf,e6110d30578e,2025-10-25T17:32:16.335Z,2025-10-25T17:32:16.335Z,2025-10-25T17:32:16.335Z,1.0,active
d185945b-83b4-4de2-8bca-0e3e5290e211,e6110d30578e,ReNew Power,2023,,Scope 2,Transportation,Transportation,35334,tonnes CO2e,1.00,high,statement_extraction,ReNew-Annual-Integrated-Report-FY-2023-24.pdf,e6110d30578e,2025-10-25T17:32:16.335Z,2025-10-25T17:32:16.335Z,2025-10-25T17:32:16.335Z,1.0,active
63d37692-ece3-40d5-9c8a-df107ae57086,e6110d30578e,ReNew Power,2023,,Scope 2,General,Unspecified,32176,tonnes CO2e,0.90,high,statement_extraction,ReNew-Annual-Integrated-Report-FY-2023-24.pdf,e6110d30578e,2025-10-25T17:32:16.335Z,2025-10-25T17:32:16.335Z,2025-10-25T17:32:16.335Z,1.0,active
3012c6cc-f231-491e-8592-603a2a4082e4,e6110d30578e,ReNew Power,2025,,Scope 2,General,Unspecified,305,tonnes CO2e,0.75,high,statement_extraction,ReNew-Annual-Integrated-Report-FY-2023-24.pdf,e6110d30578e,2025-10-25T17:32:16.335Z,2025-10-25T17:32:16.335Z,2025-10-25T17:32:16.335Z,1.0,active
21c3c1e9-2d1c-4a4c-924e-31d1a73df7b3,e6110d30578e,ReNew Power,2025,,Scope 3,Direct Emissions,Value Chain,305,tonnes CO2e,0.85,high,statement_extraction,ReNew-Annual-Integrated-Report-FY-2023-24.pdf,e6110d30578e,2025-10-25T17:32:16.335Z,2025-10-25T17:32:16.335Z,2025-10-25T17:32:16.335Z,1.0,active
ad7d8eef-a21a-4fd0-be33-94c838dd5513,e6110d30578e,ReNew Power,2023,,Scope 3,Energy,Energy-Related Activities,2020,tonnes CO2e,1.00,high,statement_extraction,ReNew-Annual-Integrated-Report-FY-2023-24.pdf,e6110d30578e,2025-10-25T17:32:16.335Z,2025-10-25T17:32:16.335Z,2025-10-25T17:32:16.335Z,1.0,active
ccfa4ff4-da0e-45e4-b902-4fcc8cf418be,e6110d30578e,ReNew Power,2023,,Scope 3,Transportation,Business Travel & Logistics,432300,tonnes CO2e,1.00,high,statement_extraction,ReNew-Annual-Integrated-Report-FY-2023-24.pdf,e6110d30578e,2025-10-25T17:32:16.335Z,2025-10-25T17:32:16.335Z,2025-10-25T17:32:16.335Z,1.0,active
e4ab8da5-fdb7-49cf-9479-6bb81d15cca6,6c8a7e4f42d7,Signify,2025,,Total,General,Unspecified,17,tonnes CO2e,0.65,medium,statement_extraction,signify-annual-report-2018.pdf,6c8a7e4f42d7,2025-10-25T17:32:16.335Z,2025-10-25T17:32:16.335Z,2025-10-25T17:32:16.335Z,1.0,active
f68c8074-2633-4518-8fd3-cde6e6e1a03a,6c8a7e4f42d7,Signify,2025,,Total,General,Unspecified,4.4,tonnes CO2e,0.65,medium,statement_extraction,signify-annual-report-2018.pdf,6c8a7e4f42d7,2025-10-25T17:32:16.335Z,2025-10-25T17:32:16.335Z,2025-10-25T17:32:16.335Z,1.0,active
ddb295fc-5e04-4034-ad4e-5272e451ba7c,6c8a7e4f42d7,Signify,2025,,Total,General,Unspecified,79,tonnes CO2e,0.65,medium,statement_extraction,signify-annual-report-2018.pdf,6c8a7e4f42d7,2025-10-25T17:32:16.335Z,2025-10-25T17:32:16.335Z,2025-10-25T17:32:16.335Z,1.0,active
8cb97f4a-95d9-4872-a3d0-6babcb5f58d3,6c8a7e4f42d7,Signify,2025,,Total,Waste,Waste,82,tonnes CO2e,0.75,high,statement_extraction,signify-annual-report-2018.pdf,6c8a7e4f42d7,2025-10-25T17:32:16.335Z,2025-10-25T17:32:16.335Z,2025-10-25T17:32:16.335Z,1.0,active
2886fe2c-0647-43ce-a470-dff537517367,6c8a7e4f42d7,Signify,2025,,Total,General,Unspecified,3,tonnes CO2e,0.65,medium,statement_extraction,signify-annual-report-2018.pdf,6c8a7e4f42d7,2025-10-25T17:32:16.335Z,2025-10-25T17:32:16.335Z,2025-10-25T17:32:16.335Z,1.0,active
32ebf9a9-d763-4848-8ab3-3e19a9ca3438,6c8a7e4f42d7,Signify,2025,,Total,General,Unspecified,9,tonnes CO2e,0.65,medium,statement_extraction,signify-annual-report-2018.pdf,6c8a7e4f42d7,2025-10-25T17:32:16.335Z,2025-10-25T17:32:16.335Z,2025-10-25T17:32:16.335Z,1.0,active
0ae84afe-2ea8-4b9d-a5d9-8fbbf9685400,6c8a7e4f42d7,Signify,2025,,Total,General,Unspecified,81,tonnes CO2e,0.65,medium,statement_extraction,signify-annual-report-2018.pdf,6c8a7e4f42d7,2025-10-25T17:32:16.335Z,2025-10-25T17:32:16.335Z,2025-10-25T17:32:16.335Z,1.0,active
8077ed48-3bdc-4f17-99cc-41d90eb1516c,6c8a7e4f42d7,Signify,2025,,Total,General,Unspecified,51,tonnes CO2e,0.65,medium,statement_extraction,signify-annual-report-2018.pdf,6c8a7e4f42d7,2025-10-25T17:32:16.335Z,2025-10-25T17:32:16.335Z,2025-10-25T17:32:16.335Z,1.0,active
96b9fa53-ce92-4fdc-976b-8b2a4c21a382,6c8a7e4f42d7,Signify,2025,,Total,General,Unspecified,303,tonnes CO2e,0.65,medium,statement_extraction,signify-annual-report-2018.pdf,6c8a7e4f42d7,2025-10-25T17:32:16.335Z,2025-10-25T17:32:16.335Z,2025-10-25T17:32:16.335Z,1.0,active
dbb725df-e642-489c-b432-168dae04649e,6c8a7e4f42d7,Signify,2025,,Total,General,Unspecified,3211,tonnes CO2e,0.65,medium,statement_extraction,signify-annual-report-2018.pdf,6c8a7e4f42d7,2025-10-25T17:32:16.335Z,2025-10-25T17:32:16.335Z,2025-10-25T17:32:16.335Z,1.0,active
96d38b13-25b3-475e-afdb-fdc7573fbed3,6c8a7e4f42d7,Signify,2025,,Total,General,Unspecified,86181,tonnes CO2e,0.65,medium,statement_extraction,signify-annual-report-2018.pdf,6c8a7e4f42d7,2025-10-25T17:32:16.335Z,2025-10-25T17:32:16.335Z,2025-10-25T17:32:16.335Z,1.0,active
42d4a3cf-9833-4b01-9535-6e45e9e8347a,6c8a7e4f42d7,Signify,2025,,Total,General,Unspecified,2119,tonnes CO2e,0.65,medium,statement_extraction,signify-annual-report-2018.pdf,6c8a7e4f42d7,2025-10-25T17:32:16.335Z,2025-10-25T17:32:16.335Z,2025-10-25T17:32:16.335Z,1.0,active
66901fe4-6a09-4120-9435-395ea56add74,6c8a7e4f42d7,Signify,2025,,Total,General,Unspecified,1,tonnes CO2e,0.65,medium,statement_extraction,signify-annual-report-2018.pdf,6c8a7e4f42d7,2025-10-25T17:32:16.335Z,2025-10-25T17:32:16.335Z,2025-10-25T17:32:16.335Z,1.0,active
eb4b473c-5fe4-42bd-9249-73e0d8ccca3a,6c8a7e4f42d7,Signify,2025,,Total,General,Unspecified,197,tonnes CO2e,0.65,medium,statement_extraction,signify-annual-report-2018.pdf,6c8a7e4f42d7,2025-10-25T17:32:16.335Z,2025-10-25T17:32:16.335Z,2025-10-25T17:32:16.335Z,1.0,active
6a91e913-90ea-4076-944e-74967a47c558,6c8a7e4f42d7,Signify,2025,,Total,General,Unspecified,6181,tonnes CO2e,0.65,medium,statement_extraction,signify-annual-report-2018.pdf,6c8a7e4f42d7,2025-10-25T17:32:16.335Z,2025-10-25T17:32:16.335Z,2025-10-25T17:32:16.335Z,1.0,active
7fd81785-eb36-46de-b118-cce711f76d60,6c8a7e4f42d7,Signify,2025,,Total,General,Unspecified,10,tonnes CO2e,0.65,medium,statement_extraction,signify-annual-report-2018.pdf,6c8a7e4f42d7,2025-10-25T17:32:16.335Z,2025-10-25T17:32:16.335Z,2025-10-25T17:32:16.335Z,1.0,active
14a37c5a-d8f4-4b51-8af7-c7687e2c5c8d,6c8a7e4f42d7,Signify,2025,,Total,General,Unspecified,571,tonnes CO2e,0.65,medium,statement_extraction,signify-annual-report-2018.pdf,6c8a7e4f42d7,2025-10-25T17:32:16.335Z,2025-10-25T17:32:16.335Z,2025-10-25T17:32:16.335Z,1.0,active
78c03249-5b31-4ad5-a829-f8305a01ba5c,6c8a7e4f42d7,Signify,2025,,Total,General,Unspecified,5,tonnes CO2e,0.65,medium,statement_extraction,signify-annual-report-2018.pdf,6c8a7e4f42d7,2025-10-25T17:32:16.335Z,2025-10-25T17:32:16.335Z,2025-10-25T17:32:16.335Z,1.0,active
e18643b3-d5ab-4cfc-899c-3a3dcbeeb9d6,6c8a7e4f42d7,Signify,2025,,Total,General,Unspecified,8,tonnes CO2e,0.65,medium,statement_extraction,signify-annual-report-2018.pdf,6c8a7e4f42d7,2025-10-25T17:32:16.335Z,2025-10-25T17:32:16.335Z,2025-10-25T17:32:16.335Z,1.0,active
4bf98c41-6aef-4920-8b87-0e95dc34b98e,6c8a7e4f42d7,Signify,2017,,Total,General,Unspecified,97,tonnes CO2e,0.80,high,statement_extraction,signify-annual-report-2018.pdf,6c8a7e4f42d7,2025-10-25T17:32:16.335Z,2025-10-25T17:32:16.335Z,2025-10-25T17:32:16.335Z,1.0,active
6d488c6e-ad8b-461a-bd6c-bd7e71d06696,6c8a7e4f42d7,Signify,2025,,Total,General,Unspecified,231,tonnes CO2e,0.65,medium,statement_extraction,signify-annual-report-2018.pdf,6c8a7e4f42d7,2025-10-25T17:32:16.335Z,2025-10-25T17:32:16.335Z,2025-10-25T17:32:16.335Z,1.0,active
94160922-8a37-4d13-a485-393d2560079c,6c8a7e4f42d7,Signify,2025,,Total,General,Unspecified,4,tonnes CO2e,0.65,medium,statement_extraction,signify-annual-report-2018.pdf,6c8a7e4f42d7,2025-10-25T17:32:16.335Z,2025-10-25T17:32:16.335Z,2025-10-25T17:32:16.335Z,1.0,active
d779be68-dcf6-4202-b757-31fde4358f80,6c8a7e4f42d7,Signify,2025,,Total,General,Unspecified,48,tonnes CO2e,0.65,medium,statement_extraction,signify-annual-report-2018.pdf,6c8a7e4f42d7,2025-10-25T17:32:16.335Z,2025-10-25T17:32:16.335Z,2025-10-25T17:32:16.335Z,1.0,active
02f88ee7-fb6d-495e-82c1-a7a2b5b70e35,6c8a7e4f42d7,Signify,2025,,Total,General,Unspecified,58,tonnes CO2e,0.65,medium,statement_extraction,signify-annual-report-2018.pdf,6c8a7e4f42d7,2025-10-25T17:32:16.335Z,2025-10-25T17:32:16.335Z,2025-10-25T17:32:16.335Z,1.0,active
11104351-3232-4c2d-92dc-24ac801e1b13,6c8a7e4f42d7,Signify,2025,,Total,General,Unspecified,380,tonnes CO2e,0.65,medium,statement_extraction,signify-annual-report-2018.pdf,6c8a7e4f42d7,2025-10-25T17:32:16.335Z,2025-10-25T17:32:16.335Z,2025-10-25T17:32:16.335Z,1.0,active
428d32cb-ce2d-44f2-968b-d9820a05093d,6c8a7e4f42d7,Signify,2025,,Total,General,Unspecified,413,tonnes CO2e,0.65,medium,statement_extraction,signify-annual-report-2018.pdf,6c8a7e4f42d7,2025-10-25T17:32:16.335Z,2025-10-25T17:32:16.335Z,2025-10-25T17:32:16.335Z,1.0,active
2650e55e-121f-4b14-aa7b-20f88d60d225,6c8a7e4f42d7,Signify,2018,,Total,General,Unspecified,14,tonnes CO2e,0.80,high,statement_extraction,signify-annual-report-2018.pdf,6c8a7e4f42d7,2025-10-25T17:32:16.335Z,2025-10-25T17:32:16.335Z,2025-10-25T17:32:16.335Z,1.0,active
fe7ae55c-db72-4a3c-8b68-997b2672b41c,6c8a7e4f42d7,Signify,2025,,Total,General,Unspecified,60,tonnes CO2e,0.65,medium,statement_extraction,signify-annual-report-2018.pdf,6c8a7e4f42d7,2025-10-25T17:32:16.335Z,2025-10-25T17:32:16.335Z,2025-10-25T17:32:16.335Z,1.0,active
5645768f-16a6-420a-9da9-87d2400eedf0,6c8a7e4f42d7,Signify,2025,,Total,General,Unspecified,74,tonnes CO2e,0.65,medium,statement_extraction,signify-annual-report-2018.pdf,6c8a7e4f42d7,2025-10-25T17:32:16.335Z,2025-10-25T17:32:16.335Z,2025-10-25T17:32:16.335Z,1.0,active
d62ae91a-9259-4224-9c48-734a286d68c3,6c8a7e4f42d7,Signify,2025,,Total,General,Unspecified,77,tonnes CO2e,0.65,medium,statement_extraction,signify-annual-report-2018.pdf,6c8a7e4f42d7,2025-10-25T17:32:16.335Z,2025-10-25T17:32:16.335Z,2025-10-25T17:32:16.335Z,1.0,active
6c8a83aa-ebf4-4e6c-97c9-217f682c9187,6c8a7e4f42d7,Signify,2017,,Total,General,Unspecified,31,tonnes CO2e,0.80,high,statement_extraction,signify-annual-report-2018.pdf,6c8a7e4f42d7,2025-10-25T17:32:16.335Z,2025-10-25T17:32:16.335Z,2025-10-25T17:32:16.335Z,1.0,active
2db54df3-f450-4cd6-b5ba-fa77ba6401a0,6c8a7e4f42d7,Signify,2025,,Total,General,Unspecified,206,tonnes CO2e,0.65,medium,statement_extraction,signify-annual-report-2018.pdf,6c8a7e4f42d7,2025-10-25T17:32:16.335Z,2025-10-25T17:32:16.335Z,2025-10-25T17:32:16.335Z,1.0,active
7e15e725-7612-4a7e-82c2-2d1b8785c3f1,6c8a7e4f42d7,Signify,2025,,Total,General,Unspecified,70,tonnes CO2e,0.65,medium,statement_extraction,signify-annual-report-2018.pdf,6c8a7e4f42d7,2025-10-25T17:32:16.335Z,2025-10-25T17:32:16.335Z,2025-10-25T17:32:16.335Z,1.0,active
e72ea302-8995-4254-b4bc-d314981437f7,6c8a7e4f42d7,Signify,2025,,Total,General,Unspecified,878,tonnes CO2e,0.65,medium,statement_extraction,signify-annual-report-2018.pdf,6c8a7e4f42d7,2025-10-25T17:32:16.335Z,2025-10-25T17:32:16.335Z,2025-10-25T17:32:16.335Z,1.0,active
4ebebb73-e168-4379-b410-9747025d1f46,6c8a7e4f42d7,Signify,2025,,Total,General,Unspecified,2800000,tonnes CO2e,0.65,medium,statement_extraction,signify-annual-report-2018.pdf,6c8a7e4f42d7,2025-10-25T17:32:16.335Z,2025-10-25T17:32:16.335Z,2025-10-25T17:32:16.335Z,1.0,active
dc405cbd-f1d1-47ce-96fb-9310b3ac5fb1,6c8a7e4f42d7,Signify,2025,,Total,General,Unspecified,90,tonnes CO2e,0.65,medium,statement_extraction,signify-annual-report-2018.pdf,6c8a7e4f42d7,2025-10-25T17:32:16.335Z,2025-10-25T17:32:16.335Z,2025-10-25T17:32:16.335Z,1.0,active
d20b9c2d-61fa-48b3-be1d-a0ed4c2ffe05,6c8a7e4f42d7,Signify,2018,,Total,General,Unspecified,1853,tonnes CO2e,0.80,high,statement_extraction,signify-annual-report-2018.pdf,6c8a7e4f42d7,2025-10-25T17:32:16.335Z,2025-10-25T17:32:16.335Z,2025-10-25T17:32:16.335Z,1.0,active
a87394ce-f6d7-412d-8de3-7d08265af2d2,6c8a7e4f42d7,Signify,2025,,Total,General,Unspecified,65,tonnes CO2e,0.65,medium,statement_extraction,signify-annual-report-2018.pdf,6c8a7e4f42d7,2025-10-25T17:32:16.335Z,2025-10-25T17:32:16.335Z,2025-10-25T17:32:16.335Z,1.0,active
b9d7ed95-1011-461c-aa3e-e9cf281b9e8e,6c8a7e4f42d7,Signify,2017,,Total,General,Unspecified,26,tonnes CO2e,0.80,high,statement_extraction,signify-annual-report-2018.pdf,6c8a7e4f42d7,2025-10-25T17:32:16.335Z,2025-10-25T17:32:16.335Z,2025-10-25T17:32:16.335Z,1.0,active
f604944d-2504-439f-94dc-f159a2a0cf99,6c8a7e4f42d7,Signify,2025,,Total,General,Unspecified,22,tonnes CO2e,0.65,medium,statement_extraction,signify-annual-report-2018.pdf,6c8a7e4f42d7,2025-10-25T17:32:16.335Z,2025-10-25T17:32:16.335Z,2025-10-25T17:32:16.335Z,1.0,active
aefc8320-8f9a-444d-9f5a-97a93683499c,6c8a7e4f42d7,Signify,2025,,Total,General,Unspecified,78,tonnes CO2e,0.65,medium,statement_extraction,signify-annual-report-2018.pdf,6c8a7e4f42d7,2025-10-25T17:32:16.335Z,2025-10-25T17:32:16.335Z,2025-10-25T17:32:16.335Z,1.0,active
a9978240-7be1-4c06-8d38-2fb5d39a098f,6c8a7e4f42d7,Signify,2025,,Total,General,Unspecified,91265,tonnes CO2e,0.65,medium,statement_extraction,signify-annual-report-2018.pdf,6c8a7e4f42d7,2025-10-25T17:32:16.335Z,2025-10-25T17:32:16.335Z,2025-10-25T17:32:16.335Z,1.0,active
9a036a21-2fcd-41aa-b2be-9cf9d7004fd2,6c8a7e4f42d7,Signify,2025,,Total,General,Unspecified,168,tonnes CO2e,0.65,medium,statement_extraction,signify-annual-report-2018.pdf,6c8a7e4f42d7,2025-10-25T17:32:16.335Z,2025-10-25T17:32:16.335Z,2025-10-25T17:32:16.335Z,1.0,active
88e0a77b-ec61-4617-bebe-208f2c8729c2,6c8a7e4f42d7,Signify,2018,,Total,General,Unspecified,54,tonnes CO2e,0.80,high,statement_extraction,signify-annual-report-2018.pdf,6c8a7e4f42d7,2025-10-25T17:32:16.335Z,2025-10-25T17:32:16.335Z,2025-10-25T17:32:16.335Z,1.0,active
70f6207e-977a-4326-b3da-5a2500db2077,6c8a7e4f42d7,Signify,2025,,Total,General,Unspecified,288,tonnes CO2e,0.65,medium,statement_extraction,signify-annual-report-2018.pdf,6c8a7e4f42d7,2025-10-25T17:32:16.335Z,2025-10-25T17:32:16.335Z,2025-10-25T17:32:16.335Z,1.0,active
556c4fde-5178-4537-8925-70b35fdc770e,6c8a7e4f42d7,Signify,2025,,Total,General,Unspecified,444,tonnes CO2e,0.65,medium,statement_extraction,signify-annual-report-2018.pdf,6c8a7e4f42d7,2025-10-25T17:32:16.335Z,2025-10-25T17:32:16.335Z,2025-10-25T17:32:16.335Z,1.0,active
12c160c7-cf37-4781-a7a3-ce5ea7e85dc0,6c8a7e4f42d7,Signify,2025,,Total,General,Unspecified,18,tonnes CO2e,0.65,medium,statement_extraction,signify-annual-report-2018.pdf,6c8a7e4f42d7,2025-10-25T17:32:16.335Z,2025-10-25T17:32:16.335Z,2025-10-25T17:32:16.335Z,1.0,active
62b1b060-0e1e-4d61-9241-2f240788668e,6c8a7e4f42d7,Signify,2023,,Total,General,Unspecified,20212022,tonnes CO2e,0.80,high,statement_extraction,signify-annual-report-2018.pdf,6c8a7e4f42d7,2025-10-25T17:32:16.335Z,2025-10-25T17:32:16.335Z,2025-10-25T17:32:16.335Z,1.0,active
c1ac2287-b5b6-4f36-83b8-cc43ba559a33,6c8a7e4f42d7,Signify,2018,,Total,General,Unspecified,2,tonnes CO2e,0.80,high,statement_extraction,signify-annual-report-2018.pdf,6c8a7e4f42d7,2025-10-25T17:32:16.335Z,2025-10-25T17:32:16.335Z,2025-10-25T17:32:16.335Z,1.0,active
f19d328d-1216-4f6a-9c65-90a7bf6ba181,6c8a7e4f42d7,Signify,2018,,Total,General,Unspecified,1,tonnes CO2e,0.80,high,statement_extraction,signify-annual-report-2018.pdf,6c8a7e4f42d7,2025-10-25T17:32:16.335Z,2025-10-25T17:32:16.335Z,2025-10-25T17:32:16.335Z,1.0,active
f7e0290e-a80f-45f8-895e-ec0a24a00b74,6c8a7e4f42d7,Signify,2025,,Total,General,Unspecified,4175,tonnes CO2e,0.65,medium,statement_extraction,signify-annual-report-2018.pdf,6c8a7e4f42d7,2025-10-25T17:32:16.335Z,2025-10-25T17:32:16.335Z,2025-10-25T17:32:16.335Z,1.0,active
f755984d-e861-4394-beb1-2eb60df35bb3,6c8a7e4f42d7,Signify,2017,,Total,General,Unspecified,67,tonnes CO2e,0.80,high,statement_extraction,signify-annual-report-2018.pdf,6c8a7e4f42d7,2025-10-25T17:32:16.335Z,2025-10-25T17:32:16.335Z,2025-10-25T17:32:16.335Z,1.0,active
d1c3e4d5-6440-4d97-9ffe-e5545be13b25,6c8a7e4f42d7,Signify,2017,,Total,General,Unspecified,2,tonnes CO2e,0.80,high,statement_extraction,signify-annual-report-2018.pdf,6c8a7e4f42d7,2025-10-25T17:32:16.335Z,2025-10-25T17:32:16.335Z,2025-10-25T17:32:16.335Z,1.0,active
f6ed2b60-5aef-458c-b24d-c39b567bce04,6c8a7e4f42d7,Signify,2025,,Total,General,Unspecified,752,tonnes CO2e,0.65,medium,statement_extraction,signify-annual-report-2018.pdf,6c8a7e4f42d7,2025-10-25T17:32:16.335Z,2025-10-25T17:32:16.335Z,2025-10-25T17:32:16.335Z,1.0,active
8e5892ca-62a3-4e03-926a-d31de0b713f4,6c8a7e4f42d7,Signify,2018,,Total,General,Unspecified,31,tonnes CO2e,0.80,high,statement_extraction,signify-annual-report-2018.pdf,6c8a7e4f42d7,2025-10-25T17:32:16.335Z,2025-10-25T17:32:16.335Z,2025-10-25T17:32:16.335Z,1.0,active
8c631153-8452-4137-923b-5865237e0295,6c8a7e4f42d7,Signify,2025,,Total,General,Unspecified,19,tonnes CO2e,0.65,medium,statement_extraction,signify-annual-report-2018.pdf,6c8a7e4f42d7,2025-10-25T17:32:16.335Z,2025-10-25T17:32:16.335Z,2025-10-25T17:32:16.335Z,1.0,active
e3e2ffc7-4fb3-4deb-b422-9b713740977c,6c8a7e4f42d7,Signify,2025,,Total,General,Unspecified,32,tonnes CO2e,0.65,medium,statement_extraction,signify-annual-report-2018.pdf,6c8a7e4f42d7,2025-10-25T17:32:16.335Z,2025-10-25T17:32:16.335Z,2025-10-25T17:32:16.335Z,1.0,active
bfaa164a-97f1-460e-98e2-2bde8b25c6f9,6c8a7e4f42d7,Signify,2025,,Total,General,Unspecified,7,tonnes CO2e,0.65,medium,statement_extraction,signify-annual-report-2018.pdf,6c8a7e4f42d7,2025-10-25T17:32:16.335Z,2025-10-25T17:32:16.335Z,2025-10-25T17:32:16.335Z,1.0,active
d2073dd8-7024-4352-8571-ca3d821ca7a3,6c8a7e4f42d7,Signify,2025,,Total,General,Unspecified,956,tonnes CO2e,0.65,medium,statement_extraction,signify-annual-report-2018.pdf,6c8a7e4f42d7,2025-10-25T17:32:16.335Z,2025-10-25T17:32:16.335Z,2025-10-25T17:32:16.335Z,1.0,active
02a28f27-90a0-4e29-a9d6-92e71185f9a0,6c8a7e4f42d7,Signify,2025,,Scope 1,General,Unspecified,2201570,tonnes CO2e,0.75,high,statement_extraction,signify-annual-report-2018.pdf,6c8a7e4f42d7,2025-10-25T17:32:16.335Z,2025-10-25T17:32:16.335Z,2025-10-25T17:32:16.335Z,1.0,active
3e2d6816-975a-423d-8438-83c29c5ba9b2,6c8a7e4f42d7,Signify,2025,,Scope 1,General,Unspecified,201530,tonnes CO2e,0.75,high,statement_extraction,signify-annual-report-2018.pdf,6c8a7e4f42d7,2025-10-25T17:32:16.335Z,2025-10-25T17:32:16.335Z,2025-10-25T17:32:16.335Z,1.0,active
c51a2852-2109-4744-a70a-61c04838782e,6c8a7e4f42d7,Signify,2025,,Total,General,Unspecified,37,tonnes CO2e,0.65,medium,statement_extraction,signify-annual-report-2018.pdf,6c8a7e4f42d7,2025-10-25T17:32:16.335Z,2025-10-25T17:32:16.335Z,2025-10-25T17:32:16.335Z,1.0,active
db9b5be3-b057-4b90-8421-8c044b1c092e,6c8a7e4f42d7,Signify,2018,,Total,General,Unspecified,15,tonnes CO2e,0.80,high,statement_extraction,signify-annual-report-2018.pdf,6c8a7e4f42d7,2025-10-25T17:32:16.335Z,2025-10-25T17:32:16.335Z,2025-10-25T17:32:16.335Z,1.0,active
e9f7311d-2354-4202-bab5-f4e0264425f1,6c8a7e4f42d7,Signify,2025,,Total,General,Unspecified,169,tonnes CO2e,0.65,medium,statement_extraction,signify-annual-report-2018.pdf,6c8a7e4f42d7,2025-10-25T17:32:16.335Z,2025-10-25T17:32:16.335Z,2025-10-25T17:32:16.335Z,1.0,active
1253a747-4761-487d-bcb9-84da27fc4682,6c8a7e4f42d7,Signify,2025,,Scope 1,Direct Emissions,Direct Operations,2,tonnes CO2e,0.85,high,statement_extraction,signify-annual-report-2018.pdf,6c8a7e4f42d7,2025-10-25T17:32:16.335Z,2025-10-25T17:32:16.335Z,2025-10-25T17:32:16.335Z,1.0,active
f5539ace-5b51-435b-8496-501b3a06ef23,6c8a7e4f42d7,Signify,2018,,Scope 1,General,Unspecified,2,tonnes CO2e,0.90,high,statement_extraction,signify-annual-report-2018.pdf,6c8a7e4f42d7,2025-10-25T17:32:16.335Z,2025-10-25T17:32:16.335Z,2025-10-25T17:32:16.335Z,1.0,active
d1631603-aeb0-451f-b87e-6166b7d79d14,6c8a7e4f42d7,Signify,2018,,Total,General,Unspecified,360,tonnes CO2e,0.80,high,statement_extraction,signify-annual-report-2018.pdf,6c8a7e4f42d7,2025-10-25T17:32:16.335Z,2025-10-25T17:32:16.335Z,2025-10-25T17:32:16.335Z,1.0,active
3203bc73-60e9-4424-a9c8-fde8ad8fa52c,6c8a7e4f42d7,Signify,2025,,Scope 1,General,Unspecified,80,tonnes CO2e,0.75,high,statement_extraction,signify-annual-report-2018.pdf,6c8a7e4f42d7,2025-10-25T17:32:16.335Z,2025-10-25T17:32:16.335Z,2025-10-25T17:32:16.335Z,1.0,active
8bedd00d-d47c-418c-ae37-38cd96779c20,6c8a7e4f42d7,Signify,2025,,Scope 1,General,Unspecified,62,tonnes CO2e,0.75,high,statement_extraction,signify-annual-report-2018.pdf,6c8a7e4f42d7,2025-10-25T17:32:16.335Z,2025-10-25T17:32:16.335Z,2025-10-25T17:32:16.335Z,1.0,active
a70ea580-9580-434b-9561-a5521c895af7,6c8a7e4f42d7,Signify,2025,,Scope 1,General,Unspecified,71,tonnes CO2e,0.75,high,statement_extraction,signify-annual-report-2018.pdf,6c8a7e4f42d7,2025-10-25T17:32:16.335Z,2025-10-25T17:32:16.335Z,2025-10-25T17:32:16.335Z,1.0,active
a595fb84-7e95-44d5-afa0-6f48db322a1e,6c8a7e4f42d7,Signify,2020,,Total,General,Unspecified,24,tonnes CO2e,0.80,high,statement_extraction,signify-annual-report-2018.pdf,6c8a7e4f42d7,2025-10-25T17:32:16.335Z,2025-10-25T17:32:16.335Z,2025-10-25T17:32:16.335Z,1.0,active
a5f7546a-32d3-42c1-8eef-b2b1f77c1bd1,6c8a7e4f42d7,Signify,2025,,Scope 1,General,Unspecified,2,tonnes CO2e,0.75,high,statement_extraction,signify-annual-report-2018.pdf,6c8a7e4f42d7,2025-10-25T17:32:16.335Z,2025-10-25T17:32:16.335Z,2025-10-25T17:32:16.335Z,1.0,active
b3a10264-72fa-4aef-8fb6-88657049d24c,6c8a7e4f42d7,Signify,2018,,Total,General,Unspecified,3,tonnes CO2e,0.80,high,statement_extraction,signify-annual-report-2018.pdf,6c8a7e4f42d7,2025-10-25T17:32:16.335Z,2025-10-25T17:32:16.335Z,2025-10-25T17:32:16.335Z,1.0,active
6ebfa6c7-04a9-425b-96e8-fdce2adc22d8,6c8a7e4f42d7,Signify,2025,,Total,Waste,Waste,6,tonnes CO2e,0.75,high,statement_extraction,signify-annual-report-2018.pdf,6c8a7e4f42d7,2025-10-25T17:32:16.335Z,2025-10-25T17:32:16.335Z,2025-10-25T17:32:16.335Z,1.0,active
c33b1a1b-2827-4aab-a61a-3a05c6646b18,6c8a7e4f42d7,Signify,2025,,Total,Waste,Waste,0.8,kt CO2e,0.75,high,statement_extraction,signify-annual-report-2018.pdf,6c8a7e4f42d7,2025-10-25T17:32:16.335Z,2025-10-25T17:32:16.335Z,2025-10-25T17:32:16.335Z,1.0,active
3c9ebed0-505e-496d-b876-d4b06b6da6db,6c8a7e4f42d7,Signify,2018,,Total,Waste,Waste,41,kt CO2e,0.90,high,statement_extraction,signify-annual-report-2018.pdf,6c8a7e4f42d7,2025-10-25T17:32:16.335Z,2025-10-25T17:32:16.335Z,2025-10-25T17:32:16.335Z,1.0,active
89fc0503-f681-48d5-a4db-4847da9559d5,6c8a7e4f42d7,Signify,2018,,Total,General,Unspecified,1266,tonnes CO2e,0.80,high,statement_extraction,signify-annual-report-2018.pdf,6c8a7e4f42d7,2025-10-25T17:32:16.335Z,2025-10-25T17:32:16.335Z,2025-10-25T17:32:16.335Z,1.0,active
43f180c7-a351-4e75-8661-b83097ccf7de,6c8a7e4f42d7,Signify,2018,,Total,General,Unspecified,4,tonnes CO2e,0.80,high,statement_extraction,signify-annual-report-2018.pdf,6c8a7e4f42d7,2025-10-25T17:32:16.335Z,2025-10-25T17:32:16.335Z,2025-10-25T17:32:16.335Z,1.0,active
893ea34f-5bb6-45ce-8ad8-639e3ced59bc,6c8a7e4f42d7,Signify,2025,,Total,General,Unspecified,8.7,tonnes CO2e,0.65,medium,statement_extraction,signify-annual-report-2018.pdf,6c8a7e4f42d7,2025-10-25T17:32:16.335Z,2025-10-25T17:32:16.335Z,2025-10-25T17:32:16.335Z,1.0,active
38119223-a8b8-46c3-90c1-c78ebb35b64c,6c8a7e4f42d7,Signify,2018,,Total,General,Unspecified,9,tonnes CO2e,0.80,high,statement_extraction,signify-annual-report-2018.pdf,6c8a7e4f42d7,2025-10-25T17:32:16.335Z,2025-10-25T17:32:16.335Z,2025-10-25T17:32:16.335Z,1.0,active
ab60b9d6-7be7-410a-87ca-ef9c5cdeb048,6c8a7e4f42d7,Signify,2018,,Total,General,Unspecified,5,tonnes CO2e,0.80,high,statement_extraction,signify-annual-report-2018.pdf,6c8a7e4f42d7,2025-10-25T17:32:16.335Z,2025-10-25T17:32:16.335Z,2025-10-25T17:32:16.335Z,1.0,active
b97dee1b-26ca-4b95-8738-8b5198232e06,6c8a7e4f42d7,Signify,2018,,Scope 1,Waste,Waste,2201570,tonnes CO2e,1.00,high,statement_extraction,signify-annual-report-2018.pdf,6c8a7e4f42d7,2025-10-25T17:32:16.335Z,2025-10-25T17:32:16.335Z,2025-10-25T17:32:16.335Z,1.0,active
915bd680-1f91-4410-8e2f-d64db9400acc,6c8a7e4f42d7,Signify,2025,,Scope 1,General,Unspecified,70,tonnes CO2e,0.75,high,statement_extraction,signify-annual-report-2018.pdf,6c8a7e4f42d7,2025-10-25T17:32:16.335Z,2025-10-25T17:32:16.335Z,2025-10-25T17:32:16.335Z,1.0,active
50add1d1-edc4-4d28-a9c7-da6a446942db,6c8a7e4f42d7,Signify,2025,,Scope 1,General,Unspecified,257,tonnes CO2e,0.75,high,statement_extraction,signify-annual-report-2018.pdf,6c8a7e4f42d7,2025-10-25T17:32:16.335Z,2025-10-25T17:32:16.335Z,2025-10-25T17:32:16.335Z,1.0,active
623560a7-c53d-4575-a02b-3a1a879bffa6,6c8a7e4f42d7,Signify,2018,,Scope 2,Supply Chain,Supply Chain,201570,tonnes CO2e,1.00,high,statement_extraction,signify-annual-report-2018.pdf,6c8a7e4f42d7,2025-10-25T17:32:16.335Z,2025-10-25T17:32:16.335Z,2025-10-25T17:32:16.335Z,1.0,active
605ad2e1-2970-4bce-82c6-9d77ad96b906,6c8a7e4f42d7,Signify,2018,,Scope 2,General,Unspecified,2018,tonnes CO2e,0.90,high,statement_extraction,signify-annual-report-2018.pdf,6c8a7e4f42d7,2025-10-25T17:32:16.335Z,2025-10-25T17:32:16.335Z,2025-10-25T17:32:16.335Z,1.0,active
73ef0838-c21a-4f32-b14d-5770cbeb266c,6c8a7e4f42d7,Signify,2025,,Scope 2,General,Unspecified,56,tonnes CO2e,0.75,high,statement_extraction,signify-annual-report-2018.pdf,6c8a7e4f42d7,2025-10-25T17:32:16.335Z,2025-10-25T17:32:16.335Z,2025-10-25T17:32:16.335Z,1.0,active
fb332932-b2cd-455c-b73e-536e368f8b4d,6c8a7e4f42d7,Signify,2018,,Scope 3,Supply Chain,Supply Chain,201530,tonnes CO2e,1.00,high,statement_extraction,signify-annual-report-2018.pdf,6c8a7e4f42d7,2025-10-25T17:32:16.335Z,2025-10-25T17:32:16.335Z,2025-10-25T17:32:16.335Z,1.0,active
8a9b359f-fa89-4662-bc67-044450ad4dca,38aff33d9496,STG,2025,,Total,General,Unspecified,2,tonnes CO2e,0.65,medium,statement_extraction,STG_SR24_English.-compressed.pdf,38aff33d9496,2025-10-25T17:32:16.335Z,2025-10-25T17:32:16.335Z,2025-10-25T17:32:16.335Z,1.0,active
7d1bd5a8-6e1b-4d5e-85d0-a6d9903db1a4,38aff33d9496,STG,2025,,Total,General,Unspecified,5,tonnes CO2e,0.65,medium,statement_extraction,STG_SR24_English.-compressed.pdf,38aff33d9496,2025-10-25T17:32:16.335Z,2025-10-25T17:32:16.335Z,2025-10-25T17:32:16.335Z,1.0,active
6c0e14ef-e4ae-466c-af87-ff465193ceb9,38aff33d9496,STG,2025,,Scope 3,General,Unspecified,3,tonnes CO2e,0.75,high,statement_extraction,STG_SR24_English.-compressed.pdf,38aff33d9496,2025-10-25T17:32:16.335Z,2025-10-25T17:32:16.335Z,2025-10-25T17:32:16.335Z,1.0,active
8d5e18a4-26c5-451f-9e21-459cf0dfb8c4,38aff33d9496,STG,2025,,Scope 1,General,Unspecified,1,tonnes CO2e,0.75,high,statement_extraction,STG_SR24_English.-compressed.pdf,38aff33d9496,2025-10-25T17:32:16.335Z,2025-10-25T17:32:16.335Z,2025-10-25T17:32:16.335Z,1.0,active
34040b57-ea27-4377-a00c-963b94f5e55a,38aff33d9496,STG,2025,,Total,General,Unspecified,21,tonnes CO2e,0.65,medium,statement_extraction,STG_SR24_English.-compressed.pdf,38aff33d9496,2025-10-25T17:32:16.335Z,2025-10-25T17:32:16.335Z,2025-10-25T17:32:16.335Z,1.0,active
67ac2030-a84b-4f7e-a864-fd3fd28017b9,38aff33d9496,STG,2025,,Total,General,Unspecified,131,tonnes CO2e,0.65,medium,statement_extraction,STG_SR24_English.-compressed.pdf,38aff33d9496,2025-10-25T17:32:16.335Z,2025-10-25T17:32:16.335Z,2025-10-25T17:32:16.335Z,1.0,active
68e3d71c-0882-4d5f-9732-73bbb1fd271d,38aff33d9496,STG,2025,,Scope 1,Direct Emissions,Direct Operations,1,tonnes CO2e,0.85,high,statement_extraction,STG_SR24_English.-compressed.pdf,38aff33d9496,2025-10-25T17:32:16.335Z,2025-10-25T17:32:16.335Z,2025-10-25T17:32:16.335Z,1.0,active
f2e5b6c1-5151-4b95-999f-e5fe2c5053aa,38aff33d9496,STG,2025,,Scope 2,Direct Emissions,Indirect Energy,2,tonnes CO2e,0.85,high,statement_extraction,STG_SR24_English.-compressed.pdf,38aff33d9496,2025-10-25T17:32:16.335Z,2025-10-25T17:32:16.335Z,2025-10-25T17:32:16.335Z,1.0,active
00b326d6-e299-498e-8024-111ed76f7d53,38aff33d9496,STG,2025,,Scope 3,Direct Emissions,Value Chain,3,tonnes CO2e,0.85,high,statement_extraction,STG_SR24_English.-compressed.pdf,38aff33d9496,2025-10-25T17:32:16.335Z,2025-10-25T17:32:16.335Z,2025-10-25T17:32:16.335Z,1.0,active
231e87fa-18e5-4f12-96fe-5aefce82e6af,38aff33d9496,STG,2025,,Total,Direct Emissions,Direct Emissions,4,tonnes CO2e,0.75,high,statement_extraction,STG_SR24_English.-compressed.pdf,38aff33d9496,2025-10-25T17:32:16.335Z,2025-10-25T17:32:16.335Z,2025-10-25T17:32:16.335Z,1.0,active
ec99853d-2fce-48f6-bf23-9db77c46d7b6,38aff33d9496,STG,2025,,Total,General,Unspecified,128,tonnes CO2e,0.65,medium,statement_extraction,STG_SR24_English.-compressed.pdf,38aff33d9496,2025-10-25T17:32:16.335Z,2025-10-25T17:32:16.335Z,2025-10-25T17:32:16.335Z,1.0,active
e401301e-17bb-4080-ba1a-4c1321baa27f,38aff33d9496,STG,2025,,Total,General,Unspecified,6,tonnes CO2e,0.65,medium,statement_extraction,STG_SR24_English.-compressed.pdf,38aff33d9496,2025-10-25T17:32:16.335Z,2025-10-25T17:32:16.335Z,2025-10-25T17:32:16.335Z,1.0,active
edd4f2f0-341a-428f-98a6-8f79125ccbba,38aff33d9496,STG,2025,,Total,Waste,Waste,131,tonnes CO2e,0.75,high,statement_extraction,STG_SR24_English.-compressed.pdf,38aff33d9496,2025-10-25T17:32:16.335Z,2025-10-25T17:32:16.335Z,2025-10-25T17:32:16.335Z,1.0,active
59749c70-a990-441e-9109-244e6ce39eb6,38aff33d9496,STG,2025,,Total,General,Unspecified,135,tonnes CO2e,0.65,medium,statement_extraction,STG_SR24_English.-compressed.pdf,38aff33d9496,2025-10-25T17:32:16.335Z,2025-10-25T17:32:16.335Z,2025-10-25T17:32:16.335Z,1.0,active
2037a6d4-66d6-4a37-9c3c-39dc170bb8ff,38aff33d9496,STG,2024,,Total,General,Unspecified,2.5,tonnes CO2e,0.80,high,statement_extraction,STG_SR24_English.-compressed.pdf,38aff33d9496,2025-10-25T17:32:16.335Z,2025-10-25T17:32:16.335Z,2025-10-25T17:32:16.335Z,1.0,active
b1fb4762-ae78-43c8-8a44-c5547bb351f5,38aff33d9496,STG,2025,,Scope 3,Energy,Energy-Related Activities,2024,tonnes CO2e,0.85,high,statement_extraction,STG_SR24_English.-compressed.pdf,38aff33d9496,2025-10-25T17:32:16.335Z,2025-10-25T17:32:16.335Z,2025-10-25T17:32:16.335Z,1.0,active
c4e816a9-3dc0-4f14-bd84-63c6e03262f4,960d21523f72,en,2025,,Total,General,Unspecified,84,tonnes CO2e,0.65,medium,statement_extraction,sustainabilityreport2022_en.pdf,960d21523f72,2025-10-25T17:32:16.335Z,2025-10-25T17:32:16.335Z,2025-10-25T17:32:16.335Z,1.0,active
c977294a-82ad-40ba-84cc-142bc89f32b0,960d21523f72,en,2025,,Total,General,Unspecified,16,tonnes CO2e,0.65,medium,statement_extraction,sustainabilityreport2022_en.pdf,960d21523f72,2025-10-25T17:32:16.335Z,2025-10-25T17:32:16.335Z,2025-10-25T17:32:16.335Z,1.0,active
908d859d-f8bd-4156-9b9f-bc5fc2889abe,960d21523f72,en,2025,,Total,General,Unspecified,67,tonnes CO2e,0.65,medium,statement_extraction,sustainabilityreport2022_en.pdf,960d21523f72,2025-10-25T17:32:16.335Z,2025-10-25T17:32:16.335Z,2025-10-25T17:32:16.335Z,1.0,active
58f4105e-6b8e-49ca-9d6d-5c6380d996fc,960d21523f72,en,2025,,Total,General,Unspecified,33,tonnes CO2e,0.65,medium,statement_extraction,sustainabilityreport2022_en.pdf,960d21523f72,2025-10-25T17:32:16.335Z,2025-10-25T17:32:16.335Z,2025-10-25T17:32:16.335Z,1.0,active
35a7b7e7-fb43-480e-9364-8cbab4f6e9b6,960d21523f72,en,2025,,Total,General,Unspecified,16552297,tonnes CO2e,0.65,medium,statement_extraction,sustainabilityreport2022_en.pdf,960d21523f72,2025-10-25T17:32:16.335Z,2025-10-25T17:32:16.335Z,2025-10-25T17:32:16.335Z,1.0,active
1ee71962-c128-46dd-8011-fbc7d2016a33,960d21523f72,en,2021,,Total,General,Unspecified,1.5,tonnes CO2e,0.80,high,statement_extraction,sustainabilityreport2022_en.pdf,960d21523f72,2025-10-25T17:32:16.335Z,2025-10-25T17:32:16.335Z,2025-10-25T17:32:16.335Z,1.0,active
3a5e1ed5-6f36-4d10-b590-b3714b88d5de,960d21523f72,en,2021,,Total,Direct Emissions,Direct Emissions,12,tonnes CO2e,0.90,high,statement_extraction,sustainabilityreport2022_en.pdf,960d21523f72,2025-10-25T17:32:16.335Z,2025-10-25T17:32:16.335Z,2025-10-25T17:32:16.335Z,1.0,active
b15d1955-0810-406f-8646-124b19b975a8,960d21523f72,en,2021,,Total,Direct Emissions,Direct Emissions,14,tonnes CO2e,0.90,high,statement_extraction,sustainabilityreport2022_en.pdf,960d21523f72,2025-10-25T17:32:16.335Z,2025-10-25T17:32:16.335Z,2025-10-25T17:32:16.335Z,1.0,active
767bc112-725d-4f4b-9c7c-c3d615f0824f,960d21523f72,en,2021,,Total,General,Unspecified,600,tonnes CO2e,0.80,high,statement_extraction,sustainabilityreport2022_en.pdf,960d21523f72,2025-10-25T17:32:16.335Z,2025-10-25T17:32:16.335Z,2025-10-25T17:32:16.335Z,1.0,active
8fc45a81-55f7-4032-8bb1-6624bfa7f0c7,960d21523f72,en,2025,,Total,General,Unspecified,233,tonnes CO2e,0.65,medium,statement_extraction,sustainabilityreport2022_en.pdf,960d21523f72,2025-10-25T17:32:16.335Z,2025-10-25T17:32:16.335Z,2025-10-25T17:32:16.335Z,1.0,active
70ce6bcf-dbf5-492e-b3fd-e154121f2afe,960d21523f72,en,2025,,Total,General,Unspecified,98,tonnes CO2e,0.65,medium,statement_extraction,sustainabilityreport2022_en.pdf,960d21523f72,2025-10-25T17:32:16.335Z,2025-10-25T17:32:16.335Z,2025-10-25T17:32:16.335Z,1.0,active
7b046757-abc2-4aca-967e-61411caad94b,960d21523f72,en,2025,,Scope 1,Direct Emissions,Direct Operations,1,tonnes CO2e,0.85,high,statement_extraction,sustainabilityreport2022_en.pdf,960d21523f72,2025-10-25T17:32:16.335Z,2025-10-25T17:32:16.335Z,2025-10-25T17:32:16.335Z,1.0,active
8ed7fcd5-3e46-4f0a-9808-8d3b0da7caaf,960d21523f72,en,2021,,Total,Direct Emissions,Direct Emissions,1053000,tonnes CO2e,0.90,high,statement_extraction,sustainabilityreport2022_en.pdf,960d21523f72,2025-10-25T17:32:16.335Z,2025-10-25T17:32:16.335Z,2025-10-25T17:32:16.335Z,1.0,active
7b82759e-0883-45c2-a1a4-f3af481ac488,960d21523f72,en,2022,,Total,Direct Emissions,Direct Emissions,11000,tonnes CO2e,0.90,high,statement_extraction,sustainabilityreport2022_en.pdf,960d21523f72,2025-10-25T17:32:16.335Z,2025-10-25T17:32:16.335Z,2025-10-25T17:32:16.335Z,1.0,active
6505c89b-ef26-4bcc-bc10-7d071732760c,960d21523f72,en,2025,,Total,Energy,Energy,2040,tonnes CO2e,0.75,high,statement_extraction,sustainabilityreport2022_en.pdf,960d21523f72,2025-10-25T17:32:16.335Z,2025-10-25T17:32:16.335Z,2025-10-25T17:32:16.335Z,1.0,active
0061cb98-96e2-4a91-9960-6c2757b8c2e7,960d21523f72,en,2019,,Total,Direct Emissions,Direct Emissions,3,tonnes CO2e,0.90,high,statement_extraction,sustainabilityreport2022_en.pdf,960d21523f72,2025-10-25T17:32:16.335Z,2025-10-25T17:32:16.335Z,2025-10-25T17:32:16.335Z,1.0,active
0f34d8c6-c6a8-4385-90d5-e36b96802d34,960d21523f72,en,2025,,Total,General,Unspecified,50,tonnes CO2e,0.65,medium,statement_extraction,sustainabilityreport2022_en.pdf,960d21523f72,2025-10-25T17:32:16.335Z,2025-10-25T17:32:16.335Z,2025-10-25T17:32:16.335Z,1.0,active
1acfe267-326c-48f7-b81b-89de545f8fc8,960d21523f72,en,2022,,Total,General,Unspecified,11000,tonnes CO2e,0.80,high,statement_extraction,sustainabilityreport2022_en.pdf,960d21523f72,2025-10-25T17:32:16.335Z,2025-10-25T17:32:16.335Z,2025-10-25T17:32:16.335Z,1.0,active
0a25f469-2f3e-46af-9eb0-8608393e9c33,960d21523f72,en,2025,,Total,General,Unspecified,11000,tonnes CO2e,0.65,medium,statement_extraction,sustainabilityreport2022_en.pdf,960d21523f72,2025-10-25T17:32:16.335Z,2025-10-25T17:32:16.335Z,2025-10-25T17:32:16.335Z,1.0,active
b035a595-2e92-4a1a-a3b3-3a304c7e69f4,960d21523f72,en,2025,,Total,General,Unspecified,1053000,tonnes CO2e,0.65,medium,statement_extraction,sustainabilityreport2022_en.pdf,960d21523f72,2025-10-25T17:32:16.335Z,2025-10-25T17:32:16.335Z,2025-10-25T17:32:16.335Z,1.0,active
58db44d7-e55d-4382-bb43-72e9aca06042,960d21523f72,en,2030,1,Total,General,Unspecified,11000,tonnes CO2e,0.80,high,statement_extraction,sustainabilityreport2022_en.pdf,960d21523f72,2025-10-25T17:32:16.335Z,2025-10-25T17:32:16.335Z,2025-10-25T17:32:16.335Z,1.0,active
3476bbc6-381c-4aa1-8b1f-f1122922afaf,960d21523f72,en,2025,,Total,General,Unspecified,11,tonnes CO2e,0.65,medium,statement_extraction,sustainabilityreport2022_en.pdf,960d21523f72,2025-10-25T17:32:16.335Z,2025-10-25T17:32:16.335Z,2025-10-25T17:32:16.335Z,1.0,active
0e4138fc-f902-431f-bab4-f8efc8b9efe3,960d21523f72,en,2025,,Total,General,Unspecified,2050,tonnes CO2e,0.65,medium,statement_extraction,sustainabilityreport2022_en.pdf,960d21523f72,2025-10-25T17:32:16.335Z,2025-10-25T17:32:16.335Z,2025-10-25T17:32:16.335Z,1.0,active
093c468e-e42a-48c0-b41b-7521de9bb7b2,960d21523f72,en,2021,,Total,Energy,Energy,2,tonnes CO2e,0.90,high,statement_extraction,sustainabilityreport2022_en.pdf,960d21523f72,2025-10-25T17:32:16.335Z,2025-10-25T17:32:16.335Z,2025-10-25T17:32:16.335Z,1.0,active
0e29fd98-18bb-4772-ac70-26dd0e05c19d,960d21523f72,en,2025,,Scope 1,General,Unspecified,2,tonnes CO2e,0.75,high,statement_extraction,sustainabilityreport2022_en.pdf,960d21523f72,2025-10-25T17:32:16.335Z,2025-10-25T17:32:16.335Z,2025-10-25T17:32:16.335Z,1.0,active
677dcfe2-c30e-4abb-94d5-da0dbdd4adf6,960d21523f72,en,2025,,Total,General,Unspecified,633,tonnes CO2e,0.65,medium,statement_extraction,sustainabilityreport2022_en.pdf,960d21523f72,2025-10-25T17:32:16.335Z,2025-10-25T17:32:16.335Z,2025-10-25T17:32:16.335Z,1.0,active
3b193e05-446f-41fb-9b8d-5d046757e478,960d21523f72,en,2025,,Total,General,Unspecified,420,tonnes CO2e,0.65,medium,statement_extraction,sustainabilityreport2022_en.pdf,960d21523f72,2025-10-25T17:32:16.335Z,2025-10-25T17:32:16.335Z,2025-10-25T17:32:16.335Z,1.0,active
f4720707-1c71-4bdb-ae0c-2ee43fc4a12a,960d21523f72,en,2025,,Total,General,Unspecified,494,tonnes CO2e,0.65,medium,statement_extraction,sustainabilityreport2022_en.pdf,960d21523f72,2025-10-25T17:32:16.335Z,2025-10-25T17:32:16.335Z,2025-10-25T17:32:16.335Z,1.0,active
97dce6a3-9cf6-40d0-a2a4-8917df20d8b3,960d21523f72,en,2021,,Scope 1,General,Unspecified,2,tonnes CO2e,0.90,high,statement_extraction,sustainabilityreport2022_en.pdf,960d21523f72,2025-10-25T17:32:16.335Z,2025-10-25T17:32:16.335Z,2025-10-25T17:32:16.335Z,1.0,active
10ee2387-23fc-4ea8-9817-e413387f0064,960d21523f72,en,2025,,Scope 3,General,Unspecified,3,tonnes CO2e,0.75,high,statement_extraction,sustainabilityreport2022_en.pdf,960d21523f72,2025-10-25T17:32:16.335Z,2025-10-25T17:32:16.335Z,2025-10-25T17:32:16.335Z,1.0,active
63dd0800-ae24-4784-896e-cc6ad1a1fafa,960d21523f72,en,2025,,Total,General,Unspecified,23601113,tonnes CO2e,0.65,medium,statement_extraction,sustainabilityreport2022_en.pdf,960d21523f72,2025-10-25T17:32:16.335Z,2025-10-25T17:32:16.335Z,2025-10-25T17:32:16.335Z,1.0,active
5c20299a-7f90-4483-b60c-431eeb697f17,960d21523f72,en,2025,,Total,General,Unspecified,907,tonnes CO2e,0.65,medium,statement_extraction,sustainabilityreport2022_en.pdf,960d21523f72,2025-10-25T17:32:16.335Z,2025-10-25T17:32:16.335Z,2025-10-25T17:32:16.335Z,1.0,active
5ef14abb-6f37-4be0-ba27-c9d07c609119,960d21523f72,en,2025,,Total,General,Unspecified,373,tonnes CO2e,0.65,medium,statement_extraction,sustainabilityreport2022_en.pdf,960d21523f72,2025-10-25T17:32:16.335Z,2025-10-25T17:32:16.335Z,2025-10-25T17:32:16.335Z,1.0,active
3771e46c-dc24-4fcc-a5f0-6904164a28a4,960d21523f72,en,2025,,Total,General,Unspecified,10563,tonnes CO2e,0.65,medium,statement_extraction,sustainabilityreport2022_en.pdf,960d21523f72,2025-10-25T17:32:16.335Z,2025-10-25T17:32:16.335Z,2025-10-25T17:32:16.335Z,1.0,active
6566d38f-81e2-457c-a86f-2a6a95e19c12,960d21523f72,en,2025,,Total,General,Unspecified,54,tonnes CO2e,0.65,medium,statement_extraction,sustainabilityreport2022_en.pdf,960d21523f72,2025-10-25T17:32:16.335Z,2025-10-25T17:32:16.335Z,2025-10-25T17:32:16.335Z,1.0,active
a77d87c7-eb62-4494-963d-3406db1f84b3,960d21523f72,en,2025,,Total,General,Unspecified,9425,tonnes CO2e,0.65,medium,statement_extraction,sustainabilityreport2022_en.pdf,960d21523f72,2025-10-25T17:32:16.335Z,2025-10-25T17:32:16.335Z,2025-10-25T17:32:16.335Z,1.0,active
9e3e1b90-4504-4f36-9ff6-161f279363d0,960d21523f72,en,2025,,Total,General,Unspecified,976,tonnes CO2e,0.65,medium,statement_extraction,sustainabilityreport2022_en.pdf,960d21523f72,2025-10-25T17:32:16.335Z,2025-10-25T17:32:16.335Z,2025-10-25T17:32:16.335Z,1.0,active
8d1b68c3-363f-4927-baa1-4f4b95ad75b7,960d21523f72,en,2025,,Total,General,Unspecified,22531,tonnes CO2e,0.65,medium,statement_extraction,sustainabilityreport2022_en.pdf,960d21523f72,2025-10-25T17:32:16.335Z,2025-10-25T17:32:16.335Z,2025-10-25T17:32:16.335Z,1.0,active
7de8eebc-f606-49ad-ade6-98e62551dc3f,960d21523f72,en,2025,,Total,General,Unspecified,8,tonnes CO2e,0.65,medium,statement_extraction,sustainabilityreport2022_en.pdf,960d21523f72,2025-10-25T17:32:16.335Z,2025-10-25T17:32:16.335Z,2025-10-25T17:32:16.335Z,1.0,active
52fc211d-4360-49bb-b951-33a4d1107ffa,960d21523f72,en,2025,,Total,General,Unspecified,86600,tonnes CO2e,0.65,medium,statement_extraction,sustainabilityreport2022_en.pdf,960d21523f72,2025-10-25T17:32:16.335Z,2025-10-25T17:32:16.335Z,2025-10-25T17:32:16.335Z,1.0,active
e0400ca6-5f0e-44db-be29-2cf2ab6294c9,960d21523f72,en,2025,,Total,General,Unspecified,40,tonnes CO2e,0.65,medium,statement_extraction,sustainabilityreport2022_en.pdf,960d21523f72,2025-10-25T17:32:16.335Z,2025-10-25T17:32:16.335Z,2025-10-25T17:32:16.335Z,1.0,active
9e0266a2-9ad4-4ebc-9f99-1e0499ee2378,960d21523f72,en,2025,,Total,General,Unspecified,15500149,tonnes CO2e,0.65,medium,statement_extraction,sustainabilityreport2022_en.pdf,960d21523f72,2025-10-25T17:32:16.335Z,2025-10-25T17:32:16.335Z,2025-10-25T17:32:16.335Z,1.0,active
cc74c8dc-6e0b-4aa6-bb75-b74cb6740100,960d21523f72,en,2025,,Total,General,Unspecified,112.614,tonnes CO2e,0.65,medium,statement_extraction,sustainabilityreport2022_en.pdf,960d21523f72,2025-10-25T17:32:16.335Z,2025-10-25T17:32:16.335Z,2025-10-25T17:32:16.335Z,1.0,active
12a97d6a-9ddc-4eaa-8f36-16eea97566b8,960d21523f72,en,2025,,Total,General,Unspecified,13.33,tonnes CO2e,0.65,medium,statement_extraction,sustainabilityreport2022_en.pdf,960d21523f72,2025-10-25T17:32:16.335Z,2025-10-25T17:32:16.335Z,2025-10-25T17:32:16.335Z,1.0,active
8b8d99b6-add1-4028-9ff3-b737c0860b34,960d21523f72,en,2025,,Total,General,Unspecified,816.314,tonnes CO2e,0.65,medium,statement_extraction,sustainabilityreport2022_en.pdf,960d21523f72,2025-10-25T17:32:16.335Z,2025-10-25T17:32:16.335Z,2025-10-25T17:32:16.335Z,1.0,active
cd1dfb10-9031-4af9-8526-db5f5e83fef8,960d21523f72,en,2025,,Total,General,Unspecified,5,tonnes CO2e,0.65,medium,statement_extraction,sustainabilityreport2022_en.pdf,960d21523f72,2025-10-25T17:32:16.335Z,2025-10-25T17:32:16.335Z,2025-10-25T17:32:16.335Z,1.0,active
f8949a3e-0b3e-4c07-8668-00abe53e0acd,960d21523f72,en,2025,,Total,General,Unspecified,92.35,tonnes CO2e,0.65,medium,statement_extraction,sustainabilityreport2022_en.pdf,960d21523f72,2025-10-25T17:32:16.335Z,2025-10-25T17:32:16.335Z,2025-10-25T17:32:16.335Z,1.0,active
a77aeffb-a75d-4c0f-86be-c450c1aa61cf,960d21523f72,en,2025,,Total,General,Unspecified,9.179,tonnes CO2e,0.65,medium,statement_extraction,sustainabilityreport2022_en.pdf,960d21523f72,2025-10-25T17:32:16.335Z,2025-10-25T17:32:16.335Z,2025-10-25T17:32:16.335Z,1.0,active
3d13ca1c-b0f6-4d0f-9308-4013b4729217,960d21523f72,en,2025,,Total,General,Unspecified,2.121,tonnes CO2e,0.65,medium,statement_extraction,sustainabilityreport2022_en.pdf,960d21523f72,2025-10-25T17:32:16.335Z,2025-10-25T17:32:16.335Z,2025-10-25T17:32:16.335Z,1.0,active
8b1106a5-38fc-4f7c-9f7c-2ccb74019184,960d21523f72,en,2018,,Total,General,Unspecified,1,tonnes CO2e,0.80,high,statement_extraction,sustainabilityreport2022_en.pdf,960d21523f72,2025-10-25T17:32:16.335Z,2025-10-25T17:32:16.335Z,2025-10-25T17:32:16.335Z,1.0,active
0df46767-7c33-4f2c-b133-a1684fd8ab64,960d21523f72,en,2025,,Total,General,Unspecified,1.7,tonnes CO2e,0.65,medium,statement_extraction,sustainabilityreport2022_en.pdf,960d21523f72,2025-10-25T17:32:16.335Z,2025-10-25T17:32:16.335Z,2025-10-25T17:32:16.335Z,1.0,active
627d673e-5f88-42f3-94f5-e00522f3f801,960d21523f72,en,2025,,Total,Direct Emissions,Direct Emissions,36896,tonnes CO2e,0.75,high,statement_extraction,sustainabilityreport2022_en.pdf,960d21523f72,2025-10-25T17:32:16.335Z,2025-10-25T17:32:16.335Z,2025-10-25T17:32:16.335Z,1.0,active
3136a5fc-2018-45e6-96d2-879ebed7c29e,960d21523f72,en,2021,,Total,General,Unspecified,34,tonnes CO2e,0.80,high,statement_extraction,sustainabilityreport2022_en.pdf,960d21523f72,2025-10-25T17:32:16.335Z,2025-10-25T17:32:16.335Z,2025-10-25T17:32:16.335Z,1.0,active
114270eb-2d51-4b9d-a666-a9e7c096794c,960d21523f72,en,2021,,Total,General,Unspecified,5.1,tonnes CO2e,0.80,high,statement_extraction,sustainabilityreport2022_en.pdf,960d21523f72,2025-10-25T17:32:16.335Z,2025-10-25T17:32:16.335Z,2025-10-25T17:32:16.335Z,1.0,active
d0d72d8e-7659-4510-a06e-b5a7dd9f1cb0,960d21523f72,en,2025,,Total,General,Unspecified,7432893,tonnes CO2e,0.65,medium,statement_extraction,sustainabilityreport2022_en.pdf,960d21523f72,2025-10-25T17:32:16.335Z,2025-10-25T17:32:16.335Z,2025-10-25T17:32:16.335Z,1.0,active
134dd0b2-dcc1-4d3e-ab0e-99648591d64d,960d21523f72,en,2025,,Total,General,Unspecified,10,tonnes CO2e,0.65,medium,statement_extraction,sustainabilityreport2022_en.pdf,960d21523f72,2025-10-25T17:32:16.335Z,2025-10-25T17:32:16.335Z,2025-10-25T17:32:16.335Z,1.0,active
c9d348ff-1ae0-4944-8f55-46522aa04d5b,960d21523f72,en,2022,,Total,General,Unspecified,0.02,tonnes CO2e,0.80,high,statement_extraction,sustainabilityreport2022_en.pdf,960d21523f72,2025-10-25T17:32:16.335Z,2025-10-25T17:32:16.335Z,2025-10-25T17:32:16.335Z,1.0,active
ed9ea2b8-9a5d-45a2-a619-f93fe95f25b9,960d21523f72,en,2025,,Total,General,Unspecified,9809,tonnes CO2e,0.65,medium,statement_extraction,sustainabilityreport2022_en.pdf,960d21523f72,2025-10-25T17:32:16.335Z,2025-10-25T17:32:16.335Z,2025-10-25T17:32:16.335Z,1.0,active
d7c3274e-5482-4a68-90dd-551b27feff0d,960d21523f72,en,2022,,Total,General,Unspecified,75.13,tonnes CO2e,0.80,high,statement_extraction,sustainabilityreport2022_en.pdf,960d21523f72,2025-10-25T17:32:16.335Z,2025-10-25T17:32:16.335Z,2025-10-25T17:32:16.335Z,1.0,active
97225cfe-60f6-4eb8-be15-c8fe0eb5f71e,960d21523f72,en,2025,,Total,General,Unspecified,4,tonnes CO2e,0.65,medium,statement_extraction,sustainabilityreport2022_en.pdf,960d21523f72,2025-10-25T17:32:16.335Z,2025-10-25T17:32:16.335Z,2025-10-25T17:32:16.335Z,1.0,active
ba95fabc-3c9b-4468-b849-9a6a770d0f46,960d21523f72,en,2025,,Total,Transportation,Transportation,90,tonnes CO2e,0.75,high,statement_extraction,sustainabilityreport2022_en.pdf,960d21523f72,2025-10-25T17:32:16.335Z,2025-10-25T17:32:16.335Z,2025-10-25T17:32:16.335Z,1.0,active
c3d674ed-8539-46c8-9e8c-7b4180ef81e7,960d21523f72,en,2025,,Total,General,Unspecified,90,tonnes CO2e,0.65,medium,statement_extraction,sustainabilityreport2022_en.pdf,960d21523f72,2025-10-25T17:32:16.335Z,2025-10-25T17:32:16.335Z,2025-10-25T17:32:16.335Z,1.0,active
1c2cc2f5-fc1f-4088-aec5-7ca58c54f20a,960d21523f72,en,2025,,Total,Waste,Waste,76.1,kt CO2e,0.75,high,statement_extraction,sustainabilityreport2022_en.pdf,960d21523f72,2025-10-25T17:32:16.335Z,2025-10-25T17:32:16.335Z,2025-10-25T17:32:16.335Z,1.0,active
64216e96-634c-42db-a5cc-3d4ddbdde17c,960d21523f72,en,2025,,Total,General,Unspecified,14.8,kt CO2e,0.65,medium,statement_extraction,sustainabilityreport2022_en.pdf,960d21523f72,2025-10-25T17:32:16.335Z,2025-10-25T17:32:16.335Z,2025-10-25T17:32:16.335Z,1.0,active
3c85b0d7-0643-4646-a216-7990aa00a24f,960d21523f72,en,2025,,Total,General,Unspecified,269,kt CO2e,0.65,medium,statement_extraction,sustainabilityreport2022_en.pdf,960d21523f72,2025-10-25T17:32:16.335Z,2025-10-25T17:32:16.335Z,2025-10-25T17:32:16.335Z,1.0,active
ddf486a8-201c-4529-97fd-8722580f3a1b,960d21523f72,en,2025,,Total,General,Unspecified,5.52,kt CO2e,0.65,medium,statement_extraction,sustainabilityreport2022_en.pdf,960d21523f72,2025-10-25T17:32:16.335Z,2025-10-25T17:32:16.335Z,2025-10-25T17:32:16.335Z,1.0,active
5fe5b092-27d4-4bbe-8319-0739c78f5ad2,960d21523f72,en,2025,,Total,General,Unspecified,36.8,tonnes CO2e,0.65,medium,statement_extraction,sustainabilityreport2022_en.pdf,960d21523f72,2025-10-25T17:32:16.335Z,2025-10-25T17:32:16.335Z,2025-10-25T17:32:16.335Z,1.0,active
0ac6eafd-ae7c-4e14-b9bc-072167d67671,960d21523f72,en,2025,,Total,General,Unspecified,20.9,tonnes CO2e,0.65,medium,statement_extraction,sustainabilityreport2022_en.pdf,960d21523f72,2025-10-25T17:32:16.335Z,2025-10-25T17:32:16.335Z,2025-10-25T17:32:16.335Z,1.0,active
56207a97-4bf7-492a-baaf-5c2576f331a6,960d21523f72,en,2025,,Total,General,Unspecified,48,tonnes CO2e,0.65,medium,statement_extraction,sustainabilityreport2022_en.pdf,960d21523f72,2025-10-25T17:32:16.335Z,2025-10-25T17:32:16.335Z,2025-10-25T17:32:16.335Z,1.0,active
ea455198-d85d-4f00-b2f5-f40e5f08cc91,960d21523f72,en,2025,,Total,General,Unspecified,194,tonnes CO2e,0.65,medium,statement_extraction,sustainabilityreport2022_en.pdf,960d21523f72,2025-10-25T17:32:16.335Z,2025-10-25T17:32:16.335Z,2025-10-25T17:32:16.335Z,1.0,active
eea724ce-976b-43ca-aea9-519ae59c4ce8,960d21523f72,en,2025,,Total,General,Unspecified,1.95,tonnes CO2e,0.65,medium,statement_extraction,sustainabilityreport2022_en.pdf,960d21523f72,2025-10-25T17:32:16.335Z,2025-10-25T17:32:16.335Z,2025-10-25T17:32:16.335Z,1.0,active
cea3393d-04f4-4da7-9e26-ccef2456d153,960d21523f72,en,2025,,Total,General,Unspecified,43.4,tonnes CO2e,0.65,medium,statement_extraction,sustainabilityreport2022_en.pdf,960d21523f72,2025-10-25T17:32:16.335Z,2025-10-25T17:32:16.335Z,2025-10-25T17:32:16.335Z,1.0,active
398a0da9-b3bd-4adb-a189-066ece5974ba,960d21523f72,en,2022,,Total,Direct Emissions,Direct Emissions,1053000,tonnes CO2e,0.90,high,statement_extraction,sustainabilityreport2022_en.pdf,960d21523f72,2025-10-25T17:32:16.335Z,2025-10-25T17:32:16.335Z,2025-10-25T17:32:16.335Z,1.0,active
775cba67-43fa-47db-895d-f507bda6d1d8,960d21523f72,en,2022,,Total,General,Unspecified,1053000,tonnes CO2e,0.80,high,statement_extraction,sustainabilityreport2022_en.pdf,960d21523f72,2025-10-25T17:32:16.335Z,2025-10-25T17:32:16.335Z,2025-10-25T17:32:16.335Z,1.0,active
e711af05-ff94-4b52-a597-3ddf1d98138d,960d21523f72,en,2030,1,Total,General,Unspecified,1053000,tonnes CO2e,0.80,high,statement_extraction,sustainabilityreport2022_en.pdf,960d21523f72,2025-10-25T17:32:16.335Z,2025-10-25T17:32:16.335Z,2025-10-25T17:32:16.335Z,1.0,active
4c04f11d-5d16-4d74-9dee-41b8f4f891af,960d21523f72,en,2030,1,Total,General,Unspecified,542000,tonnes CO2e,0.80,high,statement_extraction,sustainabilityreport2022_en.pdf,960d21523f72,2025-10-25T17:32:16.335Z,2025-10-25T17:32:16.335Z,2025-10-25T17:32:16.335Z,1.0,active
b29a8ad2-cf29-4cfe-a102-f0a998740693,960d21523f72,en,2022,,Total,General,Unspecified,90,tonnes CO2e,0.80,high,statement_extraction,sustainabilityreport2022_en.pdf,960d21523f72,2025-10-25T17:32:16.335Z,2025-10-25T17:32:16.335Z,2025-10-25T17:32:16.335Z,1.0,active
6a61f5e2-278f-4255-b7cc-0a2ca1431eca,960d21523f72,en,2025,,Total,General,Unspecified,24.5,tonnes CO2e,0.65,medium,statement_extraction,sustainabilityreport2022_en.pdf,960d21523f72,2025-10-25T17:32:16.335Z,2025-10-25T17:32:16.335Z,2025-10-25T17:32:16.335Z,1.0,active
343616ac-3e58-4fd3-a5fa-2e152fac9af7,960d21523f72,en,2025,,Scope 1,General,Unspecified,3.7,tonnes CO2e,0.75,high,statement_extraction,sustainabilityreport2022_en.pdf,960d21523f72,2025-10-25T17:32:16.335Z,2025-10-25T17:32:16.335Z,2025-10-25T17:32:16.335Z,1.0,active
30f20326-8f85-41da-986d-28fc4a6a7f50,960d21523f72,en,2021,,Scope 2,General,Unspecified,2021,tonnes CO2e,0.90,high,statement_extraction,sustainabilityreport2022_en.pdf,960d21523f72,2025-10-25T17:32:16.335Z,2025-10-25T17:32:16.335Z,2025-10-25T17:32:16.335Z,1.0,active
62032d88-ed06-442b-bc68-e957c1b6234e,05f6e37729ad,Nexio Projects,2025,,Total,General,Unspecified,2,tonnes CO2e,0.65,medium,statement_extraction,Sustainability_in_motion_-_Nexio_Projects_Impact_Report_2024.pdf,05f6e37729ad,2025-10-25T17:32:16.335Z,2025-10-25T17:32:16.335Z,2025-10-25T17:32:16.335Z,1.0,active
bbeaf7a5-d200-4255-8898-397f0147cc04,05f6e37729ad,Nexio Projects,2025,,Scope 1,General,Unspecified,2,tonnes CO2e,0.75,high,statement_extraction,Sustainability_in_motion_-_Nexio_Projects_Impact_Report_2024.pdf,05f6e37729ad,2025-10-25T17:32:16.335Z,2025-10-25T17:32:16.335Z,2025-10-25T17:32:16.335Z,1.0,active
49a49b51-c279-4a3f-a63f-2a5e03955677,05f6e37729ad,Nexio Projects,2024,,Total,General,Unspecified,1,tonnes CO2e,0.80,high,statement_extraction,Sustainability_in_motion_-_Nexio_Projects_Impact_Report_2024.pdf,05f6e37729ad,2025-10-25T17:32:16.335Z,2025-10-25T17:32:16.335Z,2025-10-25T17:32:16.335Z,1.0,active
fcef3a8c-f82b-426d-b8eb-194f6b52b876,05f6e37729ad,Nexio Projects,2024,,Scope 1,General,Unspecified,11,tonnes CO2e,0.90,high,statement_extraction,Sustainability_in_motion_-_Nexio_Projects_Impact_Report_2024.pdf,05f6e37729ad,2025-10-25T17:32:16.335Z,2025-10-25T17:32:16.335Z,2025-10-25T17:32:16.335Z,1.0,active
5a8f69cd-d164-4527-aad1-20a741f70cdf,05f6e37729ad,Nexio Projects,2024,,Scope 1,General,Unspecified,1,tonnes CO2e,0.90,high,statement_extraction,Sustainability_in_motion_-_Nexio_Projects_Impact_Report_2024.pdf,05f6e37729ad,2025-10-25T17:32:16.335Z,2025-10-25T17:32:16.335Z,2025-10-25T17:32:16.335Z,1.0,active
5b4006b6-7ae1-4721-b6d2-77758d563a00,05f6e37729ad,Nexio Projects,2024,,Total,General,Unspecified,2.06,tonnes CO2e,0.80,high,statement_extraction,Sustainability_in_motion_-_Nexio_Projects_Impact_Report_2024.pdf,05f6e37729ad,2025-10-25T17:32:16.335Z,2025-10-25T17:32:16.335Z,2025-10-25T17:32:16.335Z,1.0,active
b3068672-a52a-4501-8ee2-4dd2d0184a44,05f6e37729ad,Nexio Projects,2024,,Total,General,Unspecified,2,tonnes CO2e,0.80,high,statement_extraction,Sustainability_in_motion_-_Nexio_Projects_Impact_Report_2024.pdf,05f6e37729ad,2025-10-25T17:32:16.335Z,2025-10-25T17:32:16.335Z,2025-10-25T17:32:16.335Z,1.0,active
c064c2a3-c221-48d0-a6d6-ec0d5e2c3e02,05f6e37729ad,Nexio Projects,2024,,Total,General,Unspecified,3,tonnes CO2e,0.80,high,statement_extraction,Sustainability_in_motion_-_Nexio_Projects_Impact_Report_2024.pdf,05f6e37729ad,2025-10-25T17:32:16.335Z,2025-10-25T17:32:16.335Z,2025-10-25T17:32:16.335Z,1.0,active
1d7d74f0-806e-46cb-8d11-07c9e7e8167e,05f6e37729ad,Nexio Projects,2024,,Total,Energy,Energy,237.35,tonnes CO2e,0.90,high,statement_extraction,Sustainability_in_motion_-_Nexio_Projects_Impact_Report_2024.pdf,05f6e37729ad,2025-10-25T17:32:16.335Z,2025-10-25T17:32:16.335Z,2025-10-25T17:32:16.335Z,1.0,active
e6e41f1e-911f-440b-9a78-b28c2b24435f,05f6e37729ad,Nexio Projects,2025,,Total,Energy,Energy,1274.25,tonnes CO2e,0.75,high,statement_extraction,Sustainability_in_motion_-_Nexio_Projects_Impact_Report_2024.pdf,05f6e37729ad,2025-10-25T17:32:16.335Z,2025-10-25T17:32:16.335Z,2025-10-25T17:32:16.335Z,1.0,active
e3b586f0-5a95-4701-b516-6485f2bffaa1,05f6e37729ad,Nexio Projects,2025,,Total,General,Unspecified,100,tonnes CO2e,0.65,medium,statement_extraction,Sustainability_in_motion_-_Nexio_Projects_Impact_Report_2024.pdf,05f6e37729ad,2025-10-25T17:32:16.335Z,2025-10-25T17:32:16.335Z,2025-10-25T17:32:16.335Z,1.0,active
c9281963-4101-4e62-8e97-627d75a9700b,05f6e37729ad,Nexio Projects,2024,,Total,General,Unspecified,17,tonnes CO2e,0.80,high,statement_extraction,Sustainability_in_motion_-_Nexio_Projects_Impact_Report_2024.pdf,05f6e37729ad,2025-10-25T17:32:16.335Z,2025-10-25T17:32:16.335Z,2025-10-25T17:32:16.335Z,1.0,active
8083e0e1-5a55-4528-81d5-a28ff46e3686,05f6e37729ad,Nexio Projects,2025,,Scope 2,General,Unspecified,3,tonnes CO2e,0.75,high,statement_extraction,Sustainability_in_motion_-_Nexio_Projects_Impact_Report_2024.pdf,05f6e37729ad,2025-10-25T17:32:16.335Z,2025-10-25T17:32:16.335Z,2025-10-25T17:32:16.335Z,1.0,active
14fcf638-406c-4211-a9fd-ae14d68d4740,05f6e37729ad,Nexio Projects,2025,,Scope 3,General,Unspecified,118.98,tonnes CO2e,0.75,high,statement_extraction,Sustainability_in_motion_-_Nexio_Projects_Impact_Report_2024.pdf,05f6e37729ad,2025-10-25T17:32:16.335Z,2025-10-25T17:32:16.335Z,2025-10-25T17:32:16.335Z,1.0,active
9832f746-6c31-4a6f-a6b7-1e3b5a61deb2,05f6e37729ad,Nexio Projects,2023,,Total,General,Unspecified,121.02,tonnes CO2e,0.80,high,statement_extraction,Sustainability_in_motion_-_Nexio_Projects_Impact_Report_2024.pdf,05f6e37729ad,2025-10-25T17:32:16.335Z,2025-10-25T17:32:16.335Z,2025-10-25T17:32:16.335Z,1.0,active
be5e43b5-ce76-4ff2-960f-33aee99f2f4d,05f6e37729ad,Nexio Projects,2024,,Scope 1,General,Unspecified,121.02,tCO2e,0.90,high,statement_extraction,Sustainability_in_motion_-_Nexio_Projects_Impact_Report_2024.pdf,05f6e37729ad,2025-10-25T17:32:16.335Z,2025-10-25T17:32:16.335Z,2025-10-25T17:32:16.335Z,1.0,active
263c2ea2-4a19-464a-b2ec-9424eef7c0e3,05f6e37729ad,Nexio Projects,2024,,Total,General,Unspecified,94.85,tCO2e,0.80,high,statement_extraction,Sustainability_in_motion_-_Nexio_Projects_Impact_Report_2024.pdf,05f6e37729ad,2025-10-25T17:32:16.335Z,2025-10-25T17:32:16.335Z,2025-10-25T17:32:16.335Z,1.0,active
e766c58f-561e-4800-8dcc-1ef8a5bce904,05f6e37729ad,Nexio Projects,2024,,Total,Purchased Goods,Purchased Goods,2.06,tCO2e,0.90,high,statement_extraction,Sustainability_in_motion_-_Nexio_Projects_Impact_Report_2024.pdf,05f6e37729ad,2025-10-25T17:32:16.335Z,2025-10-25T17:32:16.335Z,2025-10-25T17:32:16.335Z,1.0,active
26270350-9f75-497f-9220-9dc6c413231c,05f6e37729ad,Nexio Projects,2023,,Scope 2,General,Unspecified,26.37,tCO2e,0.90,high,statement_extraction,Sustainability_in_motion_-_Nexio_Projects_Impact_Report_2024.pdf,05f6e37729ad,2025-10-25T17:32:16.335Z,2025-10-25T17:32:16.335Z,2025-10-25T17:32:16.335Z,1.0,active
43bf02d7-ac6f-4e6d-aa72-ede231e40b42,05f6e37729ad,Nexio Projects,2023,,Scope 2,General,Unspecified,2.04,tCO2e,0.90,high,statement_extraction,Sustainability_in_motion_-_Nexio_Projects_Impact_Report_2024.pdf,05f6e37729ad,2025-10-25T17:32:16.335Z,2025-10-25T17:32:16.335Z,2025-10-25T17:32:16.335Z,1.0,active
bc83bee3-5d15-45a2-899a-dbf9498583d3,05f6e37729ad,Nexio Projects,2023,,Scope 2,General,Unspecified,110.3,tCO2e,0.90,high,statement_extraction,Sustainability_in_motion_-_Nexio_Projects_Impact_Report_2024.pdf,05f6e37729ad,2025-10-25T17:32:16.335Z,2025-10-25T17:32:16.335Z,2025-10-25T17:32:16.335Z,1.0,active
ee4f39bb-4c83-42eb-80fa-abfec4a2d20c,05f6e37729ad,Nexio Projects,2023,,Scope 2,General,Unspecified,118.98,tCO2e,0.90,high,statement_extraction,Sustainability_in_motion_-_Nexio_Projects_Impact_Report_2024.pdf,05f6e37729ad,2025-10-25T17:32:16.335Z,2025-10-25T17:32:16.335Z,2025-10-25T17:32:16.335Z,1.0,active
8b577532-98cc-4b8f-ad22-3a7e372fc726,05f6e37729ad,Nexio Projects,2023,,Scope 1,Transportation,Company Vehicles,2024,tonnes CO2e,1.00,high,statement_extraction,Sustainability_in_motion_-_Nexio_Projects_Impact_Report_2024.pdf,05f6e37729ad,2025-10-25T17:32:16.335Z,2025-10-25T17:32:16.335Z,2025-10-25T17:32:16.335Z,1.0,active
012d6a9c-2e6c-412f-b1ac-b331c26ff84c,e701ae552621,Unknown Company,2025,,Total,General,Unspecified,3.4,tonnes CO2e,0.50,medium,statement_extraction,Sustainability_Report_2023.pdf,e701ae552621,2025-10-25T17:32:16.335Z,2025-10-25T17:32:16.335Z,2025-10-25T17:32:16.335Z,1.0,active
2375a983-38f3-4177-9573-d1eae6807933,e701ae552621,Unknown Company,2025,,Scope 1,General,Unspecified,2,tonnes CO2e,0.60,medium,statement_extraction,Sustainability_Report_2023.pdf,e701ae552621,2025-10-25T17:32:16.335Z,2025-10-25T17:32:16.335Z,2025-10-25T17:32:16.335Z,1.0,active
a71880a5-0595-4e74-82d2-0d5977097503,e701ae552621,Unknown Company,2023,,Total,General,Unspecified,51,tonnes CO2e,0.65,medium,statement_extraction,Sustainability_Report_2023.pdf,e701ae552621,2025-10-25T17:32:16.335Z,2025-10-25T17:32:16.335Z,2025-10-25T17:32:16.335Z,1.0,active
cd895422-8f48-4e33-95b0-46aa6a0fd523,e701ae552621,Unknown Company,2023,,Total,Direct Emissions,Direct Emissions,51,tonnes CO2e,0.75,high,statement_extraction,Sustainability_Report_2023.pdf,e701ae552621,2025-10-25T17:32:16.335Z,2025-10-25T17:32:16.335Z,2025-10-25T17:32:16.335Z,1.0,active
da0796b8-bc8a-46c6-b530-158a3ae3f93b,e701ae552621,Unknown Company,2023,,Total,General,Unspecified,35,tonnes CO2e,0.65,medium,statement_extraction,Sustainability_Report_2023.pdf,e701ae552621,2025-10-25T17:32:16.335Z,2025-10-25T17:32:16.335Z,2025-10-25T17:32:16.335Z,1.0,active
f97745d2-1e37-4e69-be57-60e9b268a56c,e701ae552621,Unknown Company,2023,,Total,General,Unspecified,161,tonnes CO2e,0.65,medium,statement_extraction,Sustainability_Report_2023.pdf,e701ae552621,2025-10-25T17:32:16.335Z,2025-10-25T17:32:16.335Z,2025-10-25T17:32:16.335Z,1.0,active
e4b57491-ee39-4c4e-b072-58f6ca19b4b7,e701ae552621,Unknown Company,2025,,Scope 1,General,Unspecified,23,tonnes CO2e,0.60,medium,statement_extraction,Sustainability_Report_2023.pdf,e701ae552621,2025-10-25T17:32:16.335Z,2025-10-25T17:32:16.335Z,2025-10-25T17:32:16.335Z,1.0,active
b86d97ba-b0d5-4e4b-afbd-81d9c1bf2c2f,e701ae552621,Unknown Company,2025,,Scope 1,General,Unspecified,1,tonnes CO2e,0.60,medium,statement_extraction,Sustainability_Report_2023.pdf,e701ae552621,2025-10-25T17:32:16.335Z,2025-10-25T17:32:16.335Z,2025-10-25T17:32:16.335Z,1.0,active
a3e8a1b5-a90e-444c-a34a-6938538162c8,e701ae552621,Unknown Company,2025,,Scope 2,General,Unspecified,2,tonnes CO2e,0.60,medium,statement_extraction,Sustainability_Report_2023.pdf,e701ae552621,2025-10-25T17:32:16.335Z,2025-10-25T17:32:16.335Z,2025-10-25T17:32:16.335Z,1.0,active
cf97d160-83e2-496e-90ec-ece930c16bd0,e701ae552621,Unknown Company,2025,,Scope 1,General,Unspecified,9139658.4149258,tonnes CO2e,0.60,medium,statement_extraction,Sustainability_Report_2023.pdf,e701ae552621,2025-10-25T17:32:16.335Z,2025-10-25T17:32:16.335Z,2025-10-25T17:32:16.335Z,1.0,active
b9e6ddab-c4d4-4c5a-8b60-748c477fb678,e701ae552621,Unknown Company,2025,,Total,General,Unspecified,2,tonnes CO2e,0.50,medium,statement_extraction,Sustainability_Report_2023.pdf,e701ae552621,2025-10-25T17:32:16.335Z,2025-10-25T17:32:16.335Z,2025-10-25T17:32:16.335Z,1.0,active
d63f2a3b-a213-4485-b497-c58af7938b66,e701ae552621,Unknown Company,2025,,Total,Energy,Energy,1,tonnes CO2e,0.60,medium,statement_extraction,Sustainability_Report_2023.pdf,e701ae552621,2025-10-25T17:32:16.335Z,2025-10-25T17:32:16.335Z,2025-10-25T17:32:16.335Z,1.0,active
493203b0-e965-4bc4-8c24-7d0ffd100276,e701ae552621,Unknown Company,2025,,Total,Energy,Energy,2,tonnes CO2e,0.60,medium,statement_extraction,Sustainability_Report_2023.pdf,e701ae552621,2025-10-25T17:32:16.335Z,2025-10-25T17:32:16.335Z,2025-10-25T17:32:16.335Z,1.0,active
676fc3ed-c977-467b-9df3-294dc32be9ff,e701ae552621,Unknown Company,2025,,Total,Energy,Energy,3,tonnes CO2e,0.60,medium,statement_extraction,Sustainability_Report_2023.pdf,e701ae552621,2025-10-25T17:32:16.335Z,2025-10-25T17:32:16.335Z,2025-10-25T17:32:16.335Z,1.0,active
877a3bef-a8b7-436f-8acb-83f463c45e23,e701ae552621,Unknown Company,2025,,Total,Energy,Energy,4,tonnes CO2e,0.60,medium,statement_extraction,Sustainability_Report_2023.pdf,e701ae552621,2025-10-25T17:32:16.335Z,2025-10-25T17:32:16.335Z,2025-10-25T17:32:16.335Z,1.0,active
5d69d13a-f872-429b-a5ef-c0622433d076,e701ae552621,Unknown Company,2025,,Total,Energy,Energy,5,tonnes CO2e,0.60,medium,statement_extraction,Sustainability_Report_2023.pdf,e701ae552621,2025-10-25T17:32:16.335Z,2025-10-25T17:32:16.335Z,2025-10-25T17:32:16.335Z,1.0,active
ff953023-dda7-4056-837b-05cfbc31e92d,e701ae552621,Unknown Company,2025,,Scope 1,Direct Emissions,Direct Operations,1,tonnes CO2e,0.70,high,statement_extraction,Sustainability_Report_2023.pdf,e701ae552621,2025-10-25T17:32:16.335Z,2025-10-25T17:32:16.335Z,2025-10-25T17:32:16.335Z,1.0,active
703e887e-4078-412c-a7c7-1b8d2795f41d,e701ae552621,Unknown Company,2025,,Scope 1,Direct Emissions,Direct Operations,2,tonnes CO2e,0.70,high,statement_extraction,Sustainability_Report_2023.pdf,e701ae552621,2025-10-25T17:32:16.335Z,2025-10-25T17:32:16.335Z,2025-10-25T17:32:16.335Z,1.0,active
7aad4af2-64ad-49dc-9eff-f886ab2b7e25,e701ae552621,Unknown Company,2025,,Scope 2,Direct Emissions,Indirect Energy,4,tonnes CO2e,0.70,high,statement_extraction,Sustainability_Report_2023.pdf,e701ae552621,2025-10-25T17:32:16.335Z,2025-10-25T17:32:16.335Z,2025-10-25T17:32:16.335Z,1.0,active
ba2df1cd-d60a-4021-931d-7e9a6df5b013,e701ae552621,Unknown Company,2025,,Total,General,Unspecified,5,tonnes CO2e,0.50,medium,statement_extraction,Sustainability_Report_2023.pdf,e701ae552621,2025-10-25T17:32:16.335Z,2025-10-25T17:32:16.335Z,2025-10-25T17:32:16.335Z,1.0,active
dd1213aa-c8ba-43d6-a5a7-5dfab04cf6f8,e701ae552621,Unknown Company,2025,,Total,General,Unspecified,6,tonnes CO2e,0.50,medium,statement_extraction,Sustainability_Report_2023.pdf,e701ae552621,2025-10-25T17:32:16.335Z,2025-10-25T17:32:16.335Z,2025-10-25T17:32:16.335Z,1.0,active
6dcbb82d-e8ee-471c-8328-a29cbd15d6cd,e701ae552621,Unknown Company,2025,,Total,Waste,Waste,7,tonnes CO2e,0.60,medium,statement_extraction,Sustainability_Report_2023.pdf,e701ae552621,2025-10-25T17:32:16.335Z,2025-10-25T17:32:16.335Z,2025-10-25T17:32:16.335Z,1.0,active
ca72c599-0590-450b-b86a-5a1c18532d38,e701ae552621,Unknown Company,2023,,Total,General,Unspecified,2.2,tonnes CO2e,0.65,medium,statement_extraction,Sustainability_Report_2023.pdf,e701ae552621,2025-10-25T17:32:16.335Z,2025-10-25T17:32:16.335Z,2025-10-25T17:32:16.335Z,1.0,active
a026f36e-32db-4011-a4ee-f03ee0d5f022,e701ae552621,Unknown Company,2022,,Total,General,Unspecified,1.4,tonnes CO2e,0.65,medium,statement_extraction,Sustainability_Report_2023.pdf,e701ae552621,2025-10-25T17:32:16.335Z,2025-10-25T17:32:16.335Z,2025-10-25T17:32:16.335Z,1.0,active
31f42af8-8afe-445e-8c26-f8570d8a662d,e701ae552621,Unknown Company,2023,,Total,Waste,Waste,75.5,tonnes CO2e,0.75,high,statement_extraction,Sustainability_Report_2023.pdf,e701ae552621,2025-10-25T17:32:16.335Z,2025-10-25T17:32:16.335Z,2025-10-25T17:32:16.335Z,1.0,active
dde1b237-2007-40e5-ae3b-42d742c9687c,e701ae552621,Unknown Company,2023,,Total,Waste,Waste,72.6,tonnes CO2e,0.75,high,statement_extraction,Sustainability_Report_2023.pdf,e701ae552621,2025-10-25T17:32:16.335Z,2025-10-25T17:32:16.335Z,2025-10-25T17:32:16.335Z,1.0,active
b3d37ef2-9164-4623-a051-be82a6551059,e701ae552621,Unknown Company,2023,,Scope 1,General,Unspecified,7.9139658,tonnes CO2e,0.75,high,statement_extraction,Sustainability_Report_2023.pdf,e701ae552621,2025-10-25T17:32:16.335Z,2025-10-25T17:32:16.335Z,2025-10-25T17:32:16.335Z,1.0,active
58990c74-a236-4082-ae07-08cbb7ffa675,610786d36308,Tarkett,2025,,Scope 1,Waste,Waste,3,tonnes CO2e,0.85,high,statement_extraction,tarkett-urd-2024-en-published-on-03-31-18h52.pdf,610786d36308,2025-10-25T17:32:16.335Z,2025-10-25T17:32:16.335Z,2025-10-25T17:32:16.335Z,1.0,active
55cc0a4c-c8b6-4fc8-b036-ce4b94da9a78,610786d36308,Tarkett,2025,,Scope 1,Purchased Goods,Purchased Goods,3,tonnes CO2e,0.85,high,statement_extraction,tarkett-urd-2024-en-published-on-03-31-18h52.pdf,610786d36308,2025-10-25T17:32:16.335Z,2025-10-25T17:32:16.335Z,2025-10-25T17:32:16.335Z,1.0,active
a820a751-a399-4609-9a18-aaa4c9e9ea85,610786d36308,Tarkett,2025,,Scope 1,Energy,Fossil Fuel Combustion,3,tonnes CO2e,0.85,high,statement_extraction,tarkett-urd-2024-en-published-on-03-31-18h52.pdf,610786d36308,2025-10-25T17:32:16.335Z,2025-10-25T17:32:16.335Z,2025-10-25T17:32:16.335Z,1.0,active
9606e786-e46d-47aa-afe1-f2b63b5dc1b1,610786d36308,Tarkett,2025,,Scope 1,General,Unspecified,2,tonnes CO2e,0.75,high,statement_extraction,tarkett-urd-2024-en-published-on-03-31-18h52.pdf,610786d36308,2025-10-25T17:32:16.335Z,2025-10-25T17:32:16.335Z,2025-10-25T17:32:16.335Z,1.0,active
e76f67c8-90ee-4bb1-b5fd-c0f16b68eb93,610786d36308,Tarkett,2025,,Scope 1,General,Unspecified,3,tonnes CO2e,0.75,high,statement_extraction,tarkett-urd-2024-en-published-on-03-31-18h52.pdf,610786d36308,2025-10-25T17:32:16.335Z,2025-10-25T17:32:16.335Z,2025-10-25T17:32:16.335Z,1.0,active
c117fb00-15c8-458c-bbef-1f02868c3814,610786d36308,Tarkett,2019,,Scope 1,Energy,Fossil Fuel Combustion,34,tonnes CO2e,1.00,high,statement_extraction,tarkett-urd-2024-en-published-on-03-31-18h52.pdf,610786d36308,2025-10-25T17:32:16.335Z,2025-10-25T17:32:16.335Z,2025-10-25T17:32:16.335Z,1.0,active
fed522d9-f537-4cd2-b5c0-cdbdc8eaafae,610786d36308,Tarkett,2019,,Scope 1,Energy,Fossil Fuel Combustion,3,tonnes CO2e,1.00,high,statement_extraction,tarkett-urd-2024-en-published-on-03-31-18h52.pdf,610786d36308,2025-10-25T17:32:16.335Z,2025-10-25T17:32:16.335Z,2025-10-25T17:32:16.335Z,1.0,active
b020b700-ad34-4897-b001-4635cfc066c9,610786d36308,Tarkett,2024,,Total,General,Unspecified,5,tonnes CO2e,0.80,high,statement_extraction,tarkett-urd-2024-en-published-on-03-31-18h52.pdf,610786d36308,2025-10-25T17:32:16.335Z,2025-10-25T17:32:16.335Z,2025-10-25T17:32:16.335Z,1.0,active
d3efd7b2-ea5a-4d83-a194-fb328139a28c,610786d36308,Tarkett,2025,,Total,General,Unspecified,9,tonnes CO2e,0.65,medium,statement_extraction,tarkett-urd-2024-en-published-on-03-31-18h52.pdf,610786d36308,2025-10-25T17:32:16.335Z,2025-10-25T17:32:16.335Z,2025-10-25T17:32:16.335Z,1.0,active
8dd4e312-cee1-4a8b-b206-aa352c277a7b,610786d36308,Tarkett,2025,,Total,General,Unspecified,166,tonnes CO2e,0.65,medium,statement_extraction,tarkett-urd-2024-en-published-on-03-31-18h52.pdf,610786d36308,2025-10-25T17:32:16.335Z,2025-10-25T17:32:16.335Z,2025-10-25T17:32:16.335Z,1.0,active
c7e939b0-38e3-41ed-9846-6d524be14a7e,610786d36308,Tarkett,2021,,Total,General,Unspecified,16,tonnes CO2e,0.80,high,statement_extraction,tarkett-urd-2024-en-published-on-03-31-18h52.pdf,610786d36308,2025-10-25T17:32:16.335Z,2025-10-25T17:32:16.335Z,2025-10-25T17:32:16.335Z,1.0,active
d59696f7-5b6b-4278-abd5-d078872237e1,610786d36308,Tarkett,2024,,Total,General,Unspecified,1,tonnes CO2e,0.80,high,statement_extraction,tarkett-urd-2024-en-published-on-03-31-18h52.pdf,610786d36308,2025-10-25T17:32:16.335Z,2025-10-25T17:32:16.335Z,2025-10-25T17:32:16.335Z,1.0,active
78c024af-f7b4-49fe-8a87-73c9de9dd2d5,610786d36308,Tarkett,2024,,Total,General,Unspecified,79.37,tonnes CO2e,0.80,high,statement_extraction,tarkett-urd-2024-en-published-on-03-31-18h52.pdf,610786d36308,2025-10-25T17:32:16.335Z,2025-10-25T17:32:16.335Z,2025-10-25T17:32:16.335Z,1.0,active
e00812e5-89cb-4d37-a0e7-fd39cd617038,610786d36308,Tarkett,2019,,Total,General,Unspecified,2,tonnes CO2e,0.80,high,statement_extraction,tarkett-urd-2024-en-published-on-03-31-18h52.pdf,610786d36308,2025-10-25T17:32:16.335Z,2025-10-25T17:32:16.335Z,2025-10-25T17:32:16.335Z,1.0,active
cc0753f6-493a-42ff-abd5-5fc844ff18ed,610786d36308,Tarkett,2024,,Total,General,Unspecified,1365136,tonnes CO2e,0.80,high,statement_extraction,tarkett-urd-2024-en-published-on-03-31-18h52.pdf,610786d36308,2025-10-25T17:32:16.335Z,2025-10-25T17:32:16.335Z,2025-10-25T17:32:16.335Z,1.0,active
1f3cf290-02b8-4bd9-8108-bde43a8a4e85,610786d36308,Tarkett,2025,,Total,General,Unspecified,16,tonnes CO2e,0.65,medium,statement_extraction,tarkett-urd-2024-en-published-on-03-31-18h52.pdf,610786d36308,2025-10-25T17:32:16.335Z,2025-10-25T17:32:16.335Z,2025-10-25T17:32:16.335Z,1.0,active
d387765c-6e0e-4257-95c8-1bfb10bb47f2,610786d36308,Tarkett,2025,,Scope 3,General,Unspecified,12,tonnes CO2e,0.75,high,statement_extraction,tarkett-urd-2024-en-published-on-03-31-18h52.pdf,610786d36308,2025-10-25T17:32:16.335Z,2025-10-25T17:32:16.335Z,2025-10-25T17:32:16.335Z,1.0,active
e9689db2-23f9-4709-bf7c-353f80a586fb,610786d36308,Tarkett,2025,,Scope 3,General,Unspecified,3,tonnes CO2e,0.75,high,statement_extraction,tarkett-urd-2024-en-published-on-03-31-18h52.pdf,610786d36308,2025-10-25T17:32:16.335Z,2025-10-25T17:32:16.335Z,2025-10-25T17:32:16.335Z,1.0,active
fdd6db51-7c3f-46be-98c9-001b2b51d030,610786d36308,Tarkett,2025,,Scope 1,Energy,Fossil Fuel Combustion,2,tonnes CO2e,0.85,high,statement_extraction,tarkett-urd-2024-en-published-on-03-31-18h52.pdf,610786d36308,2025-10-25T17:32:16.335Z,2025-10-25T17:32:16.335Z,2025-10-25T17:32:16.335Z,1.0,active
f845268a-8d7d-4917-b1a1-3110e3822eca,610786d36308,Tarkett,2023,,Scope 2,General,Unspecified,2,tonnes CO2e,0.90,high,statement_extraction,tarkett-urd-2024-en-published-on-03-31-18h52.pdf,610786d36308,2025-10-25T17:32:16.335Z,2025-10-25T17:32:16.335Z,2025-10-25T17:32:16.335Z,1.0,active
314a7759-4f11-445e-8990-0cd801cd25d2,610786d36308,Tarkett,2023,,Total,General,Unspecified,0.5,tonnes CO2e,0.80,high,statement_extraction,tarkett-urd-2024-en-published-on-03-31-18h52.pdf,610786d36308,2025-10-25T17:32:16.335Z,2025-10-25T17:32:16.335Z,2025-10-25T17:32:16.335Z,1.0,active
170c7303-de5d-4c1c-9501-2dbd7c9e153a,610786d36308,Tarkett,2025,,Total,General,Unspecified,41983,tonnes CO2e,0.65,medium,statement_extraction,tarkett-urd-2024-en-published-on-03-31-18h52.pdf,610786d36308,2025-10-25T17:32:16.335Z,2025-10-25T17:32:16.335Z,2025-10-25T17:32:16.335Z,1.0,active
3c3613b1-a49c-46b3-b52c-1fc98a47d6da,610786d36308,Tarkett,2016,,Scope 1,Direct Emissions,Direct Operations,305,tonnes CO2e,1.00,high,statement_extraction,tarkett-urd-2024-en-published-on-03-31-18h52.pdf,610786d36308,2025-10-25T17:32:16.335Z,2025-10-25T17:32:16.335Z,2025-10-25T17:32:16.335Z,1.0,active
ebcbe0d0-0423-45e9-9bfe-11157ffaa340,610786d36308,Tarkett,2025,,Scope 1,Direct Emissions,Direct Operations,2.1,tonnes CO2e,0.85,high,statement_extraction,tarkett-urd-2024-en-published-on-03-31-18h52.pdf,610786d36308,2025-10-25T17:32:16.335Z,2025-10-25T17:32:16.335Z,2025-10-25T17:32:16.335Z,1.0,active
b0596315-e3e5-4aa8-b1c0-aa9d8b8c52ee,610786d36308,Tarkett,2025,,Scope 2,Direct Emissions,Indirect Energy,2.1,tonnes CO2e,0.85,high,statement_extraction,tarkett-urd-2024-en-published-on-03-31-18h52.pdf,610786d36308,2025-10-25T17:32:16.335Z,2025-10-25T17:32:16.335Z,2025-10-25T17:32:16.335Z,1.0,active
ba3d248b-10b6-46c6-897f-637ba63f24cf,610786d36308,Tarkett,2025,,Scope 3,Direct Emissions,Value Chain,2.1,tonnes CO2e,0.85,high,statement_extraction,tarkett-urd-2024-en-published-on-03-31-18h52.pdf,610786d36308,2025-10-25T17:32:16.335Z,2025-10-25T17:32:16.335Z,2025-10-25T17:32:16.335Z,1.0,active
ddbf357f-41a1-45a2-a0a9-85e981e61830,610786d36308,Tarkett,2025,,Total,General,Unspecified,5,tonnes CO2e,0.65,medium,statement_extraction,tarkett-urd-2024-en-published-on-03-31-18h52.pdf,610786d36308,2025-10-25T17:32:16.335Z,2025-10-25T17:32:16.335Z,2025-10-25T17:32:16.335Z,1.0,active
e3d79c2f-071c-4859-97d7-5e10f1f1a016,610786d36308,Tarkett,2025,,Total,General,Unspecified,240,tonnes CO2e,0.65,medium,statement_extraction,tarkett-urd-2024-en-published-on-03-31-18h52.pdf,610786d36308,2025-10-25T17:32:16.335Z,2025-10-25T17:32:16.335Z,2025-10-25T17:32:16.335Z,1.0,active
39439b54-897f-404a-946e-a09c9300bbe3,610786d36308,Tarkett,2024,,Total,General,Unspecified,5.1,tonnes CO2e,0.80,high,statement_extraction,tarkett-urd-2024-en-published-on-03-31-18h52.pdf,610786d36308,2025-10-25T17:32:16.335Z,2025-10-25T17:32:16.335Z,2025-10-25T17:32:16.335Z,1.0,active
db10649f-6ca9-46a0-a92d-34e80be8d580,610786d36308,Tarkett,2019,,Scope 1,Purchased Goods,Purchased Goods,50,tonnes CO2e,1.00,high,statement_extraction,tarkett-urd-2024-en-published-on-03-31-18h52.pdf,610786d36308,2025-10-25T17:32:16.335Z,2025-10-25T17:32:16.335Z,2025-10-25T17:32:16.335Z,1.0,active
a6890ef2-ced9-401d-9f8d-135c35f9be41,610786d36308,Tarkett,2025,,Total,General,Unspecified,4.5,tonnes CO2e,0.65,medium,statement_extraction,tarkett-urd-2024-en-published-on-03-31-18h52.pdf,610786d36308,2025-10-25T17:32:16.335Z,2025-10-25T17:32:16.335Z,2025-10-25T17:32:16.335Z,1.0,active
50888cff-7ee7-45ff-860f-f45a2d9f3a1d,610786d36308,Tarkett,2021,,Total,General,Unspecified,4,tonnes CO2e,0.80,high,statement_extraction,tarkett-urd-2024-en-published-on-03-31-18h52.pdf,610786d36308,2025-10-25T17:32:16.335Z,2025-10-25T17:32:16.335Z,2025-10-25T17:32:16.335Z,1.0,active
97b70c62-553b-45e7-8fb8-805d597bbe37,610786d36308,Tarkett,2025,,Total,General,Unspecified,17,tonnes CO2e,0.65,medium,statement_extraction,tarkett-urd-2024-en-published-on-03-31-18h52.pdf,610786d36308,2025-10-25T17:32:16.335Z,2025-10-25T17:32:16.335Z,2025-10-25T17:32:16.335Z,1.0,active
162bf662-e7fd-4fae-8d09-9af9b4054f11,610786d36308,Tarkett,2019,,Scope 1,General,Unspecified,2,tonnes CO2e,0.90,high,statement_extraction,tarkett-urd-2024-en-published-on-03-31-18h52.pdf,610786d36308,2025-10-25T17:32:16.335Z,2025-10-25T17:32:16.335Z,2025-10-25T17:32:16.335Z,1.0,active
c70784f3-e86b-41aa-b098-9ed3c377a375,610786d36308,Tarkett,2025,,Total,Energy,Energy,2.1,tonnes CO2e,0.75,high,statement_extraction,tarkett-urd-2024-en-published-on-03-31-18h52.pdf,610786d36308,2025-10-25T17:32:16.335Z,2025-10-25T17:32:16.335Z,2025-10-25T17:32:16.335Z,1.0,active
65261da6-0af9-4e59-9807-332382d7e126,610786d36308,Tarkett,2025,,Total,General,Unspecified,2.1,tonnes CO2e,0.65,medium,statement_extraction,tarkett-urd-2024-en-published-on-03-31-18h52.pdf,610786d36308,2025-10-25T17:32:16.335Z,2025-10-25T17:32:16.335Z,2025-10-25T17:32:16.335Z,1.0,active
1aec8ca4-5def-4613-9865-27935da62e48,610786d36308,Tarkett,2025,,Total,General,Unspecified,55,tonnes CO2e,0.65,medium,statement_extraction,tarkett-urd-2024-en-published-on-03-31-18h52.pdf,610786d36308,2025-10-25T17:32:16.335Z,2025-10-25T17:32:16.335Z,2025-10-25T17:32:16.335Z,1.0,active
c64f461b-90fc-485f-aa3e-6d3546e53d4e,610786d36308,Tarkett,2025,,Total,General,Unspecified,56,tonnes CO2e,0.65,medium,statement_extraction,tarkett-urd-2024-en-published-on-03-31-18h52.pdf,610786d36308,2025-10-25T17:32:16.335Z,2025-10-25T17:32:16.335Z,2025-10-25T17:32:16.335Z,1.0,active
2c1b5e1c-258d-4760-a0f6-adbaf136943d,610786d36308,Tarkett,2025,,Total,General,Unspecified,28,tonnes CO2e,0.65,medium,statement_extraction,tarkett-urd-2024-en-published-on-03-31-18h52.pdf,610786d36308,2025-10-25T17:32:16.335Z,2025-10-25T17:32:16.335Z,2025-10-25T17:32:16.335Z,1.0,active
15145a8c-6b6d-40cc-ab20-44d96008cc7e,610786d36308,Tarkett,2025,,Total,General,Unspecified,29,tonnes CO2e,0.65,medium,statement_extraction,tarkett-urd-2024-en-published-on-03-31-18h52.pdf,610786d36308,2025-10-25T17:32:16.335Z,2025-10-25T17:32:16.335Z,2025-10-25T17:32:16.335Z,1.0,active
03a9771e-949f-4d3e-9d24-64d21e052270,610786d36308,Tarkett,2030,1,Scope 1,General,Unspecified,3,tonnes CO2e,0.90,high,statement_extraction,tarkett-urd-2024-en-published-on-03-31-18h52.pdf,610786d36308,2025-10-25T17:32:16.335Z,2025-10-25T17:32:16.335Z,2025-10-25T17:32:16.335Z,1.0,active
8f51235a-cd3d-4b98-bc0f-850467eff07a,610786d36308,Tarkett,2025,,Total,Energy,Energy,83,tonnes CO2e,0.75,high,statement_extraction,tarkett-urd-2024-en-published-on-03-31-18h52.pdf,610786d36308,2025-10-25T17:32:16.335Z,2025-10-25T17:32:16.335Z,2025-10-25T17:32:16.335Z,1.0,active
c7bdf7fd-c714-4bf4-8755-7a02b307db54,610786d36308,Tarkett,2025,,Total,General,Unspecified,650,tonnes CO2e,0.65,medium,statement_extraction,tarkett-urd-2024-en-published-on-03-31-18h52.pdf,610786d36308,2025-10-25T17:32:16.335Z,2025-10-25T17:32:16.335Z,2025-10-25T17:32:16.335Z,1.0,active
afe4e6d1-1824-4984-af2f-b1b922e97315,610786d36308,Tarkett,2024,,Scope 1,General,Unspecified,2,tonnes CO2e,0.90,high,statement_extraction,tarkett-urd-2024-en-published-on-03-31-18h52.pdf,610786d36308,2025-10-25T17:32:16.335Z,2025-10-25T17:32:16.335Z,2025-10-25T17:32:16.335Z,1.0,active
86ae91d3-9c59-45fe-881b-e2e5add60813,610786d36308,Tarkett,2025,,Scope 1,General,Unspecified,1,tonnes CO2e,0.75,high,statement_extraction,tarkett-urd-2024-en-published-on-03-31-18h52.pdf,610786d36308,2025-10-25T17:32:16.335Z,2025-10-25T17:32:16.335Z,2025-10-25T17:32:16.335Z,1.0,active
3a72a099-a61d-4799-abed-dc5e7a8b1182,610786d36308,Tarkett,2026,1,Total,General,Unspecified,900,tonnes CO2e,0.80,high,statement_extraction,tarkett-urd-2024-en-published-on-03-31-18h52.pdf,610786d36308,2025-10-25T17:32:16.335Z,2025-10-25T17:32:16.335Z,2025-10-25T17:32:16.335Z,1.0,active
591470c0-6866-476b-8a9b-a6a027f457db,610786d36308,Tarkett,2024,,Scope 1,General,Unspecified,1,tonnes CO2e,0.90,high,statement_extraction,tarkett-urd-2024-en-published-on-03-31-18h52.pdf,610786d36308,2025-10-25T17:32:16.335Z,2025-10-25T17:32:16.335Z,2025-10-25T17:32:16.335Z,1.0,active
c65fe34e-4c86-452e-9e97-7135e9fcf030,610786d36308,Tarkett,2021,,Scope 1,Purchased Goods,Purchased Goods,1,tonnes CO2e,1.00,high,statement_extraction,tarkett-urd-2024-en-published-on-03-31-18h52.pdf,610786d36308,2025-10-25T17:32:16.335Z,2025-10-25T17:32:16.335Z,2025-10-25T17:32:16.335Z,1.0,active
c6135508-3534-4d8b-a23a-b7a9bfc61b66,610786d36308,Tarkett,2025,,Scope 1,Purchased Goods,Purchased Goods,12,tonnes CO2e,0.85,high,statement_extraction,tarkett-urd-2024-en-published-on-03-31-18h52.pdf,610786d36308,2025-10-25T17:32:16.335Z,2025-10-25T17:32:16.335Z,2025-10-25T17:32:16.335Z,1.0,active
43f73ccc-e755-45a1-b4ac-ee519a6bfd56,610786d36308,Tarkett,2030,1,Scope 1,General,Unspecified,50,tonnes CO2e,0.90,high,statement_extraction,tarkett-urd-2024-en-published-on-03-31-18h52.pdf,610786d36308,2025-10-25T17:32:16.335Z,2025-10-25T17:32:16.335Z,2025-10-25T17:32:16.335Z,1.0,active
8e8cbed0-277c-4dc9-bfc9-6ca6bfde2d9d,610786d36308,Tarkett,2025,,Scope 1,Energy,Fossil Fuel Combustion,100,tonnes CO2e,0.85,high,statement_extraction,tarkett-urd-2024-en-published-on-03-31-18h52.pdf,610786d36308,2025-10-25T17:32:16.335Z,2025-10-25T17:32:16.335Z,2025-10-25T17:32:16.335Z,1.0,active
810c384e-b00d-4408-a01a-371f50cedd38,610786d36308,Tarkett,2019,,Scope 3,General,Unspecified,3,tonnes CO2e,0.90,high,statement_extraction,tarkett-urd-2024-en-published-on-03-31-18h52.pdf,610786d36308,2025-10-25T17:32:16.335Z,2025-10-25T17:32:16.335Z,2025-10-25T17:32:16.335Z,1.0,active
270e6a15-bb3e-4ca0-a649-6a434cb9849a,610786d36308,Tarkett,2019,,Scope 3,General,Unspecified,73,tonnes CO2e,0.90,high,statement_extraction,tarkett-urd-2024-en-published-on-03-31-18h52.pdf,610786d36308,2025-10-25T17:32:16.335Z,2025-10-25T17:32:16.335Z,2025-10-25T17:32:16.335Z,1.0,active
8b017804-105f-4c68-9f09-e7f1de4b8d41,610786d36308,Tarkett,2025,,Scope 3,Energy,Energy-Related Activities,3,tonnes CO2e,0.85,high,statement_extraction,tarkett-urd-2024-en-published-on-03-31-18h52.pdf,610786d36308,2025-10-25T17:32:16.335Z,2025-10-25T17:32:16.335Z,2025-10-25T17:32:16.335Z,1.0,active
709e80e4-5fa0-4592-8d0c-d52850f5e9c3,610786d36308,Tarkett,2019,,Scope 3,General,Unspecified,12,tonnes CO2e,0.90,high,statement_extraction,tarkett-urd-2024-en-published-on-03-31-18h52.pdf,610786d36308,2025-10-25T17:32:16.335Z,2025-10-25T17:32:16.335Z,2025-10-25T17:32:16.335Z,1.0,active
79ea5f8f-5149-4b6f-b333-edf23fa6c68c,610786d36308,Tarkett,2030,1,Scope 1,General,Unspecified,2,tonnes CO2e,0.90,high,statement_extraction,tarkett-urd-2024-en-published-on-03-31-18h52.pdf,610786d36308,2025-10-25T17:32:16.335Z,2025-10-25T17:32:16.335Z,2025-10-25T17:32:16.335Z,1.0,active
e2733970-6814-4559-bebe-32cbc038ff14,610786d36308,Tarkett,2024,,Scope 1,General,Unspecified,3.2,tonnes CO2e,0.90,high,statement_extraction,tarkett-urd-2024-en-published-on-03-31-18h52.pdf,610786d36308,2025-10-25T17:32:16.335Z,2025-10-25T17:32:16.335Z,2025-10-25T17:32:16.335Z,1.0,active
26d00e6a-bf0d-46a2-9d35-466e5b4d8658,610786d36308,Tarkett,2025,,Scope 2,General,Unspecified,3,tonnes CO2e,0.75,high,statement_extraction,tarkett-urd-2024-en-published-on-03-31-18h52.pdf,610786d36308,2025-10-25T17:32:16.335Z,2025-10-25T17:32:16.335Z,2025-10-25T17:32:16.335Z,1.0,active
30003604-3ff9-4ced-b05e-4ee9027174da,610786d36308,Tarkett,2025,,Total,Energy,Energy,52.6,tonnes CO2e,0.75,high,statement_extraction,tarkett-urd-2024-en-published-on-03-31-18h52.pdf,610786d36308,2025-10-25T17:32:16.335Z,2025-10-25T17:32:16.335Z,2025-10-25T17:32:16.335Z,1.0,active
25807fcd-ae10-4f3c-978a-e307f48739dd,610786d36308,Tarkett,2025,,Total,Energy,Energy,8.5,tonnes CO2e,0.75,high,statement_extraction,tarkett-urd-2024-en-published-on-03-31-18h52.pdf,610786d36308,2025-10-25T17:32:16.335Z,2025-10-25T17:32:16.335Z,2025-10-25T17:32:16.335Z,1.0,active
5c53b6c0-c8a9-49bb-8bec-9f9f082b0e26,610786d36308,Tarkett,2025,,Total,Energy,Energy,38.9,tonnes CO2e,0.75,high,statement_extraction,tarkett-urd-2024-en-published-on-03-31-18h52.pdf,610786d36308,2025-10-25T17:32:16.335Z,2025-10-25T17:32:16.335Z,2025-10-25T17:32:16.335Z,1.0,active
1fc471da-c4ca-486c-8dd4-8f01a0e34176,610786d36308,Tarkett,2023,,Total,Energy,Energy,44,tonnes CO2e,0.90,high,statement_extraction,tarkett-urd-2024-en-published-on-03-31-18h52.pdf,610786d36308,2025-10-25T17:32:16.335Z,2025-10-25T17:32:16.335Z,2025-10-25T17:32:16.335Z,1.0,active
6c1f6ccd-e190-4283-bc33-49ee93a3992f,610786d36308,Tarkett,2024,,Total,Energy,Energy,1,tonnes CO2e,0.90,high,statement_extraction,tarkett-urd-2024-en-published-on-03-31-18h52.pdf,610786d36308,2025-10-25T17:32:16.335Z,2025-10-25T17:32:16.335Z,2025-10-25T17:32:16.335Z,1.0,active
884a7a27-684b-4d4a-b3dc-6f472c7193ec,610786d36308,Tarkett,2025,,Total,General,Unspecified,6,tonnes CO2e,0.65,medium,statement_extraction,tarkett-urd-2024-en-published-on-03-31-18h52.pdf,610786d36308,2025-10-25T17:32:16.335Z,2025-10-25T17:32:16.335Z,2025-10-25T17:32:16.335Z,1.0,active
3ba1a815-5435-4263-8c5d-18c7ffcb9670,610786d36308,Tarkett,2025,,Scope 1,Energy,Fossil Fuel Combustion,1,tonnes CO2e,0.85,high,statement_extraction,tarkett-urd-2024-en-published-on-03-31-18h52.pdf,610786d36308,2025-10-25T17:32:16.335Z,2025-10-25T17:32:16.335Z,2025-10-25T17:32:16.335Z,1.0,active
7436efb3-99f4-4dd6-bd46-32f4ee9a4240,610786d36308,Tarkett,2024,,Scope 2,General,Unspecified,3,tonnes CO2e,0.90,high,statement_extraction,tarkett-urd-2024-en-published-on-03-31-18h52.pdf,610786d36308,2025-10-25T17:32:16.335Z,2025-10-25T17:32:16.335Z,2025-10-25T17:32:16.335Z,1.0,active
edead1c3-ace9-4e8f-88ba-c001a31f0c16,610786d36308,Tarkett,2025,,Scope 3,Transportation,Business Travel & Logistics,3,tonnes CO2e,0.85,high,statement_extraction,tarkett-urd-2024-en-published-on-03-31-18h52.pdf,610786d36308,2025-10-25T17:32:16.335Z,2025-10-25T17:32:16.335Z,2025-10-25T17:32:16.335Z,1.0,active
cb4ad361-1473-4e69-911f-52e15d14e7e4,610786d36308,Tarkett,2025,,Scope 3,Purchased Goods,Supply Chain Emissions,357,tonnes CO2e,0.85,high,statement_extraction,tarkett-urd-2024-en-published-on-03-31-18h52.pdf,610786d36308,2025-10-25T17:32:16.335Z,2025-10-25T17:32:16.335Z,2025-10-25T17:32:16.335Z,1.0,active
b9f3ed70-abf8-46fc-9d15-efdbfcd3f15a,610786d36308,Tarkett,2025,,Scope 2,General,Unspecified,2,tonnes CO2e,0.75,high,statement_extraction,tarkett-urd-2024-en-published-on-03-31-18h52.pdf,610786d36308,2025-10-25T17:32:16.335Z,2025-10-25T17:32:16.335Z,2025-10-25T17:32:16.335Z,1.0,active
20549cf8-2a20-4d01-bd9b-6e4f04961a1e,610786d36308,Tarkett,2025,,Scope 1,General,Unspecified,10,tonnes CO2e,0.75,high,statement_extraction,tarkett-urd-2024-en-published-on-03-31-18h52.pdf,610786d36308,2025-10-25T17:32:16.335Z,2025-10-25T17:32:16.335Z,2025-10-25T17:32:16.335Z,1.0,active
08d55fbb-541e-4f31-8796-f4cead088b5d,610786d36308,Tarkett,2025,,Scope 3,General,Unspecified,1,tonnes CO2e,0.75,high,statement_extraction,tarkett-urd-2024-en-published-on-03-31-18h52.pdf,610786d36308,2025-10-25T17:32:16.335Z,2025-10-25T17:32:16.335Z,2025-10-25T17:32:16.335Z,1.0,active
68d03c13-1a15-4fe6-89d2-67b0b6d8ec9b,610786d36308,Tarkett,2024,,Scope 1,Energy,Fossil Fuel Combustion,2,tonnes CO2e,1.00,high,statement_extraction,tarkett-urd-2024-en-published-on-03-31-18h52.pdf,610786d36308,2025-10-25T17:32:16.335Z,2025-10-25T17:32:16.335Z,2025-10-25T17:32:16.335Z,1.0,active
fc72b367-cfd6-42c4-80e7-e390c6b1d97c,610786d36308,Tarkett,2023,,Scope 1,Energy,Fossil Fuel Combustion,2,tonnes CO2e,1.00,high,statement_extraction,tarkett-urd-2024-en-published-on-03-31-18h52.pdf,610786d36308,2025-10-25T17:32:16.335Z,2025-10-25T17:32:16.335Z,2025-10-25T17:32:16.335Z,1.0,active
ebcc95b2-5e17-409b-b69e-7a3093100484,610786d36308,Tarkett,2024,,Scope 2,General,Unspecified,12,tonnes CO2e,0.90,high,statement_extraction,tarkett-urd-2024-en-published-on-03-31-18h52.pdf,610786d36308,2025-10-25T17:32:16.335Z,2025-10-25T17:32:16.335Z,2025-10-25T17:32:16.335Z,1.0,active
8a7b2967-6252-4872-8ce9-3ce07270510e,610786d36308,Tarkett,2025,,Scope 1,General,Unspecified,12,tonnes CO2e,0.75,high,statement_extraction,tarkett-urd-2024-en-published-on-03-31-18h52.pdf,610786d36308,2025-10-25T17:32:16.335Z,2025-10-25T17:32:16.335Z,2025-10-25T17:32:16.335Z,1.0,active
8f2f3ab6-6b80-4508-8b7b-4cc8412df165,610786d36308,Tarkett,2025,,Total,General,Unspecified,8,tonnes CO2e,0.65,medium,statement_extraction,tarkett-urd-2024-en-published-on-03-31-18h52.pdf,610786d36308,2025-10-25T17:32:16.335Z,2025-10-25T17:32:16.335Z,2025-10-25T17:32:16.335Z,1.0,active
0425a391-a77f-46e3-8d64-19434eb5b6f6,610786d36308,Tarkett,2025,,Total,Energy,Energy,2,tonnes CO2e,0.75,high,statement_extraction,tarkett-urd-2024-en-published-on-03-31-18h52.pdf,610786d36308,2025-10-25T17:32:16.335Z,2025-10-25T17:32:16.335Z,2025-10-25T17:32:16.335Z,1.0,active
1d0705aa-3aba-4238-a2a5-520d56f46b73,610786d36308,Tarkett,2025,,Total,General,Unspecified,8952,tonnes CO2e,0.65,medium,statement_extraction,tarkett-urd-2024-en-published-on-03-31-18h52.pdf,610786d36308,2025-10-25T17:32:16.335Z,2025-10-25T17:32:16.335Z,2025-10-25T17:32:16.335Z,1.0,active
6c50991c-07d1-4f87-b9db-c42000837627,610786d36308,Tarkett,2025,,Total,General,Unspecified,40,tonnes CO2e,0.65,medium,statement_extraction,tarkett-urd-2024-en-published-on-03-31-18h52.pdf,610786d36308,2025-10-25T17:32:16.335Z,2025-10-25T17:32:16.335Z,2025-10-25T17:32:16.335Z,1.0,active
95158e8c-a5a0-42f6-96df-59bf857f8451,610786d36308,Tarkett,2025,,Total,General,Unspecified,700,tonnes CO2e,0.65,medium,statement_extraction,tarkett-urd-2024-en-published-on-03-31-18h52.pdf,610786d36308,2025-10-25T17:32:16.335Z,2025-10-25T17:32:16.335Z,2025-10-25T17:32:16.335Z,1.0,active
3946fd78-748b-4a36-b212-3e46bd2aeadd,610786d36308,Tarkett,2024,,Total,General,Unspecified,3,tonnes CO2e,0.80,high,statement_extraction,tarkett-urd-2024-en-published-on-03-31-18h52.pdf,610786d36308,2025-10-25T17:32:16.335Z,2025-10-25T17:32:16.335Z,2025-10-25T17:32:16.335Z,1.0,active
76e5a35c-36ad-4bb1-83af-0c1bb7f01874,610786d36308,Tarkett,2025,,Total,General,Unspecified,100,tonnes CO2e,0.65,medium,statement_extraction,tarkett-urd-2024-en-published-on-03-31-18h52.pdf,610786d36308,2025-10-25T17:32:16.335Z,2025-10-25T17:32:16.335Z,2025-10-25T17:32:16.335Z,1.0,active
553d8c0f-729a-430f-b74b-5fe1c084434b,610786d36308,Tarkett,2025,,Total,General,Unspecified,96100,tonnes CO2e,0.65,medium,statement_extraction,tarkett-urd-2024-en-published-on-03-31-18h52.pdf,610786d36308,2025-10-25T17:32:16.335Z,2025-10-25T17:32:16.335Z,2025-10-25T17:32:16.335Z,1.0,active
25e199a0-c10c-49ec-883f-56a2570f8c14,610786d36308,Tarkett,2025,,Total,General,Unspecified,9.11,tonnes CO2e,0.65,medium,statement_extraction,tarkett-urd-2024-en-published-on-03-31-18h52.pdf,610786d36308,2025-10-25T17:32:16.335Z,2025-10-25T17:32:16.335Z,2025-10-25T17:32:16.335Z,1.0,active
a0d48876-0f65-4639-a304-cdbb0877b26a,610786d36308,Tarkett,2024,,Total,General,Unspecified,7.5,tonnes CO2e,0.80,high,statement_extraction,tarkett-urd-2024-en-published-on-03-31-18h52.pdf,610786d36308,2025-10-25T17:32:16.335Z,2025-10-25T17:32:16.335Z,2025-10-25T17:32:16.335Z,1.0,active
bf46da5f-8885-4f6d-afac-85bfb5deed05,610786d36308,Tarkett,2024,,Total,General,Unspecified,11635,tonnes CO2e,0.80,high,statement_extraction,tarkett-urd-2024-en-published-on-03-31-18h52.pdf,610786d36308,2025-10-25T17:32:16.335Z,2025-10-25T17:32:16.335Z,2025-10-25T17:32:16.335Z,1.0,active
d4541e35-d1d5-4f02-91ca-29011a839e94,610786d36308,Tarkett,2025,,Total,General,Unspecified,12,tonnes CO2e,0.65,medium,statement_extraction,tarkett-urd-2024-en-published-on-03-31-18h52.pdf,610786d36308,2025-10-25T17:32:16.335Z,2025-10-25T17:32:16.335Z,2025-10-25T17:32:16.335Z,1.0,active
9a01acb0-925d-40de-a414-0a5bd0937ccd,610786d36308,Tarkett,2024,,Total,General,Unspecified,2,tonnes CO2e,0.80,high,statement_extraction,tarkett-urd-2024-en-published-on-03-31-18h52.pdf,610786d36308,2025-10-25T17:32:16.335Z,2025-10-25T17:32:16.335Z,2025-10-25T17:32:16.335Z,1.0,active
e195fbe2-ec2c-4430-a988-01db8869bc3a,610786d36308,Tarkett,2023,,Total,General,Unspecified,1,tonnes CO2e,0.80,high,statement_extraction,tarkett-urd-2024-en-published-on-03-31-18h52.pdf,610786d36308,2025-10-25T17:32:16.335Z,2025-10-25T17:32:16.335Z,2025-10-25T17:32:16.335Z,1.0,active
792c9519-1400-4b0f-9ecf-1821a67a73e9,610786d36308,Tarkett,2025,,Total,General,Unspecified,3,tonnes CO2e,0.65,medium,statement_extraction,tarkett-urd-2024-en-published-on-03-31-18h52.pdf,610786d36308,2025-10-25T17:32:16.335Z,2025-10-25T17:32:16.335Z,2025-10-25T17:32:16.335Z,1.0,active
14595869-f447-4a30-87eb-008213568358,610786d36308,Tarkett,2023,,Total,General,Unspecified,0.1,tonnes CO2e,0.80,high,statement_extraction,tarkett-urd-2024-en-published-on-03-31-18h52.pdf,610786d36308,2025-10-25T17:32:16.335Z,2025-10-25T17:32:16.335Z,2025-10-25T17:32:16.335Z,1.0,active
a13be532-ec45-49aa-9951-390fad995e9c,610786d36308,Tarkett,2025,,Total,General,Unspecified,4,tonnes CO2e,0.65,medium,statement_extraction,tarkett-urd-2024-en-published-on-03-31-18h52.pdf,610786d36308,2025-10-25T17:32:16.335Z,2025-10-25T17:32:16.335Z,2025-10-25T17:32:16.335Z,1.0,active
4619a4aa-28ce-410c-8d58-025113bf3b8f,610786d36308,Tarkett,2025,,Total,General,Unspecified,31.5,tonnes CO2e,0.65,medium,statement_extraction,tarkett-urd-2024-en-published-on-03-31-18h52.pdf,610786d36308,2025-10-25T17:32:16.335Z,2025-10-25T17:32:16.335Z,2025-10-25T17:32:16.335Z,1.0,active
17f5e388-7a94-4ba0-8512-efbbd3455ead,610786d36308,Tarkett,2025,,Total,General,Unspecified,24.6,tonnes CO2e,0.65,medium,statement_extraction,tarkett-urd-2024-en-published-on-03-31-18h52.pdf,610786d36308,2025-10-25T17:32:16.335Z,2025-10-25T17:32:16.335Z,2025-10-25T17:32:16.335Z,1.0,active
b7a5347c-1f7d-4cfb-b056-e675aeda59f8,610786d36308,Tarkett,2024,,Total,General,Unspecified,74,tonnes CO2e,0.80,high,statement_extraction,tarkett-urd-2024-en-published-on-03-31-18h52.pdf,610786d36308,2025-10-25T17:32:16.335Z,2025-10-25T17:32:16.335Z,2025-10-25T17:32:16.335Z,1.0,active
3ec7cedb-9643-4008-a630-7029c21d5ea5,610786d36308,Tarkett,2025,,Total,General,Unspecified,0.4,tonnes CO2e,0.65,medium,statement_extraction,tarkett-urd-2024-en-published-on-03-31-18h52.pdf,610786d36308,2025-10-25T17:32:16.335Z,2025-10-25T17:32:16.335Z,2025-10-25T17:32:16.335Z,1.0,active
0a5f525e-e53b-4245-a483-c013a469c07d,610786d36308,Tarkett,2025,,Total,General,Unspecified,35.4,tonnes CO2e,0.65,medium,statement_extraction,tarkett-urd-2024-en-published-on-03-31-18h52.pdf,610786d36308,2025-10-25T17:32:16.335Z,2025-10-25T17:32:16.335Z,2025-10-25T17:32:16.335Z,1.0,active
4d29337d-5ade-48a1-8c5b-a505c1b0d5ae,610786d36308,Tarkett,2025,,Total,General,Unspecified,49.9,tonnes CO2e,0.65,medium,statement_extraction,tarkett-urd-2024-en-published-on-03-31-18h52.pdf,610786d36308,2025-10-25T17:32:16.335Z,2025-10-25T17:32:16.335Z,2025-10-25T17:32:16.335Z,1.0,active
b68bb864-984f-408c-a253-db9b176c4453,610786d36308,Tarkett,2025,,Total,General,Unspecified,46.8,tonnes CO2e,0.65,medium,statement_extraction,tarkett-urd-2024-en-published-on-03-31-18h52.pdf,610786d36308,2025-10-25T17:32:16.335Z,2025-10-25T17:32:16.335Z,2025-10-25T17:32:16.335Z,1.0,active
ed1ace0a-a284-4b53-9797-bc02eec212aa,610786d36308,Tarkett,2025,,Total,General,Unspecified,9.8,tonnes CO2e,0.65,medium,statement_extraction,tarkett-urd-2024-en-published-on-03-31-18h52.pdf,610786d36308,2025-10-25T17:32:16.335Z,2025-10-25T17:32:16.335Z,2025-10-25T17:32:16.335Z,1.0,active
727d9b63-efb1-45ed-a6b7-05faef848d12,610786d36308,Tarkett,2024,,Total,General,Unspecified,0.7,tonnes CO2e,0.80,high,statement_extraction,tarkett-urd-2024-en-published-on-03-31-18h52.pdf,610786d36308,2025-10-25T17:32:16.335Z,2025-10-25T17:32:16.335Z,2025-10-25T17:32:16.335Z,1.0,active
f793a689-5937-4a33-9e33-2006f8e9c818,610786d36308,Tarkett,2019,,Scope 1,General,Unspecified,30,tonnes CO2e,0.90,high,statement_extraction,tarkett-urd-2024-en-published-on-03-31-18h52.pdf,610786d36308,2025-10-25T17:32:16.335Z,2025-10-25T17:32:16.335Z,2025-10-25T17:32:16.335Z,1.0,active
fb5bfc6c-9a94-4287-ac63-5ef98cafc26e,610786d36308,Tarkett,2019,,Scope 1,General,Unspecified,50,tonnes CO2e,0.90,high,statement_extraction,tarkett-urd-2024-en-published-on-03-31-18h52.pdf,610786d36308,2025-10-25T17:32:16.335Z,2025-10-25T17:32:16.335Z,2025-10-25T17:32:16.335Z,1.0,active
3c2cd674-5503-4e67-b83f-259088b57e22,610786d36308,Tarkett,2025,,Total,General,Unspecified,86,tonnes CO2e,0.65,medium,statement_extraction,tarkett-urd-2024-en-published-on-03-31-18h52.pdf,610786d36308,2025-10-25T17:32:16.335Z,2025-10-25T17:32:16.335Z,2025-10-25T17:32:16.335Z,1.0,active
1fbdf23a-5fe0-4827-854c-e23b4c43bb21,610786d36308,Tarkett,2025,,Total,General,Unspecified,3363.11,tonnes CO2e,0.65,medium,statement_extraction,tarkett-urd-2024-en-published-on-03-31-18h52.pdf,610786d36308,2025-10-25T17:32:16.335Z,2025-10-25T17:32:16.335Z,2025-10-25T17:32:16.335Z,1.0,active
0b1dfe05-6d98-4faa-a29c-9f968ca8dcc2,610786d36308,Tarkett,2025,,Total,General,Unspecified,2.6,tonnes CO2e,0.65,medium,statement_extraction,tarkett-urd-2024-en-published-on-03-31-18h52.pdf,610786d36308,2025-10-25T17:32:16.335Z,2025-10-25T17:32:16.335Z,2025-10-25T17:32:16.335Z,1.0,active
0780f566-4b88-4a33-ad01-faa8b3ecf4b1,610786d36308,Tarkett,2025,,Total,General,Unspecified,71.2,tonnes CO2e,0.65,medium,statement_extraction,tarkett-urd-2024-en-published-on-03-31-18h52.pdf,610786d36308,2025-10-25T17:32:16.335Z,2025-10-25T17:32:16.335Z,2025-10-25T17:32:16.335Z,1.0,active
7d33a9d6-d0ca-4683-8e1f-ec7a7139bd8a,610786d36308,Tarkett,2024,,Total,General,Unspecified,31,tonnes CO2e,0.80,high,statement_extraction,tarkett-urd-2024-en-published-on-03-31-18h52.pdf,610786d36308,2025-10-25T17:32:16.335Z,2025-10-25T17:32:16.335Z,2025-10-25T17:32:16.335Z,1.0,active
be882026-cb5d-4d20-ad3a-aeae14ee2721,610786d36308,Tarkett,2023,,Total,General,Unspecified,179.2,tonnes CO2e,0.80,high,statement_extraction,tarkett-urd-2024-en-published-on-03-31-18h52.pdf,610786d36308,2025-10-25T17:32:16.335Z,2025-10-25T17:32:16.335Z,2025-10-25T17:32:16.335Z,1.0,active
99a0c5dd-f0bd-4c7a-8870-a158a547a9c7,610786d36308,Tarkett,2023,,Total,General,Unspecified,4.9,tonnes CO2e,0.80,high,statement_extraction,tarkett-urd-2024-en-published-on-03-31-18h52.pdf,610786d36308,2025-10-25T17:32:16.335Z,2025-10-25T17:32:16.335Z,2025-10-25T17:32:16.335Z,1.0,active
49b6e17c-32e2-4c57-85d0-4177b1b86493,610786d36308,Tarkett,2025,,Total,General,Unspecified,3.2,tonnes CO2e,0.65,medium,statement_extraction,tarkett-urd-2024-en-published-on-03-31-18h52.pdf,610786d36308,2025-10-25T17:32:16.335Z,2025-10-25T17:32:16.335Z,2025-10-25T17:32:16.335Z,1.0,active
70e8ebf7-615b-4f24-a1bf-08897f48c496,610786d36308,Tarkett,2025,,Total,General,Unspecified,0.1,tonnes CO2e,0.65,medium,statement_extraction,tarkett-urd-2024-en-published-on-03-31-18h52.pdf,610786d36308,2025-10-25T17:32:16.335Z,2025-10-25T17:32:16.335Z,2025-10-25T17:32:16.335Z,1.0,active
b6116dc5-9c10-4c8f-beac-c6fefb99b9ab,610786d36308,Tarkett,2025,,Total,General,Unspecified,810.8,tonnes CO2e,0.65,medium,statement_extraction,tarkett-urd-2024-en-published-on-03-31-18h52.pdf,610786d36308,2025-10-25T17:32:16.335Z,2025-10-25T17:32:16.335Z,2025-10-25T17:32:16.335Z,1.0,active
6e0d77d2-fdb6-4685-b1ce-1f0684f3300d,610786d36308,Tarkett,2025,,Total,General,Unspecified,0.01,tonnes CO2e,0.65,medium,statement_extraction,tarkett-urd-2024-en-published-on-03-31-18h52.pdf,610786d36308,2025-10-25T17:32:16.335Z,2025-10-25T17:32:16.335Z,2025-10-25T17:32:16.335Z,1.0,active
12b2074b-1717-4d5f-b73e-d9dcdad65fc7,610786d36308,Tarkett,2025,,Total,General,Unspecified,1.954,tonnes CO2e,0.65,medium,statement_extraction,tarkett-urd-2024-en-published-on-03-31-18h52.pdf,610786d36308,2025-10-25T17:32:16.335Z,2025-10-25T17:32:16.335Z,2025-10-25T17:32:16.335Z,1.0,active
abe1a9e3-d41f-43b9-b66f-b737adc0b50c,610786d36308,Tarkett,2025,,Total,General,Unspecified,28.9,tonnes CO2e,0.65,medium,statement_extraction,tarkett-urd-2024-en-published-on-03-31-18h52.pdf,610786d36308,2025-10-25T17:32:16.335Z,2025-10-25T17:32:16.335Z,2025-10-25T17:32:16.335Z,1.0,active
e6bf83e3-1d0f-4195-a497-ecca11d1f887,610786d36308,Tarkett,2025,,Total,General,Unspecified,36.3,tonnes CO2e,0.65,medium,statement_extraction,tarkett-urd-2024-en-published-on-03-31-18h52.pdf,610786d36308,2025-10-25T17:32:16.335Z,2025-10-25T17:32:16.335Z,2025-10-25T17:32:16.335Z,1.0,active
243a7a54-c534-484f-9258-dbef7ce09c31,610786d36308,Tarkett,2025,,Total,General,Unspecified,76.4,tonnes CO2e,0.65,medium,statement_extraction,tarkett-urd-2024-en-published-on-03-31-18h52.pdf,610786d36308,2025-10-25T17:32:16.335Z,2025-10-25T17:32:16.335Z,2025-10-25T17:32:16.335Z,1.0,active
fea22d91-e720-4fa1-a47a-6b761c515887,610786d36308,Tarkett,2025,,Total,General,Unspecified,0.2,tonnes CO2e,0.65,medium,statement_extraction,tarkett-urd-2024-en-published-on-03-31-18h52.pdf,610786d36308,2025-10-25T17:32:16.335Z,2025-10-25T17:32:16.335Z,2025-10-25T17:32:16.335Z,1.0,active
6448706f-2597-4ed5-b296-ab12b4410ad6,610786d36308,Tarkett,2025,,Total,General,Unspecified,0.6,tonnes CO2e,0.65,medium,statement_extraction,tarkett-urd-2024-en-published-on-03-31-18h52.pdf,610786d36308,2025-10-25T17:32:16.335Z,2025-10-25T17:32:16.335Z,2025-10-25T17:32:16.335Z,1.0,active
4ec8dcab-d9e4-4c55-9d39-f69f5be36352,610786d36308,Tarkett,2024,,Total,General,Unspecified,10,tonnes CO2e,0.80,high,statement_extraction,tarkett-urd-2024-en-published-on-03-31-18h52.pdf,610786d36308,2025-10-25T17:32:16.335Z,2025-10-25T17:32:16.335Z,2025-10-25T17:32:16.335Z,1.0,active
d75bbdd5-f1db-498e-b2bd-1fee46ba52a8,610786d36308,Tarkett,2025,,Total,General,Unspecified,147.9,tonnes CO2e,0.65,medium,statement_extraction,tarkett-urd-2024-en-published-on-03-31-18h52.pdf,610786d36308,2025-10-25T17:32:16.335Z,2025-10-25T17:32:16.335Z,2025-10-25T17:32:16.335Z,1.0,active
e158305b-9550-4ffc-bb0d-47351a850946,610786d36308,Tarkett,2025,,Total,General,Unspecified,6544720.4,tonnes CO2e,0.65,medium,statement_extraction,tarkett-urd-2024-en-published-on-03-31-18h52.pdf,610786d36308,2025-10-25T17:32:16.335Z,2025-10-25T17:32:16.335Z,2025-10-25T17:32:16.335Z,1.0,active
86941691-0a74-4ea6-9b89-5c16e5c0edda,610786d36308,Tarkett,2025,,Total,General,Unspecified,6555020.4,tonnes CO2e,0.65,medium,statement_extraction,tarkett-urd-2024-en-published-on-03-31-18h52.pdf,610786d36308,2025-10-25T17:32:16.335Z,2025-10-25T17:32:16.335Z,2025-10-25T17:32:16.335Z,1.0,active
48493121-7132-41f6-9130-d7b1b8ec300b,610786d36308,Tarkett,2024,,Total,General,Unspecified,300000,tonnes CO2e,0.80,high,statement_extraction,tarkett-urd-2024-en-published-on-03-31-18h52.pdf,610786d36308,2025-10-25T17:32:16.335Z,2025-10-25T17:32:16.335Z,2025-10-25T17:32:16.335Z,1.0,active
a09278b8-f41c-481d-ba9e-0443afe283f2,610786d36308,Tarkett,2024,,Total,General,Unspecified,55000,tonnes CO2e,0.80,high,statement_extraction,tarkett-urd-2024-en-published-on-03-31-18h52.pdf,610786d36308,2025-10-25T17:32:16.335Z,2025-10-25T17:32:16.335Z,2025-10-25T17:32:16.335Z,1.0,active
750e773d-8a87-494d-9f10-b6ca233de752,610786d36308,Tarkett,2025,,Total,General,Unspecified,131,tonnes CO2e,0.65,medium,statement_extraction,tarkett-urd-2024-en-published-on-03-31-18h52.pdf,610786d36308,2025-10-25T17:32:16.335Z,2025-10-25T17:32:16.335Z,2025-10-25T17:32:16.335Z,1.0,active
e75a9693-7972-4e83-b458-3dd471a09d7f,610786d36308,Tarkett,2025,,Total,General,Unspecified,7,tonnes CO2e,0.65,medium,statement_extraction,tarkett-urd-2024-en-published-on-03-31-18h52.pdf,610786d36308,2025-10-25T17:32:16.335Z,2025-10-25T17:32:16.335Z,2025-10-25T17:32:16.335Z,1.0,active
7594f2dd-0e41-43a1-ba56-deaabe39bd6c,610786d36308,Tarkett,2025,,Total,General,Unspecified,267292,tonnes CO2e,0.65,medium,statement_extraction,tarkett-urd-2024-en-published-on-03-31-18h52.pdf,610786d36308,2025-10-25T17:32:16.335Z,2025-10-25T17:32:16.335Z,2025-10-25T17:32:16.335Z,1.0,active
ec25aae3-fbcc-4aec-bc07-0bd0ca36fcd8,610786d36308,Tarkett,2024,,Total,General,Unspecified,12,tonnes CO2e,0.80,high,statement_extraction,tarkett-urd-2024-en-published-on-03-31-18h52.pdf,610786d36308,2025-10-25T17:32:16.335Z,2025-10-25T17:32:16.335Z,2025-10-25T17:32:16.335Z,1.0,active
2c647b8c-6993-4d4f-a167-3595afed71ab,610786d36308,Tarkett,2025,,Total,General,Unspecified,2799,tonnes CO2e,0.65,medium,statement_extraction,tarkett-urd-2024-en-published-on-03-31-18h52.pdf,610786d36308,2025-10-25T17:32:16.335Z,2025-10-25T17:32:16.335Z,2025-10-25T17:32:16.335Z,1.0,active
542d60c7-cdb5-4ca7-8775-2698a1c58985,610786d36308,Tarkett,2025,,Total,General,Unspecified,136463,tonnes CO2e,0.65,medium,statement_extraction,tarkett-urd-2024-en-published-on-03-31-18h52.pdf,610786d36308,2025-10-25T17:32:16.335Z,2025-10-25T17:32:16.335Z,2025-10-25T17:32:16.335Z,1.0,active
da55c01c-8607-4cc7-9990-855ce8391420,610786d36308,Tarkett,2025,,Total,General,Unspecified,139262,tonnes CO2e,0.65,medium,statement_extraction,tarkett-urd-2024-en-published-on-03-31-18h52.pdf,610786d36308,2025-10-25T17:32:16.335Z,2025-10-25T17:32:16.335Z,2025-10-25T17:32:16.335Z,1.0,active
6d608fe7-000e-4951-9e58-dc5b3527ca2f,610786d36308,Tarkett,2025,,Total,General,Unspecified,93079,tonnes CO2e,0.65,medium,statement_extraction,tarkett-urd-2024-en-published-on-03-31-18h52.pdf,610786d36308,2025-10-25T17:32:16.335Z,2025-10-25T17:32:16.335Z,2025-10-25T17:32:16.335Z,1.0,active
bd316e8b-f915-4895-821e-768f45340c75,610786d36308,Tarkett,2025,,Total,General,Unspecified,1887194,tonnes CO2e,0.65,medium,statement_extraction,tarkett-urd-2024-en-published-on-03-31-18h52.pdf,610786d36308,2025-10-25T17:32:16.335Z,2025-10-25T17:32:16.335Z,2025-10-25T17:32:16.335Z,1.0,active
124a5089-7a11-4817-99de-94fd9998e0a6,610786d36308,Tarkett,2025,,Total,General,Unspecified,1980273,tonnes CO2e,0.65,medium,statement_extraction,tarkett-urd-2024-en-published-on-03-31-18h52.pdf,610786d36308,2025-10-25T17:32:16.335Z,2025-10-25T17:32:16.335Z,2025-10-25T17:32:16.335Z,1.0,active
9763e052-1622-4c21-8ff8-7a6d627370f5,610786d36308,Tarkett,2025,,Total,General,Unspecified,71902,tonnes CO2e,0.65,medium,statement_extraction,tarkett-urd-2024-en-published-on-03-31-18h52.pdf,610786d36308,2025-10-25T17:32:16.335Z,2025-10-25T17:32:16.335Z,2025-10-25T17:32:16.335Z,1.0,active
a3f87d59-1b13-4776-8465-31b498a351c7,610786d36308,Tarkett,2025,,Total,General,Unspecified,10425,tonnes CO2e,0.65,medium,statement_extraction,tarkett-urd-2024-en-published-on-03-31-18h52.pdf,610786d36308,2025-10-25T17:32:16.335Z,2025-10-25T17:32:16.335Z,2025-10-25T17:32:16.335Z,1.0,active
1432c0ac-fe47-4354-a36d-625da746eb30,610786d36308,Tarkett,2025,,Total,General,Unspecified,82327,tonnes CO2e,0.65,medium,statement_extraction,tarkett-urd-2024-en-published-on-03-31-18h52.pdf,610786d36308,2025-10-25T17:32:16.335Z,2025-10-25T17:32:16.335Z,2025-10-25T17:32:16.335Z,1.0,active
3cfcd6dd-ea25-4990-8557-b767373821da,610786d36308,Tarkett,2025,,Total,General,Unspecified,26,tonnes CO2e,0.65,medium,statement_extraction,tarkett-urd-2024-en-published-on-03-31-18h52.pdf,610786d36308,2025-10-25T17:32:16.335Z,2025-10-25T17:32:16.335Z,2025-10-25T17:32:16.335Z,1.0,active
02c197b1-3158-4cd3-8e42-835a4c7abbae,610786d36308,Tarkett,2025,,Total,General,Unspecified,1,tonnes CO2e,0.65,medium,statement_extraction,tarkett-urd-2024-en-published-on-03-31-18h52.pdf,610786d36308,2025-10-25T17:32:16.335Z,2025-10-25T17:32:16.335Z,2025-10-25T17:32:16.335Z,1.0,active
e7dc1a49-401f-44c2-8dff-7040f941e1d3,610786d36308,Tarkett,2025,,Total,General,Unspecified,65152,tonnes CO2e,0.65,medium,statement_extraction,tarkett-urd-2024-en-published-on-03-31-18h52.pdf,610786d36308,2025-10-25T17:32:16.335Z,2025-10-25T17:32:16.335Z,2025-10-25T17:32:16.335Z,1.0,active
ea0d6e99-f2ac-4003-a486-0f512aebaefe,610786d36308,Tarkett,2025,,Total,General,Unspecified,49054,tonnes CO2e,0.65,medium,statement_extraction,tarkett-urd-2024-en-published-on-03-31-18h52.pdf,610786d36308,2025-10-25T17:32:16.335Z,2025-10-25T17:32:16.335Z,2025-10-25T17:32:16.335Z,1.0,active
1a413575-eb2f-4304-85b1-bd6802ac5e7e,610786d36308,Tarkett,2025,,Total,General,Unspecified,283,tonnes CO2e,0.65,medium,statement_extraction,tarkett-urd-2024-en-published-on-03-31-18h52.pdf,610786d36308,2025-10-25T17:32:16.335Z,2025-10-25T17:32:16.335Z,2025-10-25T17:32:16.335Z,1.0,active
cc751cba-21eb-4ff7-8532-9c57e5a88064,610786d36308,Tarkett,2025,,Total,General,Unspecified,6280,tonnes CO2e,0.65,medium,statement_extraction,tarkett-urd-2024-en-published-on-03-31-18h52.pdf,610786d36308,2025-10-25T17:32:16.335Z,2025-10-25T17:32:16.335Z,2025-10-25T17:32:16.335Z,1.0,active
da0f5d20-8f8e-4572-8682-38bb4fb0c744,610786d36308,Tarkett,2024,,Total,General,Unspecified,300,tonnes CO2e,0.80,high,statement_extraction,tarkett-urd-2024-en-published-on-03-31-18h52.pdf,610786d36308,2025-10-25T17:32:16.335Z,2025-10-25T17:32:16.335Z,2025-10-25T17:32:16.335Z,1.0,active
a7ae9439-1e4f-49c1-a1e2-9c546f64d3d6,610786d36308,Tarkett,2025,,Total,General,Unspecified,1214340,tonnes CO2e,0.65,medium,statement_extraction,tarkett-urd-2024-en-published-on-03-31-18h52.pdf,610786d36308,2025-10-25T17:32:16.335Z,2025-10-25T17:32:16.335Z,2025-10-25T17:32:16.335Z,1.0,active
31c6aead-a4c0-4e7b-8ff2-35f015336338,610786d36308,Tarkett,2025,,Scope 1,Supply Chain,Supply Chain,3,tonnes CO2e,0.85,high,statement_extraction,tarkett-urd-2024-en-published-on-03-31-18h52.pdf,610786d36308,2025-10-25T17:32:16.335Z,2025-10-25T17:32:16.335Z,2025-10-25T17:32:16.335Z,1.0,active
8462ba2b-35f7-44fb-9dbb-3c6aa1c83aae,610786d36308,Tarkett,2025,,Total,General,Unspecified,5.2,tonnes CO2e,0.65,medium,statement_extraction,tarkett-urd-2024-en-published-on-03-31-18h52.pdf,610786d36308,2025-10-25T17:32:16.335Z,2025-10-25T17:32:16.335Z,2025-10-25T17:32:16.335Z,1.0,active
390e6403-92b7-4df5-ada5-5b65ee6b67ae,610786d36308,Tarkett,2025,,Total,Waste,Waste,157000,tonnes CO2e,0.75,high,statement_extraction,tarkett-urd-2024-en-published-on-03-31-18h52.pdf,610786d36308,2025-10-25T17:32:16.335Z,2025-10-25T17:32:16.335Z,2025-10-25T17:32:16.335Z,1.0,active
4b355c35-095e-4442-b895-48f4f7542169,610786d36308,Tarkett,2024,,Total,Waste,Waste,124000,tonnes CO2e,0.90,high,statement_extraction,tarkett-urd-2024-en-published-on-03-31-18h52.pdf,610786d36308,2025-10-25T17:32:16.335Z,2025-10-25T17:32:16.335Z,2025-10-25T17:32:16.335Z,1.0,active
949f7121-2e47-45eb-9630-55625810a27c,610786d36308,Tarkett,2024,,Total,General,Unspecified,170000,tonnes CO2e,0.80,high,statement_extraction,tarkett-urd-2024-en-published-on-03-31-18h52.pdf,610786d36308,2025-10-25T17:32:16.335Z,2025-10-25T17:32:16.335Z,2025-10-25T17:32:16.335Z,1.0,active
ce48b753-5cb5-4e6c-88e5-d332b25f42d9,610786d36308,Tarkett,2025,,Total,General,Unspecified,150000,tonnes CO2e,0.80,high,statement_extraction,tarkett-urd-2024-en-published-on-03-31-18h52.pdf,610786d36308,2025-10-25T17:32:16.335Z,2025-10-25T17:32:16.335Z,2025-10-25T17:32:16.335Z,1.0,active
64e85a73-e784-4436-a9bc-cf648b4a0c84,610786d36308,Tarkett,2025,,Total,General,Unspecified,100000,tonnes CO2e,0.65,medium,statement_extraction,tarkett-urd-2024-en-published-on-03-31-18h52.pdf,610786d36308,2025-10-25T17:32:16.335Z,2025-10-25T17:32:16.335Z,2025-10-25T17:32:16.335Z,1.0,active
130f085f-06da-4522-932f-17ddf612d02e,610786d36308,Tarkett,2024,,Total,Waste,Waste,225,tonnes CO2e,0.90,high,statement_extraction,tarkett-urd-2024-en-published-on-03-31-18h52.pdf,610786d36308,2025-10-25T17:32:16.335Z,2025-10-25T17:32:16.335Z,2025-10-25T17:32:16.335Z,1.0,active
595f3fe4-51a7-4db7-a640-d3cd2e673052,610786d36308,Tarkett,2024,,Total,General,Unspecified,1650,tonnes CO2e,0.80,high,statement_extraction,tarkett-urd-2024-en-published-on-03-31-18h52.pdf,610786d36308,2025-10-25T17:32:16.335Z,2025-10-25T17:32:16.335Z,2025-10-25T17:32:16.335Z,1.0,active
a8b02546-dd95-44f0-9310-88175997f293,610786d36308,Tarkett,2020,,Total,General,Unspecified,700,tonnes CO2e,0.80,high,statement_extraction,tarkett-urd-2024-en-published-on-03-31-18h52.pdf,610786d36308,2025-10-25T17:32:16.335Z,2025-10-25T17:32:16.335Z,2025-10-25T17:32:16.335Z,1.0,active
954f75fe-3267-4ed0-ac5e-919c71485dec,610786d36308,Tarkett,2024,,Total,General,Unspecified,160,tonnes CO2e,0.80,high,statement_extraction,tarkett-urd-2024-en-published-on-03-31-18h52.pdf,610786d36308,2025-10-25T17:32:16.335Z,2025-10-25T17:32:16.335Z,2025-10-25T17:32:16.335Z,1.0,active
dc89f738-0456-4fd1-a488-085fc7d3685d,610786d36308,Tarkett,2024,,Total,General,Unspecified,30,tonnes CO2e,0.80,high,statement_extraction,tarkett-urd-2024-en-published-on-03-31-18h52.pdf,610786d36308,2025-10-25T17:32:16.335Z,2025-10-25T17:32:16.335Z,2025-10-25T17:32:16.335Z,1.0,active
5f216163-2d53-4b76-b762-0ba1556da491,610786d36308,Tarkett,2026,1,Total,General,Unspecified,38,tonnes CO2e,0.80,high,statement_extraction,tarkett-urd-2024-en-published-on-03-31-18h52.pdf,610786d36308,2025-10-25T17:32:16.335Z,2025-10-25T17:32:16.335Z,2025-10-25T17:32:16.335Z,1.0,active
cfd0bc98-2d18-47dd-a144-fdae23e9b32a,610786d36308,Tarkett,2025,,Total,General,Unspecified,45,tonnes CO2e,0.65,medium,statement_extraction,tarkett-urd-2024-en-published-on-03-31-18h52.pdf,610786d36308,2025-10-25T17:32:16.335Z,2025-10-25T17:32:16.335Z,2025-10-25T17:32:16.335Z,1.0,active
9b5276b6-091f-46c0-b566-1583be30bdda,610786d36308,Tarkett,2025,,Total,General,Unspecified,15.5,tonnes CO2e,0.65,medium,statement_extraction,tarkett-urd-2024-en-published-on-03-31-18h52.pdf,610786d36308,2025-10-25T17:32:16.335Z,2025-10-25T17:32:16.335Z,2025-10-25T17:32:16.335Z,1.0,active
b544d3e4-179f-4cf6-8268-1d7720162435,610786d36308,Tarkett,2024,,Total,Energy,Energy,22,tonnes CO2e,0.90,high,statement_extraction,tarkett-urd-2024-en-published-on-03-31-18h52.pdf,610786d36308,2025-10-25T17:32:16.335Z,2025-10-25T17:32:16.335Z,2025-10-25T17:32:16.335Z,1.0,active
7c09b75e-5476-4847-b628-1f2fee1c236b,610786d36308,Tarkett,2024,,Total,General,Unspecified,2.8,tonnes CO2e,0.80,high,statement_extraction,tarkett-urd-2024-en-published-on-03-31-18h52.pdf,610786d36308,2025-10-25T17:32:16.335Z,2025-10-25T17:32:16.335Z,2025-10-25T17:32:16.335Z,1.0,active
b12cad55-d920-4a3f-b181-597b9dc8994e,610786d36308,Tarkett,2022,,Total,General,Unspecified,30,tonnes CO2e,0.80,high,statement_extraction,tarkett-urd-2024-en-published-on-03-31-18h52.pdf,610786d36308,2025-10-25T17:32:16.335Z,2025-10-25T17:32:16.335Z,2025-10-25T17:32:16.335Z,1.0,active
155dc241-1d0c-422f-af7b-2fe807112c96,610786d36308,Tarkett,2025,,Total,Waste,Waste,30,tonnes CO2e,0.90,high,statement_extraction,tarkett-urd-2024-en-published-on-03-31-18h52.pdf,610786d36308,2025-10-25T17:32:16.335Z,2025-10-25T17:32:16.335Z,2025-10-25T17:32:16.335Z,1.0,active
cee454d8-d8b8-4a48-8668-53fb12cf5272,610786d36308,Tarkett,2018,,Total,General,Unspecified,157000,tonnes CO2e,0.80,high,statement_extraction,tarkett-urd-2024-en-published-on-03-31-18h52.pdf,610786d36308,2025-10-25T17:32:16.335Z,2025-10-25T17:32:16.335Z,2025-10-25T17:32:16.335Z,1.0,active
872b9d1b-2b13-4285-818d-d3a1972e46bf,610786d36308,Tarkett,2024,,Total,Waste,Waste,123900,tonnes CO2e,0.90,high,statement_extraction,tarkett-urd-2024-en-published-on-03-31-18h52.pdf,610786d36308,2025-10-25T17:32:16.335Z,2025-10-25T17:32:16.335Z,2025-10-25T17:32:16.335Z,1.0,active
82cdf873-63ea-4222-ba27-80fbe83deea4,610786d36308,Tarkett,2024,,Total,Waste,Waste,5000,tonnes CO2e,0.90,high,statement_extraction,tarkett-urd-2024-en-published-on-03-31-18h52.pdf,610786d36308,2025-10-25T17:32:16.335Z,2025-10-25T17:32:16.335Z,2025-10-25T17:32:16.335Z,1.0,active
f5565901-8cb3-4f55-a3f6-d1caf9255893,610786d36308,Tarkett,2025,,Total,General,Unspecified,3300,tonnes CO2e,0.65,medium,statement_extraction,tarkett-urd-2024-en-published-on-03-31-18h52.pdf,610786d36308,2025-10-25T17:32:16.335Z,2025-10-25T17:32:16.335Z,2025-10-25T17:32:16.335Z,1.0,active
8bbdd0de-32bb-48ca-9266-988be2954359,610786d36308,Tarkett,2024,,Total,General,Unspecified,11707,tonnes CO2e,0.80,high,statement_extraction,tarkett-urd-2024-en-published-on-03-31-18h52.pdf,610786d36308,2025-10-25T17:32:16.335Z,2025-10-25T17:32:16.335Z,2025-10-25T17:32:16.335Z,1.0,active
5e26cb8a-8235-4238-a053-6cc42ac4e76a,610786d36308,Tarkett,2024,,Scope 1,Purchased Goods,Purchased Goods,2,tonnes CO2e,1.00,high,statement_extraction,tarkett-urd-2024-en-published-on-03-31-18h52.pdf,610786d36308,2025-10-25T17:32:16.335Z,2025-10-25T17:32:16.335Z,2025-10-25T17:32:16.335Z,1.0,active
703267b8-a4be-4d22-a210-2be9ca0485b5,610786d36308,Tarkett,2019,,Scope 1,Energy,Fossil Fuel Combustion,2019,tonnes CO2e,1.00,high,statement_extraction,tarkett-urd-2024-en-published-on-03-31-18h52.pdf,610786d36308,2025-10-25T17:32:16.335Z,2025-10-25T17:32:16.335Z,2025-10-25T17:32:16.335Z,1.0,active
628e29bb-b93a-40c9-940c-a388ed9981aa,610786d36308,Tarkett,2016,,Scope 1,Direct Emissions,Direct Operations,3.2,tonnes CO2e,1.00,high,statement_extraction,tarkett-urd-2024-en-published-on-03-31-18h52.pdf,610786d36308,2025-10-25T17:32:16.335Z,2025-10-25T17:32:16.335Z,2025-10-25T17:32:16.335Z,1.0,active
36f358c9-3a4f-4680-900a-0ceb506c2e66,610786d36308,Tarkett,2023,,Scope 1,General,Unspecified,2,tonnes CO2e,0.90,high,statement_extraction,tarkett-urd-2024-en-published-on-03-31-18h52.pdf,610786d36308,2025-10-25T17:32:16.335Z,2025-10-25T17:32:16.335Z,2025-10-25T17:32:16.335Z,1.0,active
33857266-2bc2-4210-b3ab-062f08cb988b,610786d36308,Tarkett,2030,1,Scope 1,General,Unspecified,2019,tonnes CO2e,0.90,high,statement_extraction,tarkett-urd-2024-en-published-on-03-31-18h52.pdf,610786d36308,2025-10-25T17:32:16.335Z,2025-10-25T17:32:16.335Z,2025-10-25T17:32:16.335Z,1.0,active
766a47e6-66b8-4f1e-bcce-ab643e2aa70b,610786d36308,Tarkett,2024,,Scope 1,General,Unspecified,2030,tonnes CO2e,0.90,high,statement_extraction,tarkett-urd-2024-en-published-on-03-31-18h52.pdf,610786d36308,2025-10-25T17:32:16.335Z,2025-10-25T17:32:16.335Z,2025-10-25T17:32:16.335Z,1.0,active
2ad25ed8-88d9-4b33-9e5a-fb9aac9d6219,610786d36308,Tarkett,2023,,Scope 1,Energy,Fossil Fuel Combustion,2024,tonnes CO2e,1.00,high,statement_extraction,tarkett-urd-2024-en-published-on-03-31-18h52.pdf,610786d36308,2025-10-25T17:32:16.335Z,2025-10-25T17:32:16.335Z,2025-10-25T17:32:16.335Z,1.0,active
52f03eec-a078-456b-8af8-31f34b3e027c,610786d36308,Tarkett,2024,,Scope 1,General,Unspecified,12,tonnes CO2e,0.90,high,statement_extraction,tarkett-urd-2024-en-published-on-03-31-18h52.pdf,610786d36308,2025-10-25T17:32:16.335Z,2025-10-25T17:32:16.335Z,2025-10-25T17:32:16.335Z,1.0,active
463e2a34-a2c2-4312-bfc8-3bbc9f5d15fb,610786d36308,Tarkett,2023,,Scope 2,General,Unspecified,41983,tonnes CO2e,0.90,high,statement_extraction,tarkett-urd-2024-en-published-on-03-31-18h52.pdf,610786d36308,2025-10-25T17:32:16.335Z,2025-10-25T17:32:16.335Z,2025-10-25T17:32:16.335Z,1.0,active
1157c476-30b6-482c-90e0-f4781e657bce,610786d36308,Tarkett,2020,,Scope 2,Direct Emissions,Indirect Energy,3.2,tonnes CO2e,1.00,high,statement_extraction,tarkett-urd-2024-en-published-on-03-31-18h52.pdf,610786d36308,2025-10-25T17:32:16.335Z,2025-10-25T17:32:16.335Z,2025-10-25T17:32:16.335Z,1.0,active
a04443c4-6a62-415f-b63a-aea922cf86ef,610786d36308,Tarkett,2019,,Scope 2,Purchased Goods,Purchased Goods,12,tonnes CO2e,1.00,high,statement_extraction,tarkett-urd-2024-en-published-on-03-31-18h52.pdf,610786d36308,2025-10-25T17:32:16.335Z,2025-10-25T17:32:16.335Z,2025-10-25T17:32:16.335Z,1.0,active
76c85d7f-8500-45b0-9a68-07578579dc35,610786d36308,Tarkett,2019,,Scope 2,Purchased Goods,Purchased Goods,50,tonnes CO2e,1.00,high,statement_extraction,tarkett-urd-2024-en-published-on-03-31-18h52.pdf,610786d36308,2025-10-25T17:32:16.335Z,2025-10-25T17:32:16.335Z,2025-10-25T17:32:16.335Z,1.0,active
77dfc025-c817-4fe1-ad8f-e94e2383aebb,610786d36308,Tarkett,2030,1,Scope 2,General,Unspecified,2019,tonnes CO2e,0.90,high,statement_extraction,tarkett-urd-2024-en-published-on-03-31-18h52.pdf,610786d36308,2025-10-25T17:32:16.335Z,2025-10-25T17:32:16.335Z,2025-10-25T17:32:16.335Z,1.0,active
700cffe4-dfe7-4172-bb74-a86323b6766a,610786d36308,Tarkett,2024,,Scope 2,General,Unspecified,2024,tonnes CO2e,0.90,high,statement_extraction,tarkett-urd-2024-en-published-on-03-31-18h52.pdf,610786d36308,2025-10-25T17:32:16.335Z,2025-10-25T17:32:16.335Z,2025-10-25T17:32:16.335Z,1.0,active
987f4224-ada4-4b02-96e6-1a494e818a67,610786d36308,Tarkett,2023,,Scope 2,General,Unspecified,2024,tonnes CO2e,0.90,high,statement_extraction,tarkett-urd-2024-en-published-on-03-31-18h52.pdf,610786d36308,2025-10-25T17:32:16.335Z,2025-10-25T17:32:16.335Z,2025-10-25T17:32:16.335Z,1.0,active
4a13be9f-d7bf-4272-903d-7d6a92c58e9c,610786d36308,Tarkett,2024,,Scope 2,Energy,Purchased Electricity,2024,tonnes CO2e,1.00,high,statement_extraction,tarkett-urd-2024-en-published-on-03-31-18h52.pdf,610786d36308,2025-10-25T17:32:16.335Z,2025-10-25T17:32:16.335Z,2025-10-25T17:32:16.335Z,1.0,active
26bafa2e-3921-48f6-9dbf-3fe06ec5c28f,610786d36308,Tarkett,2024,,Scope 2,General,Unspecified,2023,tonnes CO2e,0.90,high,statement_extraction,tarkett-urd-2024-en-published-on-03-31-18h52.pdf,610786d36308,2025-10-25T17:32:16.335Z,2025-10-25T17:32:16.335Z,2025-10-25T17:32:16.335Z,1.0,active
02c25045-d46f-477c-827b-5a5a28852418,610786d36308,Tarkett,2019,,Scope 2,General,Unspecified,50,tonnes CO2e,0.90,high,statement_extraction,tarkett-urd-2024-en-published-on-03-31-18h52.pdf,610786d36308,2025-10-25T17:32:16.335Z,2025-10-25T17:32:16.335Z,2025-10-25T17:32:16.335Z,1.0,active
b43eec9c-f735-45f6-9cc9-b21ddf8a6b7b,610786d36308,Tarkett,2019,,Scope 3,Energy,Energy-Related Activities,2019,tonnes CO2e,1.00,high,statement_extraction,tarkett-urd-2024-en-published-on-03-31-18h52.pdf,610786d36308,2025-10-25T17:32:16.335Z,2025-10-25T17:32:16.335Z,2025-10-25T17:32:16.335Z,1.0,active
050a7621-394e-4670-9826-d2f3894aa008,610786d36308,Tarkett,2020,,Scope 3,Direct Emissions,Value Chain,3.2,tonnes CO2e,1.00,high,statement_extraction,tarkett-urd-2024-en-published-on-03-31-18h52.pdf,610786d36308,2025-10-25T17:32:16.335Z,2025-10-25T17:32:16.335Z,2025-10-25T17:32:16.335Z,1.0,active
66408abd-e1b6-4530-9864-5d2fe07499fe,610786d36308,Tarkett,2019,,Scope 3,Purchased Goods,Supply Chain Emissions,12,tonnes CO2e,1.00,high,statement_extraction,tarkett-urd-2024-en-published-on-03-31-18h52.pdf,610786d36308,2025-10-25T17:32:16.335Z,2025-10-25T17:32:16.335Z,2025-10-25T17:32:16.335Z,1.0,active
65a4aae3-1b14-4437-93c5-9b831dd9c07f,610786d36308,Tarkett,2030,1,Scope 3,General,Unspecified,12,tonnes CO2e,0.90,high,statement_extraction,tarkett-urd-2024-en-published-on-03-31-18h52.pdf,610786d36308,2025-10-25T17:32:16.335Z,2025-10-25T17:32:16.335Z,2025-10-25T17:32:16.335Z,1.0,active
3d24f3a8-7077-48c5-9a49-70f491125ed5,610786d36308,Tarkett,2024,,Scope 3,General,Unspecified,12,tonnes CO2e,0.90,high,statement_extraction,tarkett-urd-2024-en-published-on-03-31-18h52.pdf,610786d36308,2025-10-25T17:32:16.335Z,2025-10-25T17:32:16.335Z,2025-10-25T17:32:16.335Z,1.0,active
8d40bdae-3135-4fc7-adab-c8ab8da322c2,610786d36308,Tarkett,2023,,Scope 3,General,Unspecified,12,tonnes CO2e,0.90,high,statement_extraction,tarkett-urd-2024-en-published-on-03-31-18h52.pdf,610786d36308,2025-10-25T17:32:16.335Z,2025-10-25T17:32:16.335Z,2025-10-25T17:32:16.335Z,1.0,active
216d6690-e273-4a96-894c-70125db41d47,610786d36308,Tarkett,2023,,Scope 3,General,Unspecified,2019,tonnes CO2e,0.90,high,statement_extraction,tarkett-urd-2024-en-published-on-03-31-18h52.pdf,610786d36308,2025-10-25T17:32:16.335Z,2025-10-25T17:32:16.335Z,2025-10-25T17:32:16.335Z,1.0,active
19a6fd5a-e379-466b-8713-97b0900418a3,610786d36308,Tarkett,2019,,Scope 3,General,Unspecified,30,tonnes CO2e,0.90,high,statement_extraction,tarkett-urd-2024-en-published-on-03-31-18h52.pdf,610786d36308,2025-10-25T17:32:16.335Z,2025-10-25T17:32:16.335Z,2025-10-25T17:32:16.335Z,1.0,active
7b40991d-d8a8-4369-8f88-cb27ffc433a0,ccf90cf2bcaf,ING Group,2025,,Scope 1,General,Unspecified,2,tonnes CO2e,0.75,high,statement_extraction,trivium-packaging-sustainability-report-2021.pdf,ccf90cf2bcaf,2025-10-25T17:32:16.335Z,2025-10-25T17:32:16.335Z,2025-10-25T17:32:16.335Z,1.0,active
300a6736-4021-4523-b179-15cb3a32d585,ccf90cf2bcaf,ING Group,2025,,Scope 3,General,Unspecified,3,tonnes CO2e,0.75,high,statement_extraction,trivium-packaging-sustainability-report-2021.pdf,ccf90cf2bcaf,2025-10-25T17:32:16.335Z,2025-10-25T17:32:16.335Z,2025-10-25T17:32:16.335Z,1.0,active
32c48547-5e53-476e-9f78-a58f37bf9ff2,ccf90cf2bcaf,ING Group,2025,,Total,General,Unspecified,0.85,tonnes CO2e,0.80,high,statement_extraction,trivium-packaging-sustainability-report-2021.pdf,ccf90cf2bcaf,2025-10-25T17:32:16.335Z,2025-10-25T17:32:16.335Z,2025-10-25T17:32:16.335Z,1.0,active
961fa6b4-5ced-40ef-9755-b96181ed6501,ccf90cf2bcaf,ING Group,2025,,Total,General,Unspecified,37,tonnes CO2e,0.65,medium,statement_extraction,trivium-packaging-sustainability-report-2021.pdf,ccf90cf2bcaf,2025-10-25T17:32:16.335Z,2025-10-25T17:32:16.335Z,2025-10-25T17:32:16.335Z,1.0,active
aff25dea-1813-4275-b9f3-6d8204006c57,ccf90cf2bcaf,ING Group,2025,,Total,General,Unspecified,2,tonnes CO2e,0.65,medium,statement_extraction,trivium-packaging-sustainability-report-2021.pdf,ccf90cf2bcaf,2025-10-25T17:32:16.335Z,2025-10-25T17:32:16.335Z,2025-10-25T17:32:16.335Z,1.0,active
f62d074c-4e8d-4b1f-9bf2-000623ad481c,ccf90cf2bcaf,ING Group,2020,,Scope 1,General,Unspecified,2,tonnes CO2e,0.90,high,statement_extraction,trivium-packaging-sustainability-report-2021.pdf,ccf90cf2bcaf,2025-10-25T17:32:16.335Z,2025-10-25T17:32:16.335Z,2025-10-25T17:32:16.335Z,1.0,active
adf478a5-9379-45db-b263-c9aa9d71f5d8,ccf90cf2bcaf,ING Group,2025,,Scope 1,General,Unspecified,25,tonnes CO2e,0.75,high,statement_extraction,trivium-packaging-sustainability-report-2021.pdf,ccf90cf2bcaf,2025-10-25T17:32:16.335Z,2025-10-25T17:32:16.335Z,2025-10-25T17:32:16.335Z,1.0,active
970c7035-0a14-4e52-b1b6-794093a6cebf,ccf90cf2bcaf,ING Group,2020,,Scope 1,General,Unspecified,0.7,tonnes CO2e,0.90,high,statement_extraction,trivium-packaging-sustainability-report-2021.pdf,ccf90cf2bcaf,2025-10-25T17:32:16.335Z,2025-10-25T17:32:16.335Z,2025-10-25T17:32:16.335Z,1.0,active
976b0c3e-fce7-436a-9f2e-66ba83bac787,ccf90cf2bcaf,ING Group,2025,,Scope 2,Energy,Purchased Electricity,2,tonnes CO2e,0.85,high,statement_extraction,trivium-packaging-sustainability-report-2021.pdf,ccf90cf2bcaf,2025-10-25T17:32:16.335Z,2025-10-25T17:32:16.335Z,2025-10-25T17:32:16.335Z,1.0,active
aa31707e-2f62-4f89-a6ff-744898e06dd5,ccf90cf2bcaf,ING Group,2021,,Total,General,Unspecified,48,tonnes CO2e,0.80,high,statement_extraction,trivium-packaging-sustainability-report-2021.pdf,ccf90cf2bcaf,2025-10-25T17:32:16.335Z,2025-10-25T17:32:16.335Z,2025-10-25T17:32:16.335Z,1.0,active
65c87db0-0235-4d7d-87a6-d5fc7e46b8eb,ccf90cf2bcaf,ING Group,2025,,Scope 3,General,Unspecified,25,tonnes CO2e,0.75,high,statement_extraction,trivium-packaging-sustainability-report-2021.pdf,ccf90cf2bcaf,2025-10-25T17:32:16.335Z,2025-10-25T17:32:16.335Z,2025-10-25T17:32:16.335Z,1.0,active
501fb1d0-22f7-4813-a1c7-20b0eeebab0b,ccf90cf2bcaf,ING Group,2020,,Scope 3,General,Unspecified,9.8,tonnes CO2e,0.90,high,statement_extraction,trivium-packaging-sustainability-report-2021.pdf,ccf90cf2bcaf,2025-10-25T17:32:16.335Z,2025-10-25T17:32:16.335Z,2025-10-25T17:32:16.335Z,1.0,active
b269e4ad-2a10-4eea-9ae9-57d7a5b51fce,ccf90cf2bcaf,ING Group,2025,,Total,General,Unspecified,42,tonnes CO2e,0.65,medium,statement_extraction,trivium-packaging-sustainability-report-2021.pdf,ccf90cf2bcaf,2025-10-25T17:32:16.335Z,2025-10-25T17:32:16.335Z,2025-10-25T17:32:16.335Z,1.0,active
19f02563-824b-4d5f-9a79-6461e8e5ca54,ccf90cf2bcaf,ING Group,2025,,Total,General,Unspecified,20,tonnes CO2e,0.65,medium,statement_extraction,trivium-packaging-sustainability-report-2021.pdf,ccf90cf2bcaf,2025-10-25T17:32:16.335Z,2025-10-25T17:32:16.335Z,2025-10-25T17:32:16.335Z,1.0,active
3bf7f605-fb23-40da-a468-175687d01130,ccf90cf2bcaf,ING Group,2020,,Scope 1,General,Unspecified,1,tonnes CO2e,0.90,high,statement_extraction,trivium-packaging-sustainability-report-2021.pdf,ccf90cf2bcaf,2025-10-25T17:32:16.335Z,2025-10-25T17:32:16.335Z,2025-10-25T17:32:16.335Z,1.0,active
ec452b24-9c73-4342-9171-fb62580a68c8,ccf90cf2bcaf,ING Group,2020,,Scope 3,General,Unspecified,2932377,tonnes CO2e,0.90,high,statement_extraction,trivium-packaging-sustainability-report-2021.pdf,ccf90cf2bcaf,2025-10-25T17:32:16.335Z,2025-10-25T17:32:16.335Z,2025-10-25T17:32:16.335Z,1.0,active
94862f32-f874-489a-bf88-5879eda7d68d,ccf90cf2bcaf,ING Group,2025,,Scope 1,Direct Emissions,Direct Operations,1,tonnes CO2e,0.85,high,statement_extraction,trivium-packaging-sustainability-report-2021.pdf,ccf90cf2bcaf,2025-10-25T17:32:16.335Z,2025-10-25T17:32:16.335Z,2025-10-25T17:32:16.335Z,1.0,active
5eec9d95-26fb-4c37-9ccd-af2a5420f382,ccf90cf2bcaf,ING Group,2025,,Scope 2,Direct Emissions,Indirect Energy,2,tonnes CO2e,0.85,high,statement_extraction,trivium-packaging-sustainability-report-2021.pdf,ccf90cf2bcaf,2025-10-25T17:32:16.335Z,2025-10-25T17:32:16.335Z,2025-10-25T17:32:16.335Z,1.0,active
687f7cf5-cf55-4e01-b676-baf2946cbe72,ccf90cf2bcaf,ING Group,2025,,Scope 3,Direct Emissions,Value Chain,3,tonnes CO2e,0.85,high,statement_extraction,trivium-packaging-sustainability-report-2021.pdf,ccf90cf2bcaf,2025-10-25T17:32:16.335Z,2025-10-25T17:32:16.335Z,2025-10-25T17:32:16.335Z,1.0,active
41a1cf78-a072-4f2d-851b-bca846c12e91,ccf90cf2bcaf,ING Group,2025,,Total,General,Unspecified,753,tonnes CO2e,0.65,medium,statement_extraction,trivium-packaging-sustainability-report-2021.pdf,ccf90cf2bcaf,2025-10-25T17:32:16.335Z,2025-10-25T17:32:16.335Z,2025-10-25T17:32:16.335Z,1.0,active
00931dae-44ad-4137-a3fe-e4c6ca5183fd,ccf90cf2bcaf,ING Group,2025,,Total,Energy,Energy,191,tonnes CO2e,0.75,high,statement_extraction,trivium-packaging-sustainability-report-2021.pdf,ccf90cf2bcaf,2025-10-25T17:32:16.335Z,2025-10-25T17:32:16.335Z,2025-10-25T17:32:16.335Z,1.0,active
da1a0047-b218-4380-960d-c1f0f3abd31b,ccf90cf2bcaf,ING Group,2025,,Total,General,Unspecified,191,tonnes CO2e,0.65,medium,statement_extraction,trivium-packaging-sustainability-report-2021.pdf,ccf90cf2bcaf,2025-10-25T17:32:16.335Z,2025-10-25T17:32:16.335Z,2025-10-25T17:32:16.335Z,1.0,active
b8d0d7e4-a4f6-4e47-be28-3be88a02b440,ccf90cf2bcaf,ING Group,2020,,Scope 1,General,Unspecified,2030,tonnes CO2e,0.90,high,statement_extraction,trivium-packaging-sustainability-report-2021.pdf,ccf90cf2bcaf,2025-10-25T17:32:16.335Z,2025-10-25T17:32:16.335Z,2025-10-25T17:32:16.335Z,1.0,active
328cb1aa-440c-410c-a1e5-627f31fba222,ccf90cf2bcaf,ING Group,2020,,Scope 1,General,Unspecified,2020,tonnes CO2e,0.90,high,statement_extraction,trivium-packaging-sustainability-report-2021.pdf,ccf90cf2bcaf,2025-10-25T17:32:16.335Z,2025-10-25T17:32:16.335Z,2025-10-25T17:32:16.335Z,1.0,active
f855d930-8f39-4136-a24f-5c1a6cbd9d09,ccf90cf2bcaf,ING Group,2030,1,Scope 3,General,Unspecified,25,tonnes CO2e,0.90,high,statement_extraction,trivium-packaging-sustainability-report-2021.pdf,ccf90cf2bcaf,2025-10-25T17:32:16.335Z,2025-10-25T17:32:16.335Z,2025-10-25T17:32:16.335Z,1.0,active
312a9bd1-3aba-4101-b1f3-f86f5feec1d6,ccf90cf2bcaf,ING Group,2021,,Scope 3,General,Unspecified,25,tonnes CO2e,0.90,high,statement_extraction,trivium-packaging-sustainability-report-2021.pdf,ccf90cf2bcaf,2025-10-25T17:32:16.335Z,2025-10-25T17:32:16.335Z,2025-10-25T17:32:16.335Z,1.0,active
fd9f8002-f5f2-4074-9127-e5f4d73a5136,ccf90cf2bcaf,ING Group,2020,,Scope 3,General,Unspecified,2020,tonnes CO2e,0.90,high,statement_extraction,trivium-packaging-sustainability-report-2021.pdf,ccf90cf2bcaf,2025-10-25T17:32:16.335Z,2025-10-25T17:32:16.335Z,2025-10-25T17:32:16.335Z,1.0,active
fe042b53-3c7b-4b51-a427-8da33eff6153,930c4d4808f7,Van Lanschot Kempen,2023,,Total,General,Unspecified,42,tonnes CO2e,0.80,high,statement_extraction,vanlanschotkempen_Annual_Report_2023_1761275151347.pdf,930c4d4808f7,2025-10-25T17:32:16.335Z,2025-10-25T17:32:16.335Z,2025-10-25T17:32:16.335Z,1.0,active
e8294cc7-0059-46d7-9798-26c484967dd2,930c4d4808f7,Van Lanschot Kempen,2022,,Total,General,Unspecified,1.75,tonnes CO2e,0.80,high,statement_extraction,vanlanschotkempen_Annual_Report_2023_1761275151347.pdf,930c4d4808f7,2025-10-25T17:32:16.335Z,2025-10-25T17:32:16.335Z,2025-10-25T17:32:16.335Z,1.0,active
6b9ab301-4bd4-4450-8faa-57513a20ca6e,930c4d4808f7,Van Lanschot Kempen,2025,,Total,General,Unspecified,85,tonnes CO2e,0.65,medium,statement_extraction,vanlanschotkempen_Annual_Report_2023_1761275151347.pdf,930c4d4808f7,2025-10-25T17:32:16.335Z,2025-10-25T17:32:16.335Z,2025-10-25T17:32:16.335Z,1.0,active
2d947cfc-4e79-4240-a246-cdbb4d5190f9,930c4d4808f7,Van Lanschot Kempen,2019,,Total,General,Unspecified,9,tonnes CO2e,0.80,high,statement_extraction,vanlanschotkempen_Annual_Report_2023_1761275151347.pdf,930c4d4808f7,2025-10-25T17:32:16.335Z,2025-10-25T17:32:16.335Z,2025-10-25T17:32:16.335Z,1.0,active
095b6888-d83f-416c-b6dd-68a44d90eeec,930c4d4808f7,Van Lanschot Kempen,2019,,Total,General,Unspecified,7,tonnes CO2e,0.80,high,statement_extraction,vanlanschotkempen_Annual_Report_2023_1761275151347.pdf,930c4d4808f7,2025-10-25T17:32:16.335Z,2025-10-25T17:32:16.335Z,2025-10-25T17:32:16.335Z,1.0,active
85ea1f4f-dcb2-4160-8e45-d9e061a1305a,930c4d4808f7,Van Lanschot Kempen,2025,,Total,General,Unspecified,1281,tonnes CO2e,0.65,medium,statement_extraction,vanlanschotkempen_Annual_Report_2023_1761275151347.pdf,930c4d4808f7,2025-10-25T17:32:16.335Z,2025-10-25T17:32:16.335Z,2025-10-25T17:32:16.335Z,1.0,active
09a74887-87df-42f7-8848-3d28fe33b8d1,930c4d4808f7,Van Lanschot Kempen,2025,,Total,Direct Emissions,Direct Emissions,60,tonnes CO2e,0.75,high,statement_extraction,vanlanschotkempen_Annual_Report_2023_1761275151347.pdf,930c4d4808f7,2025-10-25T17:32:16.335Z,2025-10-25T17:32:16.335Z,2025-10-25T17:32:16.335Z,1.0,active
6b24cf82-b43a-4771-b610-891ceedc6337,930c4d4808f7,Van Lanschot Kempen,2025,,Total,Direct Emissions,Direct Emissions,8.7,tonnes CO2e,0.75,high,statement_extraction,vanlanschotkempen_Annual_Report_2023_1761275151347.pdf,930c4d4808f7,2025-10-25T17:32:16.335Z,2025-10-25T17:32:16.335Z,2025-10-25T17:32:16.335Z,1.0,active
bfa26e5a-4c57-4e50-92df-3c1204ecf82f,930c4d4808f7,Van Lanschot Kempen,2025,,Scope 1,General,Unspecified,4,tonnes CO2e,0.75,high,statement_extraction,vanlanschotkempen_Annual_Report_2023_1761275151347.pdf,930c4d4808f7,2025-10-25T17:32:16.335Z,2025-10-25T17:32:16.335Z,2025-10-25T17:32:16.335Z,1.0,active
bd625bb5-df16-46c5-b209-387c3947b1c5,930c4d4808f7,Van Lanschot Kempen,2025,,Total,General,Unspecified,50,tonnes CO2e,0.65,medium,statement_extraction,vanlanschotkempen_Annual_Report_2023_1761275151347.pdf,930c4d4808f7,2025-10-25T17:32:16.335Z,2025-10-25T17:32:16.335Z,2025-10-25T17:32:16.335Z,1.0,active
30e36be7-f9b9-4a37-baa4-9571d33bf848,930c4d4808f7,Van Lanschot Kempen,2025,,Total,General,Unspecified,2,tonnes CO2e,0.65,medium,statement_extraction,vanlanschotkempen_Annual_Report_2023_1761275151347.pdf,930c4d4808f7,2025-10-25T17:32:16.335Z,2025-10-25T17:32:16.335Z,2025-10-25T17:32:16.335Z,1.0,active
6827c51b-8f95-4a3c-b258-8149c3d5ec8b,930c4d4808f7,Van Lanschot Kempen,2025,,Scope 1,General,Unspecified,3,tonnes CO2e,0.75,high,statement_extraction,vanlanschotkempen_Annual_Report_2023_1761275151347.pdf,930c4d4808f7,2025-10-25T17:32:16.335Z,2025-10-25T17:32:16.335Z,2025-10-25T17:32:16.335Z,1.0,active
66b6b891-aa7f-4ade-9418-0beaab72e665,930c4d4808f7,Van Lanschot Kempen,2025,,Total,General,Unspecified,468.6,tonnes CO2e,0.65,medium,statement_extraction,vanlanschotkempen_Annual_Report_2023_1761275151347.pdf,930c4d4808f7,2025-10-25T17:32:16.335Z,2025-10-25T17:32:16.335Z,2025-10-25T17:32:16.335Z,1.0,active
92d97db1-56c4-4a60-ae07-1d3a4ff1bf25,930c4d4808f7,Van Lanschot Kempen,2023,,Total,General,Unspecified,769,tonnes CO2e,0.80,high,statement_extraction,vanlanschotkempen_Annual_Report_2023_1761275151347.pdf,930c4d4808f7,2025-10-25T17:32:16.335Z,2025-10-25T17:32:16.335Z,2025-10-25T17:32:16.335Z,1.0,active
8a72d38c-b070-43ef-a497-fe19147ae426,930c4d4808f7,Van Lanschot Kempen,2025,,Total,General,Unspecified,9,tonnes CO2e,0.65,medium,statement_extraction,vanlanschotkempen_Annual_Report_2023_1761275151347.pdf,930c4d4808f7,2025-10-25T17:32:16.335Z,2025-10-25T17:32:16.335Z,2025-10-25T17:32:16.335Z,1.0,active
edd77205-5b15-4308-b9b6-813438cc56c7,930c4d4808f7,Van Lanschot Kempen,2025,,Total,General,Unspecified,3,tonnes CO2e,0.65,medium,statement_extraction,vanlanschotkempen_Annual_Report_2023_1761275151347.pdf,930c4d4808f7,2025-10-25T17:32:16.335Z,2025-10-25T17:32:16.335Z,2025-10-25T17:32:16.335Z,1.0,active
6e8f307d-b44f-42a2-8dd0-ec6b70c096dd,930c4d4808f7,Van Lanschot Kempen,2025,,Total,General,Unspecified,662.8,tonnes CO2e,0.65,medium,statement_extraction,vanlanschotkempen_Annual_Report_2023_1761275151347.pdf,930c4d4808f7,2025-10-25T17:32:16.335Z,2025-10-25T17:32:16.335Z,2025-10-25T17:32:16.335Z,1.0,active
583cadbf-4db3-4991-9bf7-3423d588bc3f,930c4d4808f7,Van Lanschot Kempen,2025,,Total,General,Unspecified,474.8,tonnes CO2e,0.65,medium,statement_extraction,vanlanschotkempen_Annual_Report_2023_1761275151347.pdf,930c4d4808f7,2025-10-25T17:32:16.335Z,2025-10-25T17:32:16.335Z,2025-10-25T17:32:16.335Z,1.0,active
efcccc0d-01ee-4221-8c6b-a9a191ca2007,930c4d4808f7,Van Lanschot Kempen,2025,,Total,General,Unspecified,599.7,tonnes CO2e,0.65,medium,statement_extraction,vanlanschotkempen_Annual_Report_2023_1761275151347.pdf,930c4d4808f7,2025-10-25T17:32:16.335Z,2025-10-25T17:32:16.335Z,2025-10-25T17:32:16.335Z,1.0,active
6a89a93a-84a6-4c34-afc1-72ec1b8a6447,930c4d4808f7,Van Lanschot Kempen,2025,,Total,General,Unspecified,438.2,tonnes CO2e,0.65,medium,statement_extraction,vanlanschotkempen_Annual_Report_2023_1761275151347.pdf,930c4d4808f7,2025-10-25T17:32:16.335Z,2025-10-25T17:32:16.335Z,2025-10-25T17:32:16.335Z,1.0,active
5295c394-2789-4731-8434-ac7af9949d2b,930c4d4808f7,Van Lanschot Kempen,2025,,Total,General,Unspecified,64,tonnes CO2e,0.65,medium,statement_extraction,vanlanschotkempen_Annual_Report_2023_1761275151347.pdf,930c4d4808f7,2025-10-25T17:32:16.335Z,2025-10-25T17:32:16.335Z,2025-10-25T17:32:16.335Z,1.0,active
025df7f8-7df1-4d1c-aff5-e16984278ae6,930c4d4808f7,Van Lanschot Kempen,2025,,Total,General,Unspecified,236.2,tonnes CO2e,0.65,medium,statement_extraction,vanlanschotkempen_Annual_Report_2023_1761275151347.pdf,930c4d4808f7,2025-10-25T17:32:16.335Z,2025-10-25T17:32:16.335Z,2025-10-25T17:32:16.335Z,1.0,active
aa315896-42e4-4367-a00b-3dceceb7c1c3,930c4d4808f7,Van Lanschot Kempen,2023,,Total,General,Unspecified,96,tonnes CO2e,0.80,high,statement_extraction,vanlanschotkempen_Annual_Report_2023_1761275151347.pdf,930c4d4808f7,2025-10-25T17:32:16.335Z,2025-10-25T17:32:16.335Z,2025-10-25T17:32:16.335Z,1.0,active
e0e0abe9-c66d-4621-8531-8f69ea719092,930c4d4808f7,Van Lanschot Kempen,2025,,Total,General,Unspecified,145,tonnes CO2e,0.65,medium,statement_extraction,vanlanschotkempen_Annual_Report_2023_1761275151347.pdf,930c4d4808f7,2025-10-25T17:32:16.335Z,2025-10-25T17:32:16.335Z,2025-10-25T17:32:16.335Z,1.0,active
8789567c-1be5-4f81-a9b0-afab52bf6991,930c4d4808f7,Van Lanschot Kempen,2022,,Total,General,Unspecified,52,tonnes CO2e,0.80,high,statement_extraction,vanlanschotkempen_Annual_Report_2023_1761275151347.pdf,930c4d4808f7,2025-10-25T17:32:16.335Z,2025-10-25T17:32:16.335Z,2025-10-25T17:32:16.335Z,1.0,active
3f8adb8a-265d-43b3-b42b-f8e2592e1b59,930c4d4808f7,Van Lanschot Kempen,2022,,Total,General,Unspecified,38,tonnes CO2e,0.80,high,statement_extraction,vanlanschotkempen_Annual_Report_2023_1761275151347.pdf,930c4d4808f7,2025-10-25T17:32:16.335Z,2025-10-25T17:32:16.335Z,2025-10-25T17:32:16.335Z,1.0,active
9b286c51-89f1-44bc-bc66-0eda61985280,930c4d4808f7,Van Lanschot Kempen,2022,,Total,General,Unspecified,9.2,tonnes CO2e,0.80,high,statement_extraction,vanlanschotkempen_Annual_Report_2023_1761275151347.pdf,930c4d4808f7,2025-10-25T17:32:16.335Z,2025-10-25T17:32:16.335Z,2025-10-25T17:32:16.335Z,1.0,active
4fd5b868-d731-46ea-83b0-ef89ded3cdd8,930c4d4808f7,Van Lanschot Kempen,2025,,Total,General,Unspecified,1,tonnes CO2e,0.65,medium,statement_extraction,vanlanschotkempen_Annual_Report_2023_1761275151347.pdf,930c4d4808f7,2025-10-25T17:32:16.335Z,2025-10-25T17:32:16.335Z,2025-10-25T17:32:16.335Z,1.0,active
b226942d-2380-475f-ab58-74f736bbcaee,930c4d4808f7,Van Lanschot Kempen,2025,,Total,General,Unspecified,9.2,tonnes CO2e,0.65,medium,statement_extraction,vanlanschotkempen_Annual_Report_2023_1761275151347.pdf,930c4d4808f7,2025-10-25T17:32:16.335Z,2025-10-25T17:32:16.335Z,2025-10-25T17:32:16.335Z,1.0,active
e1caefbb-e363-42e3-8b84-7f3aa1e140aa,930c4d4808f7,Van Lanschot Kempen,2022,,Total,General,Unspecified,348,tonnes CO2e,0.80,high,statement_extraction,vanlanschotkempen_Annual_Report_2023_1761275151347.pdf,930c4d4808f7,2025-10-25T17:32:16.335Z,2025-10-25T17:32:16.335Z,2025-10-25T17:32:16.335Z,1.0,active
5eb238e4-9d0e-4932-90f3-e773e66761a3,930c4d4808f7,Van Lanschot Kempen,2025,,Total,General,Unspecified,126,tonnes CO2e,0.65,medium,statement_extraction,vanlanschotkempen_Annual_Report_2023_1761275151347.pdf,930c4d4808f7,2025-10-25T17:32:16.335Z,2025-10-25T17:32:16.335Z,2025-10-25T17:32:16.335Z,1.0,active
c9f4b8b5-749c-407d-b784-bf11dd6caf37,930c4d4808f7,Van Lanschot Kempen,2025,,Total,General,Unspecified,25,tonnes CO2e,0.65,medium,statement_extraction,vanlanschotkempen_Annual_Report_2023_1761275151347.pdf,930c4d4808f7,2025-10-25T17:32:16.335Z,2025-10-25T17:32:16.335Z,2025-10-25T17:32:16.335Z,1.0,active
a873e5a3-ac44-4bdf-b0c7-73a7d3d90a82,930c4d4808f7,Van Lanschot Kempen,2025,,Total,General,Unspecified,28,tonnes CO2e,0.65,medium,statement_extraction,vanlanschotkempen_Annual_Report_2023_1761275151347.pdf,930c4d4808f7,2025-10-25T17:32:16.335Z,2025-10-25T17:32:16.335Z,2025-10-25T17:32:16.335Z,1.0,active
440ac8b9-4a95-458a-8404-54cbe2d07958,930c4d4808f7,Van Lanschot Kempen,2025,,Total,General,Unspecified,38,tonnes CO2e,0.65,medium,statement_extraction,vanlanschotkempen_Annual_Report_2023_1761275151347.pdf,930c4d4808f7,2025-10-25T17:32:16.335Z,2025-10-25T17:32:16.335Z,2025-10-25T17:32:16.335Z,1.0,active
b790503a-c112-4d3b-ab8b-7e9ce42da9a6,930c4d4808f7,Van Lanschot Kempen,2025,,Total,General,Unspecified,1128505,tonnes CO2e,0.65,medium,statement_extraction,vanlanschotkempen_Annual_Report_2023_1761275151347.pdf,930c4d4808f7,2025-10-25T17:32:16.335Z,2025-10-25T17:32:16.335Z,2025-10-25T17:32:16.335Z,1.0,active
27b7b0e3-6f96-46d6-bc10-613336b7e1db,930c4d4808f7,Van Lanschot Kempen,2025,,Total,General,Unspecified,599477,tonnes CO2e,0.65,medium,statement_extraction,vanlanschotkempen_Annual_Report_2023_1761275151347.pdf,930c4d4808f7,2025-10-25T17:32:16.335Z,2025-10-25T17:32:16.335Z,2025-10-25T17:32:16.335Z,1.0,active
e5ae6518-7197-4469-a6cb-20bae5c745ac,930c4d4808f7,Van Lanschot Kempen,2023,,Total,General,Unspecified,179,tonnes CO2e,0.80,high,statement_extraction,vanlanschotkempen_Annual_Report_2023_1761275151347.pdf,930c4d4808f7,2025-10-25T17:32:16.335Z,2025-10-25T17:32:16.335Z,2025-10-25T17:32:16.335Z,1.0,active
3dc9eece-982d-4a97-9c81-dc26ed9c892a,930c4d4808f7,Van Lanschot Kempen,2025,,Total,General,Unspecified,4,tonnes CO2e,0.65,medium,statement_extraction,vanlanschotkempen_Annual_Report_2023_1761275151347.pdf,930c4d4808f7,2025-10-25T17:32:16.335Z,2025-10-25T17:32:16.335Z,2025-10-25T17:32:16.335Z,1.0,active
b1c7b6f9-ac8c-449f-a142-9bcad3a27b62,930c4d4808f7,Van Lanschot Kempen,2023,,Total,General,Unspecified,6.3,tonnes CO2e,0.80,high,statement_extraction,vanlanschotkempen_Annual_Report_2023_1761275151347.pdf,930c4d4808f7,2025-10-25T17:32:16.335Z,2025-10-25T17:32:16.335Z,2025-10-25T17:32:16.335Z,1.0,active
221460f4-ecbc-4c2a-a801-171110346265,930c4d4808f7,Van Lanschot Kempen,2025,,Total,General,Unspecified,0.1,tonnes CO2e,0.65,medium,statement_extraction,vanlanschotkempen_Annual_Report_2023_1761275151347.pdf,930c4d4808f7,2025-10-25T17:32:16.335Z,2025-10-25T17:32:16.335Z,2025-10-25T17:32:16.335Z,1.0,active
8ecf56ee-8ee6-4f04-bf6a-e6d9c14a8d69,930c4d4808f7,Van Lanschot Kempen,2016,,Total,General,Unspecified,720,tonnes CO2e,0.80,high,statement_extraction,vanlanschotkempen_Annual_Report_2023_1761275151347.pdf,930c4d4808f7,2025-10-25T17:32:16.335Z,2025-10-25T17:32:16.335Z,2025-10-25T17:32:16.335Z,1.0,active
213bca87-6484-4ddd-85a8-cf5e4389483b,930c4d4808f7,Van Lanschot Kempen,2025,,Total,General,Unspecified,16,tonnes CO2e,0.65,medium,statement_extraction,vanlanschotkempen_Annual_Report_2023_1761275151347.pdf,930c4d4808f7,2025-10-25T17:32:16.335Z,2025-10-25T17:32:16.335Z,2025-10-25T17:32:16.335Z,1.0,active
f053a4fd-1b7a-469a-b7f1-9bbc489be480,930c4d4808f7,Van Lanschot Kempen,2023,,Total,General,Unspecified,85,tonnes CO2e,0.80,high,statement_extraction,vanlanschotkempen_Annual_Report_2023_1761275151347.pdf,930c4d4808f7,2025-10-25T17:32:16.335Z,2025-10-25T17:32:16.335Z,2025-10-25T17:32:16.335Z,1.0,active
485abd56-b89c-480e-ade0-39b5ee3b0bf4,930c4d4808f7,Van Lanschot Kempen,2025,,Total,General,Unspecified,314319,tonnes CO2e,0.65,medium,statement_extraction,vanlanschotkempen_Annual_Report_2023_1761275151347.pdf,930c4d4808f7,2025-10-25T17:32:16.335Z,2025-10-25T17:32:16.335Z,2025-10-25T17:32:16.335Z,1.0,active
d0ef8f23-8f25-4056-9ef2-e39bfa7902d2,930c4d4808f7,Van Lanschot Kempen,2025,,Total,General,Unspecified,84,tonnes CO2e,0.65,medium,statement_extraction,vanlanschotkempen_Annual_Report_2023_1761275151347.pdf,930c4d4808f7,2025-10-25T17:32:16.335Z,2025-10-25T17:32:16.335Z,2025-10-25T17:32:16.335Z,1.0,active
b5d00e39-35fe-4554-a5eb-411153c506aa,930c4d4808f7,Van Lanschot Kempen,2022,,Total,General,Unspecified,1,tonnes CO2e,0.80,high,statement_extraction,vanlanschotkempen_Annual_Report_2023_1761275151347.pdf,930c4d4808f7,2025-10-25T17:32:16.335Z,2025-10-25T17:32:16.335Z,2025-10-25T17:32:16.335Z,1.0,active
d457d06f-6b05-49b3-98d3-52d69c28eb50,930c4d4808f7,Van Lanschot Kempen,2025,,Total,General,Unspecified,17017913,tonnes CO2e,0.65,medium,statement_extraction,vanlanschotkempen_Annual_Report_2023_1761275151347.pdf,930c4d4808f7,2025-10-25T17:32:16.335Z,2025-10-25T17:32:16.335Z,2025-10-25T17:32:16.335Z,1.0,active
4ef12322-03a3-42a9-a965-18bf7913a38f,930c4d4808f7,Van Lanschot Kempen,2025,,Total,General,Unspecified,15635540,tonnes CO2e,0.65,medium,statement_extraction,vanlanschotkempen_Annual_Report_2023_1761275151347.pdf,930c4d4808f7,2025-10-25T17:32:16.335Z,2025-10-25T17:32:16.335Z,2025-10-25T17:32:16.335Z,1.0,active
a35ab190-41d4-4d53-8ceb-f5bc57b66f2c,930c4d4808f7,Van Lanschot Kempen,2025,,Total,General,Unspecified,1382372,tonnes CO2e,0.65,medium,statement_extraction,vanlanschotkempen_Annual_Report_2023_1761275151347.pdf,930c4d4808f7,2025-10-25T17:32:16.335Z,2025-10-25T17:32:16.335Z,2025-10-25T17:32:16.335Z,1.0,active
d4afc0b0-244d-474e-a07f-696de901f014,930c4d4808f7,Van Lanschot Kempen,2025,,Total,General,Unspecified,578078,tonnes CO2e,0.65,medium,statement_extraction,vanlanschotkempen_Annual_Report_2023_1761275151347.pdf,930c4d4808f7,2025-10-25T17:32:16.335Z,2025-10-25T17:32:16.335Z,2025-10-25T17:32:16.335Z,1.0,active
a6184f8a-41f1-4377-9e33-57c712a8dc2b,930c4d4808f7,Van Lanschot Kempen,2025,,Total,General,Unspecified,459100,tonnes CO2e,0.65,medium,statement_extraction,vanlanschotkempen_Annual_Report_2023_1761275151347.pdf,930c4d4808f7,2025-10-25T17:32:16.335Z,2025-10-25T17:32:16.335Z,2025-10-25T17:32:16.335Z,1.0,active
8f6be866-021d-40a4-9bce-6c581322b87a,930c4d4808f7,Van Lanschot Kempen,2025,,Total,General,Unspecified,21452,tonnes CO2e,0.65,medium,statement_extraction,vanlanschotkempen_Annual_Report_2023_1761275151347.pdf,930c4d4808f7,2025-10-25T17:32:16.335Z,2025-10-25T17:32:16.335Z,2025-10-25T17:32:16.335Z,1.0,active
e1507687-2701-4eb3-81b2-32363cdd8b7e,930c4d4808f7,Van Lanschot Kempen,2025,,Total,General,Unspecified,651,tonnes CO2e,0.65,medium,statement_extraction,vanlanschotkempen_Annual_Report_2023_1761275151347.pdf,930c4d4808f7,2025-10-25T17:32:16.335Z,2025-10-25T17:32:16.335Z,2025-10-25T17:32:16.335Z,1.0,active
11ea3fe1-3369-42f2-bc5e-cf692bd5cf17,930c4d4808f7,Van Lanschot Kempen,2025,,Total,General,Unspecified,402,tonnes CO2e,0.65,medium,statement_extraction,vanlanschotkempen_Annual_Report_2023_1761275151347.pdf,930c4d4808f7,2025-10-25T17:32:16.335Z,2025-10-25T17:32:16.335Z,2025-10-25T17:32:16.335Z,1.0,active
55a07483-6d55-4ae4-9281-ad87217ad1d2,930c4d4808f7,Van Lanschot Kempen,2025,,Total,General,Unspecified,21204,tonnes CO2e,0.65,medium,statement_extraction,vanlanschotkempen_Annual_Report_2023_1761275151347.pdf,930c4d4808f7,2025-10-25T17:32:16.335Z,2025-10-25T17:32:16.335Z,2025-10-25T17:32:16.335Z,1.0,active
c901c76c-e5a6-4ec7-9588-7d1c1e73aa86,930c4d4808f7,Van Lanschot Kempen,2025,,Total,General,Unspecified,9676,tonnes CO2e,0.65,medium,statement_extraction,vanlanschotkempen_Annual_Report_2023_1761275151347.pdf,930c4d4808f7,2025-10-25T17:32:16.335Z,2025-10-25T17:32:16.335Z,2025-10-25T17:32:16.335Z,1.0,active
f8f9c948-f489-4cba-bdd6-0b3cde981e35,930c4d4808f7,Van Lanschot Kempen,2025,,Total,General,Unspecified,22504,tonnes CO2e,0.65,medium,statement_extraction,vanlanschotkempen_Annual_Report_2023_1761275151347.pdf,930c4d4808f7,2025-10-25T17:32:16.335Z,2025-10-25T17:32:16.335Z,2025-10-25T17:32:16.335Z,1.0,active
771db1ad-29bd-4f8d-86b6-56520a9e4e32,930c4d4808f7,Van Lanschot Kempen,2025,,Total,General,Unspecified,1301,tonnes CO2e,0.65,medium,statement_extraction,vanlanschotkempen_Annual_Report_2023_1761275151347.pdf,930c4d4808f7,2025-10-25T17:32:16.335Z,2025-10-25T17:32:16.335Z,2025-10-25T17:32:16.335Z,1.0,active
b025e1b0-9513-4bfe-9fe4-91976ecbc1ff,930c4d4808f7,Van Lanschot Kempen,2025,,Total,General,Unspecified,85602,tonnes CO2e,0.65,medium,statement_extraction,vanlanschotkempen_Annual_Report_2023_1761275151347.pdf,930c4d4808f7,2025-10-25T17:32:16.335Z,2025-10-25T17:32:16.335Z,2025-10-25T17:32:16.335Z,1.0,active
42a14a18-4a47-46d7-9095-be668a29f367,930c4d4808f7,Van Lanschot Kempen,2025,,Total,General,Unspecified,6922,tonnes CO2e,0.65,medium,statement_extraction,vanlanschotkempen_Annual_Report_2023_1761275151347.pdf,930c4d4808f7,2025-10-25T17:32:16.335Z,2025-10-25T17:32:16.335Z,2025-10-25T17:32:16.335Z,1.0,active
3e5a14f3-0d02-40b1-899c-1e192efd47bd,930c4d4808f7,Van Lanschot Kempen,2025,,Total,General,Unspecified,132078,tonnes CO2e,0.65,medium,statement_extraction,vanlanschotkempen_Annual_Report_2023_1761275151347.pdf,930c4d4808f7,2025-10-25T17:32:16.335Z,2025-10-25T17:32:16.335Z,2025-10-25T17:32:16.335Z,1.0,active
e2bd41b8-3022-4db3-abeb-0843ae2d1547,930c4d4808f7,Van Lanschot Kempen,2025,,Total,General,Unspecified,29388,tonnes CO2e,0.65,medium,statement_extraction,vanlanschotkempen_Annual_Report_2023_1761275151347.pdf,930c4d4808f7,2025-10-25T17:32:16.335Z,2025-10-25T17:32:16.335Z,2025-10-25T17:32:16.335Z,1.0,active
476c972f-a989-4a1b-b9dd-c783aa735da9,930c4d4808f7,Van Lanschot Kempen,2025,,Total,General,Unspecified,3.2,tonnes CO2e,0.65,medium,statement_extraction,vanlanschotkempen_Annual_Report_2023_1761275151347.pdf,930c4d4808f7,2025-10-25T17:32:16.335Z,2025-10-25T17:32:16.335Z,2025-10-25T17:32:16.335Z,1.0,active
feb9f6ea-2827-41fc-8c59-e7dd61fc4a30,930c4d4808f7,Van Lanschot Kempen,2025,,Total,General,Unspecified,27667,tonnes CO2e,0.65,medium,statement_extraction,vanlanschotkempen_Annual_Report_2023_1761275151347.pdf,930c4d4808f7,2025-10-25T17:32:16.335Z,2025-10-25T17:32:16.335Z,2025-10-25T17:32:16.335Z,1.0,active
189faa83-f60b-4e8a-92a7-86b299a8650c,930c4d4808f7,Van Lanschot Kempen,2025,,Total,General,Unspecified,5202,tonnes CO2e,0.65,medium,statement_extraction,vanlanschotkempen_Annual_Report_2023_1761275151347.pdf,930c4d4808f7,2025-10-25T17:32:16.335Z,2025-10-25T17:32:16.335Z,2025-10-25T17:32:16.335Z,1.0,active
bc5a3505-7a7b-4078-b913-a602344bfe73,930c4d4808f7,Van Lanschot Kempen,2025,,Total,General,Unspecified,6551,tonnes CO2e,0.65,medium,statement_extraction,vanlanschotkempen_Annual_Report_2023_1761275151347.pdf,930c4d4808f7,2025-10-25T17:32:16.335Z,2025-10-25T17:32:16.335Z,2025-10-25T17:32:16.335Z,1.0,active
6859a03f-a138-4a09-bee0-e2cdbc1992d7,930c4d4808f7,Van Lanschot Kempen,2025,,Total,General,Unspecified,9403957,tonnes CO2e,0.65,medium,statement_extraction,vanlanschotkempen_Annual_Report_2023_1761275151347.pdf,930c4d4808f7,2025-10-25T17:32:16.335Z,2025-10-25T17:32:16.335Z,2025-10-25T17:32:16.335Z,1.0,active
f6a006a3-1819-4bd3-87b5-a33e6166a0c8,930c4d4808f7,Van Lanschot Kempen,2025,,Total,General,Unspecified,887758,tonnes CO2e,0.65,medium,statement_extraction,vanlanschotkempen_Annual_Report_2023_1761275151347.pdf,930c4d4808f7,2025-10-25T17:32:16.335Z,2025-10-25T17:32:16.335Z,2025-10-25T17:32:16.335Z,1.0,active
2a9b0498-fb50-419a-9f19-7e441db2ab74,930c4d4808f7,Van Lanschot Kempen,2025,,Total,General,Unspecified,902111,tonnes CO2e,0.65,medium,statement_extraction,vanlanschotkempen_Annual_Report_2023_1761275151347.pdf,930c4d4808f7,2025-10-25T17:32:16.335Z,2025-10-25T17:32:16.335Z,2025-10-25T17:32:16.335Z,1.0,active
9ce78327-e02b-49bd-a49a-126cf1d83e6f,930c4d4808f7,Van Lanschot Kempen,2022,,Total,General,Unspecified,227,tonnes CO2e,0.80,high,statement_extraction,vanlanschotkempen_Annual_Report_2023_1761275151347.pdf,930c4d4808f7,2025-10-25T17:32:16.335Z,2025-10-25T17:32:16.335Z,2025-10-25T17:32:16.335Z,1.0,active
e8242743-1949-4803-8ceb-51c264c2c2fd,930c4d4808f7,Van Lanschot Kempen,2025,,Total,General,Unspecified,9363958,tonnes CO2e,0.65,medium,statement_extraction,vanlanschotkempen_Annual_Report_2023_1761275151347.pdf,930c4d4808f7,2025-10-25T17:32:16.335Z,2025-10-25T17:32:16.335Z,2025-10-25T17:32:16.335Z,1.0,active
816362ed-cb4a-43ee-b381-5da70f3c2fac,930c4d4808f7,Van Lanschot Kempen,2025,,Total,General,Unspecified,15808493,tonnes CO2e,0.65,medium,statement_extraction,vanlanschotkempen_Annual_Report_2023_1761275151347.pdf,930c4d4808f7,2025-10-25T17:32:16.335Z,2025-10-25T17:32:16.335Z,2025-10-25T17:32:16.335Z,1.0,active
e1a40cd2-742d-4b03-9bdd-02158f208de4,930c4d4808f7,Van Lanschot Kempen,2025,,Total,General,Unspecified,15786744,tonnes CO2e,0.65,medium,statement_extraction,vanlanschotkempen_Annual_Report_2023_1761275151347.pdf,930c4d4808f7,2025-10-25T17:32:16.335Z,2025-10-25T17:32:16.335Z,2025-10-25T17:32:16.335Z,1.0,active
c51a6a75-79b9-4c1a-9b1a-978d62ba2d48,930c4d4808f7,Van Lanschot Kempen,2025,,Total,General,Unspecified,42532,tonnes CO2e,0.65,medium,statement_extraction,vanlanschotkempen_Annual_Report_2023_1761275151347.pdf,930c4d4808f7,2025-10-25T17:32:16.335Z,2025-10-25T17:32:16.335Z,2025-10-25T17:32:16.335Z,1.0,active
82514d48-0c56-43d5-961b-ddcdd6c76a53,930c4d4808f7,Van Lanschot Kempen,2025,,Total,General,Unspecified,1765,tonnes CO2e,0.65,medium,statement_extraction,vanlanschotkempen_Annual_Report_2023_1761275151347.pdf,930c4d4808f7,2025-10-25T17:32:16.335Z,2025-10-25T17:32:16.335Z,2025-10-25T17:32:16.335Z,1.0,active
ece6067c-df53-4b8f-bb99-c8a070496c87,930c4d4808f7,Van Lanschot Kempen,2025,,Total,General,Unspecified,0.4,tonnes CO2e,0.65,medium,statement_extraction,vanlanschotkempen_Annual_Report_2023_1761275151347.pdf,930c4d4808f7,2025-10-25T17:32:16.335Z,2025-10-25T17:32:16.335Z,2025-10-25T17:32:16.335Z,1.0,active
690db981-2649-4f8b-ba03-9091f7846ccf,930c4d4808f7,Van Lanschot Kempen,2025,,Total,General,Unspecified,280,tonnes CO2e,0.65,medium,statement_extraction,vanlanschotkempen_Annual_Report_2023_1761275151347.pdf,930c4d4808f7,2025-10-25T17:32:16.335Z,2025-10-25T17:32:16.335Z,2025-10-25T17:32:16.335Z,1.0,active
31d07402-f547-40b9-a993-af06322637d6,930c4d4808f7,Van Lanschot Kempen,2025,,Total,General,Unspecified,49,tonnes CO2e,0.65,medium,statement_extraction,vanlanschotkempen_Annual_Report_2023_1761275151347.pdf,930c4d4808f7,2025-10-25T17:32:16.335Z,2025-10-25T17:32:16.335Z,2025-10-25T17:32:16.335Z,1.0,active
1a5ed064-0b27-43c3-8949-cb1eb21f909c,930c4d4808f7,Van Lanschot Kempen,2025,,Total,General,Unspecified,43765,tonnes CO2e,0.65,medium,statement_extraction,vanlanschotkempen_Annual_Report_2023_1761275151347.pdf,930c4d4808f7,2025-10-25T17:32:16.335Z,2025-10-25T17:32:16.335Z,2025-10-25T17:32:16.335Z,1.0,active
0c4378e3-bb6f-4a53-9d24-dcb10d2fa737,930c4d4808f7,Van Lanschot Kempen,2025,,Total,General,Unspecified,42048,tonnes CO2e,0.65,medium,statement_extraction,vanlanschotkempen_Annual_Report_2023_1761275151347.pdf,930c4d4808f7,2025-10-25T17:32:16.335Z,2025-10-25T17:32:16.335Z,2025-10-25T17:32:16.335Z,1.0,active
ed69904f-00a9-4284-aa96-bfb8ac468a43,930c4d4808f7,Van Lanschot Kempen,2025,,Total,General,Unspecified,133,tonnes CO2e,0.65,medium,statement_extraction,vanlanschotkempen_Annual_Report_2023_1761275151347.pdf,930c4d4808f7,2025-10-25T17:32:16.335Z,2025-10-25T17:32:16.335Z,2025-10-25T17:32:16.335Z,1.0,active
48a091c3-30d3-4578-a715-211ab7c79f13,930c4d4808f7,Van Lanschot Kempen,2025,,Total,General,Unspecified,2207,tonnes CO2e,0.65,medium,statement_extraction,vanlanschotkempen_Annual_Report_2023_1761275151347.pdf,930c4d4808f7,2025-10-25T17:32:16.335Z,2025-10-25T17:32:16.335Z,2025-10-25T17:32:16.335Z,1.0,active
802b3de6-9083-4a08-a48d-06961fb717e2,930c4d4808f7,Van Lanschot Kempen,2025,,Total,General,Unspecified,2435,tonnes CO2e,0.65,medium,statement_extraction,vanlanschotkempen_Annual_Report_2023_1761275151347.pdf,930c4d4808f7,2025-10-25T17:32:16.335Z,2025-10-25T17:32:16.335Z,2025-10-25T17:32:16.335Z,1.0,active
c5846fee-fc90-4185-b6f1-4c8a84cb44b8,930c4d4808f7,Van Lanschot Kempen,2025,,Total,General,Unspecified,31,tonnes CO2e,0.65,medium,statement_extraction,vanlanschotkempen_Annual_Report_2023_1761275151347.pdf,930c4d4808f7,2025-10-25T17:32:16.335Z,2025-10-25T17:32:16.335Z,2025-10-25T17:32:16.335Z,1.0,active
1e88216e-2d90-4af4-b439-8e70a4190d96,930c4d4808f7,Van Lanschot Kempen,2025,,Total,General,Unspecified,502,tonnes CO2e,0.65,medium,statement_extraction,vanlanschotkempen_Annual_Report_2023_1761275151347.pdf,930c4d4808f7,2025-10-25T17:32:16.335Z,2025-10-25T17:32:16.335Z,2025-10-25T17:32:16.335Z,1.0,active
ee05f5b3-d289-4d79-a9fa-351ed866106e,930c4d4808f7,Van Lanschot Kempen,2025,,Total,General,Unspecified,16265,tonnes CO2e,0.65,medium,statement_extraction,vanlanschotkempen_Annual_Report_2023_1761275151347.pdf,930c4d4808f7,2025-10-25T17:32:16.335Z,2025-10-25T17:32:16.335Z,2025-10-25T17:32:16.335Z,1.0,active
6d10875f-b626-4a03-8c1e-c121964e3ce5,930c4d4808f7,Van Lanschot Kempen,2023,,Total,General,Unspecified,9.1,tonnes CO2e,0.80,high,statement_extraction,vanlanschotkempen_Annual_Report_2023_1761275151347.pdf,930c4d4808f7,2025-10-25T17:32:16.335Z,2025-10-25T17:32:16.335Z,2025-10-25T17:32:16.335Z,1.0,active
eb10d542-1300-4aa7-ae8a-a03717920ec1,930c4d4808f7,Van Lanschot Kempen,2025,,Total,General,Unspecified,16835885,tonnes CO2e,0.65,medium,statement_extraction,vanlanschotkempen_Annual_Report_2023_1761275151347.pdf,930c4d4808f7,2025-10-25T17:32:16.335Z,2025-10-25T17:32:16.335Z,2025-10-25T17:32:16.335Z,1.0,active
9686ad8d-c56d-4c39-ae41-27645bbe01ab,930c4d4808f7,Van Lanschot Kempen,2025,,Total,General,Unspecified,15583979,tonnes CO2e,0.65,medium,statement_extraction,vanlanschotkempen_Annual_Report_2023_1761275151347.pdf,930c4d4808f7,2025-10-25T17:32:16.335Z,2025-10-25T17:32:16.335Z,2025-10-25T17:32:16.335Z,1.0,active
d1f74cdd-6d7f-4554-b2e1-4fca79778103,930c4d4808f7,Van Lanschot Kempen,2025,,Total,General,Unspecified,15794220,tonnes CO2e,0.65,medium,statement_extraction,vanlanschotkempen_Annual_Report_2023_1761275151347.pdf,930c4d4808f7,2025-10-25T17:32:16.335Z,2025-10-25T17:32:16.335Z,2025-10-25T17:32:16.335Z,1.0,active
a4b1b8d0-dd4d-44b0-9ad1-c7a6144c9758,930c4d4808f7,Van Lanschot Kempen,2025,,Total,General,Unspecified,17018,tonnes CO2e,0.65,medium,statement_extraction,vanlanschotkempen_Annual_Report_2023_1761275151347.pdf,930c4d4808f7,2025-10-25T17:32:16.335Z,2025-10-25T17:32:16.335Z,2025-10-25T17:32:16.335Z,1.0,active
10836aa2-322a-400c-bdf3-d4a87db3b25d,930c4d4808f7,Van Lanschot Kempen,2022,,Total,General,Unspecified,97,tonnes CO2e,0.80,high,statement_extraction,vanlanschotkempen_Annual_Report_2023_1761275151347.pdf,930c4d4808f7,2025-10-25T17:32:16.335Z,2025-10-25T17:32:16.335Z,2025-10-25T17:32:16.335Z,1.0,active
9acdfa5d-dac5-4630-a952-baa8b0202cd0,930c4d4808f7,Van Lanschot Kempen,2022,,Total,General,Unspecified,1.2,tonnes CO2e,0.80,high,statement_extraction,vanlanschotkempen_Annual_Report_2023_1761275151347.pdf,930c4d4808f7,2025-10-25T17:32:16.335Z,2025-10-25T17:32:16.335Z,2025-10-25T17:32:16.335Z,1.0,active
241109db-4f24-40a3-9010-3942bbe65695,930c4d4808f7,Van Lanschot Kempen,2025,,Total,General,Unspecified,12,tonnes CO2e,0.65,medium,statement_extraction,vanlanschotkempen_Annual_Report_2023_1761275151347.pdf,930c4d4808f7,2025-10-25T17:32:16.335Z,2025-10-25T17:32:16.335Z,2025-10-25T17:32:16.335Z,1.0,active
be6cf5d2-3f8f-4700-9116-bd03852f1a64,930c4d4808f7,Van Lanschot Kempen,2025,,Total,General,Unspecified,2785633,tonnes CO2e,0.65,medium,statement_extraction,vanlanschotkempen_Annual_Report_2023_1761275151347.pdf,930c4d4808f7,2025-10-25T17:32:16.335Z,2025-10-25T17:32:16.335Z,2025-10-25T17:32:16.335Z,1.0,active
87555cb1-71d9-488e-a4dc-53409a89bf9f,930c4d4808f7,Van Lanschot Kempen,2025,,Total,General,Unspecified,712249,tonnes CO2e,0.65,medium,statement_extraction,vanlanschotkempen_Annual_Report_2023_1761275151347.pdf,930c4d4808f7,2025-10-25T17:32:16.335Z,2025-10-25T17:32:16.335Z,2025-10-25T17:32:16.335Z,1.0,active
e684d543-02c9-4792-9dfb-f0d4bd0065ee,930c4d4808f7,Van Lanschot Kempen,2025,,Total,General,Unspecified,2634099,tonnes CO2e,0.65,medium,statement_extraction,vanlanschotkempen_Annual_Report_2023_1761275151347.pdf,930c4d4808f7,2025-10-25T17:32:16.335Z,2025-10-25T17:32:16.335Z,2025-10-25T17:32:16.335Z,1.0,active
eeea8d4d-0f69-42ce-8619-a4d24cd49e34,930c4d4808f7,Van Lanschot Kempen,2025,,Total,General,Unspecified,700387,tonnes CO2e,0.65,medium,statement_extraction,vanlanschotkempen_Annual_Report_2023_1761275151347.pdf,930c4d4808f7,2025-10-25T17:32:16.335Z,2025-10-25T17:32:16.335Z,2025-10-25T17:32:16.335Z,1.0,active
39e8ce58-1eda-47f4-9c0e-8785fb0f6dcd,930c4d4808f7,Van Lanschot Kempen,2025,,Total,General,Unspecified,10561,tonnes CO2e,0.65,medium,statement_extraction,vanlanschotkempen_Annual_Report_2023_1761275151347.pdf,930c4d4808f7,2025-10-25T17:32:16.335Z,2025-10-25T17:32:16.335Z,2025-10-25T17:32:16.335Z,1.0,active
2f204a8b-40cd-4f9e-b4a5-e54ac7d45012,930c4d4808f7,Van Lanschot Kempen,2025,,Total,General,Unspecified,2800,tonnes CO2e,0.65,medium,statement_extraction,vanlanschotkempen_Annual_Report_2023_1761275151347.pdf,930c4d4808f7,2025-10-25T17:32:16.335Z,2025-10-25T17:32:16.335Z,2025-10-25T17:32:16.335Z,1.0,active
425f5970-d453-49f1-8da2-d928ed781bf0,930c4d4808f7,Van Lanschot Kempen,2025,,Total,General,Unspecified,7761,tonnes CO2e,0.65,medium,statement_extraction,vanlanschotkempen_Annual_Report_2023_1761275151347.pdf,930c4d4808f7,2025-10-25T17:32:16.335Z,2025-10-25T17:32:16.335Z,2025-10-25T17:32:16.335Z,1.0,active
52a702a3-721e-4caf-8417-3fbacad18e66,930c4d4808f7,Van Lanschot Kempen,2025,,Total,General,Unspecified,8987,tonnes CO2e,0.65,medium,statement_extraction,vanlanschotkempen_Annual_Report_2023_1761275151347.pdf,930c4d4808f7,2025-10-25T17:32:16.335Z,2025-10-25T17:32:16.335Z,2025-10-25T17:32:16.335Z,1.0,active
c159ad27-69a2-4588-b204-ceb9059852de,930c4d4808f7,Van Lanschot Kempen,2025,,Total,General,Unspecified,60801,tonnes CO2e,0.65,medium,statement_extraction,vanlanschotkempen_Annual_Report_2023_1761275151347.pdf,930c4d4808f7,2025-10-25T17:32:16.335Z,2025-10-25T17:32:16.335Z,2025-10-25T17:32:16.335Z,1.0,active
ec87db61-6b94-469d-8941-55b027ad1763,930c4d4808f7,Van Lanschot Kempen,2025,,Total,General,Unspecified,51813,tonnes CO2e,0.65,medium,statement_extraction,vanlanschotkempen_Annual_Report_2023_1761275151347.pdf,930c4d4808f7,2025-10-25T17:32:16.335Z,2025-10-25T17:32:16.335Z,2025-10-25T17:32:16.335Z,1.0,active
181979a6-8b48-46d1-bdf2-56c1677ca7db,930c4d4808f7,Van Lanschot Kempen,2025,,Total,General,Unspecified,2591,tonnes CO2e,0.65,medium,statement_extraction,vanlanschotkempen_Annual_Report_2023_1761275151347.pdf,930c4d4808f7,2025-10-25T17:32:16.335Z,2025-10-25T17:32:16.335Z,2025-10-25T17:32:16.335Z,1.0,active
1ae9e534-21e9-4891-97d5-a60786c827b3,930c4d4808f7,Van Lanschot Kempen,2025,,Total,General,Unspecified,62927,tonnes CO2e,0.65,medium,statement_extraction,vanlanschotkempen_Annual_Report_2023_1761275151347.pdf,930c4d4808f7,2025-10-25T17:32:16.335Z,2025-10-25T17:32:16.335Z,2025-10-25T17:32:16.335Z,1.0,active
4fd255ee-640d-43d4-b948-05b763373ba2,930c4d4808f7,Van Lanschot Kempen,2025,,Total,General,Unspecified,3141785,tonnes CO2e,0.65,medium,statement_extraction,vanlanschotkempen_Annual_Report_2023_1761275151347.pdf,930c4d4808f7,2025-10-25T17:32:16.335Z,2025-10-25T17:32:16.335Z,2025-10-25T17:32:16.335Z,1.0,active
f0e9564d-1e3e-40e0-a457-0f72d0a4ef77,930c4d4808f7,Van Lanschot Kempen,2025,,Total,General,Unspecified,220507,tonnes CO2e,0.65,medium,statement_extraction,vanlanschotkempen_Annual_Report_2023_1761275151347.pdf,930c4d4808f7,2025-10-25T17:32:16.335Z,2025-10-25T17:32:16.335Z,2025-10-25T17:32:16.335Z,1.0,active
83b6228b-4dbd-4703-97d6-7aad2f5dfb6d,930c4d4808f7,Van Lanschot Kempen,2025,,Total,General,Unspecified,108186,tonnes CO2e,0.65,medium,statement_extraction,vanlanschotkempen_Annual_Report_2023_1761275151347.pdf,930c4d4808f7,2025-10-25T17:32:16.335Z,2025-10-25T17:32:16.335Z,2025-10-25T17:32:16.335Z,1.0,active
5548bd88-8ccc-4a0f-889a-bd6737bbaec6,930c4d4808f7,Van Lanschot Kempen,2025,,Total,General,Unspecified,7732684,tonnes CO2e,0.65,medium,statement_extraction,vanlanschotkempen_Annual_Report_2023_1761275151347.pdf,930c4d4808f7,2025-10-25T17:32:16.335Z,2025-10-25T17:32:16.335Z,2025-10-25T17:32:16.335Z,1.0,active
3b68ef80-bea2-448d-91a1-16cce5dbc74d,930c4d4808f7,Van Lanschot Kempen,2025,,Total,General,Unspecified,505325,tonnes CO2e,0.65,medium,statement_extraction,vanlanschotkempen_Annual_Report_2023_1761275151347.pdf,930c4d4808f7,2025-10-25T17:32:16.335Z,2025-10-25T17:32:16.335Z,2025-10-25T17:32:16.335Z,1.0,active
810c5daa-9f96-4cad-ae77-69027beae63c,930c4d4808f7,Van Lanschot Kempen,2025,,Total,General,Unspecified,6142285,tonnes CO2e,0.65,medium,statement_extraction,vanlanschotkempen_Annual_Report_2023_1761275151347.pdf,930c4d4808f7,2025-10-25T17:32:16.335Z,2025-10-25T17:32:16.335Z,2025-10-25T17:32:16.335Z,1.0,active
e98bd3fe-51ab-48b6-9d7b-b12117771d36,930c4d4808f7,Van Lanschot Kempen,2025,,Total,General,Unspecified,1085074,tonnes CO2e,0.65,medium,statement_extraction,vanlanschotkempen_Annual_Report_2023_1761275151347.pdf,930c4d4808f7,2025-10-25T17:32:16.335Z,2025-10-25T17:32:16.335Z,2025-10-25T17:32:16.335Z,1.0,active
0990a0f6-af8a-42a2-be24-e2edbd2951bf,930c4d4808f7,Van Lanschot Kempen,2025,,Total,General,Unspecified,6228097,tonnes CO2e,0.65,medium,statement_extraction,vanlanschotkempen_Annual_Report_2023_1761275151347.pdf,930c4d4808f7,2025-10-25T17:32:16.335Z,2025-10-25T17:32:16.335Z,2025-10-25T17:32:16.335Z,1.0,active
161fdf43-3b3e-4fb2-a023-0d3c742af50c,930c4d4808f7,Van Lanschot Kempen,2025,,Total,General,Unspecified,431005,tonnes CO2e,0.65,medium,statement_extraction,vanlanschotkempen_Annual_Report_2023_1761275151347.pdf,930c4d4808f7,2025-10-25T17:32:16.335Z,2025-10-25T17:32:16.335Z,2025-10-25T17:32:16.335Z,1.0,active
2b2d3b18-8d9d-42c7-9627-716697c894e1,930c4d4808f7,Van Lanschot Kempen,2025,,Total,General,Unspecified,4682528,tonnes CO2e,0.65,medium,statement_extraction,vanlanschotkempen_Annual_Report_2023_1761275151347.pdf,930c4d4808f7,2025-10-25T17:32:16.335Z,2025-10-25T17:32:16.335Z,2025-10-25T17:32:16.335Z,1.0,active
2f7e5b04-5a89-4481-8777-9c352f7f5b49,930c4d4808f7,Van Lanschot Kempen,2025,,Total,General,Unspecified,1114564,tonnes CO2e,0.65,medium,statement_extraction,vanlanschotkempen_Annual_Report_2023_1761275151347.pdf,930c4d4808f7,2025-10-25T17:32:16.335Z,2025-10-25T17:32:16.335Z,2025-10-25T17:32:16.335Z,1.0,active
a88d8df8-1f20-45be-92bf-523a5e983629,930c4d4808f7,Van Lanschot Kempen,2025,,Total,General,Unspecified,9346,tonnes CO2e,0.65,medium,statement_extraction,vanlanschotkempen_Annual_Report_2023_1761275151347.pdf,930c4d4808f7,2025-10-25T17:32:16.335Z,2025-10-25T17:32:16.335Z,2025-10-25T17:32:16.335Z,1.0,active
3b1a11d9-9461-47c1-ab1c-c0aabf72964f,930c4d4808f7,Van Lanschot Kempen,2025,,Total,General,Unspecified,379518,tonnes CO2e,0.65,medium,statement_extraction,vanlanschotkempen_Annual_Report_2023_1761275151347.pdf,930c4d4808f7,2025-10-25T17:32:16.335Z,2025-10-25T17:32:16.335Z,2025-10-25T17:32:16.335Z,1.0,active
dfac0060-ae17-4e0a-b3ff-fa622cf5a69e,930c4d4808f7,Van Lanschot Kempen,2025,,Total,General,Unspecified,344422,tonnes CO2e,0.65,medium,statement_extraction,vanlanschotkempen_Annual_Report_2023_1761275151347.pdf,930c4d4808f7,2025-10-25T17:32:16.335Z,2025-10-25T17:32:16.335Z,2025-10-25T17:32:16.335Z,1.0,active
ac0528c6-4421-4d1a-ad27-b2e1c66a69cc,930c4d4808f7,Van Lanschot Kempen,2025,,Total,General,Unspecified,35096,tonnes CO2e,0.65,medium,statement_extraction,vanlanschotkempen_Annual_Report_2023_1761275151347.pdf,930c4d4808f7,2025-10-25T17:32:16.335Z,2025-10-25T17:32:16.335Z,2025-10-25T17:32:16.335Z,1.0,active
d38119d8-98e6-4ffd-a72e-9726f1bcfc38,930c4d4808f7,Van Lanschot Kempen,2025,,Total,General,Unspecified,1817086,tonnes CO2e,0.65,medium,statement_extraction,vanlanschotkempen_Annual_Report_2023_1761275151347.pdf,930c4d4808f7,2025-10-25T17:32:16.335Z,2025-10-25T17:32:16.335Z,2025-10-25T17:32:16.335Z,1.0,active
b8e920ea-5017-48cc-bfbb-7e0ee93802a7,930c4d4808f7,Van Lanschot Kempen,2025,,Total,General,Unspecified,39999,tonnes CO2e,0.65,medium,statement_extraction,vanlanschotkempen_Annual_Report_2023_1761275151347.pdf,930c4d4808f7,2025-10-25T17:32:16.335Z,2025-10-25T17:32:16.335Z,2025-10-25T17:32:16.335Z,1.0,active
95afe062-736d-4a44-9fca-33a972a9963f,930c4d4808f7,Van Lanschot Kempen,2025,,Total,General,Unspecified,1110081,tonnes CO2e,0.65,medium,statement_extraction,vanlanschotkempen_Annual_Report_2023_1761275151347.pdf,930c4d4808f7,2025-10-25T17:32:16.335Z,2025-10-25T17:32:16.335Z,2025-10-25T17:32:16.335Z,1.0,active
77fd5def-9c20-4da3-b849-4ea766835180,930c4d4808f7,Van Lanschot Kempen,2025,,Total,General,Unspecified,69347,tonnes CO2e,0.65,medium,statement_extraction,vanlanschotkempen_Annual_Report_2023_1761275151347.pdf,930c4d4808f7,2025-10-25T17:32:16.335Z,2025-10-25T17:32:16.335Z,2025-10-25T17:32:16.335Z,1.0,active
8bb88764-78c4-4188-adf0-312f96231a38,930c4d4808f7,Van Lanschot Kempen,2025,,Total,General,Unspecified,306753,tonnes CO2e,0.65,medium,statement_extraction,vanlanschotkempen_Annual_Report_2023_1761275151347.pdf,930c4d4808f7,2025-10-25T17:32:16.335Z,2025-10-25T17:32:16.335Z,2025-10-25T17:32:16.335Z,1.0,active
ae9f53eb-cbe5-4e07-acdc-ca55d9dcc541,930c4d4808f7,Van Lanschot Kempen,2025,,Total,General,Unspecified,176761,tonnes CO2e,0.65,medium,statement_extraction,vanlanschotkempen_Annual_Report_2023_1761275151347.pdf,930c4d4808f7,2025-10-25T17:32:16.335Z,2025-10-25T17:32:16.335Z,2025-10-25T17:32:16.335Z,1.0,active
a9f10147-2c0b-415d-80b1-2ba48639a0d3,930c4d4808f7,Van Lanschot Kempen,2025,,Total,General,Unspecified,67639,tonnes CO2e,0.65,medium,statement_extraction,vanlanschotkempen_Annual_Report_2023_1761275151347.pdf,930c4d4808f7,2025-10-25T17:32:16.335Z,2025-10-25T17:32:16.335Z,2025-10-25T17:32:16.335Z,1.0,active
607149cd-97f8-4ba4-84a6-7a8a1764df3f,930c4d4808f7,Van Lanschot Kempen,2025,,Total,General,Unspecified,13178,tonnes CO2e,0.65,medium,statement_extraction,vanlanschotkempen_Annual_Report_2023_1761275151347.pdf,930c4d4808f7,2025-10-25T17:32:16.335Z,2025-10-25T17:32:16.335Z,2025-10-25T17:32:16.335Z,1.0,active
73688112-cc31-4c62-91ca-a484d7d1adda,930c4d4808f7,Van Lanschot Kempen,2025,,Total,General,Unspecified,22917,tonnes CO2e,0.65,medium,statement_extraction,vanlanschotkempen_Annual_Report_2023_1761275151347.pdf,930c4d4808f7,2025-10-25T17:32:16.335Z,2025-10-25T17:32:16.335Z,2025-10-25T17:32:16.335Z,1.0,active
3ba0148a-dbd7-4c7b-a953-163fc7d153eb,930c4d4808f7,Van Lanschot Kempen,2025,,Total,General,Unspecified,33646,tonnes CO2e,0.65,medium,statement_extraction,vanlanschotkempen_Annual_Report_2023_1761275151347.pdf,930c4d4808f7,2025-10-25T17:32:16.335Z,2025-10-25T17:32:16.335Z,2025-10-25T17:32:16.335Z,1.0,active
083353b3-26fa-4383-8d2b-a5dbd7876a9c,930c4d4808f7,Van Lanschot Kempen,2025,,Total,General,Unspecified,26288,tonnes CO2e,0.65,medium,statement_extraction,vanlanschotkempen_Annual_Report_2023_1761275151347.pdf,930c4d4808f7,2025-10-25T17:32:16.335Z,2025-10-25T17:32:16.335Z,2025-10-25T17:32:16.335Z,1.0,active
ec17436e-390f-4ddf-a235-908490bb2182,930c4d4808f7,Van Lanschot Kempen,2025,,Total,General,Unspecified,36695,tonnes CO2e,0.65,medium,statement_extraction,vanlanschotkempen_Annual_Report_2023_1761275151347.pdf,930c4d4808f7,2025-10-25T17:32:16.335Z,2025-10-25T17:32:16.335Z,2025-10-25T17:32:16.335Z,1.0,active
b57ebe09-42ef-4939-b7cd-1810686bb90f,930c4d4808f7,Van Lanschot Kempen,2025,,Total,General,Unspecified,9649,tonnes CO2e,0.65,medium,statement_extraction,vanlanschotkempen_Annual_Report_2023_1761275151347.pdf,930c4d4808f7,2025-10-25T17:32:16.335Z,2025-10-25T17:32:16.335Z,2025-10-25T17:32:16.335Z,1.0,active
443c71c3-ec0a-4c43-97d9-fed574fa6103,930c4d4808f7,Van Lanschot Kempen,2025,,Total,General,Unspecified,188984,tonnes CO2e,0.65,medium,statement_extraction,vanlanschotkempen_Annual_Report_2023_1761275151347.pdf,930c4d4808f7,2025-10-25T17:32:16.335Z,2025-10-25T17:32:16.335Z,2025-10-25T17:32:16.335Z,1.0,active
825c3f05-2698-4281-a0e0-6e2a6355faf8,930c4d4808f7,Van Lanschot Kempen,2025,,Total,General,Unspecified,387063,tonnes CO2e,0.65,medium,statement_extraction,vanlanschotkempen_Annual_Report_2023_1761275151347.pdf,930c4d4808f7,2025-10-25T17:32:16.335Z,2025-10-25T17:32:16.335Z,2025-10-25T17:32:16.335Z,1.0,active
24cdb72b-96af-47e0-bbf7-9f56e141049d,930c4d4808f7,Van Lanschot Kempen,2025,,Total,General,Unspecified,12726194,tonnes CO2e,0.65,medium,statement_extraction,vanlanschotkempen_Annual_Report_2023_1761275151347.pdf,930c4d4808f7,2025-10-25T17:32:16.335Z,2025-10-25T17:32:16.335Z,2025-10-25T17:32:16.335Z,1.0,active
a3a10e25-88a7-4a24-be38-438c02a464d9,930c4d4808f7,Van Lanschot Kempen,2025,,Total,General,Unspecified,473883,tonnes CO2e,0.65,medium,statement_extraction,vanlanschotkempen_Annual_Report_2023_1761275151347.pdf,930c4d4808f7,2025-10-25T17:32:16.335Z,2025-10-25T17:32:16.335Z,2025-10-25T17:32:16.335Z,1.0,active
660df1e4-3993-4dc3-8eb6-3840ca34ca8d,930c4d4808f7,Van Lanschot Kempen,2025,,Total,General,Unspecified,473881,tonnes CO2e,0.65,medium,statement_extraction,vanlanschotkempen_Annual_Report_2023_1761275151347.pdf,930c4d4808f7,2025-10-25T17:32:16.335Z,2025-10-25T17:32:16.335Z,2025-10-25T17:32:16.335Z,1.0,active
7a04fd70-d0c9-4567-b3ca-9717b4b11b4d,930c4d4808f7,Van Lanschot Kempen,2025,,Total,General,Unspecified,1342131,tonnes CO2e,0.65,medium,statement_extraction,vanlanschotkempen_Annual_Report_2023_1761275151347.pdf,930c4d4808f7,2025-10-25T17:32:16.335Z,2025-10-25T17:32:16.335Z,2025-10-25T17:32:16.335Z,1.0,active
ae66d71d-d1cd-4589-a6c0-ca5ac6b046ed,930c4d4808f7,Van Lanschot Kempen,2025,,Total,General,Unspecified,1473639,tonnes CO2e,0.65,medium,statement_extraction,vanlanschotkempen_Annual_Report_2023_1761275151347.pdf,930c4d4808f7,2025-10-25T17:32:16.335Z,2025-10-25T17:32:16.335Z,2025-10-25T17:32:16.335Z,1.0,active
28f31574-6e55-45a8-a8ce-bd787f00c7da,930c4d4808f7,Van Lanschot Kempen,2025,,Total,General,Unspecified,32293,tonnes CO2e,0.65,medium,statement_extraction,vanlanschotkempen_Annual_Report_2023_1761275151347.pdf,930c4d4808f7,2025-10-25T17:32:16.335Z,2025-10-25T17:32:16.335Z,2025-10-25T17:32:16.335Z,1.0,active
b812e0b7-1b61-4f56-84a2-e30c37bb3a8c,930c4d4808f7,Van Lanschot Kempen,2025,,Total,General,Unspecified,195,tonnes CO2e,0.65,medium,statement_extraction,vanlanschotkempen_Annual_Report_2023_1761275151347.pdf,930c4d4808f7,2025-10-25T17:32:16.335Z,2025-10-25T17:32:16.335Z,2025-10-25T17:32:16.335Z,1.0,active
c0724c4e-963e-48ea-8d4a-74cc177e2c38,930c4d4808f7,Van Lanschot Kempen,2025,,Total,General,Unspecified,29646,tonnes CO2e,0.65,medium,statement_extraction,vanlanschotkempen_Annual_Report_2023_1761275151347.pdf,930c4d4808f7,2025-10-25T17:32:16.335Z,2025-10-25T17:32:16.335Z,2025-10-25T17:32:16.335Z,1.0,active
3cbf457f-3d15-421b-a5a5-aba972d89be8,930c4d4808f7,Van Lanschot Kempen,2025,,Total,General,Unspecified,246945,tonnes CO2e,0.65,medium,statement_extraction,vanlanschotkempen_Annual_Report_2023_1761275151347.pdf,930c4d4808f7,2025-10-25T17:32:16.335Z,2025-10-25T17:32:16.335Z,2025-10-25T17:32:16.335Z,1.0,active
2185ab0d-689e-4cce-b9d3-aca3ed2a5121,930c4d4808f7,Van Lanschot Kempen,2025,,Total,General,Unspecified,725,tonnes CO2e,0.65,medium,statement_extraction,vanlanschotkempen_Annual_Report_2023_1761275151347.pdf,930c4d4808f7,2025-10-25T17:32:16.335Z,2025-10-25T17:32:16.335Z,2025-10-25T17:32:16.335Z,1.0,active
192a16a8-2515-4392-9cd2-ced0b1b46cbe,930c4d4808f7,Van Lanschot Kempen,2025,,Total,General,Unspecified,170882,tonnes CO2e,0.65,medium,statement_extraction,vanlanschotkempen_Annual_Report_2023_1761275151347.pdf,930c4d4808f7,2025-10-25T17:32:16.335Z,2025-10-25T17:32:16.335Z,2025-10-25T17:32:16.335Z,1.0,active
8eeafdf4-eba3-46f3-8bdd-b6fd9be31d99,930c4d4808f7,Van Lanschot Kempen,2025,,Total,General,Unspecified,170238,tonnes CO2e,0.65,medium,statement_extraction,vanlanschotkempen_Annual_Report_2023_1761275151347.pdf,930c4d4808f7,2025-10-25T17:32:16.335Z,2025-10-25T17:32:16.335Z,2025-10-25T17:32:16.335Z,1.0,active
6edb1cf8-5dc0-441b-b247-6706a6655445,930c4d4808f7,Van Lanschot Kempen,2022,,Total,General,Unspecified,12,tonnes CO2e,0.80,high,statement_extraction,vanlanschotkempen_Annual_Report_2023_1761275151347.pdf,930c4d4808f7,2025-10-25T17:32:16.335Z,2025-10-25T17:32:16.335Z,2025-10-25T17:32:16.335Z,1.0,active
6e111800-7767-4e33-a1fc-156bf8e965cf,930c4d4808f7,Van Lanschot Kempen,2025,,Total,General,Unspecified,1280539,tonnes CO2e,0.65,medium,statement_extraction,vanlanschotkempen_Annual_Report_2023_1761275151347.pdf,930c4d4808f7,2025-10-25T17:32:16.335Z,2025-10-25T17:32:16.335Z,2025-10-25T17:32:16.335Z,1.0,active
06415b74-9bfa-43bf-9c18-d2006afc6bf1,930c4d4808f7,Van Lanschot Kempen,2025,,Total,General,Unspecified,101688,tonnes CO2e,0.65,medium,statement_extraction,vanlanschotkempen_Annual_Report_2023_1761275151347.pdf,930c4d4808f7,2025-10-25T17:32:16.335Z,2025-10-25T17:32:16.335Z,2025-10-25T17:32:16.335Z,1.0,active
52f7f41b-5d02-4796-be25-2757420c54da,930c4d4808f7,Van Lanschot Kempen,2025,,Total,General,Unspecified,146,tonnes CO2e,0.65,medium,statement_extraction,vanlanschotkempen_Annual_Report_2023_1761275151347.pdf,930c4d4808f7,2025-10-25T17:32:16.335Z,2025-10-25T17:32:16.335Z,2025-10-25T17:32:16.335Z,1.0,active
e5646b0f-4785-4eca-8f09-948a150c8b9f,930c4d4808f7,Van Lanschot Kempen,2025,,Total,General,Unspecified,1141437,tonnes CO2e,0.65,medium,statement_extraction,vanlanschotkempen_Annual_Report_2023_1761275151347.pdf,930c4d4808f7,2025-10-25T17:32:16.335Z,2025-10-25T17:32:16.335Z,2025-10-25T17:32:16.335Z,1.0,active
2ef66a69-49d8-416f-a0f1-cb4080b90b74,930c4d4808f7,Van Lanschot Kempen,2025,,Total,General,Unspecified,1154003,tonnes CO2e,0.65,medium,statement_extraction,vanlanschotkempen_Annual_Report_2023_1761275151347.pdf,930c4d4808f7,2025-10-25T17:32:16.335Z,2025-10-25T17:32:16.335Z,2025-10-25T17:32:16.335Z,1.0,active
ba837b6f-1ade-464c-ab8a-b1886170a28a,930c4d4808f7,Van Lanschot Kempen,2025,,Total,General,Unspecified,254167,tonnes CO2e,0.65,medium,statement_extraction,vanlanschotkempen_Annual_Report_2023_1761275151347.pdf,930c4d4808f7,2025-10-25T17:32:16.335Z,2025-10-25T17:32:16.335Z,2025-10-25T17:32:16.335Z,1.0,active
3e915b45-a005-48ff-8c46-c03c27b97c40,930c4d4808f7,Van Lanschot Kempen,2025,,Total,General,Unspecified,102545,tonnes CO2e,0.65,medium,statement_extraction,vanlanschotkempen_Annual_Report_2023_1761275151347.pdf,930c4d4808f7,2025-10-25T17:32:16.335Z,2025-10-25T17:32:16.335Z,2025-10-25T17:32:16.335Z,1.0,active
1b6b1045-159c-4742-8bcf-4ddf21b53758,930c4d4808f7,Van Lanschot Kempen,2025,,Total,General,Unspecified,7830,tonnes CO2e,0.65,medium,statement_extraction,vanlanschotkempen_Annual_Report_2023_1761275151347.pdf,930c4d4808f7,2025-10-25T17:32:16.335Z,2025-10-25T17:32:16.335Z,2025-10-25T17:32:16.335Z,1.0,active
1015e058-d6a2-4771-a452-52c7c9e29910,930c4d4808f7,Van Lanschot Kempen,2025,,Total,General,Unspecified,407662,tonnes CO2e,0.65,medium,statement_extraction,vanlanschotkempen_Annual_Report_2023_1761275151347.pdf,930c4d4808f7,2025-10-25T17:32:16.335Z,2025-10-25T17:32:16.335Z,2025-10-25T17:32:16.335Z,1.0,active
dcb32e1b-daaf-4fb0-bea3-98f45fa6a5cc,930c4d4808f7,Van Lanschot Kempen,2025,,Total,General,Unspecified,3633,tonnes CO2e,0.65,medium,statement_extraction,vanlanschotkempen_Annual_Report_2023_1761275151347.pdf,930c4d4808f7,2025-10-25T17:32:16.335Z,2025-10-25T17:32:16.335Z,2025-10-25T17:32:16.335Z,1.0,active
03315813-b743-4599-8555-cbc680f819f8,930c4d4808f7,Van Lanschot Kempen,2025,,Total,General,Unspecified,7332,tonnes CO2e,0.65,medium,statement_extraction,vanlanschotkempen_Annual_Report_2023_1761275151347.pdf,930c4d4808f7,2025-10-25T17:32:16.335Z,2025-10-25T17:32:16.335Z,2025-10-25T17:32:16.335Z,1.0,active
c337dd7e-5619-4561-a02b-a1f56081bbea,930c4d4808f7,Van Lanschot Kempen,2025,,Total,General,Unspecified,310631,tonnes CO2e,0.65,medium,statement_extraction,vanlanschotkempen_Annual_Report_2023_1761275151347.pdf,930c4d4808f7,2025-10-25T17:32:16.335Z,2025-10-25T17:32:16.335Z,2025-10-25T17:32:16.335Z,1.0,active
b3cd42d2-5d8c-4cf4-b29b-2b06dfbec582,930c4d4808f7,Van Lanschot Kempen,2022,,Total,General,Unspecified,3.3,tonnes CO2e,0.80,high,statement_extraction,vanlanschotkempen_Annual_Report_2023_1761275151347.pdf,930c4d4808f7,2025-10-25T17:32:16.335Z,2025-10-25T17:32:16.335Z,2025-10-25T17:32:16.335Z,1.0,active
8d02ddee-8b12-4b16-be56-b3525fa7f44b,930c4d4808f7,Van Lanschot Kempen,2022,,Total,General,Unspecified,2,tonnes CO2e,0.80,high,statement_extraction,vanlanschotkempen_Annual_Report_2023_1761275151347.pdf,930c4d4808f7,2025-10-25T17:32:16.335Z,2025-10-25T17:32:16.335Z,2025-10-25T17:32:16.335Z,1.0,active
f3d7b818-a6a2-413b-a66f-57c1a53e38cd,930c4d4808f7,Van Lanschot Kempen,2025,,Total,General,Unspecified,123460,tonnes CO2e,0.65,medium,statement_extraction,vanlanschotkempen_Annual_Report_2023_1761275151347.pdf,930c4d4808f7,2025-10-25T17:32:16.335Z,2025-10-25T17:32:16.335Z,2025-10-25T17:32:16.335Z,1.0,active
6d6bc79f-46c6-41e1-a692-0931a8a51cce,930c4d4808f7,Van Lanschot Kempen,2025,,Total,General,Unspecified,4610,tonnes CO2e,0.65,medium,statement_extraction,vanlanschotkempen_Annual_Report_2023_1761275151347.pdf,930c4d4808f7,2025-10-25T17:32:16.335Z,2025-10-25T17:32:16.335Z,2025-10-25T17:32:16.335Z,1.0,active
9a579048-0f74-423d-9fc1-12f97f3b0af9,930c4d4808f7,Van Lanschot Kempen,2025,,Total,General,Unspecified,4314,tonnes CO2e,0.65,medium,statement_extraction,vanlanschotkempen_Annual_Report_2023_1761275151347.pdf,930c4d4808f7,2025-10-25T17:32:16.335Z,2025-10-25T17:32:16.335Z,2025-10-25T17:32:16.335Z,1.0,active
10fb4fd7-e8af-4736-83b0-954bb627c302,930c4d4808f7,Van Lanschot Kempen,2025,,Total,General,Unspecified,31543,tonnes CO2e,0.65,medium,statement_extraction,vanlanschotkempen_Annual_Report_2023_1761275151347.pdf,930c4d4808f7,2025-10-25T17:32:16.335Z,2025-10-25T17:32:16.335Z,2025-10-25T17:32:16.335Z,1.0,active
a87a71da-cf98-4a8d-9ef4-10c5b5ee7018,930c4d4808f7,Van Lanschot Kempen,2027,1,Total,General,Unspecified,6534,tonnes CO2e,0.80,high,statement_extraction,vanlanschotkempen_Annual_Report_2023_1761275151347.pdf,930c4d4808f7,2025-10-25T17:32:16.335Z,2025-10-25T17:32:16.335Z,2025-10-25T17:32:16.335Z,1.0,active
28efcc80-b144-449a-a5d4-424116175875,930c4d4808f7,Van Lanschot Kempen,2025,,Total,General,Unspecified,118979,tonnes CO2e,0.65,medium,statement_extraction,vanlanschotkempen_Annual_Report_2023_1761275151347.pdf,930c4d4808f7,2025-10-25T17:32:16.335Z,2025-10-25T17:32:16.335Z,2025-10-25T17:32:16.335Z,1.0,active
25794a85-9b72-41d1-aed2-082f40b1d759,930c4d4808f7,Van Lanschot Kempen,2025,,Total,General,Unspecified,34678,tonnes CO2e,0.65,medium,statement_extraction,vanlanschotkempen_Annual_Report_2023_1761275151347.pdf,930c4d4808f7,2025-10-25T17:32:16.335Z,2025-10-25T17:32:16.335Z,2025-10-25T17:32:16.335Z,1.0,active
84cd4da9-37b8-463e-a66b-f97ca9386f7b,930c4d4808f7,Van Lanschot Kempen,2025,,Total,General,Unspecified,3982,tonnes CO2e,0.65,medium,statement_extraction,vanlanschotkempen_Annual_Report_2023_1761275151347.pdf,930c4d4808f7,2025-10-25T17:32:16.335Z,2025-10-25T17:32:16.335Z,2025-10-25T17:32:16.335Z,1.0,active
96c34d26-b533-4b8d-bf61-e689fb048744,930c4d4808f7,Van Lanschot Kempen,2025,,Total,General,Unspecified,4640,tonnes CO2e,0.65,medium,statement_extraction,vanlanschotkempen_Annual_Report_2023_1761275151347.pdf,930c4d4808f7,2025-10-25T17:32:16.335Z,2025-10-25T17:32:16.335Z,2025-10-25T17:32:16.335Z,1.0,active
238164ed-904f-43f1-838f-881297bab568,930c4d4808f7,Van Lanschot Kempen,2025,,Total,General,Unspecified,6089,tonnes CO2e,0.65,medium,statement_extraction,vanlanschotkempen_Annual_Report_2023_1761275151347.pdf,930c4d4808f7,2025-10-25T17:32:16.335Z,2025-10-25T17:32:16.335Z,2025-10-25T17:32:16.335Z,1.0,active
3abdabd6-a5ca-4a62-8780-853b0966faa3,930c4d4808f7,Van Lanschot Kempen,2025,,Total,General,Unspecified,7599,tonnes CO2e,0.65,medium,statement_extraction,vanlanschotkempen_Annual_Report_2023_1761275151347.pdf,930c4d4808f7,2025-10-25T17:32:16.335Z,2025-10-25T17:32:16.335Z,2025-10-25T17:32:16.335Z,1.0,active
eaacdf08-f4e4-4662-b05f-65a7efc8a4e7,930c4d4808f7,Van Lanschot Kempen,2025,,Total,General,Unspecified,7890,tonnes CO2e,0.65,medium,statement_extraction,vanlanschotkempen_Annual_Report_2023_1761275151347.pdf,930c4d4808f7,2025-10-25T17:32:16.335Z,2025-10-25T17:32:16.335Z,2025-10-25T17:32:16.335Z,1.0,active
8e3981fc-935d-487e-88b6-5a3a6bd5f69c,930c4d4808f7,Van Lanschot Kempen,2025,,Total,General,Unspecified,2296648,tonnes CO2e,0.65,medium,statement_extraction,vanlanschotkempen_Annual_Report_2023_1761275151347.pdf,930c4d4808f7,2025-10-25T17:32:16.335Z,2025-10-25T17:32:16.335Z,2025-10-25T17:32:16.335Z,1.0,active
1e1866b0-87e2-4cc4-8850-c23e5996d4a6,930c4d4808f7,Van Lanschot Kempen,2025,,Total,General,Unspecified,289729,tonnes CO2e,0.65,medium,statement_extraction,vanlanschotkempen_Annual_Report_2023_1761275151347.pdf,930c4d4808f7,2025-10-25T17:32:16.335Z,2025-10-25T17:32:16.335Z,2025-10-25T17:32:16.335Z,1.0,active
6529f8ee-c25e-40d8-9c16-08ca6ae10c2c,930c4d4808f7,Van Lanschot Kempen,2025,,Total,General,Unspecified,280686,tonnes CO2e,0.65,medium,statement_extraction,vanlanschotkempen_Annual_Report_2023_1761275151347.pdf,930c4d4808f7,2025-10-25T17:32:16.335Z,2025-10-25T17:32:16.335Z,2025-10-25T17:32:16.335Z,1.0,active
b7e9e98b-81e3-4509-92eb-6208ca2f5ecf,930c4d4808f7,Van Lanschot Kempen,2025,,Total,General,Unspecified,191,tonnes CO2e,0.65,medium,statement_extraction,vanlanschotkempen_Annual_Report_2023_1761275151347.pdf,930c4d4808f7,2025-10-25T17:32:16.335Z,2025-10-25T17:32:16.335Z,2025-10-25T17:32:16.335Z,1.0,active
1f56c25a-901f-4bcf-b15d-040d79d0c2e7,930c4d4808f7,Van Lanschot Kempen,2025,,Total,General,Unspecified,18,tonnes CO2e,0.65,medium,statement_extraction,vanlanschotkempen_Annual_Report_2023_1761275151347.pdf,930c4d4808f7,2025-10-25T17:32:16.335Z,2025-10-25T17:32:16.335Z,2025-10-25T17:32:16.335Z,1.0,active
2e109e29-eeb2-40e3-b813-eeb6be15dbfe,930c4d4808f7,Van Lanschot Kempen,2025,,Total,General,Unspecified,215,tonnes CO2e,0.65,medium,statement_extraction,vanlanschotkempen_Annual_Report_2023_1761275151347.pdf,930c4d4808f7,2025-10-25T17:32:16.335Z,2025-10-25T17:32:16.335Z,2025-10-25T17:32:16.335Z,1.0,active
30e8bca8-4aaf-4587-9f85-90b5457b4dfb,930c4d4808f7,Van Lanschot Kempen,2025,,Total,General,Unspecified,33,tonnes CO2e,0.65,medium,statement_extraction,vanlanschotkempen_Annual_Report_2023_1761275151347.pdf,930c4d4808f7,2025-10-25T17:32:16.335Z,2025-10-25T17:32:16.335Z,2025-10-25T17:32:16.335Z,1.0,active
c64f075b-8c9c-4334-b44b-575b176f3211,930c4d4808f7,Van Lanschot Kempen,2025,,Total,General,Unspecified,95573,tonnes CO2e,0.65,medium,statement_extraction,vanlanschotkempen_Annual_Report_2023_1761275151347.pdf,930c4d4808f7,2025-10-25T17:32:16.335Z,2025-10-25T17:32:16.335Z,2025-10-25T17:32:16.335Z,1.0,active
1e822023-1730-4358-86ee-ffc5d3de6798,930c4d4808f7,Van Lanschot Kempen,2025,,Total,General,Unspecified,28452,tonnes CO2e,0.65,medium,statement_extraction,vanlanschotkempen_Annual_Report_2023_1761275151347.pdf,930c4d4808f7,2025-10-25T17:32:16.335Z,2025-10-25T17:32:16.335Z,2025-10-25T17:32:16.335Z,1.0,active
976200b4-4b27-43c0-b76a-e0a8529645ad,930c4d4808f7,Van Lanschot Kempen,2025,,Total,General,Unspecified,96176,tonnes CO2e,0.65,medium,statement_extraction,vanlanschotkempen_Annual_Report_2023_1761275151347.pdf,930c4d4808f7,2025-10-25T17:32:16.335Z,2025-10-25T17:32:16.335Z,2025-10-25T17:32:16.335Z,1.0,active
bd89ed4c-e7b3-4bbf-85b6-b56cf1942d96,930c4d4808f7,Van Lanschot Kempen,2025,,Total,General,Unspecified,669.4,tonnes CO2e,0.65,medium,statement_extraction,vanlanschotkempen_Annual_Report_2023_1761275151347.pdf,930c4d4808f7,2025-10-25T17:32:16.335Z,2025-10-25T17:32:16.335Z,2025-10-25T17:32:16.335Z,1.0,active
c8a3588b-05e5-4345-9f71-23b06160c1dc,930c4d4808f7,Van Lanschot Kempen,2025,,Total,General,Unspecified,505.2,tonnes CO2e,0.65,medium,statement_extraction,vanlanschotkempen_Annual_Report_2023_1761275151347.pdf,930c4d4808f7,2025-10-25T17:32:16.335Z,2025-10-25T17:32:16.335Z,2025-10-25T17:32:16.335Z,1.0,active
2c08a5a1-8b34-414a-8e65-d1c5a16634c2,930c4d4808f7,Van Lanschot Kempen,2025,,Total,General,Unspecified,578.1,tonnes CO2e,0.65,medium,statement_extraction,vanlanschotkempen_Annual_Report_2023_1761275151347.pdf,930c4d4808f7,2025-10-25T17:32:16.335Z,2025-10-25T17:32:16.335Z,2025-10-25T17:32:16.335Z,1.0,active
ffd312a9-9908-492f-9868-08ac6387c4dd,930c4d4808f7,Van Lanschot Kempen,2025,,Total,General,Unspecified,459.1,tonnes CO2e,0.65,medium,statement_extraction,vanlanschotkempen_Annual_Report_2023_1761275151347.pdf,930c4d4808f7,2025-10-25T17:32:16.335Z,2025-10-25T17:32:16.335Z,2025-10-25T17:32:16.335Z,1.0,active
34e92356-d910-4306-812d-24aeebfe53eb,930c4d4808f7,Van Lanschot Kempen,2025,,Total,General,Unspecified,39,tonnes CO2e,0.65,medium,statement_extraction,vanlanschotkempen_Annual_Report_2023_1761275151347.pdf,930c4d4808f7,2025-10-25T17:32:16.335Z,2025-10-25T17:32:16.335Z,2025-10-25T17:32:16.335Z,1.0,active
94fb452d-cff8-41fb-a52d-3d28be45f243,930c4d4808f7,Van Lanschot Kempen,2025,,Total,General,Unspecified,34.7,tonnes CO2e,0.65,medium,statement_extraction,vanlanschotkempen_Annual_Report_2023_1761275151347.pdf,930c4d4808f7,2025-10-25T17:32:16.335Z,2025-10-25T17:32:16.335Z,2025-10-25T17:32:16.335Z,1.0,active
5e180d37-9baa-474b-a555-2fefcdea115c,930c4d4808f7,Van Lanschot Kempen,2025,,Total,General,Unspecified,77405,tonnes CO2e,0.65,medium,statement_extraction,vanlanschotkempen_Annual_Report_2023_1761275151347.pdf,930c4d4808f7,2025-10-25T17:32:16.335Z,2025-10-25T17:32:16.335Z,2025-10-25T17:32:16.335Z,1.0,active
0e86ceae-54e5-4b18-92eb-8a44d0d2dd1d,930c4d4808f7,Van Lanschot Kempen,2025,,Total,General,Unspecified,606,tonnes CO2e,0.65,medium,statement_extraction,vanlanschotkempen_Annual_Report_2023_1761275151347.pdf,930c4d4808f7,2025-10-25T17:32:16.335Z,2025-10-25T17:32:16.335Z,2025-10-25T17:32:16.335Z,1.0,active
7ddfc8bd-8f3d-4ce1-9d5e-e95e50bbf8a2,930c4d4808f7,Van Lanschot Kempen,2025,,Total,General,Unspecified,16848450,tonnes CO2e,0.65,medium,statement_extraction,vanlanschotkempen_Annual_Report_2023_1761275151347.pdf,930c4d4808f7,2025-10-25T17:32:16.335Z,2025-10-25T17:32:16.335Z,2025-10-25T17:32:16.335Z,1.0,active
d88c56eb-ef1f-4f90-b67f-4b4fffa1ec6c,930c4d4808f7,Van Lanschot Kempen,2025,,Total,General,Unspecified,15465934,tonnes CO2e,0.65,medium,statement_extraction,vanlanschotkempen_Annual_Report_2023_1761275151347.pdf,930c4d4808f7,2025-10-25T17:32:16.335Z,2025-10-25T17:32:16.335Z,2025-10-25T17:32:16.335Z,1.0,active
a2b80d61-eb29-4f78-84f7-ce085f1b8caa,930c4d4808f7,Van Lanschot Kempen,2025,,Total,General,Unspecified,1382517,tonnes CO2e,0.65,medium,statement_extraction,vanlanschotkempen_Annual_Report_2023_1761275151347.pdf,930c4d4808f7,2025-10-25T17:32:16.335Z,2025-10-25T17:32:16.335Z,2025-10-25T17:32:16.335Z,1.0,active
8ed734ca-15f4-43fc-9ca8-1524d119ccff,930c4d4808f7,Van Lanschot Kempen,2025,,Total,General,Unspecified,421318,tonnes CO2e,0.65,medium,statement_extraction,vanlanschotkempen_Annual_Report_2023_1761275151347.pdf,930c4d4808f7,2025-10-25T17:32:16.335Z,2025-10-25T17:32:16.335Z,2025-10-25T17:32:16.335Z,1.0,active
84423ec2-38ad-455d-9cc8-d2b641ec4c98,930c4d4808f7,Van Lanschot Kempen,2025,,Total,General,Unspecified,317464,tonnes CO2e,0.65,medium,statement_extraction,vanlanschotkempen_Annual_Report_2023_1761275151347.pdf,930c4d4808f7,2025-10-25T17:32:16.335Z,2025-10-25T17:32:16.335Z,2025-10-25T17:32:16.335Z,1.0,active
410a0ded-c2bc-4fa7-ad39-9781ea130597,930c4d4808f7,Van Lanschot Kempen,2025,,Total,General,Unspecified,132118,tonnes CO2e,0.65,medium,statement_extraction,vanlanschotkempen_Annual_Report_2023_1761275151347.pdf,930c4d4808f7,2025-10-25T17:32:16.335Z,2025-10-25T17:32:16.335Z,2025-10-25T17:32:16.335Z,1.0,active
49dfcec1-111b-4bcb-9375-10cb745792f0,930c4d4808f7,Van Lanschot Kempen,2025,,Total,General,Unspecified,86476,tonnes CO2e,0.65,medium,statement_extraction,vanlanschotkempen_Annual_Report_2023_1761275151347.pdf,930c4d4808f7,2025-10-25T17:32:16.335Z,2025-10-25T17:32:16.335Z,2025-10-25T17:32:16.335Z,1.0,active
bb4f4a4f-26e0-4c16-aadf-b2a62e0b02a4,930c4d4808f7,Van Lanschot Kempen,2025,,Total,General,Unspecified,3032415,tonnes CO2e,0.65,medium,statement_extraction,vanlanschotkempen_Annual_Report_2023_1761275151347.pdf,930c4d4808f7,2025-10-25T17:32:16.335Z,2025-10-25T17:32:16.335Z,2025-10-25T17:32:16.335Z,1.0,active
65962552-76a0-4c3c-8016-70155cb83319,930c4d4808f7,Van Lanschot Kempen,2025,,Total,General,Unspecified,419176,tonnes CO2e,0.65,medium,statement_extraction,vanlanschotkempen_Annual_Report_2023_1761275151347.pdf,930c4d4808f7,2025-10-25T17:32:16.335Z,2025-10-25T17:32:16.335Z,2025-10-25T17:32:16.335Z,1.0,active
b8166080-ef28-47c0-aa5e-f0fde7c9d27a,930c4d4808f7,Van Lanschot Kempen,2025,,Total,General,Unspecified,210186,tonnes CO2e,0.65,medium,statement_extraction,vanlanschotkempen_Annual_Report_2023_1761275151347.pdf,930c4d4808f7,2025-10-25T17:32:16.335Z,2025-10-25T17:32:16.335Z,2025-10-25T17:32:16.335Z,1.0,active
58856057-11d9-465a-8a90-e3f3c2448fc6,930c4d4808f7,Van Lanschot Kempen,2025,,Total,General,Unspecified,9193697,tonnes CO2e,0.65,medium,statement_extraction,vanlanschotkempen_Annual_Report_2023_1761275151347.pdf,930c4d4808f7,2025-10-25T17:32:16.335Z,2025-10-25T17:32:16.335Z,2025-10-25T17:32:16.335Z,1.0,active
c6968544-d75c-4770-8ccd-6c745df2a521,930c4d4808f7,Van Lanschot Kempen,2025,,Total,General,Unspecified,2818379,tonnes CO2e,0.65,medium,statement_extraction,vanlanschotkempen_Annual_Report_2023_1761275151347.pdf,930c4d4808f7,2025-10-25T17:32:16.335Z,2025-10-25T17:32:16.335Z,2025-10-25T17:32:16.335Z,1.0,active
c4910ac7-e90e-46c6-b202-b6c9d2094505,930c4d4808f7,Van Lanschot Kempen,2025,,Total,General,Unspecified,14638,tonnes CO2e,0.65,medium,statement_extraction,vanlanschotkempen_Annual_Report_2023_1761275151347.pdf,930c4d4808f7,2025-10-25T17:32:16.335Z,2025-10-25T17:32:16.335Z,2025-10-25T17:32:16.335Z,1.0,active
adc6b461-2deb-4fc2-ad93-53bf2c7d576e,930c4d4808f7,Van Lanschot Kempen,2025,,Total,General,Unspecified,328841,tonnes CO2e,0.65,medium,statement_extraction,vanlanschotkempen_Annual_Report_2023_1761275151347.pdf,930c4d4808f7,2025-10-25T17:32:16.335Z,2025-10-25T17:32:16.335Z,2025-10-25T17:32:16.335Z,1.0,active
b1481f67-8ffd-4253-b5b3-a1ac24a68a8a,930c4d4808f7,Van Lanschot Kempen,2025,,Total,General,Unspecified,63091,tonnes CO2e,0.65,medium,statement_extraction,vanlanschotkempen_Annual_Report_2023_1761275151347.pdf,930c4d4808f7,2025-10-25T17:32:16.335Z,2025-10-25T17:32:16.335Z,2025-10-25T17:32:16.335Z,1.0,active
7e8bcd22-087c-45c3-94b6-dce06f263093,930c4d4808f7,Van Lanschot Kempen,2025,,Total,General,Unspecified,210673,tonnes CO2e,0.65,medium,statement_extraction,vanlanschotkempen_Annual_Report_2023_1761275151347.pdf,930c4d4808f7,2025-10-25T17:32:16.335Z,2025-10-25T17:32:16.335Z,2025-10-25T17:32:16.335Z,1.0,active
8f6a2338-b79c-49a4-8cc8-84e8a4dfc44e,930c4d4808f7,Van Lanschot Kempen,2025,,Total,General,Unspecified,67328,tonnes CO2e,0.65,medium,statement_extraction,vanlanschotkempen_Annual_Report_2023_1761275151347.pdf,930c4d4808f7,2025-10-25T17:32:16.335Z,2025-10-25T17:32:16.335Z,2025-10-25T17:32:16.335Z,1.0,active
6ffd256b-9100-4bc4-9a6c-a956b2f06759,930c4d4808f7,Van Lanschot Kempen,2025,,Total,General,Unspecified,7696011,tonnes CO2e,0.65,medium,statement_extraction,vanlanschotkempen_Annual_Report_2023_1761275151347.pdf,930c4d4808f7,2025-10-25T17:32:16.335Z,2025-10-25T17:32:16.335Z,2025-10-25T17:32:16.335Z,1.0,active
480606f1-4aa2-4c04-ad8e-894fac26b8b0,930c4d4808f7,Van Lanschot Kempen,2025,,Total,General,Unspecified,6159689,tonnes CO2e,0.65,medium,statement_extraction,vanlanschotkempen_Annual_Report_2023_1761275151347.pdf,930c4d4808f7,2025-10-25T17:32:16.335Z,2025-10-25T17:32:16.335Z,2025-10-25T17:32:16.335Z,1.0,active
042f6496-d373-45dd-9714-081aad29a879,930c4d4808f7,Van Lanschot Kempen,2025,,Total,General,Unspecified,947170,tonnes CO2e,0.65,medium,statement_extraction,vanlanschotkempen_Annual_Report_2023_1761275151347.pdf,930c4d4808f7,2025-10-25T17:32:16.335Z,2025-10-25T17:32:16.335Z,2025-10-25T17:32:16.335Z,1.0,active
d80a002f-c3c4-4a89-a8e2-20cafd184814,930c4d4808f7,Van Lanschot Kempen,2025,,Total,General,Unspecified,12051519,tonnes CO2e,0.65,medium,statement_extraction,vanlanschotkempen_Annual_Report_2023_1761275151347.pdf,930c4d4808f7,2025-10-25T17:32:16.335Z,2025-10-25T17:32:16.335Z,2025-10-25T17:32:16.335Z,1.0,active
b2213bc4-ebff-41ed-b04e-46bc2a0f05f0,930c4d4808f7,Van Lanschot Kempen,2025,,Total,General,Unspecified,2597050,tonnes CO2e,0.65,medium,statement_extraction,vanlanschotkempen_Annual_Report_2023_1761275151347.pdf,930c4d4808f7,2025-10-25T17:32:16.335Z,2025-10-25T17:32:16.335Z,2025-10-25T17:32:16.335Z,1.0,active
0b7c790c-47d8-4ab2-a5d0-73169dfc456e,930c4d4808f7,Van Lanschot Kempen,2025,,Total,General,Unspecified,9454470,tonnes CO2e,0.65,medium,statement_extraction,vanlanschotkempen_Annual_Report_2023_1761275151347.pdf,930c4d4808f7,2025-10-25T17:32:16.335Z,2025-10-25T17:32:16.335Z,2025-10-25T17:32:16.335Z,1.0,active
00660656-d1c4-4524-9213-d5028eee9910,930c4d4808f7,Van Lanschot Kempen,2025,,Total,General,Unspecified,1816014,tonnes CO2e,0.65,medium,statement_extraction,vanlanschotkempen_Annual_Report_2023_1761275151347.pdf,930c4d4808f7,2025-10-25T17:32:16.335Z,2025-10-25T17:32:16.335Z,2025-10-25T17:32:16.335Z,1.0,active
585daebc-c34b-4ea0-b5d3-37ee8fa15c39,930c4d4808f7,Van Lanschot Kempen,2025,,Total,General,Unspecified,30319,tonnes CO2e,0.65,medium,statement_extraction,vanlanschotkempen_Annual_Report_2023_1761275151347.pdf,930c4d4808f7,2025-10-25T17:32:16.335Z,2025-10-25T17:32:16.335Z,2025-10-25T17:32:16.335Z,1.0,active
e26bcbdb-70c0-4407-8b8c-dae6c23e7371,930c4d4808f7,Van Lanschot Kempen,2025,,Total,General,Unspecified,1280829,tonnes CO2e,0.65,medium,statement_extraction,vanlanschotkempen_Annual_Report_2023_1761275151347.pdf,930c4d4808f7,2025-10-25T17:32:16.335Z,2025-10-25T17:32:16.335Z,2025-10-25T17:32:16.335Z,1.0,active
2cad3852-afb1-44c5-8ffa-d3df36153a3f,930c4d4808f7,Van Lanschot Kempen,2025,,Total,General,Unspecified,1180733,tonnes CO2e,0.65,medium,statement_extraction,vanlanschotkempen_Annual_Report_2023_1761275151347.pdf,930c4d4808f7,2025-10-25T17:32:16.335Z,2025-10-25T17:32:16.335Z,2025-10-25T17:32:16.335Z,1.0,active
b69bb3d0-ee47-4431-9668-c8ca027c2d9b,930c4d4808f7,Van Lanschot Kempen,2025,,Total,General,Unspecified,1411597,tonnes CO2e,0.65,medium,statement_extraction,vanlanschotkempen_Annual_Report_2023_1761275151347.pdf,930c4d4808f7,2025-10-25T17:32:16.335Z,2025-10-25T17:32:16.335Z,2025-10-25T17:32:16.335Z,1.0,active
8dbcdca9-f398-4ac7-abf0-cd03a9548284,930c4d4808f7,Van Lanschot Kempen,2025,,Total,General,Unspecified,9239739,tonnes CO2e,0.65,medium,statement_extraction,vanlanschotkempen_Annual_Report_2023_1761275151347.pdf,930c4d4808f7,2025-10-25T17:32:16.335Z,2025-10-25T17:32:16.335Z,2025-10-25T17:32:16.335Z,1.0,active
d34fe1c1-1d22-4460-9ed6-cfbad7fff605,930c4d4808f7,Van Lanschot Kempen,2025,,Total,General,Unspecified,14974847,tonnes CO2e,0.65,medium,statement_extraction,vanlanschotkempen_Annual_Report_2023_1761275151347.pdf,930c4d4808f7,2025-10-25T17:32:16.335Z,2025-10-25T17:32:16.335Z,2025-10-25T17:32:16.335Z,1.0,active
3db260f3-847f-4336-8bf1-9b60abed7553,930c4d4808f7,Van Lanschot Kempen,2025,,Total,General,Unspecified,9403884,tonnes CO2e,0.65,medium,statement_extraction,vanlanschotkempen_Annual_Report_2023_1761275151347.pdf,930c4d4808f7,2025-10-25T17:32:16.335Z,2025-10-25T17:32:16.335Z,2025-10-25T17:32:16.335Z,1.0,active
e8aa70df-0749-4a51-81a3-818775ee57f4,930c4d4808f7,Van Lanschot Kempen,2025,,Total,General,Unspecified,14985586,tonnes CO2e,0.65,medium,statement_extraction,vanlanschotkempen_Annual_Report_2023_1761275151347.pdf,930c4d4808f7,2025-10-25T17:32:16.335Z,2025-10-25T17:32:16.335Z,2025-10-25T17:32:16.335Z,1.0,active
6b757de6-2a91-4dbd-9ace-42369ddac43c,930c4d4808f7,Van Lanschot Kempen,2025,,Total,General,Unspecified,2698080,tonnes CO2e,0.65,medium,statement_extraction,vanlanschotkempen_Annual_Report_2023_1761275151347.pdf,930c4d4808f7,2025-10-25T17:32:16.335Z,2025-10-25T17:32:16.335Z,2025-10-25T17:32:16.335Z,1.0,active
67c8b2f3-478e-4979-9d42-b0ca0d7cd02a,930c4d4808f7,Van Lanschot Kempen,2025,,Total,General,Unspecified,709334,tonnes CO2e,0.65,medium,statement_extraction,vanlanschotkempen_Annual_Report_2023_1761275151347.pdf,930c4d4808f7,2025-10-25T17:32:16.335Z,2025-10-25T17:32:16.335Z,2025-10-25T17:32:16.335Z,1.0,active
0f1f9e67-9b51-4d43-8555-8a3b98db5e0a,930c4d4808f7,Van Lanschot Kempen,2025,,Total,General,Unspecified,2503498,tonnes CO2e,0.65,medium,statement_extraction,vanlanschotkempen_Annual_Report_2023_1761275151347.pdf,930c4d4808f7,2025-10-25T17:32:16.335Z,2025-10-25T17:32:16.335Z,2025-10-25T17:32:16.335Z,1.0,active
98dd0a83-1b18-4d6d-8397-0938e28a559e,930c4d4808f7,Van Lanschot Kempen,2025,,Total,General,Unspecified,695359,tonnes CO2e,0.65,medium,statement_extraction,vanlanschotkempen_Annual_Report_2023_1761275151347.pdf,930c4d4808f7,2025-10-25T17:32:16.335Z,2025-10-25T17:32:16.335Z,2025-10-25T17:32:16.335Z,1.0,active
98103bbe-1e91-494f-a143-2cb22594c55b,930c4d4808f7,Van Lanschot Kempen,2025,,Total,General,Unspecified,121753,tonnes CO2e,0.65,medium,statement_extraction,vanlanschotkempen_Annual_Report_2023_1761275151347.pdf,930c4d4808f7,2025-10-25T17:32:16.335Z,2025-10-25T17:32:16.335Z,2025-10-25T17:32:16.335Z,1.0,active
d3fdecf4-fef9-4769-9f64-a7c2e5c691cd,930c4d4808f7,Van Lanschot Kempen,2025,,Total,General,Unspecified,10492242,tonnes CO2e,0.65,medium,statement_extraction,vanlanschotkempen_Annual_Report_2023_1761275151347.pdf,930c4d4808f7,2025-10-25T17:32:16.335Z,2025-10-25T17:32:16.335Z,2025-10-25T17:32:16.335Z,1.0,active
88ca9f1f-dd7c-4da9-a927-525845a62034,930c4d4808f7,Van Lanschot Kempen,2025,,Total,General,Unspecified,14511703,tonnes CO2e,0.65,medium,statement_extraction,vanlanschotkempen_Annual_Report_2023_1761275151347.pdf,930c4d4808f7,2025-10-25T17:32:16.335Z,2025-10-25T17:32:16.335Z,2025-10-25T17:32:16.335Z,1.0,active
a5e2761f-250b-43e7-bf14-931cd866b7e9,930c4d4808f7,Van Lanschot Kempen,2025,,Total,General,Unspecified,244421,tonnes CO2e,0.65,medium,statement_extraction,vanlanschotkempen_Annual_Report_2023_1761275151347.pdf,930c4d4808f7,2025-10-25T17:32:16.335Z,2025-10-25T17:32:16.335Z,2025-10-25T17:32:16.335Z,1.0,active
d43abd74-3a8a-48ba-b8d9-99a553a37dfb,930c4d4808f7,Van Lanschot Kempen,2025,,Total,General,Unspecified,107051,tonnes CO2e,0.65,medium,statement_extraction,vanlanschotkempen_Annual_Report_2023_1761275151347.pdf,930c4d4808f7,2025-10-25T17:32:16.335Z,2025-10-25T17:32:16.335Z,2025-10-25T17:32:16.335Z,1.0,active
9357e39f-d74a-4476-aeb6-7c1f5db5d963,930c4d4808f7,Van Lanschot Kempen,2022,,Total,General,Unspecified,15.5,tonnes CO2e,0.80,high,statement_extraction,vanlanschotkempen_Annual_Report_2023_1761275151347.pdf,930c4d4808f7,2025-10-25T17:32:16.335Z,2025-10-25T17:32:16.335Z,2025-10-25T17:32:16.335Z,1.0,active
93db258f-c656-400c-9d29-9e7bdf21e132,930c4d4808f7,Van Lanschot Kempen,2025,,Total,General,Unspecified,232601,tonnes CO2e,0.65,medium,statement_extraction,vanlanschotkempen_Annual_Report_2023_1761275151347.pdf,930c4d4808f7,2025-10-25T17:32:16.335Z,2025-10-25T17:32:16.335Z,2025-10-25T17:32:16.335Z,1.0,active
2e39f23d-ae0c-4e8f-b8d9-fba52e241cd2,930c4d4808f7,Van Lanschot Kempen,2025,,Total,General,Unspecified,7325,tonnes CO2e,0.65,medium,statement_extraction,vanlanschotkempen_Annual_Report_2023_1761275151347.pdf,930c4d4808f7,2025-10-25T17:32:16.335Z,2025-10-25T17:32:16.335Z,2025-10-25T17:32:16.335Z,1.0,active
19edab23-32be-4a07-be6f-7cf7deae8aaf,930c4d4808f7,Van Lanschot Kempen,2025,,Total,General,Unspecified,239675,tonnes CO2e,0.65,medium,statement_extraction,vanlanschotkempen_Annual_Report_2023_1761275151347.pdf,930c4d4808f7,2025-10-25T17:32:16.335Z,2025-10-25T17:32:16.335Z,2025-10-25T17:32:16.335Z,1.0,active
038c7145-7079-4e6e-b769-58ee601792b8,930c4d4808f7,Van Lanschot Kempen,2025,,Total,General,Unspecified,19305,tonnes CO2e,0.65,medium,statement_extraction,vanlanschotkempen_Annual_Report_2023_1761275151347.pdf,930c4d4808f7,2025-10-25T17:32:16.335Z,2025-10-25T17:32:16.335Z,2025-10-25T17:32:16.335Z,1.0,active
26fb04fa-900d-417d-915a-dc890d96ad66,930c4d4808f7,Van Lanschot Kempen,2025,,Total,General,Unspecified,553222,tonnes CO2e,0.65,medium,statement_extraction,vanlanschotkempen_Annual_Report_2023_1761275151347.pdf,930c4d4808f7,2025-10-25T17:32:16.335Z,2025-10-25T17:32:16.335Z,2025-10-25T17:32:16.335Z,1.0,active
4a2e9d15-6e32-4ef6-93a2-50ace03a45b6,930c4d4808f7,Van Lanschot Kempen,2025,,Total,General,Unspecified,14318853,tonnes CO2e,0.65,medium,statement_extraction,vanlanschotkempen_Annual_Report_2023_1761275151347.pdf,930c4d4808f7,2025-10-25T17:32:16.335Z,2025-10-25T17:32:16.335Z,2025-10-25T17:32:16.335Z,1.0,active
dd5cf78f-f2b8-4d87-84c1-cc3a3f535f65,930c4d4808f7,Van Lanschot Kempen,2025,,Total,General,Unspecified,566187,tonnes CO2e,0.65,medium,statement_extraction,vanlanschotkempen_Annual_Report_2023_1761275151347.pdf,930c4d4808f7,2025-10-25T17:32:16.335Z,2025-10-25T17:32:16.335Z,2025-10-25T17:32:16.335Z,1.0,active
a0a8b687-63c8-4941-83ae-6729c010c1c1,930c4d4808f7,Van Lanschot Kempen,2023,,Total,Direct Emissions,Direct Emissions,1.8,tonnes CO2e,0.90,high,statement_extraction,vanlanschotkempen_Annual_Report_2023_1761275151347.pdf,930c4d4808f7,2025-10-25T17:32:16.335Z,2025-10-25T17:32:16.335Z,2025-10-25T17:32:16.335Z,1.0,active
1edd84ad-0866-47ad-a937-d20258904de5,930c4d4808f7,Van Lanschot Kempen,2023,,Total,General,Unspecified,1.38,tonnes CO2e,0.80,high,statement_extraction,vanlanschotkempen_Annual_Report_2023_1761275151347.pdf,930c4d4808f7,2025-10-25T17:32:16.335Z,2025-10-25T17:32:16.335Z,2025-10-25T17:32:16.335Z,1.0,active
5f85af4c-d210-4360-81f9-ec1daf3dd50a,930c4d4808f7,Van Lanschot Kempen,2019,,Total,General,Unspecified,1.45,tonnes CO2e,0.80,high,statement_extraction,vanlanschotkempen_Annual_Report_2023_1761275151347.pdf,930c4d4808f7,2025-10-25T17:32:16.335Z,2025-10-25T17:32:16.335Z,2025-10-25T17:32:16.335Z,1.0,active
1ad5b2b1-5ec1-4825-90ff-15f58081e382,930c4d4808f7,Van Lanschot Kempen,2019,,Total,General,Unspecified,1.38,tonnes CO2e,0.80,high,statement_extraction,vanlanschotkempen_Annual_Report_2023_1761275151347.pdf,930c4d4808f7,2025-10-25T17:32:16.335Z,2025-10-25T17:32:16.335Z,2025-10-25T17:32:16.335Z,1.0,active
3f978ee1-b05f-417f-a1b3-14ea4da658f5,930c4d4808f7,Van Lanschot Kempen,2023,,Scope 1,General,Unspecified,4,tonnes CO2e,0.90,high,statement_extraction,vanlanschotkempen_Annual_Report_2023_1761275151347.pdf,930c4d4808f7,2025-10-25T17:32:16.335Z,2025-10-25T17:32:16.335Z,2025-10-25T17:32:16.335Z,1.0,active
bc7ce532-ff5a-4e58-9119-169b7553e9f3,930c4d4808f7,Van Lanschot Kempen,2023,,Total,General,Unspecified,2789,tonnes CO2e,0.80,high,statement_extraction,vanlanschotkempen_Annual_Report_2023_1761275151347.pdf,930c4d4808f7,2025-10-25T17:32:16.335Z,2025-10-25T17:32:16.335Z,2025-10-25T17:32:16.335Z,1.0,active
8a670f54-1608-485f-9ce2-c550bc376178,930c4d4808f7,Van Lanschot Kempen,2022,,Total,General,Unspecified,1.38,tonnes CO2e,0.80,high,statement_extraction,vanlanschotkempen_Annual_Report_2023_1761275151347.pdf,930c4d4808f7,2025-10-25T17:32:16.335Z,2025-10-25T17:32:16.335Z,2025-10-25T17:32:16.335Z,1.0,active
4f467ce6-8a9c-4c37-ad14-683ed0f24da5,930c4d4808f7,Van Lanschot Kempen,2022,,Total,General,Unspecified,2775,tonnes CO2e,0.80,high,statement_extraction,vanlanschotkempen_Annual_Report_2023_1761275151347.pdf,930c4d4808f7,2025-10-25T17:32:16.335Z,2025-10-25T17:32:16.335Z,2025-10-25T17:32:16.335Z,1.0,active
a1d2b401-f533-43e8-9293-ac0b461538ba,930c4d4808f7,Van Lanschot Kempen,2022,,Total,General,Unspecified,1.45,tonnes CO2e,0.80,high,statement_extraction,vanlanschotkempen_Annual_Report_2023_1761275151347.pdf,930c4d4808f7,2025-10-25T17:32:16.335Z,2025-10-25T17:32:16.335Z,2025-10-25T17:32:16.335Z,1.0,active
8a3a6282-d425-432e-b94f-9beddedd3e84,930c4d4808f7,Van Lanschot Kempen,2025,,Scope 1,General,Unspecified,2,tonnes CO2e,0.75,high,statement_extraction,vanlanschotkempen_Annual_Report_2023_1761275151347.pdf,930c4d4808f7,2025-10-25T17:32:16.335Z,2025-10-25T17:32:16.335Z,2025-10-25T17:32:16.335Z,1.0,active
fb64afae-7d9b-4aea-a379-853aeb503608,dbd3c98b40f4,VodafoneZiggo,2025,,Scope 1,General,Unspecified,2,tonnes CO2e,0.75,high,statement_extraction,VodafoneZiggo_Integrated_Annual_Report_2024.pdf,dbd3c98b40f4,2025-10-25T17:32:16.335Z,2025-10-25T17:32:16.335Z,2025-10-25T17:32:16.335Z,1.0,active
aaa399c5-ed7b-483b-a96e-610e21034ec2,dbd3c98b40f4,VodafoneZiggo,2025,,Scope 1,General,Unspecified,3,tonnes CO2e,0.75,high,statement_extraction,VodafoneZiggo_Integrated_Annual_Report_2024.pdf,dbd3c98b40f4,2025-10-25T17:32:16.335Z,2025-10-25T17:32:16.335Z,2025-10-25T17:32:16.335Z,1.0,active
6af5cc93-b8df-4d36-8e8d-372160705da8,dbd3c98b40f4,VodafoneZiggo,2018,,Scope 1,General,Unspecified,3,tonnes CO2e,0.90,high,statement_extraction,VodafoneZiggo_Integrated_Annual_Report_2024.pdf,dbd3c98b40f4,2025-10-25T17:32:16.335Z,2025-10-25T17:32:16.335Z,2025-10-25T17:32:16.335Z,1.0,active
e0b0c5c0-727b-46e7-b496-76116b3f2d24,dbd3c98b40f4,VodafoneZiggo,2024,,Total,General,Unspecified,2.2,tonnes CO2e,0.80,high,statement_extraction,VodafoneZiggo_Integrated_Annual_Report_2024.pdf,dbd3c98b40f4,2025-10-25T17:32:16.335Z,2025-10-25T17:32:16.335Z,2025-10-25T17:32:16.335Z,1.0,active
9333fda3-101d-44b6-af5a-e4982abc8ba4,dbd3c98b40f4,VodafoneZiggo,2018,,Scope 1,General,Unspecified,16,tonnes CO2e,0.90,high,statement_extraction,VodafoneZiggo_Integrated_Annual_Report_2024.pdf,dbd3c98b40f4,2025-10-25T17:32:16.335Z,2025-10-25T17:32:16.335Z,2025-10-25T17:32:16.335Z,1.0,active
25f369d8-fd60-415e-b4de-a99657c6fb7e,dbd3c98b40f4,VodafoneZiggo,2024,,Scope 1,General,Unspecified,2,tonnes CO2e,0.90,high,statement_extraction,VodafoneZiggo_Integrated_Annual_Report_2024.pdf,dbd3c98b40f4,2025-10-25T17:32:16.335Z,2025-10-25T17:32:16.335Z,2025-10-25T17:32:16.335Z,1.0,active
4f5186b7-466d-44e0-8512-f8a6ef9762e5,dbd3c98b40f4,VodafoneZiggo,2024,,Total,General,Unspecified,4200,tonnes CO2e,0.80,high,statement_extraction,VodafoneZiggo_Integrated_Annual_Report_2024.pdf,dbd3c98b40f4,2025-10-25T17:32:16.335Z,2025-10-25T17:32:16.335Z,2025-10-25T17:32:16.335Z,1.0,active
30825032-1013-4b5f-8cae-186264d3d479,dbd3c98b40f4,VodafoneZiggo,2025,,Total,Energy,Energy,99,tonnes CO2e,0.75,high,statement_extraction,VodafoneZiggo_Integrated_Annual_Report_2024.pdf,dbd3c98b40f4,2025-10-25T17:32:16.335Z,2025-10-25T17:32:16.335Z,2025-10-25T17:32:16.335Z,1.0,active
b37cd19e-3fb3-4411-b7a6-1fbca1d16eff,dbd3c98b40f4,VodafoneZiggo,2025,,Total,Energy,Energy,5258462.62,tonnes CO2e,0.75,high,statement_extraction,VodafoneZiggo_Integrated_Annual_Report_2024.pdf,dbd3c98b40f4,2025-10-25T17:32:16.335Z,2025-10-25T17:32:16.335Z,2025-10-25T17:32:16.335Z,1.0,active
412ad0aa-2395-4878-a90a-84d27c0d5fc6,dbd3c98b40f4,VodafoneZiggo,2024,,Total,General,Unspecified,47,tonnes CO2e,0.80,high,statement_extraction,VodafoneZiggo_Integrated_Annual_Report_2024.pdf,dbd3c98b40f4,2025-10-25T17:32:16.335Z,2025-10-25T17:32:16.335Z,2025-10-25T17:32:16.335Z,1.0,active
8d791151-88fd-4d5f-9520-5eb21d9120bd,dbd3c98b40f4,VodafoneZiggo,2024,,Total,General,Unspecified,17.9,tonnes CO2e,0.80,high,statement_extraction,VodafoneZiggo_Integrated_Annual_Report_2024.pdf,dbd3c98b40f4,2025-10-25T17:32:16.335Z,2025-10-25T17:32:16.335Z,2025-10-25T17:32:16.335Z,1.0,active
3e77239b-46bd-415a-958a-1526864d778c,dbd3c98b40f4,VodafoneZiggo,2024,,Total,General,Unspecified,31,tonnes CO2e,0.80,high,statement_extraction,VodafoneZiggo_Integrated_Annual_Report_2024.pdf,dbd3c98b40f4,2025-10-25T17:32:16.335Z,2025-10-25T17:32:16.335Z,2025-10-25T17:32:16.335Z,1.0,active
1b39fcc7-a207-40f9-a995-b7074a2c63b0,dbd3c98b40f4,VodafoneZiggo,2025,,Scope 3,General,Unspecified,3,tonnes CO2e,0.75,high,statement_extraction,VodafoneZiggo_Integrated_Annual_Report_2024.pdf,dbd3c98b40f4,2025-10-25T17:32:16.335Z,2025-10-25T17:32:16.335Z,2025-10-25T17:32:16.335Z,1.0,active
6e23f52f-6038-4473-9ccf-e741103022bc,dbd3c98b40f4,VodafoneZiggo,2025,,Total,General,Unspecified,50,tonnes CO2e,0.65,medium,statement_extraction,VodafoneZiggo_Integrated_Annual_Report_2024.pdf,dbd3c98b40f4,2025-10-25T17:32:16.335Z,2025-10-25T17:32:16.335Z,2025-10-25T17:32:16.335Z,1.0,active
9d77bc3e-8492-42b2-9953-5fc6ad827334,dbd3c98b40f4,VodafoneZiggo,2025,,Scope 3,General,Unspecified,3,tonnes CO2e,0.90,high,statement_extraction,VodafoneZiggo_Integrated_Annual_Report_2024.pdf,dbd3c98b40f4,2025-10-25T17:32:16.335Z,2025-10-25T17:32:16.335Z,2025-10-25T17:32:16.335Z,1.0,active
d2bd37a7-edea-44a1-8824-0da465e5a532,dbd3c98b40f4,VodafoneZiggo,2025,,Scope 3,General,Unspecified,64,tonnes CO2e,0.75,high,statement_extraction,VodafoneZiggo_Integrated_Annual_Report_2024.pdf,dbd3c98b40f4,2025-10-25T17:32:16.335Z,2025-10-25T17:32:16.335Z,2025-10-25T17:32:16.335Z,1.0,active
09d4e092-687d-4356-8bfe-950ada4da1a6,dbd3c98b40f4,VodafoneZiggo,2025,,Scope 3,General,Unspecified,52,tonnes CO2e,0.75,high,statement_extraction,VodafoneZiggo_Integrated_Annual_Report_2024.pdf,dbd3c98b40f4,2025-10-25T17:32:16.335Z,2025-10-25T17:32:16.335Z,2025-10-25T17:32:16.335Z,1.0,active
3cec6f22-05d5-4589-a414-2855cd82979c,dbd3c98b40f4,VodafoneZiggo,2025,,Total,General,Unspecified,476.6,tonnes CO2e,0.65,medium,statement_extraction,VodafoneZiggo_Integrated_Annual_Report_2024.pdf,dbd3c98b40f4,2025-10-25T17:32:16.335Z,2025-10-25T17:32:16.335Z,2025-10-25T17:32:16.335Z,1.0,active
f656f2c2-d27d-4ff5-b9ce-e46c85dc2b09,dbd3c98b40f4,VodafoneZiggo,2025,,Total,General,Unspecified,241.9,tonnes CO2e,0.65,medium,statement_extraction,VodafoneZiggo_Integrated_Annual_Report_2024.pdf,dbd3c98b40f4,2025-10-25T17:32:16.335Z,2025-10-25T17:32:16.335Z,2025-10-25T17:32:16.335Z,1.0,active
b866c2c9-ba16-4963-b7b8-54bae00196c2,dbd3c98b40f4,VodafoneZiggo,2025,,Total,General,Unspecified,1002.8,tonnes CO2e,0.65,medium,statement_extraction,VodafoneZiggo_Integrated_Annual_Report_2024.pdf,dbd3c98b40f4,2025-10-25T17:32:16.335Z,2025-10-25T17:32:16.335Z,2025-10-25T17:32:16.335Z,1.0,active
7abb6a21-d519-4c2a-9778-f4617013882f,dbd3c98b40f4,VodafoneZiggo,2025,,Total,General,Unspecified,599.6,tonnes CO2e,0.65,medium,statement_extraction,VodafoneZiggo_Integrated_Annual_Report_2024.pdf,dbd3c98b40f4,2025-10-25T17:32:16.335Z,2025-10-25T17:32:16.335Z,2025-10-25T17:32:16.335Z,1.0,active
9d53b0af-f0d0-4c1f-90c3-230834a533a7,dbd3c98b40f4,VodafoneZiggo,2025,,Total,General,Unspecified,584.4,tonnes CO2e,0.65,medium,statement_extraction,VodafoneZiggo_Integrated_Annual_Report_2024.pdf,dbd3c98b40f4,2025-10-25T17:32:16.335Z,2025-10-25T17:32:16.335Z,2025-10-25T17:32:16.335Z,1.0,active
e7c942c0-cea1-43a1-9a53-f1d6615013e9,dbd3c98b40f4,VodafoneZiggo,2025,,Total,General,Unspecified,45.9,tonnes CO2e,0.65,medium,statement_extraction,VodafoneZiggo_Integrated_Annual_Report_2024.pdf,dbd3c98b40f4,2025-10-25T17:32:16.335Z,2025-10-25T17:32:16.335Z,2025-10-25T17:32:16.335Z,1.0,active
a0575fcc-d125-4685-ad54-ab12a93af02f,dbd3c98b40f4,VodafoneZiggo,2025,,Total,General,Unspecified,57.8,tonnes CO2e,0.65,medium,statement_extraction,VodafoneZiggo_Integrated_Annual_Report_2024.pdf,dbd3c98b40f4,2025-10-25T17:32:16.335Z,2025-10-25T17:32:16.335Z,2025-10-25T17:32:16.335Z,1.0,active
5e643506-782a-4c0b-859b-b5e66af06992,dbd3c98b40f4,VodafoneZiggo,2025,,Total,General,Unspecified,11908.511467,tonnes CO2e,0.65,medium,statement_extraction,VodafoneZiggo_Integrated_Annual_Report_2024.pdf,dbd3c98b40f4,2025-10-25T17:32:16.335Z,2025-10-25T17:32:16.335Z,2025-10-25T17:32:16.335Z,1.0,active
3a8e8feb-d9eb-4325-aee7-005127b02b57,dbd3c98b40f4,VodafoneZiggo,2025,,Total,General,Unspecified,13724.313283,tonnes CO2e,0.65,medium,statement_extraction,VodafoneZiggo_Integrated_Annual_Report_2024.pdf,dbd3c98b40f4,2025-10-25T17:32:16.335Z,2025-10-25T17:32:16.335Z,2025-10-25T17:32:16.335Z,1.0,active
5d179373-078c-4874-a480-be7b8ed4c591,dbd3c98b40f4,VodafoneZiggo,2029,1,Total,General,Unspecified,725,tonnes CO2e,0.80,high,statement_extraction,VodafoneZiggo_Integrated_Annual_Report_2024.pdf,dbd3c98b40f4,2025-10-25T17:32:16.335Z,2025-10-25T17:32:16.335Z,2025-10-25T17:32:16.335Z,1.0,active
b1036b92-ecf4-4b1d-8854-6281c4d4a059,dbd3c98b40f4,VodafoneZiggo,2025,,Total,General,Unspecified,84.451,tonnes CO2e,0.65,medium,statement_extraction,VodafoneZiggo_Integrated_Annual_Report_2024.pdf,dbd3c98b40f4,2025-10-25T17:32:16.335Z,2025-10-25T17:32:16.335Z,2025-10-25T17:32:16.335Z,1.0,active
d3ca221d-9072-4b09-a4fd-f8e9ad7c3b36,dbd3c98b40f4,VodafoneZiggo,2025,,Total,General,Unspecified,84.6105,tonnes CO2e,0.65,medium,statement_extraction,VodafoneZiggo_Integrated_Annual_Report_2024.pdf,dbd3c98b40f4,2025-10-25T17:32:16.335Z,2025-10-25T17:32:16.335Z,2025-10-25T17:32:16.335Z,1.0,active
7e28129a-14c9-4c14-8329-04cb579ef629,dbd3c98b40f4,VodafoneZiggo,2025,,Total,General,Unspecified,102.2,tonnes CO2e,0.65,medium,statement_extraction,VodafoneZiggo_Integrated_Annual_Report_2024.pdf,dbd3c98b40f4,2025-10-25T17:32:16.335Z,2025-10-25T17:32:16.335Z,2025-10-25T17:32:16.335Z,1.0,active
f6d5fef6-51ee-4942-839b-3cd5cea9eeb9,dbd3c98b40f4,VodafoneZiggo,2025,,Total,General,Unspecified,104.5,tonnes CO2e,0.65,medium,statement_extraction,VodafoneZiggo_Integrated_Annual_Report_2024.pdf,dbd3c98b40f4,2025-10-25T17:32:16.335Z,2025-10-25T17:32:16.335Z,2025-10-25T17:32:16.335Z,1.0,active
2f4a62a8-deb4-4e99-83db-bcb2368251eb,dbd3c98b40f4,VodafoneZiggo,2025,,Total,General,Unspecified,206.7,tonnes CO2e,0.65,medium,statement_extraction,VodafoneZiggo_Integrated_Annual_Report_2024.pdf,dbd3c98b40f4,2025-10-25T17:32:16.335Z,2025-10-25T17:32:16.335Z,2025-10-25T17:32:16.335Z,1.0,active
f0481d30-9d23-4ca0-a688-d15e85aa0b58,dbd3c98b40f4,VodafoneZiggo,2023,,Total,General,Unspecified,200,tonnes CO2e,0.80,high,statement_extraction,VodafoneZiggo_Integrated_Annual_Report_2024.pdf,dbd3c98b40f4,2025-10-25T17:32:16.335Z,2025-10-25T17:32:16.335Z,2025-10-25T17:32:16.335Z,1.0,active
7c62fbeb-cca4-44a9-a44a-aa20dc8efa5e,dbd3c98b40f4,VodafoneZiggo,2018,,Scope 1,General,Unspecified,2,tonnes CO2e,0.90,high,statement_extraction,VodafoneZiggo_Integrated_Annual_Report_2024.pdf,dbd3c98b40f4,2025-10-25T17:32:16.335Z,2025-10-25T17:32:16.335Z,2025-10-25T17:32:16.335Z,1.0,active
bbaeccc5-6adb-4008-b282-61fa39200293,dbd3c98b40f4,VodafoneZiggo,2018,,Scope 3,General,Unspecified,3,tonnes CO2e,0.90,high,statement_extraction,VodafoneZiggo_Integrated_Annual_Report_2024.pdf,dbd3c98b40f4,2025-10-25T17:32:16.335Z,2025-10-25T17:32:16.335Z,2025-10-25T17:32:16.335Z,1.0,active
af0f5f28-cbe7-46ba-a435-29f5783e7215,dbd3c98b40f4,VodafoneZiggo,2024,,Total,General,Unspecified,1.8,tonnes CO2e,0.80,high,statement_extraction,VodafoneZiggo_Integrated_Annual_Report_2024.pdf,dbd3c98b40f4,2025-10-25T17:32:16.335Z,2025-10-25T17:32:16.335Z,2025-10-25T17:32:16.335Z,1.0,active
351fe124-f4a9-4b12-883a-5975cadb7cc5,dbd3c98b40f4,VodafoneZiggo,2025,,Scope 1,General,Unspecified,100,tonnes CO2e,0.75,high,statement_extraction,VodafoneZiggo_Integrated_Annual_Report_2024.pdf,dbd3c98b40f4,2025-10-25T17:32:16.335Z,2025-10-25T17:32:16.335Z,2025-10-25T17:32:16.335Z,1.0,active
f0f5f89a-6f6e-447e-ac72-437dc01e3f97,dbd3c98b40f4,VodafoneZiggo,2025,,Total,General,Unspecified,130526,tonnes CO2e,0.65,medium,statement_extraction,VodafoneZiggo_Integrated_Annual_Report_2024.pdf,dbd3c98b40f4,2025-10-25T17:32:16.335Z,2025-10-25T17:32:16.335Z,2025-10-25T17:32:16.335Z,1.0,active
a3ecc92e-44af-4f0a-bbac-280f4dd8f623,dbd3c98b40f4,VodafoneZiggo,2025,,Scope 1,General,Unspecified,10493122,tonnes CO2e,0.75,high,statement_extraction,VodafoneZiggo_Integrated_Annual_Report_2024.pdf,dbd3c98b40f4,2025-10-25T17:32:16.335Z,2025-10-25T17:32:16.335Z,2025-10-25T17:32:16.335Z,1.0,active
4231b328-09c0-4661-a515-27969b01440f,dbd3c98b40f4,VodafoneZiggo,2025,,Scope 1,General,Unspecified,247488,tonnes CO2e,0.75,high,statement_extraction,VodafoneZiggo_Integrated_Annual_Report_2024.pdf,dbd3c98b40f4,2025-10-25T17:32:16.335Z,2025-10-25T17:32:16.335Z,2025-10-25T17:32:16.335Z,1.0,active
f15713c9-6a8e-46c5-9515-32eb4a6a7287,dbd3c98b40f4,VodafoneZiggo,2025,,Scope 1,General,Unspecified,23888498,tonnes CO2e,0.75,high,statement_extraction,VodafoneZiggo_Integrated_Annual_Report_2024.pdf,dbd3c98b40f4,2025-10-25T17:32:16.335Z,2025-10-25T17:32:16.335Z,2025-10-25T17:32:16.335Z,1.0,active
1218340a-f46a-4a53-b54c-824a484600e3,dbd3c98b40f4,VodafoneZiggo,2025,,Scope 1,Energy,Fossil Fuel Combustion,26105044,tonnes CO2e,0.85,high,statement_extraction,VodafoneZiggo_Integrated_Annual_Report_2024.pdf,dbd3c98b40f4,2025-10-25T17:32:16.335Z,2025-10-25T17:32:16.335Z,2025-10-25T17:32:16.335Z,1.0,active
8ed56475-7b56-4ff3-a6da-c2371365b05c,dbd3c98b40f4,VodafoneZiggo,2025,,Scope 1,Energy,Fossil Fuel Combustion,2,tonnes CO2e,0.85,high,statement_extraction,VodafoneZiggo_Integrated_Annual_Report_2024.pdf,dbd3c98b40f4,2025-10-25T17:32:16.335Z,2025-10-25T17:32:16.335Z,2025-10-25T17:32:16.335Z,1.0,active
07b4e5bf-0752-47be-925e-97df9be10d14,dbd3c98b40f4,VodafoneZiggo,2025,,Total,General,Unspecified,10,tonnes CO2e,0.65,medium,statement_extraction,VodafoneZiggo_Integrated_Annual_Report_2024.pdf,dbd3c98b40f4,2025-10-25T17:32:16.335Z,2025-10-25T17:32:16.335Z,2025-10-25T17:32:16.335Z,1.0,active
e31b8d5b-f266-4ce4-b24a-4e9368a087c4,dbd3c98b40f4,VodafoneZiggo,2025,,Total,General,Unspecified,3,tonnes CO2e,0.80,high,statement_extraction,VodafoneZiggo_Integrated_Annual_Report_2024.pdf,dbd3c98b40f4,2025-10-25T17:32:16.335Z,2025-10-25T17:32:16.335Z,2025-10-25T17:32:16.335Z,1.0,active
5f90304d-fac0-49a6-bd49-41e874974612,dbd3c98b40f4,VodafoneZiggo,2023,,Scope 1,General,Unspecified,4800,tonnes CO2e,0.90,high,statement_extraction,VodafoneZiggo_Integrated_Annual_Report_2024.pdf,dbd3c98b40f4,2025-10-25T17:32:16.335Z,2025-10-25T17:32:16.335Z,2025-10-25T17:32:16.335Z,1.0,active
fc79d379-d097-4e15-b57a-3d44c4a81217,dbd3c98b40f4,VodafoneZiggo,2023,,Total,General,Unspecified,4200,tonnes CO2e,0.80,high,statement_extraction,VodafoneZiggo_Integrated_Annual_Report_2024.pdf,dbd3c98b40f4,2025-10-25T17:32:16.335Z,2025-10-25T17:32:16.335Z,2025-10-25T17:32:16.335Z,1.0,active
71bc0bbc-c40a-4824-bcd4-85af493fbd3a,dbd3c98b40f4,VodafoneZiggo,2018,,Scope 1,General,Unspecified,2018,tonnes CO2e,0.90,high,statement_extraction,VodafoneZiggo_Integrated_Annual_Report_2024.pdf,dbd3c98b40f4,2025-10-25T17:32:16.335Z,2025-10-25T17:32:16.335Z,2025-10-25T17:32:16.335Z,1.0,active
cb63009f-c822-422c-bba4-60623c7d1952,dbd3c98b40f4,VodafoneZiggo,2022,,Scope 1,General,Unspecified,75,tonnes CO2e,0.90,high,statement_extraction,VodafoneZiggo_Integrated_Annual_Report_2024.pdf,dbd3c98b40f4,2025-10-25T17:32:16.335Z,2025-10-25T17:32:16.335Z,2025-10-25T17:32:16.335Z,1.0,active
cfbf3924-ac35-4d4e-8d55-bfa921178192,dbd3c98b40f4,VodafoneZiggo,2025,,Scope 1,Transportation,Company Vehicles,100,tonnes CO2e,0.85,high,statement_extraction,VodafoneZiggo_Integrated_Annual_Report_2024.pdf,dbd3c98b40f4,2025-10-25T17:32:16.335Z,2025-10-25T17:32:16.335Z,2025-10-25T17:32:16.335Z,1.0,active
fde0047f-3de0-467a-9f46-c5d2c9435c7c,dbd3c98b40f4,VodafoneZiggo,2025,,Scope 1,General,Unspecified,3684283,tonnes CO2e,0.75,high,statement_extraction,VodafoneZiggo_Integrated_Annual_Report_2024.pdf,dbd3c98b40f4,2025-10-25T17:32:16.335Z,2025-10-25T17:32:16.335Z,2025-10-25T17:32:16.335Z,1.0,active
1e87da59-e3b2-4b4a-b316-fb46a2fd9282,dbd3c98b40f4,VodafoneZiggo,2025,,Scope 1,Purchased Goods,Purchased Goods,100,tonnes CO2e,0.85,high,statement_extraction,VodafoneZiggo_Integrated_Annual_Report_2024.pdf,dbd3c98b40f4,2025-10-25T17:32:16.335Z,2025-10-25T17:32:16.335Z,2025-10-25T17:32:16.335Z,1.0,active
9898ba0f-7113-473c-a3bf-de392bd8ff0e,dbd3c98b40f4,VodafoneZiggo,2025,,Scope 2,Transportation,Transportation,100,tonnes CO2e,0.85,high,statement_extraction,VodafoneZiggo_Integrated_Annual_Report_2024.pdf,dbd3c98b40f4,2025-10-25T17:32:16.335Z,2025-10-25T17:32:16.335Z,2025-10-25T17:32:16.335Z,1.0,active
39ca1286-5ca8-4006-9929-994b98cdbde0,dbd3c98b40f4,VodafoneZiggo,2025,,Scope 2,General,Unspecified,204215,tonnes CO2e,0.75,high,statement_extraction,VodafoneZiggo_Integrated_Annual_Report_2024.pdf,dbd3c98b40f4,2025-10-25T17:32:16.335Z,2025-10-25T17:32:16.335Z,2025-10-25T17:32:16.335Z,1.0,active
b667cded-5259-4fac-9db1-50a31d412c0a,dbd3c98b40f4,VodafoneZiggo,2024,,Scope 3,General,Unspecified,2025,tonnes CO2e,0.90,high,statement_extraction,VodafoneZiggo_Integrated_Annual_Report_2024.pdf,dbd3c98b40f4,2025-10-25T17:32:16.335Z,2025-10-25T17:32:16.335Z,2025-10-25T17:32:16.335Z,1.0,active
2b022091-0cb6-4d4e-af2f-cc0d96de7be5,dbd3c98b40f4,VodafoneZiggo,2024,,Scope 3,General,Unspecified,52,tonnes CO2e,0.90,high,statement_extraction,VodafoneZiggo_Integrated_Annual_Report_2024.pdf,dbd3c98b40f4,2025-10-25T17:32:16.335Z,2025-10-25T17:32:16.335Z,2025-10-25T17:32:16.335Z,1.0,active
2c95d6ad-38c5-416c-af63-955bc754a8b9,dbd3c98b40f4,VodafoneZiggo,2018,,Scope 3,General,Unspecified,2018,tonnes CO2e,0.90,high,statement_extraction,VodafoneZiggo_Integrated_Annual_Report_2024.pdf,dbd3c98b40f4,2025-10-25T17:32:16.335Z,2025-10-25T17:32:16.335Z,2025-10-25T17:32:16.335Z,1.0,active
650ee62f-606b-490c-975e-c27e6db51021,a903a988d15f,VodafoneZiggo,2025,,Scope 1,General,Unspecified,2,tonnes CO2e,0.75,high,statement_extraction,VodafoneZiggo_Jaarverslag_2024.pdf,a903a988d15f,2025-10-25T17:32:16.335Z,2025-10-25T17:32:16.335Z,2025-10-25T17:32:16.335Z,1.0,active
ea78104d-b5bf-4ab2-82ed-07b0e545fde6,a903a988d15f,VodafoneZiggo,2025,,Scope 1,General,Unspecified,3,tonnes CO2e,0.75,high,statement_extraction,VodafoneZiggo_Jaarverslag_2024.pdf,a903a988d15f,2025-10-25T17:32:16.335Z,2025-10-25T17:32:16.335Z,2025-10-25T17:32:16.335Z,1.0,active
f420e6e6-8006-4258-ac57-a1864babb10a,a903a988d15f,VodafoneZiggo,2018,,Scope 1,General,Unspecified,3,tonnes CO2e,0.90,high,statement_extraction,VodafoneZiggo_Jaarverslag_2024.pdf,a903a988d15f,2025-10-25T17:32:16.335Z,2025-10-25T17:32:16.335Z,2025-10-25T17:32:16.335Z,1.0,active
a0269624-6ba0-4272-831e-71f836a48425,a903a988d15f,VodafoneZiggo,2024,,Total,General,Unspecified,22,tonnes CO2e,0.80,high,statement_extraction,VodafoneZiggo_Jaarverslag_2024.pdf,a903a988d15f,2025-10-25T17:32:16.335Z,2025-10-25T17:32:16.335Z,2025-10-25T17:32:16.335Z,1.0,active
33370932-7204-483b-aead-7ded0ec23c2d,a903a988d15f,VodafoneZiggo,2025,,Scope 1,General,Unspecified,1,tonnes CO2e,0.75,high,statement_extraction,VodafoneZiggo_Jaarverslag_2024.pdf,a903a988d15f,2025-10-25T17:32:16.335Z,2025-10-25T17:32:16.335Z,2025-10-25T17:32:16.335Z,1.0,active
739465bd-3a97-4c68-84b1-ebbdaffa3a0a,a903a988d15f,VodafoneZiggo,2025,,Scope 1,General,Unspecified,75,tonnes CO2e,0.75,high,statement_extraction,VodafoneZiggo_Jaarverslag_2024.pdf,a903a988d15f,2025-10-25T17:32:16.335Z,2025-10-25T17:32:16.335Z,2025-10-25T17:32:16.335Z,1.0,active
ee62d576-ebfb-4ef4-b08c-18d19256189d,a903a988d15f,VodafoneZiggo,2022,,Scope 1,General,Unspecified,3,tonnes CO2e,0.90,high,statement_extraction,VodafoneZiggo_Jaarverslag_2024.pdf,a903a988d15f,2025-10-25T17:32:16.335Z,2025-10-25T17:32:16.335Z,2025-10-25T17:32:16.335Z,1.0,active
7062d16c-aa0c-4652-b64a-fc967aa774d5,a903a988d15f,VodafoneZiggo,2025,,Scope 1,General,Unspecified,3,tonnes CO2e,0.90,high,statement_extraction,VodafoneZiggo_Jaarverslag_2024.pdf,a903a988d15f,2025-10-25T17:32:16.335Z,2025-10-25T17:32:16.335Z,2025-10-25T17:32:16.335Z,1.0,active
62ef021e-2a31-412c-865b-44745822c7ee,a903a988d15f,VodafoneZiggo,2024,,Scope 1,General,Unspecified,2,tonnes CO2e,0.90,high,statement_extraction,VodafoneZiggo_Jaarverslag_2024.pdf,a903a988d15f,2025-10-25T17:32:16.335Z,2025-10-25T17:32:16.335Z,2025-10-25T17:32:16.335Z,1.0,active
597ca076-7fba-4ac5-87fa-6b08efd3eea3,a903a988d15f,VodafoneZiggo,2023,,Total,General,Unspecified,4.8,tonnes CO2e,0.80,high,statement_extraction,VodafoneZiggo_Jaarverslag_2024.pdf,a903a988d15f,2025-10-25T17:32:16.335Z,2025-10-25T17:32:16.335Z,2025-10-25T17:32:16.335Z,1.0,active
111a208a-1574-4e80-8c30-1488b623a1ea,a903a988d15f,VodafoneZiggo,2023,,Total,General,Unspecified,4.2,tonnes CO2e,0.80,high,statement_extraction,VodafoneZiggo_Jaarverslag_2024.pdf,a903a988d15f,2025-10-25T17:32:16.335Z,2025-10-25T17:32:16.335Z,2025-10-25T17:32:16.335Z,1.0,active
a23ba3e2-ca62-4b09-915f-3f400ae9e834,a903a988d15f,VodafoneZiggo,2022,,Scope 1,General,Unspecified,75,tonnes CO2e,0.90,high,statement_extraction,VodafoneZiggo_Jaarverslag_2024.pdf,a903a988d15f,2025-10-25T17:32:16.335Z,2025-10-25T17:32:16.335Z,2025-10-25T17:32:16.335Z,1.0,active
1700bb44-1ef9-4da9-80b6-d0b87de2bbb5,a903a988d15f,VodafoneZiggo,2025,,Scope 1,General,Unspecified,2025,tonnes CO2e,0.90,high,statement_extraction,VodafoneZiggo_Jaarverslag_2024.pdf,a903a988d15f,2025-10-25T17:32:16.335Z,2025-10-25T17:32:16.335Z,2025-10-25T17:32:16.335Z,1.0,active
fac26faf-42d7-4ccd-a6a1-4ac8c61b656a,a903a988d15f,VodafoneZiggo,2022,,Scope 3,General,Unspecified,2022,tonnes CO2e,0.90,high,statement_extraction,VodafoneZiggo_Jaarverslag_2024.pdf,a903a988d15f,2025-10-25T17:32:16.335Z,2025-10-25T17:32:16.335Z,2025-10-25T17:32:16.335Z,1.0,active
