"Company","Year","Scope","Category","Value","Unit","Source File"
"Various Companies","2020","Total","General","94","tonnes CO2e","2020_FB_Sustainability-Report.pdf"
"Various Companies","Recent","Scope 1","General","3","tonnes CO2e","2020_FB_Sustainability-Report.pdf"
"Various Companies","2015","Scope 3","General","3","tonnes CO2e","2020_FB_Sustainability-Report.pdf"
"Various Companies","2020","Total","Energy","5.9","tonnes CO2e","2020_FB_Sustainability-Report.pdf"
"Various Companies","Recent","Total","Energy","100","tonnes CO2e","2020_FB_Sustainability-Report.pdf"
"Various Companies","2020","Total","General","1.5","tonnes CO2e","2020_FB_Sustainability-Report.pdf"
"Various Companies","2020","Total","General","23","tonnes CO2e","2020_FB_Sustainability-Report.pdf"
"Various Companies","2020","Total","Waste","78","tonnes CO2e","2020_FB_Sustainability-Report.pdf"
"Various Companies","2030","Total","General","50","tonnes CO2e","2020_FB_Sustainability-Report.pdf"
"Various Companies","Recent","Scope 1","General","2","tonnes CO2e","2020_FB_Sustainability-Report.pdf"
"Various Companies","Recent","Total","General","3000000","tonnes CO2e","2020_FB_Sustainability-Report.pdf"
"Various Companies","Recent","Total","General","726000","tonnes CO2e","2020_FB_Sustainability-Report.pdf"
"Various Companies","Recent","Total","General","2202000","tonnes CO2e","2020_FB_Sustainability-Report.pdf"
"Various Companies","Recent","Total","General","3726000","tonnes CO2e","2020_FB_Sustainability-Report.pdf"
"Various Companies","Recent","Scope 2","Energy","3","tonnes CO2e","2020_FB_Sustainability-Report.pdf"
"Various Companies","Recent","Scope 1","Transportation","1","tonnes CO2e","2020_FB_Sustainability-Report.pdf"
"Various Companies","2019","Scope 2","Direct Emissions","3","tonnes CO2e","2020_FB_Sustainability-Report.pdf"
"Various Companies","2018","Scope 3","Direct Emissions","3","tonnes CO2e","2020_FB_Sustainability-Report.pdf"
"Various Companies","2017","Scope 3","Transportation","75","tonnes CO2e","2020_FB_Sustainability-Report.pdf"
"Various Companies","2020","Total","General","8","tonnes CO2e","2020_FB_Sustainability-Report.pdf"
"Various Companies","Recent","Scope 2","General","3","tonnes CO2e","2020_FB_Sustainability-Report.pdf"
"Various Companies","2020","Scope 2","General","10","tonnes CO2e","2020_FB_Sustainability-Report.pdf"
"Various Companies","Recent","Scope 3","Energy","3","tonnes CO2e","2020_FB_Sustainability-Report.pdf"
"Various Companies","Recent","Scope 1","Direct Emissions","3","tonnes CO2e","2020_FB_Sustainability-Report.pdf"
"Various Companies","Recent","Scope 1","Direct Emissions","1","tonnes CO2e","2020_FB_Sustainability-Report.pdf"
"Various Companies","2017","Total","Direct Emissions","94","tonnes CO2e","2020_FB_Sustainability-Report.pdf"
"Various Companies","Recent","Scope 1","Energy","2","tonnes CO2e","2020_FB_Sustainability-Report.pdf"
"Various Companies","Recent","Scope 1","General","10","tonnes CO2e","2020_FB_Sustainability-Report.pdf"
"Various Companies","2015","Scope 1","General","3","tonnes CO2e","2020_FB_Sustainability-Report.pdf"
"Various Companies","2020","Total","Direct Emissions","145000","tonnes CO2e","2020_FB_Sustainability-Report.pdf"
"Various Companies","Recent","Total","Energy","3370","tonnes CO2e","2020_FB_Sustainability-Report.pdf"
"Various Companies","2017","Scope 1","General","2","tonnes CO2e","2020_FB_Sustainability-Report.pdf"
"Various Companies","Recent","Scope 3","General","3","tonnes CO2e","2020_FB_Sustainability-Report.pdf"
"Various Companies","Recent","Scope 1","Direct Emissions","2","tonnes CO2e","2020_FB_Sustainability-Report.pdf"
"Various Companies","2019","Scope 1","General","10","tonnes CO2e","2020_FB_Sustainability-Report.pdf"
"Various Companies","2020","Scope 2","General","3","tonnes CO2e","2020_FB_Sustainability-Report.pdf"
"Various Companies","2019","Scope 3","General","2015","tonnes CO2e","2020_FB_Sustainability-Report.pdf"
"Various Companies","2018","Scope 3","Direct Emissions","2019","tonnes CO2e","2020_FB_Sustainability-Report.pdf"
"Various Companies","2018","Scope 3","Direct Emissions","2015","tonnes CO2e","2020_FB_Sustainability-Report.pdf"
"Various Companies","2019","Scope 3","General","2019","tonnes CO2e","2020_FB_Sustainability-Report.pdf"
"Various Companies","Recent","Scope 1","General","2","tonnes CO2e","2022_Citizenship_Report.pdf"
"Various Companies","2030","Scope 1","General","50","tonnes CO2e","2022_Citizenship_Report.pdf"
"Various Companies","Recent","Total","Energy","1000","tonnes CO2e","2022_Citizenship_Report.pdf"
"Various Companies","2022","Scope 2","General","2323446","tonnes CO2e","2022_Citizenship_Report.pdf"
"Various Companies","Recent","Total","General","95","tonnes CO2e","2022_Citizenship_Report.pdf"
"Various Companies","2022","Scope 1","General","2323446","tonnes CO2e","2022_Citizenship_Report.pdf"
"Various Companies","Recent","Total","General","776220","tonnes CO2e","2022_Citizenship_Report.pdf"
"Various Companies","Recent","Total","General","96469","tonnes CO2e","2022_Citizenship_Report.pdf"
"Various Companies","2030","Scope 1","Energy","50","tonnes CO2e","2022_Citizenship_Report.pdf"
"Various Companies","2022","Scope 1","General","2","tonnes CO2e","2022_Citizenship_Report.pdf"
"Various Companies","2025","Total","General","61","tonnes CO2e","2023-sustainability-report.pdf"
"Various Companies","2017","Total","General","17","tonnes CO2e","2023-sustainability-report.pdf"
"Various Companies","2025","Total","General","89","tonnes CO2e","2023-sustainability-report.pdf"
"Various Companies","2025","Total","General","100","tonnes CO2e","2023-sustainability-report.pdf"
"Various Companies","Recent","Scope 1","General","2","tonnes CO2e","2023-sustainability-report.pdf"
"Various Companies","Recent","Scope 1","Direct Emissions","2","tonnes CO2e","2023-sustainability-report.pdf"
"Various Companies","Recent","Total","General","2","tonnes CO2e","2023-sustainability-report.pdf"
"Various Companies","Recent","Scope 1","Energy","2","tonnes CO2e","2023-sustainability-report.pdf"
"Various Companies","2023","Total","General","51","tonnes CO2e","2023-sustainability-report.pdf"
"Various Companies","Recent","Scope 1","General","134","tonnes CO2e","2023-sustainability-report.pdf"
"Various Companies","2023","Scope 2","General","2","tonnes CO2e","2023-sustainability-report.pdf"
"Various Companies","Recent","Scope 1","General","67","tonnes CO2e","2023-sustainability-report.pdf"
"Various Companies","2030","Scope 1","General","2","tonnes CO2e","2023-sustainability-report.pdf"
"Various Companies","Recent","Scope 3","General","3","tonnes CO2e","2023-sustainability-report.pdf"
"Various Companies","Recent","Scope 1","General","3","tonnes CO2e","2023-sustainability-report.pdf"
"Various Companies","2024","Scope 1","General","2","tonnes CO2e","2023-sustainability-report.pdf"
"Various Companies","Recent","Total","General","4","tonnes CO2e","2023-sustainability-report.pdf"
"Various Companies","2025","Total","Waste","50","tonnes CO2e","2023-sustainability-report.pdf"
"Various Companies","Recent","Total","General","24","tonnes CO2e","2023-sustainability-report.pdf"
"Various Companies","2023","Scope 3","General","2500","tonnes CO2e","2023-sustainability-report.pdf"
"Various Companies","Recent","Scope 2","General","2","tonnes CO2e","2023-sustainability-report.pdf"
"Various Companies","Recent","Scope 3","General","1","tonnes CO2e","2023-sustainability-report.pdf"
"Various Companies","Recent","Total","General","3","tonnes CO2e","2023-sustainability-report.pdf"
"Various Companies","Recent","Scope 1","Energy","1","tonnes CO2e","2023-sustainability-report.pdf"
"Various Companies","2022","Scope 3","Transportation","5","tonnes CO2e","2023-sustainability-report.pdf"
"Various Companies","Recent","Scope 1","Energy","1000","tonnes CO2e","2023-sustainability-report.pdf"
"Various Companies","Recent","Scope 2","General","1000","tonnes CO2e","2023-sustainability-report.pdf"
"Various Companies","Recent","Total","General","29","tonnes CO2e","2023-sustainability-report.pdf"
"Various Companies","Recent","Scope 3","Transportation","3","tonnes CO2e","2023-sustainability-report.pdf"
"Various Companies","2017","Total","General","51","tonnes CO2e","2023-sustainability-report.pdf"
"Various Companies","Recent","Scope 3","Purchased Goods","3","tonnes CO2e","2023-sustainability-report.pdf"
"Various Companies","Recent","Scope 3","Purchased Goods","1000","tonnes CO2e","2023-sustainability-report.pdf"
"Various Companies","2023","Total","General","3.2","tonnes CO2e","2023-sustainability-report.pdf"
"Various Companies","2021","Total","General","19","tonnes CO2e","2023-sustainability-report.pdf"
"Various Companies","Recent","Total","General","171","tonnes CO2e","2023-sustainability-report.pdf"
"Various Companies","2023","Total","General","168","tonnes CO2e","2023-sustainability-report.pdf"
"Various Companies","2023","Total","General","171","tonnes CO2e","2023-sustainability-report.pdf"
"Various Companies","Recent","Scope 1","Direct Emissions","1","tonnes CO2e","2023-sustainability-report.pdf"
"Various Companies","Recent","Scope 2","Direct Emissions","2","tonnes CO2e","2023-sustainability-report.pdf"
"Various Companies","2018","Scope 2","General","2","tonnes CO2e","2023-sustainability-report.pdf"
"Various Companies","Recent","Scope 2","General","339","tonnes CO2e","2023-sustainability-report.pdf"
"Various Companies","Recent","Scope 3","Direct Emissions","3","tonnes CO2e","2023-sustainability-report.pdf"
"Various Companies","Recent","Total","General","5","tonnes CO2e","2023-sustainability-report.pdf"
"Various Companies","2023","Total","General","137","tonnes CO2e","2023-sustainability-report.pdf"
"Various Companies","Recent","Total","General","1","tonnes CO2e","2023-sustainability-report.pdf"
"Various Companies","2023","Total","General","5650","tonnes CO2e","2023-sustainability-report.pdf"
"Various Companies","2025","Scope 3","General","100","tonnes CO2e","2023-sustainability-report.pdf"
"Various Companies","2016","Total","General","186000","tonnes CO2e","2023-sustainability-report.pdf"
"Various Companies","2023","Total","Energy","3","tonnes CO2e","2023-sustainability-report.pdf"
"Various Companies","2023","Total","Energy","0.6","tonnes CO2e","2023-sustainability-report.pdf"
"Various Companies","2023","Total","Energy","0.4","tonnes CO2e","2023-sustainability-report.pdf"
"Various Companies","2023","Total","General","625524","tonnes CO2e","2023-sustainability-report.pdf"
"Various Companies","Recent","Total","General","570","tonnes CO2e","2023-sustainability-report.pdf"
"Various Companies","Recent","Scope 1","General","32846","tonnes CO2e","2023-sustainability-report.pdf"
"Various Companies","2022","Scope 3","Energy","22","tonnes CO2e","2023-sustainability-report.pdf"
"Various Companies","Recent","Total","Energy","1000","tonnes CO2e","2023-sustainability-report.pdf"
"Various Companies","Recent","Total","Energy","11000","tonnes CO2e","2023-sustainability-report.pdf"
"Various Companies","Recent","Total","Waste","11000","tonnes CO2e","2023-sustainability-report.pdf"
"Various Companies","Recent","Total","Waste","1000","tonnes CO2e","2023-sustainability-report.pdf"
"Various Companies","Recent","Scope 1","General","448","tonnes CO2e","2023-sustainability-report.pdf"
"Various Companies","2023","Scope 2","Direct Emissions","339","tonnes CO2e","2023-sustainability-report.pdf"
"Various Companies","2023","Scope 1","General","134","tonnes CO2e","2023-sustainability-report.pdf"
"Various Companies","2030","Scope 1","General","67","tonnes CO2e","2023-sustainability-report.pdf"
"Various Companies","2024","Scope 1","General","2024","tonnes CO2e","2023-sustainability-report.pdf"
"Various Companies","Recent","Scope 1","General","305","tonnes CO2e","2023-sustainability-report.pdf"
"Various Companies","2030","Scope 2","General","2023","tonnes CO2e","2023-sustainability-report.pdf"
"Various Companies","Recent","Scope 2","Energy","1000","tonnes CO2e","2023-sustainability-report.pdf"
"Various Companies","2018","Scope 2","Energy","2018","tonnes CO2e","2023-sustainability-report.pdf"
"Various Companies","2023","Scope 2","General","339","tonnes CO2e","2023-sustainability-report.pdf"
"Various Companies","Recent","Scope 3","General","305","tonnes CO2e","2023-sustainability-report.pdf"
"Various Companies","2024","Total","General","260","tonnes CO2e","2024-CCEP-Annual-Report_2025.03.21_Interactive.pdf"
"Various Companies","2024","Total","General","31","tonnes CO2e","2024-CCEP-Annual-Report_2025.03.21_Interactive.pdf"
"Various Companies","2019","Total","General","30","tonnes CO2e","2024-CCEP-Annual-Report_2025.03.21_Interactive.pdf"
"Various Companies","Recent","Scope 1","General","2040","tonnes CO2e","2024-CCEP-Annual-Report_2025.03.21_Interactive.pdf"
"Various Companies","2030","Scope 1","General","30","tonnes CO2e","2024-CCEP-Annual-Report_2025.03.21_Interactive.pdf"
"Various Companies","2030","Total","General","100","tonnes CO2e","2024-CCEP-Annual-Report_2025.03.21_Interactive.pdf"
"Various Companies","Recent","Scope 1","General","2","tonnes CO2e","2024-CCEP-Annual-Report_2025.03.21_Interactive.pdf"
"Various Companies","Recent","Scope 1","Energy","3","tonnes CO2e","2024-CCEP-Annual-Report_2025.03.21_Interactive.pdf"
"Various Companies","Recent","Scope 1","General","3","tonnes CO2e","2024-CCEP-Annual-Report_2025.03.21_Interactive.pdf"
"Various Companies","2019","Scope 1","General","3","tonnes CO2e","2024-CCEP-Annual-Report_2025.03.21_Interactive.pdf"
"Various Companies","2019","Total","General","2","tonnes CO2e","2024-CCEP-Annual-Report_2025.03.21_Interactive.pdf"
"Various Companies","Recent","Scope 2","General","185","tonnes CO2e","2024-CCEP-Annual-Report_2025.03.21_Interactive.pdf"
"Various Companies","2024","Total","General","45","tonnes CO2e","2024-CCEP-Annual-Report_2025.03.21_Interactive.pdf"
"Various Companies","2023","Total","General","400","tonnes CO2e","2024-CCEP-Annual-Report_2025.03.21_Interactive.pdf"
"Various Companies","2026","Total","General","405","tonnes CO2e","2024-CCEP-Annual-Report_2025.03.21_Interactive.pdf"
"Various Companies","2023","Total","General","100","tonnes CO2e","2024-CCEP-Annual-Report_2025.03.21_Interactive.pdf"
"Various Companies","2030","Total","General","2040","tonnes CO2e","2024-CCEP-Annual-Report_2025.03.21_Interactive.pdf"
"Various Companies","Recent","Total","General","2.5","tonnes CO2e","2024-CCEP-Annual-Report_2025.03.21_Interactive.pdf"
"Various Companies","Recent","Total","General","123.1","tonnes CO2e","2024-CCEP-Annual-Report_2025.03.21_Interactive.pdf"
"Various Companies","Recent","Total","General","1","tonnes CO2e","2024-CCEP-Annual-Report_2025.03.21_Interactive.pdf"
"Various Companies","Recent","Scope 1","Direct Emissions","107798","tonnes CO2e","2024-CCEP-Annual-Report_2025.03.21_Interactive.pdf"
"Various Companies","Recent","Scope 1","Direct Emissions","96146","tonnes CO2e","2024-CCEP-Annual-Report_2025.03.21_Interactive.pdf"
"Various Companies","Recent","Scope 1","Direct Emissions","203944","tonnes CO2e","2024-CCEP-Annual-Report_2025.03.21_Interactive.pdf"
"Various Companies","Recent","Total","General","3.5","tonnes CO2e","2024-CCEP-Annual-Report_2025.03.21_Interactive.pdf"
"Various Companies","Recent","Total","General","11.7","tonnes CO2e","2024-CCEP-Annual-Report_2025.03.21_Interactive.pdf"
"Various Companies","Recent","Total","Energy","100","tonnes CO2e","2024-CCEP-Annual-Report_2025.03.21_Interactive.pdf"
"Various Companies","Recent","Total","General","2.9","tonnes CO2e","2024-CCEP-Annual-Report_2025.03.21_Interactive.pdf"
"Various Companies","Recent","Total","General","2.3","tonnes CO2e","2024-CCEP-Annual-Report_2025.03.21_Interactive.pdf"
"Various Companies","Recent","Total","General","6.6","tonnes CO2e","2024-CCEP-Annual-Report_2025.03.21_Interactive.pdf"
"Various Companies","Recent","Total","General","14.2","tonnes CO2e","2024-CCEP-Annual-Report_2025.03.21_Interactive.pdf"
"Various Companies","Recent","Total","General","13.2","tonnes CO2e","2024-CCEP-Annual-Report_2025.03.21_Interactive.pdf"
"Various Companies","Recent","Total","General","4","tonnes CO2e","2024-CCEP-Annual-Report_2025.03.21_Interactive.pdf"
"Various Companies","2024","Total","General","65","tonnes CO2e","2024-CCEP-Annual-Report_2025.03.21_Interactive.pdf"
"Various Companies","Recent","Total","General","11396","tonnes CO2e","2024-CCEP-Annual-Report_2025.03.21_Interactive.pdf"
"Various Companies","2023","Total","General","3.5","tonnes CO2e","2024-CCEP-Annual-Report_2025.03.21_Interactive.pdf"
"Various Companies","2023","Total","General","841","tonnes CO2e","2024-CCEP-Annual-Report_2025.03.21_Interactive.pdf"
"Various Companies","Recent","Total","General","190","tonnes CO2e","2024-CCEP-Annual-Report_2025.03.21_Interactive.pdf"
"Various Companies","Recent","Total","General","174","tonnes CO2e","2024-CCEP-Annual-Report_2025.03.21_Interactive.pdf"
"Various Companies","Recent","Total","General","28","tonnes CO2e","2024-CCEP-Annual-Report_2025.03.21_Interactive.pdf"
"Various Companies","Recent","Total","General","100","tonnes CO2e","2024-CCEP-Annual-Report_2025.03.21_Interactive.pdf"
"Various Companies","Recent","Total","General","15","tonnes CO2e","2024-CCEP-Annual-Report_2025.03.21_Interactive.pdf"
"Various Companies","Recent","Total","General","39000","tonnes CO2e","2024-CCEP-Annual-Report_2025.03.21_Interactive.pdf"
"Various Companies","Recent","Total","General","52000","tonnes CO2e","2024-CCEP-Annual-Report_2025.03.21_Interactive.pdf"
"Various Companies","Recent","Total","General","58000","tonnes CO2e","2024-CCEP-Annual-Report_2025.03.21_Interactive.pdf"
"Various Companies","2024","Total","General","23","tonnes CO2e","2024-CCEP-Annual-Report_2025.03.21_Interactive.pdf"
"Various Companies","2024","Total","General","1543","tonnes CO2e","2024-CCEP-Annual-Report_2025.03.21_Interactive.pdf"
"Various Companies","Recent","Total","General","6","tonnes CO2e","2024-CCEP-Annual-Report_2025.03.21_Interactive.pdf"
"Various Companies","Recent","Total","General","114","tonnes CO2e","2024-CCEP-Annual-Report_2025.03.21_Interactive.pdf"
"Various Companies","Recent","Total","General","22649","tonnes CO2e","2024-CCEP-Annual-Report_2025.03.21_Interactive.pdf"
"Various Companies","Recent","Total","General","6605","tonnes CO2e","2024-CCEP-Annual-Report_2025.03.21_Interactive.pdf"
"Various Companies","Recent","Total","General","29254","tonnes CO2e","2024-CCEP-Annual-Report_2025.03.21_Interactive.pdf"
"Various Companies","Recent","Total","General","14000","tonnes CO2e","2024-CCEP-Annual-Report_2025.03.21_Interactive.pdf"
"Various Companies","Recent","Total","General","7278","tonnes CO2e","2024-CCEP-Annual-Report_2025.03.21_Interactive.pdf"
"Various Companies","Recent","Total","General","21278","tonnes CO2e","2024-CCEP-Annual-Report_2025.03.21_Interactive.pdf"
"Various Companies","Recent","Total","General","7976","tonnes CO2e","2024-CCEP-Annual-Report_2025.03.21_Interactive.pdf"
"Various Companies","Recent","Total","General","1229","tonnes CO2e","2024-CCEP-Annual-Report_2025.03.21_Interactive.pdf"
"Various Companies","Recent","Total","General","1363","tonnes CO2e","2024-CCEP-Annual-Report_2025.03.21_Interactive.pdf"
"Various Companies","Recent","Total","General","1411","tonnes CO2e","2024-CCEP-Annual-Report_2025.03.21_Interactive.pdf"
"Various Companies","Recent","Total","General","1.54","tonnes CO2e","2024-CCEP-Annual-Report_2025.03.21_Interactive.pdf"
"Various Companies","2023","Total","General","196","tonnes CO2e","2024-CCEP-Annual-Report_2025.03.21_Interactive.pdf"
"Various Companies","2022","Total","General","223","tonnes CO2e","2024-CCEP-Annual-Report_2025.03.21_Interactive.pdf"
"Various Companies","Recent","Total","General","13529","tonnes CO2e","2024-CCEP-Annual-Report_2025.03.21_Interactive.pdf"
"Various Companies","Recent","Total","General","3791","tonnes CO2e","2024-CCEP-Annual-Report_2025.03.21_Interactive.pdf"
"Various Companies","Recent","Total","General","17320","tonnes CO2e","2024-CCEP-Annual-Report_2025.03.21_Interactive.pdf"
"Various Companies","Recent","Total","General","15114","tonnes CO2e","2024-CCEP-Annual-Report_2025.03.21_Interactive.pdf"
"Various Companies","Recent","Total","General","7434","tonnes CO2e","2024-CCEP-Annual-Report_2025.03.21_Interactive.pdf"
"Various Companies","Recent","Total","General","22548","tonnes CO2e","2024-CCEP-Annual-Report_2025.03.21_Interactive.pdf"
"Various Companies","Recent","Total","General","681","tonnes CO2e","2024-CCEP-Annual-Report_2025.03.21_Interactive.pdf"
"Various Companies","2024","Total","General","186","tonnes CO2e","2024-CCEP-Annual-Report_2025.03.21_Interactive.pdf"
"Various Companies","Recent","Total","General","159","tonnes CO2e","2024-CCEP-Annual-Report_2025.03.21_Interactive.pdf"
"Various Companies","2023","Total","General","31","tonnes CO2e","2024-CCEP-Annual-Report_2025.03.21_Interactive.pdf"
"Various Companies","Recent","Total","General","1356","tonnes CO2e","2024-CCEP-Annual-Report_2025.03.21_Interactive.pdf"
"Various Companies","Recent","Total","General","41","tonnes CO2e","2024-CCEP-Annual-Report_2025.03.21_Interactive.pdf"
"Various Companies","Recent","Total","General","2547","tonnes CO2e","2024-CCEP-Annual-Report_2025.03.21_Interactive.pdf"
"Various Companies","Recent","Total","General","1419","tonnes CO2e","2024-CCEP-Annual-Report_2025.03.21_Interactive.pdf"
"Various Companies","Recent","Total","General","261","tonnes CO2e","2024-CCEP-Annual-Report_2025.03.21_Interactive.pdf"
"Various Companies","Recent","Total","General","268","tonnes CO2e","2024-CCEP-Annual-Report_2025.03.21_Interactive.pdf"
"Various Companies","Recent","Total","General","149","tonnes CO2e","2024-CCEP-Annual-Report_2025.03.21_Interactive.pdf"
"Various Companies","Recent","Total","General","2","tonnes CO2e","2024-CCEP-Annual-Report_2025.03.21_Interactive.pdf"
"Various Companies","Recent","Total","General","5","tonnes CO2e","2024-CCEP-Annual-Report_2025.03.21_Interactive.pdf"
"Various Companies","Recent","Total","General","10096","tonnes CO2e","2024-CCEP-Annual-Report_2025.03.21_Interactive.pdf"
"Various Companies","Recent","Total","General","1300","tonnes CO2e","2024-CCEP-Annual-Report_2025.03.21_Interactive.pdf"
"Various Companies","Recent","Total","General","90","tonnes CO2e","2024-CCEP-Annual-Report_2025.03.21_Interactive.pdf"
"Various Companies","Recent","Total","General","17","tonnes CO2e","2024-CCEP-Annual-Report_2025.03.21_Interactive.pdf"
"Various Companies","Recent","Total","General","1209","tonnes CO2e","2024-CCEP-Annual-Report_2025.03.21_Interactive.pdf"
"Various Companies","Recent","Total","General","400","tonnes CO2e","2024-CCEP-Annual-Report_2025.03.21_Interactive.pdf"
"Various Companies","Recent","Total","General","42","tonnes CO2e","2024-CCEP-Annual-Report_2025.03.21_Interactive.pdf"
"Various Companies","Recent","Total","General","165","tonnes CO2e","2024-CCEP-Annual-Report_2025.03.21_Interactive.pdf"
"Various Companies","Recent","Total","General","5234","tonnes CO2e","2024-CCEP-Annual-Report_2025.03.21_Interactive.pdf"
"Various Companies","Recent","Total","General","16","tonnes CO2e","2024-CCEP-Annual-Report_2025.03.21_Interactive.pdf"
"Various Companies","Recent","Total","General","280","tonnes CO2e","2024-CCEP-Annual-Report_2025.03.21_Interactive.pdf"
"Various Companies","Recent","Total","General","32","tonnes CO2e","2024-CCEP-Annual-Report_2025.03.21_Interactive.pdf"
"Various Companies","Recent","Total","General","33","tonnes CO2e","2024-CCEP-Annual-Report_2025.03.21_Interactive.pdf"
"Various Companies","2024","Total","Direct Emissions","31","tonnes CO2e","2024-CCEP-Annual-Report_2025.03.21_Interactive.pdf"
"Various Companies","Recent","Total","General","507","tonnes CO2e","2024-CCEP-Annual-Report_2025.03.21_Interactive.pdf"
"Various Companies","Recent","Total","General","763","tonnes CO2e","2024-CCEP-Annual-Report_2025.03.21_Interactive.pdf"
"Various Companies","Recent","Total","General","1250","tonnes CO2e","2024-CCEP-Annual-Report_2025.03.21_Interactive.pdf"
"Various Companies","Recent","Total","Transportation","4234","tonnes CO2e","2024-CCEP-Annual-Report_2025.03.21_Interactive.pdf"
"Various Companies","Recent","Total","Direct Emissions","2318","tonnes CO2e","2024-CCEP-Annual-Report_2025.03.21_Interactive.pdf"
"Various Companies","Recent","Total","General","33.1","tonnes CO2e","2024-CCEP-Annual-Report_2025.03.21_Interactive.pdf"
"Various Companies","Recent","Total","General","9384","tonnes CO2e","2024-CCEP-Annual-Report_2025.03.21_Interactive.pdf"
"Various Companies","Recent","Total","General","10646","tonnes CO2e","2024-CCEP-Annual-Report_2025.03.21_Interactive.pdf"
"Various Companies","2022","Total","General","50","tonnes CO2e","2024-CCEP-Annual-Report_2025.03.21_Interactive.pdf"
"Various Companies","Recent","Total","General","31","tonnes CO2e","2024-CCEP-Annual-Report_2025.03.21_Interactive.pdf"
"Various Companies","2024","Total","General","19.08","tonnes CO2e","2024-CCEP-Annual-Report_2025.03.21_Interactive.pdf"
"Various Companies","2024","Total","Direct Emissions","20.71","tonnes CO2e","2024-CCEP-Annual-Report_2025.03.21_Interactive.pdf"
"Various Companies","Recent","Total","General","45","tonnes CO2e","2024-CCEP-Annual-Report_2025.03.21_Interactive.pdf"
"Various Companies","Recent","Total","General","423","tonnes CO2e","2024-CCEP-Annual-Report_2025.03.21_Interactive.pdf"
"Various Companies","Recent","Total","General","13","tonnes CO2e","2024-CCEP-Annual-Report_2025.03.21_Interactive.pdf"
"Various Companies","Recent","Total","General","10","tonnes CO2e","2024-CCEP-Annual-Report_2025.03.21_Interactive.pdf"
"Various Companies","Recent","Total","General","436","tonnes CO2e","2024-CCEP-Annual-Report_2025.03.21_Interactive.pdf"
"Various Companies","Recent","Total","General","410","tonnes CO2e","2024-CCEP-Annual-Report_2025.03.21_Interactive.pdf"
"Various Companies","Recent","Total","General","2.2","tonnes CO2e","2024-CCEP-Annual-Report_2025.03.21_Interactive.pdf"
"Various Companies","Recent","Total","General","351","tonnes CO2e","2024-CCEP-Annual-Report_2025.03.21_Interactive.pdf"
"Various Companies","Recent","Total","General","22","tonnes CO2e","2024-CCEP-Annual-Report_2025.03.21_Interactive.pdf"
"Various Companies","Recent","Total","General","295","tonnes CO2e","2024-CCEP-Annual-Report_2025.03.21_Interactive.pdf"
"Various Companies","Recent","Total","General","39","tonnes CO2e","2024-CCEP-Annual-Report_2025.03.21_Interactive.pdf"
"Various Companies","Recent","Total","General","5554","tonnes CO2e","2024-CCEP-Annual-Report_2025.03.21_Interactive.pdf"
"Various Companies","Recent","Total","General","5800","tonnes CO2e","2024-CCEP-Annual-Report_2025.03.21_Interactive.pdf"
"Various Companies","Recent","Total","General","252","tonnes CO2e","2024-CCEP-Annual-Report_2025.03.21_Interactive.pdf"
"Various Companies","Recent","Total","General","27450","tonnes CO2e","2024-CCEP-Annual-Report_2025.03.21_Interactive.pdf"
"Various Companies","Recent","Total","General","58","tonnes CO2e","2024-CCEP-Annual-Report_2025.03.21_Interactive.pdf"
"Various Companies","Recent","Total","General","27508","tonnes CO2e","2024-CCEP-Annual-Report_2025.03.21_Interactive.pdf"
"Various Companies","Recent","Total","General","8295","tonnes CO2e","2024-CCEP-Annual-Report_2025.03.21_Interactive.pdf"
"Various Companies","Recent","Total","General","5286","tonnes CO2e","2024-CCEP-Annual-Report_2025.03.21_Interactive.pdf"
"Various Companies","Recent","Total","General","13581","tonnes CO2e","2024-CCEP-Annual-Report_2025.03.21_Interactive.pdf"
"Various Companies","Recent","Total","General","13927","tonnes CO2e","2024-CCEP-Annual-Report_2025.03.21_Interactive.pdf"
"Various Companies","Recent","Total","General","995","tonnes CO2e","2024-CCEP-Annual-Report_2025.03.21_Interactive.pdf"
"Various Companies","Recent","Total","General","2577","tonnes CO2e","2024-CCEP-Annual-Report_2025.03.21_Interactive.pdf"
"Various Companies","Recent","Total","General","1275","tonnes CO2e","2024-CCEP-Annual-Report_2025.03.21_Interactive.pdf"
"Various Companies","Recent","Total","General","3227","tonnes CO2e","2024-CCEP-Annual-Report_2025.03.21_Interactive.pdf"
"Various Companies","Recent","Total","General","4130","tonnes CO2e","2024-CCEP-Annual-Report_2025.03.21_Interactive.pdf"
"Various Companies","Recent","Total","General","7357","tonnes CO2e","2024-CCEP-Annual-Report_2025.03.21_Interactive.pdf"
"Various Companies","Recent","Total","General","4979","tonnes CO2e","2024-CCEP-Annual-Report_2025.03.21_Interactive.pdf"
"Various Companies","Recent","Total","General","1089","tonnes CO2e","2024-CCEP-Annual-Report_2025.03.21_Interactive.pdf"
"Various Companies","Recent","Total","General","6068","tonnes CO2e","2024-CCEP-Annual-Report_2025.03.21_Interactive.pdf"
"Various Companies","Recent","Scope 3","Purchased Goods","1","tonnes CO2e","2024-CCEP-Annual-Report_2025.03.21_Interactive.pdf"
"Various Companies","Recent","Scope 3","Transportation","4","tonnes CO2e","2024-CCEP-Annual-Report_2025.03.21_Interactive.pdf"
"Various Companies","Recent","Scope 3","General","13","tonnes CO2e","2024-CCEP-Annual-Report_2025.03.21_Interactive.pdf"
"Various Companies","Recent","Total","Energy","2598979","tonnes CO2e","2024-CCEP-Annual-Report_2025.03.21_Interactive.pdf"
"Various Companies","Recent","Total","General","40","tonnes CO2e","2024-CCEP-Annual-Report_2025.03.21_Interactive.pdf"
"Various Companies","2019","Scope 1","General","21.118","tonnes CO2e","2024-CCEP-Annual-Report_2025.03.21_Interactive.pdf"
"Various Companies","2021","Scope 1","General","14.411","tonnes CO2e","2024-CCEP-Annual-Report_2025.03.21_Interactive.pdf"
"Various Companies","2022","Scope 1","General","8.05","tonnes CO2e","2024-CCEP-Annual-Report_2025.03.21_Interactive.pdf"
"Various Companies","2025","Total","General","100","tonnes CO2e","2024-CCEP-Annual-Report_2025.03.21_Interactive.pdf"
"Various Companies","2023","Total","General","38.4","tonnes CO2e","2024-CCEP-Annual-Report_2025.03.21_Interactive.pdf"
"Various Companies","Recent","Scope 3","General","3","tonnes CO2e","2024-CCEP-Annual-Report_2025.03.21_Interactive.pdf"
"Various Companies","Recent","Scope 3","Purchased Goods","3","tonnes CO2e","2024-CCEP-Annual-Report_2025.03.21_Interactive.pdf"
"Various Companies","Recent","Scope 1","Energy","1","tonnes CO2e","2024-CCEP-Annual-Report_2025.03.21_Interactive.pdf"
"Various Companies","Recent","Scope 3","General","14","tonnes CO2e","2024-CCEP-Annual-Report_2025.03.21_Interactive.pdf"
"Various Companies","2019","Scope 1","General","1","tonnes CO2e","2024-CCEP-Annual-Report_2025.03.21_Interactive.pdf"
"Various Companies","Recent","Total","General","3","tonnes CO2e","2024-CCEP-Annual-Report_2025.03.21_Interactive.pdf"
"Various Companies","Recent","Scope 3","Transportation","3","tonnes CO2e","2024-CCEP-Annual-Report_2025.03.21_Interactive.pdf"
"Various Companies","Recent","Scope 3","Direct Emissions","3","tonnes CO2e","2024-CCEP-Annual-Report_2025.03.21_Interactive.pdf"
"Various Companies","2024","Total","General","185","tonnes CO2e","2024-CCEP-Annual-Report_2025.03.21_Interactive.pdf"
"Various Companies","Recent","Total","Energy","3","tonnes CO2e","2024-CCEP-Annual-Report_2025.03.21_Interactive.pdf"
"Various Companies","Recent","Scope 1","General","53","tonnes CO2e","2024-CCEP-Annual-Report_2025.03.21_Interactive.pdf"
"Various Companies","Recent","Total","General","99.99","tonnes CO2e","2024-CCEP-Annual-Report_2025.03.21_Interactive.pdf"
"Various Companies","Recent","Total","General","111","tonnes CO2e","2024-CCEP-Annual-Report_2025.03.21_Interactive.pdf"
"Various Companies","Recent","Total","General","19237","tonnes CO2e","2024-CCEP-Annual-Report_2025.03.21_Interactive.pdf"
"Various Companies","Recent","Total","General","13212","tonnes CO2e","2024-CCEP-Annual-Report_2025.03.21_Interactive.pdf"
"Various Companies","Recent","Total","General","6025","tonnes CO2e","2024-CCEP-Annual-Report_2025.03.21_Interactive.pdf"
"Various Companies","Recent","Total","General","4488","tonnes CO2e","2024-CCEP-Annual-Report_2025.03.21_Interactive.pdf"
"Various Companies","Recent","Total","General","4.5","tonnes CO2e","2024-CCEP-Annual-Report_2025.03.21_Interactive.pdf"
"Various Companies","2023","Total","General","120","tonnes CO2e","2024-CCEP-Annual-Report_2025.03.21_Interactive.pdf"
"Various Companies","2024","Total","General","3061","tonnes CO2e","2024-CCEP-Annual-Report_2025.03.21_Interactive.pdf"
"Various Companies","Recent","Total","Supply Chain","672","tonnes CO2e","2024-CCEP-Annual-Report_2025.03.21_Interactive.pdf"
"Various Companies","2023","Total","General","973","tonnes CO2e","2024-CCEP-Annual-Report_2025.03.21_Interactive.pdf"
"Various Companies","Recent","Total","General","694","tonnes CO2e","2024-CCEP-Annual-Report_2025.03.21_Interactive.pdf"
"Various Companies","Recent","Total","General","1307","tonnes CO2e","2024-CCEP-Annual-Report_2025.03.21_Interactive.pdf"
"Various Companies","Recent","Total","General","30","tonnes CO2e","2024-CCEP-Annual-Report_2025.03.21_Interactive.pdf"
"Various Companies","Recent","Total","General","9","tonnes CO2e","2024-CCEP-Annual-Report_2025.03.21_Interactive.pdf"
"Various Companies","Recent","Total","General","52","tonnes CO2e","2024-CCEP-Annual-Report_2025.03.21_Interactive.pdf"
"Various Companies","Recent","Total","General","47","tonnes CO2e","2024-CCEP-Annual-Report_2025.03.21_Interactive.pdf"
"Various Companies","Recent","Total","Energy","34000","tonnes CO2e","2024-CCEP-Annual-Report_2025.03.21_Interactive.pdf"
"Various Companies","Recent","Total","Direct Emissions","1.7","tonnes CO2e","2024-CCEP-Annual-Report_2025.03.21_Interactive.pdf"
"Various Companies","Recent","Total","General","80","tonnes CO2e","2024-CCEP-Annual-Report_2025.03.21_Interactive.pdf"
"Various Companies","2030","Scope 1","General","2040","tonnes CO2e","2024-CCEP-Annual-Report_2025.03.21_Interactive.pdf"
"Various Companies","2030","Scope 1","General","2019","tonnes CO2e","2024-CCEP-Annual-Report_2025.03.21_Interactive.pdf"
"Various Companies","Recent","Scope 1","Direct Emissions","2787757","tonnes CO2e","2024-CCEP-Annual-Report_2025.03.21_Interactive.pdf"
"Various Companies","2019","Scope 1","General","2019","tonnes CO2e","2024-CCEP-Annual-Report_2025.03.21_Interactive.pdf"
"Various Companies","2019","Scope 1","General","2","tonnes CO2e","2024-CCEP-Annual-Report_2025.03.21_Interactive.pdf"
"Various Companies","2025","Scope 1","General","2","tonnes CO2e","2024-CCEP-Annual-Report_2025.03.21_Interactive.pdf"
"Various Companies","2021","Scope 1","General","2","tonnes CO2e","2024-CCEP-Annual-Report_2025.03.21_Interactive.pdf"
"Various Companies","2022","Scope 1","General","2","tonnes CO2e","2024-CCEP-Annual-Report_2025.03.21_Interactive.pdf"
"Various Companies","2030","Scope 1","Supply Chain","2","tonnes CO2e","2024-CCEP-Annual-Report_2025.03.21_Interactive.pdf"
"Various Companies","Recent","Scope 1","Energy","2","tonnes CO2e","2024-CCEP-Annual-Report_2025.03.21_Interactive.pdf"
"Various Companies","Recent","Scope 2","Direct Emissions","1205682","tonnes CO2e","2024-CCEP-Annual-Report_2025.03.21_Interactive.pdf"
"Various Companies","Recent","Scope 2","Direct Emissions","1","tonnes CO2e","2024-CCEP-Annual-Report_2025.03.21_Interactive.pdf"
"Various Companies","2025","Scope 3","General","185","tonnes CO2e","2024-CCEP-Annual-Report_2025.03.21_Interactive.pdf"
"Various Companies","Recent","Scope 3","Transportation","13","tonnes CO2e","2024-CCEP-Annual-Report_2025.03.21_Interactive.pdf"
"Various Companies","Recent","Scope 3","Direct Emissions","9","tonnes CO2e","2024-CCEP-Annual-Report_2025.03.21_Interactive.pdf"
"Various Companies","Recent","Scope 1","General","1.5","tonnes CO2e","2024-esg-summary-esg-performance-metrics.pdf"
"Various Companies","Recent","Scope 1","Energy","2","tonnes CO2e","2024-esg-summary-esg-performance-metrics.pdf"
"Various Companies","Recent","Scope 1","General","3","tonnes CO2e","2024-esg-summary-esg-performance-metrics.pdf"
"Various Companies","Recent","Scope 1","General","2","tonnes CO2e","2024-esg-summary-esg-performance-metrics.pdf"
"Various Companies","Recent","Scope 3","General","3","tonnes CO2e","2024-esg-summary-esg-performance-metrics.pdf"
"Various Companies","Recent","Scope 3","Energy","3","tonnes CO2e","2024-esg-summary-esg-performance-metrics.pdf"
"Various Companies","Recent","Scope 1","Purchased Goods","2","tonnes CO2e","2024-esg-summary-esg-performance-metrics.pdf"
"Various Companies","Recent","Scope 1","Purchased Goods","3","tonnes CO2e","2024-esg-summary-esg-performance-metrics.pdf"
"Various Companies","Recent","Scope 1","Direct Emissions","2","tonnes CO2e","2024-esg-summary-esg-performance-metrics.pdf"
"Various Companies","Recent","Scope 1","Direct Emissions","3","tonnes CO2e","2024-esg-summary-esg-performance-metrics.pdf"
"Various Companies","Recent","Scope 3","Energy","2","tonnes CO2e","2024-esg-summary-esg-performance-metrics.pdf"
"Various Companies","Recent","Scope 3","Purchased Goods","3","tonnes CO2e","2024-esg-summary-esg-performance-metrics.pdf"
"Various Companies","2030","Scope 1","General","1","tonnes CO2e","2024-esg-summary-esg-performance-metrics.pdf"
"Various Companies","2024","Total","General","9","tonnes CO2e","2024-esg-summary-esg-performance-metrics.pdf"
"Various Companies","2024","Total","General","80","tonnes CO2e","2024-esg-summary-esg-performance-metrics.pdf"
"Various Companies","2024","Total","General","85","tonnes CO2e","2024-esg-summary-esg-performance-metrics.pdf"
"Various Companies","2024","Total","General","84","tonnes CO2e","2024-esg-summary-esg-performance-metrics.pdf"
"Various Companies","2023","Total","General","84","tonnes CO2e","2024-esg-summary-esg-performance-metrics.pdf"
"Various Companies","2022","Scope 1","General","2","tonnes CO2e","2024-esg-summary-esg-performance-metrics.pdf"
"Various Companies","2030","Total","General","3","tonnes CO2e","2024-esg-summary-esg-performance-metrics.pdf"
"Various Companies","2024","Total","General","1.6","tonnes CO2e","2024-esg-summary-esg-performance-metrics.pdf"
"Various Companies","2025","Scope 1","General","2","tonnes CO2e","2024-esg-summary-esg-performance-metrics.pdf"
"Various Companies","2024","Scope 1","Energy","2030","tonnes CO2e","2024-esg-summary-esg-performance-metrics.pdf"
"Various Companies","2025","Scope 3","Energy","1.2","tonnes CO2e","2024-esg-summary-esg-performance-metrics.pdf"
"Various Companies","Recent","Scope 1","General","3","tonnes CO2e","2024-sustainability-report.pdf"
"Various Companies","2023","Total","General","24","tonnes CO2e","2024-sustainability-report.pdf"
"Various Companies","Recent","Total","General","26","tonnes CO2e","2024-sustainability-report.pdf"
"Various Companies","Recent","Total","General","2","tonnes CO2e","2024-sustainability-report.pdf"
"Various Companies","2030","Scope 1","General","3","tonnes CO2e","2024-sustainability-report.pdf"
"Various Companies","2019","Scope 1","Purchased Goods","46.2","tonnes CO2e","2024-sustainability-report.pdf"
"Various Companies","2027","Scope 1","Purchased Goods","76","tonnes CO2e","2024-sustainability-report.pdf"
"Various Companies","Recent","Total","General","5","tonnes CO2e","2024-sustainability-report.pdf"
"Various Companies","2020","Total","General","21","tonnes CO2e","2024-sustainability-report.pdf"
"Various Companies","Recent","Scope 3","Waste","3","tonnes CO2e","2024-sustainability-report.pdf"
"Various Companies","Recent","Total","General","3","tonnes CO2e","2024-sustainability-report.pdf"
"Various Companies","2019","Total","General","20","tonnes CO2e","2024-sustainability-report.pdf"
"Various Companies","Recent","Scope 1","Direct Emissions","2","tonnes CO2e","2024-sustainability-report.pdf"
"Various Companies","Recent","Scope 1","General","2","tonnes CO2e","2024-sustainability-report.pdf"
"Various Companies","Recent","Scope 3","General","3","tonnes CO2e","2024-sustainability-report.pdf"
"Various Companies","2023","Scope 3","Purchased Goods","3","tonnes CO2e","2024-sustainability-report.pdf"
"Various Companies","Recent","Scope 3","Purchased Goods","3","tonnes CO2e","2024-sustainability-report.pdf"
"Various Companies","2030","Scope 3","General","2","tonnes CO2e","2024-sustainability-report.pdf"
"Various Companies","2030","Scope 3","General","3","tonnes CO2e","2024-sustainability-report.pdf"
"Various Companies","2023","Total","General","100","tonnes CO2e","2024-sustainability-report.pdf"
"Various Companies","2022","Total","General","23","tonnes CO2e","2024-sustainability-report.pdf"
"Various Companies","Recent","Total","Energy","3","tonnes CO2e","2024-sustainability-report.pdf"
"Various Companies","Recent","Scope 3","Purchased Goods","20","tonnes CO2e","2024-sustainability-report.pdf"
"Various Companies","Recent","Total","Waste","1438424","tonnes CO2e","2024-sustainability-report.pdf"
"Various Companies","Recent","Total","General","11014256","tonnes CO2e","2024-sustainability-report.pdf"
"Various Companies","Recent","Total","Energy","90","tonnes CO2e","2024-sustainability-report.pdf"
"Various Companies","Recent","Total","Energy","12.2","tonnes CO2e","2024-sustainability-report.pdf"
"Various Companies","Recent","Total","General","13.1","tonnes CO2e","2024-sustainability-report.pdf"
"Various Companies","Recent","Total","Energy","2","tonnes CO2e","2024-sustainability-report.pdf"
"Various Companies","Recent","Total","General","67","tonnes CO2e","2024-sustainability-report.pdf"
"Various Companies","2025","Total","Waste","99000","tonnes CO2e","2024-sustainability-report.pdf"
"Various Companies","Recent","Total","Waste","99000","tonnes CO2e","2024-sustainability-report.pdf"
"Various Companies","2030","Total","Waste","5","tonnes CO2e","2024-sustainability-report.pdf"
"Various Companies","2023","Total","General","200","tonnes CO2e","2024-sustainability-report.pdf"
"Various Companies","Recent","Total","Direct Emissions","200","tonnes CO2e","2024-sustainability-report.pdf"
"Various Companies","2019","Total","Waste","165840","tonnes CO2e","2024-sustainability-report.pdf"
"Various Companies","2019","Total","Waste","204637","tonnes CO2e","2024-sustainability-report.pdf"
"Various Companies","2030","Total","General","5","tonnes CO2e","2024-sustainability-report.pdf"
"Various Companies","2022","Scope 1","General","6985269","tonnes CO2e","2024-sustainability-report.pdf"
"Various Companies","2022","Total","General","7391418","tonnes CO2e","2024-sustainability-report.pdf"
"Various Companies","2019","Scope 1","General","8645693","tonnes CO2e","2024-sustainability-report.pdf"
"Various Companies","Recent","Scope 1","Energy","14000","tonnes CO2e","2024-sustainability-report.pdf"
"Various Companies","Recent","Scope 3","Energy","27000","tonnes CO2e","2024-sustainability-report.pdf"
"Various Companies","2023","Total","General","50000","tonnes CO2e","2024-sustainability-report.pdf"
"Various Companies","Recent","Total","General","14000","tonnes CO2e","2024-sustainability-report.pdf"
"Various Companies","Recent","Total","General","4000","tonnes CO2e","2024-sustainability-report.pdf"
"Various Companies","2025","Total","General","99000","tonnes CO2e","2024-sustainability-report.pdf"
"Various Companies","Recent","Total","General","6000","tonnes CO2e","2024-sustainability-report.pdf"
"Various Companies","Recent","Total","General","450000","tonnes CO2e","2024-sustainability-report.pdf"
"Various Companies","2030","Scope 3","General","2030","tonnes CO2e","2024-sustainability-report.pdf"
"Various Companies","Recent","Scope 3","Purchased Goods","2023","tonnes CO2e","2024-sustainability-report.pdf"
"Various Companies","Recent","Scope 3","Direct Emissions","11","tonnes CO2e","2024-sustainability-report.pdf"
"Tesla","Recent","Total","General","52","tonnes CO2e","2024-tesla-impact-report.pdf"
"Various Companies","Recent","Total","General","2","tonnes CO2e","2024_Impact_Report-June_20_FINAL.pdf"
"Various Companies","Recent","Total","General","3","tonnes CO2e","2024_Impact_Report-June_20_FINAL.pdf"
"Various Companies","Recent","Scope 1","General","50","tonnes CO2e","2024_Impact_Report-June_20_FINAL.pdf"
"Various Companies","Recent","Scope 1","Purchased Goods","50","tonnes CO2e","2024_Impact_Report-June_20_FINAL.pdf"
"Various Companies","Recent","Scope 2","Transportation","50","tonnes CO2e","2024_Impact_Report-June_20_FINAL.pdf"
"Various Companies","Recent","Scope 3","Transportation","30","tonnes CO2e","2024_Impact_Report-June_20_FINAL.pdf"
"Various Companies","Recent","Scope 1","General","30","tonnes CO2e","2024_Impact_Report-June_20_FINAL.pdf"
"Various Companies","Recent","Scope 1","Purchased Goods","28","tonnes CO2e","2024_Impact_Report-June_20_FINAL.pdf"
"Various Companies","Recent","Scope 2","Transportation","42","tonnes CO2e","2024_Impact_Report-June_20_FINAL.pdf"
"Various Companies","Recent","Scope 3","Transportation","76","tonnes CO2e","2024_Impact_Report-June_20_FINAL.pdf"
"Various Companies","Recent","Scope 3","Energy","17","tonnes CO2e","2024_Impact_Report-June_20_FINAL.pdf"
"Various Companies","2024","Total","Energy","90","tonnes CO2e","2024_Impact_Report-June_20_FINAL.pdf"
"Various Companies","2019","Total","General","35","tonnes CO2e","2024_Impact_Report-June_20_FINAL.pdf"
"Various Companies","2019","Total","General","46","tonnes CO2e","2024_Impact_Report-June_20_FINAL.pdf"
"Various Companies","2019","Total","General","21","tonnes CO2e","2024_Impact_Report-June_20_FINAL.pdf"
"Various Companies","2024","Total","General","1","tonnes CO2e","2024_Impact_Report-June_20_FINAL.pdf"
"Various Companies","2024","Total","General","98","tonnes CO2e","2024_Impact_Report-June_20_FINAL.pdf"
"Various Companies","2024","Total","General","2040","tonnes CO2e","2024_Impact_Report-June_20_FINAL.pdf"
"Various Companies","2019","Total","General","42","tonnes CO2e","2024_Impact_Report-June_20_FINAL.pdf"
"Various Companies","2024","Total","General","4","tonnes CO2e","2024_Impact_Report-June_20_FINAL.pdf"
"Various Companies","Recent","Total","Direct Emissions","2","tonnes CO2e","2024_Impact_Report-June_20_FINAL.pdf"
"Various Companies","2024","Total","General","400","tonnes CO2e","2024_Impact_Report-June_20_FINAL.pdf"
"Various Companies","Recent","Total","General","97","tonnes CO2e","2024_Impact_Report-June_20_FINAL.pdf"
"Various Companies","Recent","Scope 1","General","2","tonnes CO2e","2024_Impact_Report-June_20_FINAL.pdf"
"Various Companies","Recent","Total","General","21","tonnes CO2e","2024_Impact_Report-June_20_FINAL.pdf"
"Various Companies","Recent","Scope 1","Direct Emissions","1","tonnes CO2e","2024_Impact_Report-June_20_FINAL.pdf"
"Various Companies","Recent","Scope 2","Direct Emissions","2","tonnes CO2e","2024_Impact_Report-June_20_FINAL.pdf"
"Various Companies","Recent","Scope 3","Direct Emissions","3","tonnes CO2e","2024_Impact_Report-June_20_FINAL.pdf"
"Various Companies","Recent","Total","General","4","tonnes CO2e","2024_Impact_Report-June_20_FINAL.pdf"
"Various Companies","Recent","Total","General","5","tonnes CO2e","2024_Impact_Report-June_20_FINAL.pdf"
"Various Companies","Recent","Total","General","6","tonnes CO2e","2024_Impact_Report-June_20_FINAL.pdf"
"Various Companies","2024","Total","Energy","515540","tonnes CO2e","2024_Impact_Report-June_20_FINAL.pdf"
"Various Companies","Recent","Total","General","8.5","kg CO2e","2024_Impact_Report-June_20_FINAL.pdf"
"Various Companies","Recent","Scope 1","General","3","tonnes CO2e","2024_Impact_Report-June_20_FINAL.pdf"
"Various Companies","2024","Total","Waste","257","tonnes CO2e","2024_Impact_Report-June_20_FINAL.pdf"
"Various Companies","2016","Total","General","3.4","kg CO2e","2024_Impact_Report-June_20_FINAL.pdf"
"Various Companies","2016","Total","General","6.7","kg CO2e","2024_Impact_Report-June_20_FINAL.pdf"
"Various Companies","2016","Total","General","38000","kg CO2e","2024_Impact_Report-June_20_FINAL.pdf"
"Various Companies","2016","Total","General","27000","kg CO2e","2024_Impact_Report-June_20_FINAL.pdf"
"Various Companies","2024","Total","Energy","4152","tonnes CO2e","2024_Impact_Report-June_20_FINAL.pdf"
"Various Companies","2019","Scope 1","General","2","tonnes CO2e","2024_Impact_Report-June_20_FINAL.pdf"
"Various Companies","2019","Scope 1","Transportation","50","tonnes CO2e","2024_Impact_Report-June_20_FINAL.pdf"
"Various Companies","2019","Scope 1","Energy","30","tonnes CO2e","2024_Impact_Report-June_20_FINAL.pdf"
"Various Companies","2024","Scope 1","General","2","tonnes CO2e","2024_Impact_Report-June_20_FINAL.pdf"
"Various Companies","2019","Scope 2","Transportation","50","tonnes CO2e","2024_Impact_Report-June_20_FINAL.pdf"
"Various Companies","2019","Scope 2","Energy","28","tonnes CO2e","2024_Impact_Report-June_20_FINAL.pdf"
"Various Companies","2019","Scope 3","General","1","tonnes CO2e","2024_Impact_Report-June_20_FINAL.pdf"
"Various Companies","2019","Scope 3","Transportation","50","tonnes CO2e","2024_Impact_Report-June_20_FINAL.pdf"
"Various Companies","2019","Scope 3","Transportation","30","tonnes CO2e","2024_Impact_Report-June_20_FINAL.pdf"
"Various Companies","2019","Scope 3","Energy","42","tonnes CO2e","2024_Impact_Report-June_20_FINAL.pdf"
"Various Companies","2019","Scope 3","Direct Emissions","76","tonnes CO2e","2024_Impact_Report-June_20_FINAL.pdf"
"Various Companies","2019","Scope 3","Direct Emissions","17","tonnes CO2e","2024_Impact_Report-June_20_FINAL.pdf"
"Various Companies","2024","Scope 3","General","97","tonnes CO2e","2024_Impact_Report-June_20_FINAL.pdf"
"Various Companies","Recent","Total","General","21","tonnes CO2e","30060-Burg-MVO-CSR-verslag-EN-2024-v6.pdf"
"Various Companies","Recent","Total","General","22","tonnes CO2e","30060-Burg-MVO-CSR-verslag-EN-2024-v6.pdf"
"Various Companies","Recent","Total","General","50","tonnes CO2e","30060-Burg-MVO-CSR-verslag-EN-2024-v6.pdf"
"Various Companies","Recent","Scope 1","General","2","tonnes CO2e","30060-Burg-MVO-CSR-verslag-EN-2024-v6.pdf"
"Various Companies","Recent","Scope 3","General","94.419","tonnes CO2e","30060-Burg-MVO-CSR-verslag-EN-2024-v6.pdf"
"Various Companies","2024","Scope 3","General","3","tonnes CO2e","30060-Burg-MVO-CSR-verslag-EN-2024-v6.pdf"
"Various Companies","2016","Scope 1","General","2","tonnes CO2e","30060-Burg-MVO-CSR-verslag-EN-2024-v6.pdf"
"Various Companies","2025","Scope 1","General","3","tonnes CO2e","30060-Burg-MVO-CSR-verslag-EN-2024-v6.pdf"
"Various Companies","Recent","Scope 1","General","3","tonnes CO2e","30060-Burg-MVO-CSR-verslag-EN-2024-v6.pdf"
"Various Companies","Recent","Scope 1","General","20252030","tonnes CO2e","30060-Burg-MVO-CSR-verslag-EN-2024-v6.pdf"
"Various Companies","Recent","Scope 1","General","99","tonnes CO2e","30060-Burg-MVO-CSR-verslag-EN-2024-v6.pdf"
"Various Companies","2025","Scope 3","General","3","tonnes CO2e","30060-Burg-MVO-CSR-verslag-EN-2024-v6.pdf"
"Various Companies","Recent","Total","General","3","tonnes CO2e","30060-Burg-MVO-CSR-verslag-EN-2024-v6.pdf"
"Various Companies","Recent","Scope 1","General","4","tonnes CO2e","30060-Burg-MVO-CSR-verslag-EN-2024-v6.pdf"
"Various Companies","Recent","Scope 2","General","51","tonnes CO2e","30060-Burg-MVO-CSR-verslag-EN-2024-v6.pdf"
"Various Companies","Recent","Scope 2","General","47","tonnes CO2e","30060-Burg-MVO-CSR-verslag-EN-2024-v6.pdf"
"Various Companies","Recent","Scope 1","Energy","558","tonnes CO2e","30060-Burg-MVO-CSR-verslag-EN-2024-v6.pdf"
"Various Companies","Recent","Total","General","2","tonnes CO2e","30060-Burg-MVO-CSR-verslag-EN-2024-v6.pdf"
"Various Companies","Recent","Total","General","1","tonnes CO2e","30060-Burg-MVO-CSR-verslag-EN-2024-v6.pdf"
"Various Companies","Recent","Total","General","100","tonnes CO2e","30060-Burg-MVO-CSR-verslag-EN-2024-v6.pdf"
"Various Companies","Recent","Scope 3","Purchased Goods","94.419","tonnes CO2e","30060-Burg-MVO-CSR-verslag-EN-2024-v6.pdf"
"Various Companies","Recent","Total","General","1.029","tonnes CO2e","30060-Burg-MVO-CSR-verslag-EN-2024-v6.pdf"
"Various Companies","2024","Scope 3","General","94.419","tonnes CO2e","30060-Burg-MVO-CSR-verslag-EN-2024-v6.pdf"
"Various Companies","2020","Scope 1","Waste","94.419","tonnes CO2e","30060-Burg-MVO-CSR-verslag-EN-2024-v6.pdf"
"Various Companies","2021","Scope 1","General","1.2071","tonnes CO2e","30060-Burg-MVO-CSR-verslag-EN-2024-v6.pdf"
"Various Companies","2021","Scope 2","Direct Emissions","7.3913","tonnes CO2e","30060-Burg-MVO-CSR-verslag-EN-2024-v6.pdf"
"Various Companies","Recent","Scope 2","Direct Emissions","14841928","tonnes CO2e","30060-Burg-MVO-CSR-verslag-EN-2024-v6.pdf"
"Various Companies","Recent","Scope 2","Energy","558","tonnes CO2e","30060-Burg-MVO-CSR-verslag-EN-2024-v6.pdf"
"Various Companies","2024","Scope 3","Transportation","94.419","tonnes CO2e","30060-Burg-MVO-CSR-verslag-EN-2024-v6.pdf"
"Various Companies","2020","Scope 3","Waste","2024","tonnes CO2e","30060-Burg-MVO-CSR-verslag-EN-2024-v6.pdf"
"Various Companies","2025","Scope 3","General","2024","tonnes CO2e","30060-Burg-MVO-CSR-verslag-EN-2024-v6.pdf"
"Various Companies","2025","Scope 3","General","2025","tonnes CO2e","30060-Burg-MVO-CSR-verslag-EN-2024-v6.pdf"
"Various Companies","2025","Scope 3","General","20252030","tonnes CO2e","30060-Burg-MVO-CSR-verslag-EN-2024-v6.pdf"
"Various Companies","Recent","Scope 3","Purchased Goods","99","tonnes CO2e","30060-Burg-MVO-CSR-verslag-EN-2024-v6.pdf"
"ABN AMRO","2023","Total","General","23108","tonnes CO2e","ABN_AMRO___Integrated_Annual_Report_2024.pdf"
"ABN AMRO","2024","Total","General","23299","tonnes CO2e","ABN_AMRO___Integrated_Annual_Report_2024.pdf"
"ABN AMRO","Recent","Scope 1","General","1.5","tonnes CO2e","ABN_AMRO___Integrated_Annual_Report_2024.pdf"
"ABN AMRO","Recent","Scope 2","General","0.8","tonnes CO2e","ABN_AMRO___Integrated_Annual_Report_2024.pdf"
"ABN AMRO","Recent","Scope 3","General","30.9","tonnes CO2e","ABN_AMRO___Integrated_Annual_Report_2024.pdf"
"ABN AMRO","2024","Total","General","80","tonnes CO2e","ABN_AMRO___Integrated_Annual_Report_2024.pdf"
"ABN AMRO","2024","Total","General","1.35","tonnes CO2e","ABN_AMRO___Integrated_Annual_Report_2024.pdf"
"ABN AMRO","Recent","Total","General","51","tonnes CO2e","ABN_AMRO___Integrated_Annual_Report_2024.pdf"
"ABN AMRO","2024","Total","General","31","tonnes CO2e","ABN_AMRO___Integrated_Annual_Report_2024.pdf"
"ABN AMRO","Recent","Total","General","36.3","tonnes CO2e","ABN_AMRO___Integrated_Annual_Report_2024.pdf"
"ABN AMRO","Recent","Total","General","36.1","tonnes CO2e","ABN_AMRO___Integrated_Annual_Report_2024.pdf"
"ABN AMRO","Recent","Total","General","14.5","tonnes CO2e","ABN_AMRO___Integrated_Annual_Report_2024.pdf"
"ABN AMRO","Recent","Total","General","31.7","tonnes CO2e","ABN_AMRO___Integrated_Annual_Report_2024.pdf"
"ABN AMRO","Recent","Total","General","0.9","tonnes CO2e","ABN_AMRO___Integrated_Annual_Report_2024.pdf"
"ABN AMRO","Recent","Total","General","3","tonnes CO2e","ABN_AMRO___Integrated_Annual_Report_2024.pdf"
"ABN AMRO","2023","Total","General","31","tonnes CO2e","ABN_AMRO___Integrated_Annual_Report_2024.pdf"
"ABN AMRO","Recent","Total","General","181.9","tonnes CO2e","ABN_AMRO___Integrated_Annual_Report_2024.pdf"
"ABN AMRO","2023","Total","General","6","tonnes CO2e","ABN_AMRO___Integrated_Annual_Report_2024.pdf"
"ABN AMRO","2024","Total","General","2.4","tonnes CO2e","ABN_AMRO___Integrated_Annual_Report_2024.pdf"
"ABN AMRO","Recent","Total","General","13","tonnes CO2e","ABN_AMRO___Integrated_Annual_Report_2024.pdf"
"ABN AMRO","2023","Total","General","21.3","tonnes CO2e","ABN_AMRO___Integrated_Annual_Report_2024.pdf"
"ABN AMRO","Recent","Total","General","18.7","tonnes CO2e","ABN_AMRO___Integrated_Annual_Report_2024.pdf"
"ABN AMRO","Recent","Total","General","20","tonnes CO2e","ABN_AMRO___Integrated_Annual_Report_2024.pdf"
"ABN AMRO","Recent","Total","General","1","tonnes CO2e","ABN_AMRO___Integrated_Annual_Report_2024.pdf"
"ABN AMRO","2023","Total","General","9","tonnes CO2e","ABN_AMRO___Integrated_Annual_Report_2024.pdf"
"ABN AMRO","2023","Total","General","1","tonnes CO2e","ABN_AMRO___Integrated_Annual_Report_2024.pdf"
"ABN AMRO","2024","Total","General","1","tonnes CO2e","ABN_AMRO___Integrated_Annual_Report_2024.pdf"
"ABN AMRO","Recent","Total","General","389","tonnes CO2e","ABN_AMRO___Integrated_Annual_Report_2024.pdf"
"ABN AMRO","Recent","Total","General","100","tonnes CO2e","ABN_AMRO___Integrated_Annual_Report_2024.pdf"
"ABN AMRO","Recent","Total","General","683","tonnes CO2e","ABN_AMRO___Integrated_Annual_Report_2024.pdf"
"ABN AMRO","Recent","Total","General","61","tonnes CO2e","ABN_AMRO___Integrated_Annual_Report_2024.pdf"
"ABN AMRO","Recent","Scope 1","General","227.6","tonnes CO2e","ABN_AMRO___Integrated_Annual_Report_2024.pdf"
"ABN AMRO","Recent","Total","General","4","tonnes CO2e","ABN_AMRO___Integrated_Annual_Report_2024.pdf"
"ABN AMRO","Recent","Scope 1","General","271","tonnes CO2e","ABN_AMRO___Integrated_Annual_Report_2024.pdf"
"ABN AMRO","Recent","Total","General","303","tonnes CO2e","ABN_AMRO___Integrated_Annual_Report_2024.pdf"
"ABN AMRO","Recent","Scope 1","General","2","tonnes CO2e","ABN_AMRO___Integrated_Annual_Report_2024.pdf"
"ABN AMRO","Recent","Scope 1","General","212.3","tonnes CO2e","ABN_AMRO___Integrated_Annual_Report_2024.pdf"
"ABN AMRO","Recent","Total","General","235","tonnes CO2e","ABN_AMRO___Integrated_Annual_Report_2024.pdf"
"ABN AMRO","Recent","Scope 1","General","22","tonnes CO2e","ABN_AMRO___Integrated_Annual_Report_2024.pdf"
"ABN AMRO","Recent","Total","General","346","tonnes CO2e","ABN_AMRO___Integrated_Annual_Report_2024.pdf"
"ABN AMRO","Recent","Total","General","108","tonnes CO2e","ABN_AMRO___Integrated_Annual_Report_2024.pdf"
"ABN AMRO","Recent","Total","General","441","tonnes CO2e","ABN_AMRO___Integrated_Annual_Report_2024.pdf"
"ABN AMRO","Recent","Scope 1","General","297.6","tonnes CO2e","ABN_AMRO___Integrated_Annual_Report_2024.pdf"
"ABN AMRO","2023","Total","General","2","tonnes CO2e","ABN_AMRO___Integrated_Annual_Report_2024.pdf"
"ABN AMRO","Recent","Total","General","27","tonnes CO2e","ABN_AMRO___Integrated_Annual_Report_2024.pdf"
"ABN AMRO","Recent","Scope 1","General","3","tonnes CO2e","ABN_AMRO___Integrated_Annual_Report_2024.pdf"
"ABN AMRO","Recent","Scope 2","General","3","tonnes CO2e","ABN_AMRO___Integrated_Annual_Report_2024.pdf"
"ABN AMRO","Recent","Scope 1","General","7","tonnes CO2e","ABN_AMRO___Integrated_Annual_Report_2024.pdf"
"ABN AMRO","Recent","Scope 1","General","14591729","tonnes CO2e","ABN_AMRO___Integrated_Annual_Report_2024.pdf"
"ABN AMRO","Recent","Scope 3","General","7","tonnes CO2e","ABN_AMRO___Integrated_Annual_Report_2024.pdf"
"ABN AMRO","Recent","Scope 3","General","3","tonnes CO2e","ABN_AMRO___Integrated_Annual_Report_2024.pdf"
"ABN AMRO","Recent","Scope 1","General","854911","tonnes CO2e","ABN_AMRO___Integrated_Annual_Report_2024.pdf"
"ABN AMRO","2024","Scope 2","Energy","2","tonnes CO2e","ABN_AMRO___Integrated_Annual_Report_2024.pdf"
"ABN AMRO","2023","Scope 1","General","66","tonnes CO2e","ABN_AMRO___Integrated_Annual_Report_2024.pdf"
"ABN AMRO","2024","Total","General","40621609","tonnes CO2e","ABN_AMRO___Integrated_Annual_Report_2024.pdf"
"ABN AMRO","2024","Scope 1","General","4","tonnes CO2e","ABN_AMRO___Integrated_Annual_Report_2024.pdf"
"ABN AMRO","2023","Scope 1","General","3","tonnes CO2e","ABN_AMRO___Integrated_Annual_Report_2024.pdf"
"ABN AMRO","Recent","Scope 3","General","2","tonnes CO2e","ABN_AMRO___Integrated_Annual_Report_2024.pdf"
"ABN AMRO","2024","Total","General","3","tonnes CO2e","ABN_AMRO___Integrated_Annual_Report_2024.pdf"
"ABN AMRO","Recent","Total","General","7","tonnes CO2e","ABN_AMRO___Integrated_Annual_Report_2024.pdf"
"ABN AMRO","Recent","Total","General","89","tonnes CO2e","ABN_AMRO___Integrated_Annual_Report_2024.pdf"
"ABN AMRO","Recent","Scope 3","General","13","tonnes CO2e","ABN_AMRO___Integrated_Annual_Report_2024.pdf"
"ABN AMRO","Recent","Scope 1","Energy","2","tonnes CO2e","ABN_AMRO___Integrated_Annual_Report_2024.pdf"
"ABN AMRO","Recent","Scope 1","Energy","1","tonnes CO2e","ABN_AMRO___Integrated_Annual_Report_2024.pdf"
"ABN AMRO","2023","Scope 2","General","2","tonnes CO2e","ABN_AMRO___Integrated_Annual_Report_2024.pdf"
"ABN AMRO","2024","Scope 3","General","14","tonnes CO2e","ABN_AMRO___Integrated_Annual_Report_2024.pdf"
"ABN AMRO","Recent","Scope 1","Transportation","3","tonnes CO2e","ABN_AMRO___Integrated_Annual_Report_2024.pdf"
"ABN AMRO","2030","Total","Transportation","3","tonnes CO2e","ABN_AMRO___Integrated_Annual_Report_2024.pdf"
"ABN AMRO","Recent","Scope 1","General","1","tonnes CO2e","ABN_AMRO___Integrated_Annual_Report_2024.pdf"
"ABN AMRO","2024","Total","General","7","tonnes CO2e","ABN_AMRO___Integrated_Annual_Report_2024.pdf"
"ABN AMRO","Recent","Total","General","50","tonnes CO2e","ABN_AMRO___Integrated_Annual_Report_2024.pdf"
"ABN AMRO","Recent","Total","General","80","tonnes CO2e","ABN_AMRO___Integrated_Annual_Report_2024.pdf"
"ABN AMRO","Recent","Total","General","10","tonnes CO2e","ABN_AMRO___Integrated_Annual_Report_2024.pdf"
"ABN AMRO","Recent","Total","General","78","tonnes CO2e","ABN_AMRO___Integrated_Annual_Report_2024.pdf"
"ABN AMRO","Recent","Total","General","94","tonnes CO2e","ABN_AMRO___Integrated_Annual_Report_2024.pdf"
"ABN AMRO","Recent","Total","General","84","tonnes CO2e","ABN_AMRO___Integrated_Annual_Report_2024.pdf"
"ABN AMRO","Recent","Total","General","48","tonnes CO2e","ABN_AMRO___Integrated_Annual_Report_2024.pdf"
"ABN AMRO","Recent","Total","General","43","tonnes CO2e","ABN_AMRO___Integrated_Annual_Report_2024.pdf"
"ABN AMRO","2024","Total","General","285","tonnes CO2e","ABN_AMRO___Integrated_Annual_Report_2024.pdf"
"ABN AMRO","2024","Total","General","22","tonnes CO2e","ABN_AMRO___Integrated_Annual_Report_2024.pdf"
"ABN AMRO","Recent","Total","General","33","tonnes CO2e","ABN_AMRO___Integrated_Annual_Report_2024.pdf"
"ABN AMRO","2023","Total","General","87","tonnes CO2e","ABN_AMRO___Integrated_Annual_Report_2024.pdf"
"ABN AMRO","2023","Total","General","744","tonnes CO2e","ABN_AMRO___Integrated_Annual_Report_2024.pdf"
"ABN AMRO","2024","Total","General","500","tonnes CO2e","ABN_AMRO___Integrated_Annual_Report_2024.pdf"
"ABN AMRO","Recent","Total","General","2368","tonnes CO2e","ABN_AMRO___Integrated_Annual_Report_2024.pdf"
"ABN AMRO","2024","Total","General","238","tonnes CO2e","ABN_AMRO___Integrated_Annual_Report_2024.pdf"
"ABN AMRO","2023","Total","General","112","tonnes CO2e","ABN_AMRO___Integrated_Annual_Report_2024.pdf"
"ABN AMRO","2024","Total","General","0.6","tonnes CO2e","ABN_AMRO___Integrated_Annual_Report_2024.pdf"
"ABN AMRO","2024","Total","General","0.75","tonnes CO2e","ABN_AMRO___Integrated_Annual_Report_2024.pdf"
"ABN AMRO","Recent","Total","General","16.2","tonnes CO2e","ABN_AMRO___Integrated_Annual_Report_2024.pdf"
"ABN AMRO","2024","Total","General","20","tonnes CO2e","ABN_AMRO___Integrated_Annual_Report_2024.pdf"
"ABN AMRO","2023","Total","General","252","tonnes CO2e","ABN_AMRO___Integrated_Annual_Report_2024.pdf"
"ABN AMRO","2024","Total","General","744","tonnes CO2e","ABN_AMRO___Integrated_Annual_Report_2024.pdf"
"ABN AMRO","2023","Total","General","17688","tonnes CO2e","ABN_AMRO___Integrated_Annual_Report_2024.pdf"
"ABN AMRO","2023","Total","General","2842","tonnes CO2e","ABN_AMRO___Integrated_Annual_Report_2024.pdf"
"ABN AMRO","2023","Total","General","0.7","tonnes CO2e","ABN_AMRO___Integrated_Annual_Report_2024.pdf"
"ABN AMRO","Recent","Scope 2","Direct Emissions","2","tonnes CO2e","ABN_AMRO___Integrated_Annual_Report_2024.pdf"
"ABN AMRO","Recent","Scope 1","General","14","tonnes CO2e","ABN_AMRO___Integrated_Annual_Report_2024.pdf"
"ABN AMRO","Recent","Scope 3","General","5","tonnes CO2e","ABN_AMRO___Integrated_Annual_Report_2024.pdf"
"ABN AMRO","Recent","Scope 3","Energy","6","tonnes CO2e","ABN_AMRO___Integrated_Annual_Report_2024.pdf"
"ABN AMRO","Recent","Scope 3","General","15","tonnes CO2e","ABN_AMRO___Integrated_Annual_Report_2024.pdf"
"ABN AMRO","Recent","Scope 1","General","6","tonnes CO2e","ABN_AMRO___Integrated_Annual_Report_2024.pdf"
"ABN AMRO","Recent","Scope 1","General","53","tonnes CO2e","ABN_AMRO___Integrated_Annual_Report_2024.pdf"
"ABN AMRO","Recent","Total","General","56","tonnes CO2e","ABN_AMRO___Integrated_Annual_Report_2024.pdf"
"ABN AMRO","Recent","Total","General","28","tonnes CO2e","ABN_AMRO___Integrated_Annual_Report_2024.pdf"
"ABN AMRO","2024","Scope 1","Transportation","33402","tonnes CO2e","ABN_AMRO___Integrated_Annual_Report_2024.pdf"
"ABN AMRO","2021","Scope 1","General","227.6","tonnes CO2e","ABN_AMRO___Integrated_Annual_Report_2024.pdf"
"ABN AMRO","2021","Scope 1","General","271","tonnes CO2e","ABN_AMRO___Integrated_Annual_Report_2024.pdf"
"ABN AMRO","2021","Scope 1","Direct Emissions","17.6","tonnes CO2e","ABN_AMRO___Integrated_Annual_Report_2024.pdf"
"ABN AMRO","2022","Scope 1","Direct Emissions","212.3","tonnes CO2e","ABN_AMRO___Integrated_Annual_Report_2024.pdf"
"ABN AMRO","2023","Scope 1","Transportation","22","tonnes CO2e","ABN_AMRO___Integrated_Annual_Report_2024.pdf"
"ABN AMRO","2023","Scope 1","Transportation","81.5","tonnes CO2e","ABN_AMRO___Integrated_Annual_Report_2024.pdf"
"ABN AMRO","2023","Scope 1","Transportation","225.5","tonnes CO2e","ABN_AMRO___Integrated_Annual_Report_2024.pdf"
"ABN AMRO","2022","Scope 1","Transportation","297.6","tonnes CO2e","ABN_AMRO___Integrated_Annual_Report_2024.pdf"
"ABN AMRO","Recent","Scope 1","General","66","tonnes CO2e","ABN_AMRO___Integrated_Annual_Report_2024.pdf"
"ABN AMRO","Recent","Scope 1","Energy","18","tonnes CO2e","ABN_AMRO___Integrated_Annual_Report_2024.pdf"
"ABN AMRO","2024","Scope 1","Direct Emissions","14","tonnes CO2e","ABN_AMRO___Integrated_Annual_Report_2024.pdf"
"ABN AMRO","2024","Scope 2","Direct Emissions","14","tonnes CO2e","ABN_AMRO___Integrated_Annual_Report_2024.pdf"
"ABN AMRO","Recent","Scope 3","General","1","tonnes CO2e","ABN_AMRO___Integrated_Annual_Report_2024.pdf"
"ABN AMRO","Recent","Scope 3","Energy","15","tonnes CO2e","ABN_AMRO___Integrated_Annual_Report_2024.pdf"
"ABN AMRO","2023","Scope 3","General","66","tonnes CO2e","ABN_AMRO___Integrated_Annual_Report_2024.pdf"
"ABN AMRO","Recent","Scope 3","General","66","tonnes CO2e","ABN_AMRO___Integrated_Annual_Report_2024.pdf"
"ABN AMRO","2024","Scope 3","General","66","tonnes CO2e","ABN_AMRO___Integrated_Annual_Report_2024.pdf"
"ABN AMRO","2024","Scope 3","General","2","tonnes CO2e","ABN_AMRO___Integrated_Annual_Report_2024.pdf"
"ABN AMRO","2024","Scope 3","General","13","tonnes CO2e","ABN_AMRO___Integrated_Annual_Report_2024.pdf"
"ABN AMRO","2024","Scope 3","Direct Emissions","14","tonnes CO2e","ABN_AMRO___Integrated_Annual_Report_2024.pdf"
"Various Companies","2024","Total","General","42.4","tonnes CO2e","ah-duurzaamheidsverslag-2024-eng.pdf"
"Various Companies","Recent","Total","General","30925","tonnes CO2e","ah-duurzaamheidsverslag-2024-eng.pdf"
"Various Companies","2024","Total","General","4.1","tonnes CO2e","ah-duurzaamheidsverslag-2024-eng.pdf"
"Various Companies","2024","Total","General","27.4","tonnes CO2e","ah-duurzaamheidsverslag-2024-eng.pdf"
"Various Companies","2024","Total","General","9480","tonnes CO2e","ah-duurzaamheidsverslag-2024-eng.pdf"
"Various Companies","Recent","Scope 1","Supply Chain","1","tonnes CO2e","ah-duurzaamheidsverslag-2024-eng.pdf"
"Various Companies","Recent","Scope 1","Supply Chain","3","tonnes CO2e","ah-duurzaamheidsverslag-2024-eng.pdf"
"Various Companies","Recent","Scope 1","General","2","tonnes CO2e","ah-duurzaamheidsverslag-2024-eng.pdf"
"Various Companies","Recent","Scope 1","General","3","tonnes CO2e","ah-duurzaamheidsverslag-2024-eng.pdf"
"Various Companies","Recent","Scope 1","Energy","2","tonnes CO2e","ah-duurzaamheidsverslag-2024-eng.pdf"
"Various Companies","Recent","Scope 1","Transportation","2040","tonnes CO2e","ah-duurzaamheidsverslag-2024-eng.pdf"
"Various Companies","Recent","Scope 1","Waste","2","tonnes CO2e","ah-duurzaamheidsverslag-2024-eng.pdf"
"Various Companies","Recent","Scope 3","Direct Emissions","3","tonnes CO2e","ah-duurzaamheidsverslag-2024-eng.pdf"
"Various Companies","2024","Scope 3","General","3","tonnes CO2e","ah-duurzaamheidsverslag-2024-eng.pdf"
"Various Companies","2018","Scope 3","Waste","2050","tonnes CO2e","ah-duurzaamheidsverslag-2024-eng.pdf"
"Various Companies","Recent","Scope 3","General","9285","tonnes CO2e","ah-duurzaamheidsverslag-2024-eng.pdf"
"Various Companies","2023","Total","General","1","tonnes CO2e","ah-duurzaamheidsverslag-2024-eng.pdf"
"Various Companies","2018","Total","General","0.98","tonnes CO2e","ah-duurzaamheidsverslag-2024-eng.pdf"
"Various Companies","Recent","Scope 3","General","1","tonnes CO2e","ah-duurzaamheidsverslag-2024-eng.pdf"
"Various Companies","2024","Total","General","645","tonnes CO2e","ah-duurzaamheidsverslag-2024-eng.pdf"
"Various Companies","2030","Total","General","45","tonnes CO2e","ah-duurzaamheidsverslag-2024-eng.pdf"
"Various Companies","2025","Scope 3","General","1","tonnes CO2e","ah-duurzaamheidsverslag-2024-eng.pdf"
"Various Companies","2030","Total","General","70","tonnes CO2e","ah-duurzaamheidsverslag-2024-eng.pdf"
"Various Companies","Recent","Scope 3","General","3","tonnes CO2e","ah-duurzaamheidsverslag-2024-eng.pdf"
"Various Companies","2024","Total","General","260","tonnes CO2e","ah-duurzaamheidsverslag-2024-eng.pdf"
"Various Companies","2025","Total","General","1","tonnes CO2e","ah-duurzaamheidsverslag-2024-eng.pdf"
"Various Companies","2030","Scope 3","Supply Chain","2050","tonnes CO2e","ah-duurzaamheidsverslag-2024-eng.pdf"
"Various Companies","2024","Total","General","21","tonnes CO2e","ah-duurzaamheidsverslag-2024-eng.pdf"
"Various Companies","Recent","Total","General","7","tonnes CO2e","ah-duurzaamheidsverslag-2024-eng.pdf"
"Various Companies","Recent","Total","General","247","tonnes CO2e","ah-duurzaamheidsverslag-2024-eng.pdf"
"Various Companies","2023","Total","General","101000","tonnes CO2e","ah-duurzaamheidsverslag-2024-eng.pdf"
"Various Companies","Recent","Total","General","46","tonnes CO2e","ah-duurzaamheidsverslag-2024-eng.pdf"
"Various Companies","2023","Total","General","41","tonnes CO2e","ah-duurzaamheidsverslag-2024-eng.pdf"
"Various Companies","Recent","Total","General","27.4","tonnes CO2e","ah-duurzaamheidsverslag-2024-eng.pdf"
"Various Companies","Recent","Total","General","12","tonnes CO2e","ah-duurzaamheidsverslag-2024-eng.pdf"
"Various Companies","Recent","Total","General","14.2","tonnes CO2e","ah-duurzaamheidsverslag-2024-eng.pdf"
"Various Companies","Recent","Total","General","2.9","tonnes CO2e","ah-duurzaamheidsverslag-2024-eng.pdf"
"Various Companies","Recent","Total","General","33.2","tonnes CO2e","ah-duurzaamheidsverslag-2024-eng.pdf"
"Various Companies","Recent","Total","General","15.8","tonnes CO2e","ah-duurzaamheidsverslag-2024-eng.pdf"
"Various Companies","Recent","Total","General","53.7","tonnes CO2e","ah-duurzaamheidsverslag-2024-eng.pdf"
"Various Companies","Recent","Total","General","5.7","tonnes CO2e","ah-duurzaamheidsverslag-2024-eng.pdf"
"Various Companies","Recent","Total","General","43.8","tonnes CO2e","ah-duurzaamheidsverslag-2024-eng.pdf"
"Various Companies","Recent","Total","General","60.3","tonnes CO2e","ah-duurzaamheidsverslag-2024-eng.pdf"
"Various Companies","2024","Total","General","18","tonnes CO2e","ah-duurzaamheidsverslag-2024-eng.pdf"
"Various Companies","Recent","Total","General","2","tonnes CO2e","ah-duurzaamheidsverslag-2024-eng.pdf"
"Various Companies","Recent","Scope 1","General","59","tonnes CO2e","ah-duurzaamheidsverslag-2024-eng.pdf"
"Various Companies","2018","Scope 1","General","89.6","tonnes CO2e","ah-duurzaamheidsverslag-2024-eng.pdf"
"Various Companies","Recent","Scope 3","General","3.1","tonnes CO2e","ah-duurzaamheidsverslag-2024-eng.pdf"
"Various Companies","Recent","Scope 3","Transportation","3.9","tonnes CO2e","ah-duurzaamheidsverslag-2024-eng.pdf"
"Various Companies","Recent","Total","General","76","tonnes CO2e","ah-duurzaamheidsverslag-2024-eng.pdf"
"Various Companies","Recent","Total","General","102","tonnes CO2e","ah-duurzaamheidsverslag-2024-eng.pdf"
"Various Companies","Recent","Scope 1","General","68","tonnes CO2e","ah-duurzaamheidsverslag-2024-eng.pdf"
"Various Companies","Recent","Scope 1","General","117","tonnes CO2e","ah-duurzaamheidsverslag-2024-eng.pdf"
"Various Companies","Recent","Scope 1","Waste","117","tonnes CO2e","ah-duurzaamheidsverslag-2024-eng.pdf"
"Various Companies","2024","Total","Supply Chain","2018","tonnes CO2e","ah-duurzaamheidsverslag-2024-eng.pdf"
"Various Companies","2024","Total","Supply Chain","1519","tonnes CO2e","ah-duurzaamheidsverslag-2024-eng.pdf"
"Various Companies","2023","Total","Waste","2.24","tonnes CO2e","ah-duurzaamheidsverslag-2024-eng.pdf"
"Various Companies","Recent","Total","Waste","31600","tonnes CO2e","ah-duurzaamheidsverslag-2024-eng.pdf"
"Various Companies","Recent","Total","Waste","16600","tonnes CO2e","ah-duurzaamheidsverslag-2024-eng.pdf"
"Various Companies","Recent","Scope 1","Energy","2040","tonnes CO2e","ah-duurzaamheidsverslag-2024-eng.pdf"
"Various Companies","2024","Scope 1","Energy","2","tonnes CO2e","ah-duurzaamheidsverslag-2024-eng.pdf"
"Various Companies","2024","Scope 1","General","2","tonnes CO2e","ah-duurzaamheidsverslag-2024-eng.pdf"
"Various Companies","2024","Scope 1","Waste","2","tonnes CO2e","ah-duurzaamheidsverslag-2024-eng.pdf"
"Various Companies","Recent","Scope 1","General","0.4","tonnes CO2e","ah-duurzaamheidsverslag-2024-eng.pdf"
"Various Companies","2018","Scope 1","General","2018","tonnes CO2e","ah-duurzaamheidsverslag-2024-eng.pdf"
"Various Companies","Recent","Scope 1","Waste","59","tonnes CO2e","ah-duurzaamheidsverslag-2024-eng.pdf"
"Various Companies","Recent","Scope 2","General","59","tonnes CO2e","ah-duurzaamheidsverslag-2024-eng.pdf"
"Various Companies","2024","Scope 3","Waste","45","tonnes CO2e","ah-duurzaamheidsverslag-2024-eng.pdf"
"Various Companies","2018","Scope 3","Energy","9285","tonnes CO2e","ah-duurzaamheidsverslag-2024-eng.pdf"
"Various Companies","2024","Scope 3","Waste","2024","tonnes CO2e","ah-duurzaamheidsverslag-2024-eng.pdf"
"Various Companies","2025","Scope 3","Supply Chain","2030","tonnes CO2e","ah-duurzaamheidsverslag-2024-eng.pdf"
"Various Companies","Recent","Scope 3","General","99.6","tonnes CO2e","ah-duurzaamheidsverslag-2024-eng.pdf"
"Various Companies","2018","Scope 3","General","95","tonnes CO2e","ah-duurzaamheidsverslag-2024-eng.pdf"
"Various Companies","2018","Scope 3","General","1","tonnes CO2e","ah-duurzaamheidsverslag-2024-eng.pdf"
"Various Companies","Recent","Scope 3","Energy","3.9","tonnes CO2e","ah-duurzaamheidsverslag-2024-eng.pdf"
"Various Companies","Recent","Scope 3","Transportation","11","tonnes CO2e","ah-duurzaamheidsverslag-2024-eng.pdf"
"Various Companies","Recent","Scope 3","General","11","tonnes CO2e","ah-duurzaamheidsverslag-2024-eng.pdf"
"Various Companies","Recent","Scope 3","General","14","tonnes CO2e","ah-duurzaamheidsverslag-2024-eng.pdf"
"Various Companies","2023","Scope 3","General","3.1","tonnes CO2e","ah-duurzaamheidsverslag-2024-eng.pdf"
"Various Companies","Recent","Scope 3","General","68","tonnes CO2e","ah-duurzaamheidsverslag-2024-eng.pdf"
"Various Companies","2023","Total","General","400","tonnes CO2e","ah-duurzaamheidsverslag-2024.pdf"
"Various Companies","2024","Total","General","9.48","kt CO2e","ah-duurzaamheidsverslag-2024.pdf"
"Various Companies","Recent","Scope 1","General","1","tonnes CO2e","ah-duurzaamheidsverslag-2024.pdf"
"Various Companies","Recent","Scope 1","General","997","tonnes CO2e","ah-duurzaamheidsverslag-2024.pdf"
"Various Companies","Recent","Scope 3","General","3","tonnes CO2e","ah-duurzaamheidsverslag-2024.pdf"
"Various Companies","Recent","Scope 1","General","3","tonnes CO2e","ah-duurzaamheidsverslag-2024.pdf"
"Various Companies","2018","Scope 1","General","2","tonnes CO2e","ah-duurzaamheidsverslag-2024.pdf"
"Various Companies","2018","Scope 3","General","3","tonnes CO2e","ah-duurzaamheidsverslag-2024.pdf"
"Various Companies","Recent","Scope 1","General","2","tonnes CO2e","ah-duurzaamheidsverslag-2024.pdf"
"Various Companies","Recent","Scope 1","Transportation","2","tonnes CO2e","ah-duurzaamheidsverslag-2024.pdf"
"Various Companies","Recent","Scope 3","Direct Emissions","997","tonnes CO2e","ah-duurzaamheidsverslag-2024.pdf"
"Various Companies","2024","Scope 3","General","3","tonnes CO2e","ah-duurzaamheidsverslag-2024.pdf"
"Various Companies","2018","Scope 3","General","2050","tonnes CO2e","ah-duurzaamheidsverslag-2024.pdf"
"Various Companies","Recent","Scope 3","General","8.889","kt CO2e","ah-duurzaamheidsverslag-2024.pdf"
"Various Companies","2025","Scope 3","General","1","tonnes CO2e","ah-duurzaamheidsverslag-2024.pdf"
"Various Companies","2030","Scope 3","General","2050","tonnes CO2e","ah-duurzaamheidsverslag-2024.pdf"
"Various Companies","Recent","Total","General","32","tonnes CO2e","ah-duurzaamheidsverslag-2024.pdf"
"Various Companies","Recent","Total","General","46","tonnes CO2e","ah-duurzaamheidsverslag-2024.pdf"
"Various Companies","Recent","Total","General","120","tonnes CO2e","ah-duurzaamheidsverslag-2024.pdf"
"Various Companies","Recent","Total","General","142","tonnes CO2e","ah-duurzaamheidsverslag-2024.pdf"
"Various Companies","Recent","Total","General","3","tonnes CO2e","ah-duurzaamheidsverslag-2024.pdf"
"Various Companies","Recent","Total","General","57","tonnes CO2e","ah-duurzaamheidsverslag-2024.pdf"
"Various Companies","Recent","Total","General","438","tonnes CO2e","ah-duurzaamheidsverslag-2024.pdf"
"Various Companies","Recent","Total","General","603","tonnes CO2e","ah-duurzaamheidsverslag-2024.pdf"
"Various Companies","2024","Total","General","18","tonnes CO2e","ah-duurzaamheidsverslag-2024.pdf"
"Various Companies","Recent","Scope 1","General","59","tonnes CO2e","ah-duurzaamheidsverslag-2024.pdf"
"Various Companies","2018","Scope 1","General","89.6","tonnes CO2e","ah-duurzaamheidsverslag-2024.pdf"
"Various Companies","Recent","Scope 3","General","3.1","tonnes CO2e","ah-duurzaamheidsverslag-2024.pdf"
"Various Companies","Recent","Scope 3","Transportation","3.9","tonnes CO2e","ah-duurzaamheidsverslag-2024.pdf"
"Various Companies","Recent","Scope 1","General","68","tonnes CO2e","ah-duurzaamheidsverslag-2024.pdf"
"Various Companies","Recent","Scope 1","General","117","tonnes CO2e","ah-duurzaamheidsverslag-2024.pdf"
"Various Companies","2024","Total","General","1.519","tonnes CO2e","ah-duurzaamheidsverslag-2024.pdf"
"Various Companies","2016","Total","General","224","tonnes CO2e","ah-duurzaamheidsverslag-2024.pdf"
"Various Companies","Recent","Total","General","31.6","kt CO2e","ah-duurzaamheidsverslag-2024.pdf"
"Various Companies","Recent","Total","General","16.6","kt CO2e","ah-duurzaamheidsverslag-2024.pdf"
"Various Companies","2024","Scope 1","General","3","tonnes CO2e","ah-duurzaamheidsverslag-2024.pdf"
"Various Companies","2018","Scope 1","General","2018","tonnes CO2e","ah-duurzaamheidsverslag-2024.pdf"
"Various Companies","2024","Scope 1","General","2","tonnes CO2e","ah-duurzaamheidsverslag-2024.pdf"
"Various Companies","Recent","Scope 1","General","4","tonnes CO2e","ah-duurzaamheidsverslag-2024.pdf"
"Various Companies","Recent","Scope 2","General","59","tonnes CO2e","ah-duurzaamheidsverslag-2024.pdf"
"Various Companies","2018","Scope 3","General","2018","tonnes CO2e","ah-duurzaamheidsverslag-2024.pdf"
"Various Companies","2024","Scope 3","Direct Emissions","997","tonnes CO2e","ah-duurzaamheidsverslag-2024.pdf"
"Various Companies","2024","Scope 3","General","2030","tonnes CO2e","ah-duurzaamheidsverslag-2024.pdf"
"Various Companies","2023","Scope 3","General","8.889","tonnes CO2e","ah-duurzaamheidsverslag-2024.pdf"
"Various Companies","2018","Scope 3","Transportation","9.285","tonnes CO2e","ah-duurzaamheidsverslag-2024.pdf"
"Various Companies","2025","Scope 3","General","2025","tonnes CO2e","ah-duurzaamheidsverslag-2024.pdf"
"Various Companies","2024","Scope 3","Transportation","2024","tonnes CO2e","ah-duurzaamheidsverslag-2024.pdf"
"Various Companies","2025","Scope 3","General","2030","tonnes CO2e","ah-duurzaamheidsverslag-2024.pdf"
"Various Companies","Recent","Scope 3","General","996","tonnes CO2e","ah-duurzaamheidsverslag-2024.pdf"
"Various Companies","2018","Scope 3","General","95","tonnes CO2e","ah-duurzaamheidsverslag-2024.pdf"
"Various Companies","Recent","Scope 3","Transportation","11","tonnes CO2e","ah-duurzaamheidsverslag-2024.pdf"
"Various Companies","Recent","Scope 3","General","12","tonnes CO2e","ah-duurzaamheidsverslag-2024.pdf"
"Various Companies","Recent","Scope 3","General","14","tonnes CO2e","ah-duurzaamheidsverslag-2024.pdf"
"Various Companies","2023","Scope 3","General","3.1","tonnes CO2e","ah-duurzaamheidsverslag-2024.pdf"
"Various Companies","Recent","Scope 3","General","68","tonnes CO2e","ah-duurzaamheidsverslag-2024.pdf"
"Various Companies","Recent","Total","General","1.3","tonnes CO2e","Annual-Report-2024.pdf"
"Various Companies","Recent","Total","General","36.1","tonnes CO2e","Annual-Report-2024.pdf"
"Various Companies","Recent","Total","General","0.08","tonnes CO2e","Annual-Report-2024.pdf"
"Various Companies","2023","Total","General","2.02","tonnes CO2e","Annual-Report-2024.pdf"
"Various Companies","2023","Total","General","1000","tonnes CO2e","Annual-Report-2024.pdf"
"Various Companies","Recent","Total","General","7","tonnes CO2e","Annual-Report-2024.pdf"
"Various Companies","2023","Total","General","431","tonnes CO2e","Annual-Report-2024.pdf"
"Various Companies","Recent","Total","General","1","tonnes CO2e","Annual-Report-2024.pdf"
"Various Companies","2024","Total","General","1140","tonnes CO2e","Annual-Report-2024.pdf"
"Various Companies","Recent","Total","General","5","tonnes CO2e","Annual-Report-2024.pdf"
"Various Companies","Recent","Total","General","1414","tonnes CO2e","Annual-Report-2024.pdf"
"Various Companies","Recent","Total","General","140","tonnes CO2e","Annual-Report-2024.pdf"
"Various Companies","Recent","Total","General","823","tonnes CO2e","Annual-Report-2024.pdf"
"Various Companies","Recent","Total","General","0.03","tonnes CO2e","Annual-Report-2024.pdf"
"Various Companies","Recent","Total","General","80","tonnes CO2e","Annual-Report-2024.pdf"
"Various Companies","Recent","Total","General","74","tonnes CO2e","Annual-Report-2024.pdf"
"Various Companies","Recent","Total","General","19370969","tonnes CO2e","Annual-Report-2024.pdf"
"Various Companies","2023","Total","General","158","tonnes CO2e","Annual-Report-2024.pdf"
"Various Companies","2023","Total","General","6723","tonnes CO2e","Annual-Report-2024.pdf"
"Various Companies","Recent","Total","General","68","tonnes CO2e","Annual-Report-2024.pdf"
"Various Companies","Recent","Total","General","69","tonnes CO2e","Annual-Report-2024.pdf"
"Various Companies","Recent","Total","General","82","tonnes CO2e","Annual-Report-2024.pdf"
"Various Companies","Recent","Total","General","152","tonnes CO2e","Annual-Report-2024.pdf"
"Various Companies","Recent","Total","General","68121","tonnes CO2e","Annual-Report-2024.pdf"
"Various Companies","Recent","Total","General","8","tonnes CO2e","Annual-Report-2024.pdf"
"Various Companies","Recent","Total","General","193","tonnes CO2e","Annual-Report-2024.pdf"
"Various Companies","Recent","Total","General","65633","tonnes CO2e","Annual-Report-2024.pdf"
"Various Companies","Recent","Total","General","11","tonnes CO2e","Annual-Report-2024.pdf"
"Various Companies","Recent","Total","General","11847767","tonnes CO2e","Annual-Report-2024.pdf"
"Various Companies","Recent","Total","General","2","tonnes CO2e","Annual-Report-2024.pdf"
"Various Companies","Recent","Total","General","118","tonnes CO2e","Annual-Report-2024.pdf"
"Various Companies","Recent","Total","General","0.1","tonnes CO2e","Annual-Report-2024.pdf"
"Various Companies","Recent","Total","General","0.2","tonnes CO2e","Annual-Report-2024.pdf"
"Various Companies","Recent","Total","General","0.3","tonnes CO2e","Annual-Report-2024.pdf"
"Various Companies","Recent","Total","General","49201100","tonnes CO2e","Annual-Report-2024.pdf"
"Various Companies","Recent","Total","General","85113.6","tonnes CO2e","Annual-Report-2024.pdf"
"Various Companies","Recent","Total","General","2313541.7","tonnes CO2e","Annual-Report-2024.pdf"
"Various Companies","Recent","Total","General","1.1","tonnes CO2e","Annual-Report-2024.pdf"
"Various Companies","Recent","Total","General","1.8","tonnes CO2e","Annual-Report-2024.pdf"
"Various Companies","Recent","Total","General","22","tonnes CO2e","Annual-Report-2024.pdf"
"Various Companies","Recent","Total","General","3418161.8","tonnes CO2e","Annual-Report-2024.pdf"
"Various Companies","Recent","Total","General","34","tonnes CO2e","Annual-Report-2024.pdf"
"Various Companies","2023","Total","General","14","tonnes CO2e","Annual-Report-2024.pdf"
"Various Companies","Recent","Total","General","97.5","tonnes CO2e","Annual-Report-2024.pdf"
"Various Companies","2024","Total","General","1.2","tonnes CO2e","Annual-Report-2024.pdf"
"Various Companies","2024","Total","General","54.3","tonnes CO2e","Annual-Report-2024.pdf"
"Various Companies","Recent","Total","General","9095100","tonnes CO2e","Annual-Report-2024.pdf"
"Various Companies","Recent","Total","General","11298298","tonnes CO2e","Annual-Report-2024.pdf"
"Various Companies","Recent","Total","General","30442495","tonnes CO2e","Annual-Report-2024.pdf"
"Various Companies","Recent","Total","General","11.1","tonnes CO2e","Annual-Report-2024.pdf"
"Various Companies","Recent","Total","General","6.47","tonnes CO2e","Annual-Report-2024.pdf"
"Various Companies","Recent","Total","General","25","tonnes CO2e","Annual-Report-2024.pdf"
"Various Companies","2024","Total","General","4048","tonnes CO2e","Annual-Report-2024.pdf"
"Various Companies","Recent","Total","General","20","tonnes CO2e","Annual-Report-2024.pdf"
"Various Companies","Recent","Total","General","123","tonnes CO2e","Annual-Report-2024.pdf"
"Various Companies","Recent","Total","General","143","tonnes CO2e","Annual-Report-2024.pdf"
"Various Companies","2024","Total","General","0.5","tonnes CO2e","Annual-Report-2024.pdf"
"Various Companies","Recent","Total","General","7.7","tonnes CO2e","Annual-Report-2024.pdf"
"Various Companies","2023","Total","General","9.4","tonnes CO2e","Annual-Report-2024.pdf"
"Various Companies","Recent","Total","General","9.4","tonnes CO2e","Annual-Report-2024.pdf"
"Various Companies","Recent","Total","General","40.2","tonnes CO2e","Annual-Report-2024.pdf"
"Various Companies","Recent","Scope 1","General","3","tonnes CO2e","Annual-Report-2024.pdf"
"Various Companies","Recent","Total","Supply Chain","3","tonnes CO2e","Annual-Report-2024.pdf"
"Various Companies","Recent","Scope 1","Direct Emissions","3","tonnes CO2e","Annual-Report-2024.pdf"
"Various Companies","Recent","Scope 1","General","2","tonnes CO2e","Annual-Report-2024.pdf"
"Various Companies","Recent","Scope 1","Energy","2","tonnes CO2e","Annual-Report-2024.pdf"
"Various Companies","Recent","Total","General","95","tonnes CO2e","Annual-Report-2024.pdf"
"Various Companies","Recent","Scope 1","Direct Emissions","2","tonnes CO2e","Annual-Report-2024.pdf"
"Various Companies","Recent","Scope 1","Energy","3","tonnes CO2e","Annual-Report-2024.pdf"
"Various Companies","2030","Scope 1","General","45","tonnes CO2e","Annual-Report-2024.pdf"
"Various Companies","2030","Total","General","59","tonnes CO2e","Annual-Report-2024.pdf"
"Various Companies","Recent","Scope 3","General","3","tonnes CO2e","Annual-Report-2024.pdf"
"Various Companies","Recent","Scope 1","General","1","tonnes CO2e","Annual-Report-2024.pdf"
"Various Companies","Recent","Scope 3","General","15","tonnes CO2e","Annual-Report-2024.pdf"
"Various Companies","Recent","Total","General","223","tonnes CO2e","Annual-Report-2024.pdf"
"Various Companies","Recent","Total","Energy","13","tonnes CO2e","Annual-Report-2024.pdf"
"Various Companies","Recent","Total","Energy","2","tonnes CO2e","Annual-Report-2024.pdf"
"Various Companies","Recent","Total","Energy","16","tonnes CO2e","Annual-Report-2024.pdf"
"Various Companies","Recent","Total","Energy","15","tonnes CO2e","Annual-Report-2024.pdf"
"Various Companies","2023","Scope 1","Energy","2","tonnes CO2e","Annual-Report-2024.pdf"
"Various Companies","Recent","Scope 3","Purchased Goods","1601","tonnes CO2e","Annual-Report-2024.pdf"
"Various Companies","Recent","Scope 1","Energy","1","tonnes CO2e","Annual-Report-2024.pdf"
"Various Companies","Recent","Scope 1","Waste","2","tonnes CO2e","Annual-Report-2024.pdf"
"Various Companies","Recent","Scope 1","Waste","5","tonnes CO2e","Annual-Report-2024.pdf"
"Various Companies","Recent","Total","Transportation","15","tonnes CO2e","Annual-Report-2024.pdf"
"Various Companies","2023","Total","General","999.7","tonnes CO2e","Annual-Report-2024.pdf"
"Various Companies","Recent","Scope 3","General","39","tonnes CO2e","Annual-Report-2024.pdf"
"Various Companies","2024","Total","General","1991","tonnes CO2e","Annual-Report-2024.pdf"
"Various Companies","Recent","Total","General","6","tonnes CO2e","Annual-Report-2024.pdf"
"Various Companies","2024","Total","General","15","tonnes CO2e","Annual-Report-2024.pdf"
"Various Companies","Recent","Total","General","36913547","tonnes CO2e","Annual-Report-2024.pdf"
"Various Companies","Recent","Total","General","50","tonnes CO2e","Annual-Report-2024.pdf"
"Various Companies","2023","Total","General","11636","tonnes CO2e","Annual-Report-2024.pdf"
"Various Companies","Recent","Total","General","100","tonnes CO2e","Annual-Report-2024.pdf"
"Various Companies","Recent","Scope 1","General","167","tonnes CO2e","Annual-Report-2024.pdf"
"Various Companies","Recent","Scope 1","Energy","167","tonnes CO2e","Annual-Report-2024.pdf"
"Various Companies","Recent","Total","General","51","tonnes CO2e","Annual-Report-2024.pdf"
"Various Companies","Recent","Total","General","53","tonnes CO2e","Annual-Report-2024.pdf"
"Various Companies","Recent","Total","General","3","tonnes CO2e","Annual-Report-2024.pdf"
"Various Companies","Recent","Total","General","82.39","tonnes CO2e","Annual-Report-2024.pdf"
"Various Companies","Recent","Total","General","234545","tonnes CO2e","Annual-Report-2024.pdf"
"Various Companies","2024","Total","General","21144143","tonnes CO2e","Annual-Report-2024.pdf"
"Various Companies","Recent","Total","General","43","tonnes CO2e","Annual-Report-2024.pdf"
"Various Companies","Recent","Total","General","45","tonnes CO2e","Annual-Report-2024.pdf"
"Various Companies","Recent","Total","General","622","tonnes CO2e","Annual-Report-2024.pdf"
"Various Companies","2023","Total","General","6733","tonnes CO2e","Annual-Report-2024.pdf"
"Various Companies","2023","Total","General","520","tonnes CO2e","Annual-Report-2024.pdf"
"Various Companies","Recent","Total","General","142","tonnes CO2e","Annual-Report-2024.pdf"
"Various Companies","Recent","Total","General","52","tonnes CO2e","Annual-Report-2024.pdf"
"Various Companies","2023","Total","General","1169","tonnes CO2e","Annual-Report-2024.pdf"
"Various Companies","2023","Total","General","4.3","tonnes CO2e","Annual-Report-2024.pdf"
"Various Companies","2022","Total","General","1","tonnes CO2e","Annual-Report-2024.pdf"
"Various Companies","Recent","Total","General","480681","tonnes CO2e","Annual-Report-2024.pdf"
"Various Companies","Recent","Total","General","3734","tonnes CO2e","Annual-Report-2024.pdf"
"Various Companies","Recent","Total","General","54","tonnes CO2e","Annual-Report-2024.pdf"
"Various Companies","2024","Total","General","143","tonnes CO2e","Annual-Report-2024.pdf"
"Various Companies","2023","Total","General","494","tonnes CO2e","Annual-Report-2024.pdf"
"Various Companies","Recent","Total","General","383","tonnes CO2e","Annual-Report-2024.pdf"
"Various Companies","2024","Total","General","31","tonnes CO2e","Annual-Report-2024.pdf"
"Various Companies","Recent","Total","General","720","tonnes CO2e","Annual-Report-2024.pdf"
"Various Companies","2024","Total","General","2235","tonnes CO2e","Annual-Report-2024.pdf"
"Various Companies","2024","Scope 1","Direct Emissions","2","tonnes CO2e","Annual-Report-2024.pdf"
"Various Companies","2030","Scope 1","General","2","tonnes CO2e","Annual-Report-2024.pdf"
"Various Companies","2030","Scope 1","Direct Emissions","2","tonnes CO2e","Annual-Report-2024.pdf"
"Various Companies","2024","Scope 1","General","2","tonnes CO2e","Annual-Report-2024.pdf"
"Various Companies","2030","Scope 1","Waste","2","tonnes CO2e","Annual-Report-2024.pdf"
"Various Companies","2030","Scope 1","General","371","tonnes CO2e","Annual-Report-2024.pdf"
"Various Companies","Recent","Scope 1","Energy","6","tonnes CO2e","Annual-Report-2024.pdf"
"Various Companies","2024","Scope 1","Energy","2","tonnes CO2e","Annual-Report-2024.pdf"
"Various Companies","2022","Scope 1","Energy","2","tonnes CO2e","Annual-Report-2024.pdf"
"Various Companies","2020","Scope 1","General","2","tonnes CO2e","Annual-Report-2024.pdf"
"Various Companies","Recent","Scope 2","Purchased Goods","364","tonnes CO2e","Annual-Report-2024.pdf"
"Various Companies","2030","Scope 3","General","15","tonnes CO2e","Annual-Report-2024.pdf"
"Various Companies","Recent","Scope 3","Transportation","1601666","tonnes CO2e","Annual-Report-2024.pdf"
"Various Companies","Recent","Scope 3","Energy","6","tonnes CO2e","Annual-Report-2024.pdf"
"Various Companies","Recent","Total","General","1","tonnes CO2e","annualreport_Annual_Report_2024_1761268283694.pdf"
"Various Companies","Recent","Scope 3","General","15","tonnes CO2e","annualreport_Annual_Report_2024_1761268283694.pdf"
"Various Companies","Recent","Scope 1","General","3","tonnes CO2e","annualreport_Annual_Report_2024_1761268283694.pdf"
"Various Companies","2024","Total","General","7373","tonnes CO2e","annualreport_Annual_Report_2024_1761268283694.pdf"
"Various Companies","2023","Total","General","75","tonnes CO2e","annualreport_Annual_Report_2024_1761268283694.pdf"
"Various Companies","2023","Total","General","19.5","tonnes CO2e","annualreport_Annual_Report_2024_1761268283694.pdf"
"Various Companies","Recent","Total","General","14.5","tonnes CO2e","annualreport_Annual_Report_2024_1761268283694.pdf"
"Various Companies","Recent","Total","General","7","tonnes CO2e","annualreport_Annual_Report_2024_1761268283694.pdf"
"Various Companies","2024","Total","General","78","tonnes CO2e","annualreport_Annual_Report_2024_1761268283694.pdf"
"Various Companies","Recent","Total","General","66","tonnes CO2e","annualreport_Annual_Report_2024_1761268283694.pdf"
"Various Companies","2023","Total","General","5.5","tonnes CO2e","annualreport_Annual_Report_2024_1761268283694.pdf"
"Various Companies","Recent","Total","General","15","tonnes CO2e","annualreport_Annual_Report_2024_1761268283694.pdf"
"Various Companies","Recent","Total","General","2","tonnes CO2e","annualreport_Annual_Report_2024_1761268283694.pdf"
"Various Companies","Recent","Total","General","3","tonnes CO2e","annualreport_Annual_Report_2024_1761268283694.pdf"
"Various Companies","Recent","Total","General","505131","tonnes CO2e","annualreport_Annual_Report_2024_1761268283694.pdf"
"Various Companies","Recent","Total","General","82","tonnes CO2e","annualreport_Annual_Report_2024_1761268283694.pdf"
"Various Companies","Recent","Total","General","63","tonnes CO2e","annualreport_Annual_Report_2024_1761268283694.pdf"
"Various Companies","Recent","Scope 1","General","2","tonnes CO2e","annualreport_Annual_Report_2024_1761268283694.pdf"
"Various Companies","Recent","Total","General","23","tonnes CO2e","annualreport_Annual_Report_2024_1761268283694.pdf"
"Various Companies","2023","Total","General","37","tonnes CO2e","annualreport_Annual_Report_2024_1761268283694.pdf"
"Various Companies","2023","Total","General","9","tonnes CO2e","annualreport_Annual_Report_2024_1761268283694.pdf"
"Various Companies","2023","Total","General","5","tonnes CO2e","annualreport_Annual_Report_2024_1761268283694.pdf"
"Various Companies","2022","Total","General","3","tonnes CO2e","annualreport_Annual_Report_2024_1761268283694.pdf"
"Various Companies","2026","Total","General","3","tonnes CO2e","annualreport_Annual_Report_2024_1761268283694.pdf"
"Various Companies","2027","Total","General","10","tonnes CO2e","annualreport_Annual_Report_2024_1761268283694.pdf"
"Various Companies","2024","Total","General","4.5","tonnes CO2e","annualreport_Annual_Report_2024_1761268283694.pdf"
"Various Companies","2024","Total","General","8.7","tonnes CO2e","annualreport_Annual_Report_2024_1761268283694.pdf"
"Various Companies","2024","Total","General","6","tonnes CO2e","annualreport_Annual_Report_2024_1761268283694.pdf"
"Various Companies","Recent","Total","General","6","tonnes CO2e","annualreport_Annual_Report_2024_1761268283694.pdf"
"Various Companies","2024","Scope 2","General","2","tonnes CO2e","annualreport_Annual_Report_2024_1761268283694.pdf"
"Various Companies","Recent","Scope 1","Energy","3","tonnes CO2e","annualreport_Annual_Report_2024_1761268283694.pdf"
"Various Companies","Recent","Scope 1","General","15","tonnes CO2e","annualreport_Annual_Report_2024_1761268283694.pdf"
"Various Companies","Recent","Scope 1","General","100","tonnes CO2e","annualreport_Annual_Report_2024_1761268283694.pdf"
"Various Companies","Recent","Scope 1","General","41028","tonnes CO2e","annualreport_Annual_Report_2024_1761268283694.pdf"
"Various Companies","Recent","Scope 3","General","13","tonnes CO2e","annualreport_Annual_Report_2024_1761268283694.pdf"
"Various Companies","2024","Total","General","31","tonnes CO2e","annualreport_Annual_Report_2024_1761268283694.pdf"
"Various Companies","2024","Total","General","50895","tonnes CO2e","annualreport_Annual_Report_2024_1761268283694.pdf"
"Various Companies","Recent","Scope 1","General","1","tonnes CO2e","annualreport_Annual_Report_2024_1761268283694.pdf"
"Various Companies","Recent","Scope 2","Energy","71","tonnes CO2e","annualreport_Annual_Report_2024_1761268283694.pdf"
"Various Companies","Recent","Scope 3","Direct Emissions","3","tonnes CO2e","annualreport_Annual_Report_2024_1761268283694.pdf"
"Various Companies","Recent","Scope 3","General","3","tonnes CO2e","annualreport_Annual_Report_2024_1761268283694.pdf"
"Various Companies","Recent","Scope 1","Waste","3","tonnes CO2e","annualreport_Annual_Report_2024_1761268283694.pdf"
"Various Companies","Recent","Scope 1","Transportation","3","tonnes CO2e","annualreport_Annual_Report_2024_1761268283694.pdf"
"Various Companies","Recent","Scope 1","Direct Emissions","1","tonnes CO2e","annualreport_Annual_Report_2024_1761268283694.pdf"
"Various Companies","Recent","Total","General","60166","tonnes CO2e","annualreport_Annual_Report_2024_1761268283694.pdf"
"Various Companies","Recent","Scope 1","Direct Emissions","2","tonnes CO2e","annualreport_Annual_Report_2024_1761268283694.pdf"
"Various Companies","2023","Total","General","3","tonnes CO2e","annualreport_Annual_Report_2024_1761268283694.pdf"
"Various Companies","Recent","Total","General","100","tonnes CO2e","annualreport_Annual_Report_2024_1761268283694.pdf"
"Various Companies","Recent","Total","General","6.5","tonnes CO2e","annualreport_Annual_Report_2024_1761268283694.pdf"
"Various Companies","Recent","Scope 3","General","1","tonnes CO2e","annualreport_Annual_Report_2024_1761268283694.pdf"
"Various Companies","2024","Total","General","1","tonnes CO2e","annualreport_Annual_Report_2024_1761268283694.pdf"
"Various Companies","Recent","Scope 3","Transportation","3","tonnes CO2e","annualreport_Annual_Report_2024_1761268283694.pdf"
"Various Companies","2024","Scope 1","General","3","tonnes CO2e","annualreport_Annual_Report_2024_1761268283694.pdf"
"Various Companies","2025","Scope 1","General","2","tonnes CO2e","annualreport_Annual_Report_2024_1761268283694.pdf"
"Various Companies","Recent","Total","General","5","tonnes CO2e","annualreport_Annual_Report_2024_1761268283694.pdf"
"Various Companies","Recent","Total","General","98","tonnes CO2e","annualreport_Annual_Report_2024_1761268283694.pdf"
"Various Companies","Recent","Total","Energy","3","tonnes CO2e","annualreport_Annual_Report_2024_1761268283694.pdf"
"Various Companies","Recent","Total","General","217","tonnes CO2e","annualreport_Annual_Report_2024_1761268283694.pdf"
"Various Companies","Recent","Total","General","219833","tonnes CO2e","annualreport_Annual_Report_2024_1761268283694.pdf"
"Various Companies","Recent","Total","General","43","tonnes CO2e","annualreport_Annual_Report_2024_1761268283694.pdf"
"Various Companies","Recent","Total","General","299377","tonnes CO2e","annualreport_Annual_Report_2024_1761268283694.pdf"
"Various Companies","Recent","Total","General","168","tonnes CO2e","annualreport_Annual_Report_2024_1761268283694.pdf"
"Various Companies","Recent","Total","General","229711","tonnes CO2e","annualreport_Annual_Report_2024_1761268283694.pdf"
"Various Companies","Recent","Total","General","300","tonnes CO2e","annualreport_Annual_Report_2024_1761268283694.pdf"
"Various Companies","Recent","Total","General","34","tonnes CO2e","annualreport_Annual_Report_2024_1761268283694.pdf"
"Various Companies","Recent","Total","General","32","tonnes CO2e","annualreport_Annual_Report_2024_1761268283694.pdf"
"Various Companies","Recent","Total","General","370","tonnes CO2e","annualreport_Annual_Report_2024_1761268283694.pdf"
"Various Companies","Recent","Total","General","752","tonnes CO2e","annualreport_Annual_Report_2024_1761268283694.pdf"
"Various Companies","Recent","Total","General","590","tonnes CO2e","annualreport_Annual_Report_2024_1761268283694.pdf"
"Various Companies","2023","Total","General","7760","tonnes CO2e","annualreport_Annual_Report_2024_1761268283694.pdf"
"Various Companies","Recent","Total","General","25258","tonnes CO2e","annualreport_Annual_Report_2024_1761268283694.pdf"
"Various Companies","Recent","Total","General","84","tonnes CO2e","annualreport_Annual_Report_2024_1761268283694.pdf"
"Various Companies","Recent","Total","General","651","tonnes CO2e","annualreport_Annual_Report_2024_1761268283694.pdf"
"Various Companies","Recent","Total","General","5332","tonnes CO2e","annualreport_Annual_Report_2024_1761268283694.pdf"
"Various Companies","Recent","Total","General","395","tonnes CO2e","annualreport_Annual_Report_2024_1761268283694.pdf"
"Various Companies","Recent","Total","General","1212","tonnes CO2e","annualreport_Annual_Report_2024_1761268283694.pdf"
"Various Companies","Recent","Total","General","1677","tonnes CO2e","annualreport_Annual_Report_2024_1761268283694.pdf"
"Various Companies","Recent","Total","General","1581","tonnes CO2e","annualreport_Annual_Report_2024_1761268283694.pdf"
"Various Companies","Recent","Total","General","690","tonnes CO2e","annualreport_Annual_Report_2024_1761268283694.pdf"
"Various Companies","Recent","Total","General","32190","tonnes CO2e","annualreport_Annual_Report_2024_1761268283694.pdf"
"Various Companies","Recent","Total","General","48","tonnes CO2e","annualreport_Annual_Report_2024_1761268283694.pdf"
"Various Companies","Recent","Total","General","31","tonnes CO2e","annualreport_Annual_Report_2024_1761268283694.pdf"
"Various Companies","Recent","Total","General","18","tonnes CO2e","annualreport_Annual_Report_2024_1761268283694.pdf"
"Various Companies","Recent","Total","General","35","tonnes CO2e","annualreport_Annual_Report_2024_1761268283694.pdf"
"Various Companies","Recent","Total","General","50","tonnes CO2e","annualreport_Annual_Report_2024_1761268283694.pdf"
"Various Companies","2023","Total","General","10","tonnes CO2e","annualreport_Annual_Report_2024_1761268283694.pdf"
"Various Companies","Recent","Total","General","658","tonnes CO2e","annualreport_Annual_Report_2024_1761268283694.pdf"
"Various Companies","Recent","Total","General","105","tonnes CO2e","annualreport_Annual_Report_2024_1761268283694.pdf"
"Various Companies","Recent","Total","General","89","tonnes CO2e","annualreport_Annual_Report_2024_1761268283694.pdf"
"Various Companies","Recent","Total","General","197","tonnes CO2e","annualreport_Annual_Report_2024_1761268283694.pdf"
"Various Companies","Recent","Total","General","1271","tonnes CO2e","annualreport_Annual_Report_2024_1761268283694.pdf"
"Various Companies","Recent","Total","General","8739","tonnes CO2e","annualreport_Annual_Report_2024_1761268283694.pdf"
"Various Companies","Recent","Total","General","36","tonnes CO2e","annualreport_Annual_Report_2024_1761268283694.pdf"
"Various Companies","Recent","Total","General","558","tonnes CO2e","annualreport_Annual_Report_2024_1761268283694.pdf"
"Various Companies","Recent","Total","General","2451","tonnes CO2e","annualreport_Annual_Report_2024_1761268283694.pdf"
"Various Companies","Recent","Total","General","617","tonnes CO2e","annualreport_Annual_Report_2024_1761268283694.pdf"
"Various Companies","Recent","Total","General","2300","tonnes CO2e","annualreport_Annual_Report_2024_1761268283694.pdf"
"Various Companies","Recent","Total","General","169","tonnes CO2e","annualreport_Annual_Report_2024_1761268283694.pdf"
"Various Companies","Recent","Total","General","275","tonnes CO2e","annualreport_Annual_Report_2024_1761268283694.pdf"
"Various Companies","Recent","Total","General","12","tonnes CO2e","annualreport_Annual_Report_2024_1761268283694.pdf"
"Various Companies","Recent","Total","General","8666","tonnes CO2e","annualreport_Annual_Report_2024_1761268283694.pdf"
"Various Companies","Recent","Total","General","10132","tonnes CO2e","annualreport_Annual_Report_2024_1761268283694.pdf"
"Various Companies","2023","Total","General","0.1","tonnes CO2e","annualreport_Annual_Report_2024_1761268283694.pdf"
"Various Companies","2023","Total","General","0.6","tonnes CO2e","annualreport_Annual_Report_2024_1761268283694.pdf"
"Various Companies","Recent","Total","General","3.9","tonnes CO2e","annualreport_Annual_Report_2024_1761268283694.pdf"
"Various Companies","Recent","Total","General","744","tonnes CO2e","annualreport_Annual_Report_2024_1761268283694.pdf"
"Various Companies","Recent","Total","General","143","tonnes CO2e","annualreport_Annual_Report_2024_1761268283694.pdf"
"Various Companies","Recent","Total","General","9","tonnes CO2e","annualreport_Annual_Report_2024_1761268283694.pdf"
"Various Companies","Recent","Total","General","11","tonnes CO2e","annualreport_Annual_Report_2024_1761268283694.pdf"
"Various Companies","Recent","Total","General","704","tonnes CO2e","annualreport_Annual_Report_2024_1761268283694.pdf"
"Various Companies","Recent","Total","General","821","tonnes CO2e","annualreport_Annual_Report_2024_1761268283694.pdf"
"Various Companies","2023","Total","General","15","tonnes CO2e","annualreport_Annual_Report_2024_1761268283694.pdf"
"Various Companies","2024","Total","General","245","tonnes CO2e","annualreport_Annual_Report_2024_1761268283694.pdf"
"Various Companies","Recent","Total","General","7.5","tonnes CO2e","annualreport_Annual_Report_2024_1761268283694.pdf"
"Various Companies","2023","Total","General","3485","tonnes CO2e","annualreport_Annual_Report_2024_1761268283694.pdf"
"Various Companies","2023","Total","General","4732","tonnes CO2e","annualreport_Annual_Report_2024_1761268283694.pdf"
"Various Companies","2023","Total","General","772","tonnes CO2e","annualreport_Annual_Report_2024_1761268283694.pdf"
"Various Companies","2023","Total","General","51911","tonnes CO2e","annualreport_Annual_Report_2024_1761268283694.pdf"
"Various Companies","2023","Total","General","11846","tonnes CO2e","annualreport_Annual_Report_2024_1761268283694.pdf"
"Various Companies","2023","Total","General","2494","tonnes CO2e","annualreport_Annual_Report_2024_1761268283694.pdf"
"Various Companies","2024","Total","General","2.213","tonnes CO2e","annualreport_Annual_Report_2024_1761268283694.pdf"
"Various Companies","2023","Total","General","2.89","tonnes CO2e","annualreport_Annual_Report_2024_1761268283694.pdf"
"Various Companies","Recent","Total","General","6.6","tonnes CO2e","annualreport_Annual_Report_2024_1761268283694.pdf"
"Various Companies","Recent","Total","General","99","tonnes CO2e","annualreport_Annual_Report_2024_1761268283694.pdf"
"Various Companies","Recent","Scope 1","Energy","2.1","tonnes CO2e","annualreport_Annual_Report_2024_1761268283694.pdf"
"Various Companies","Recent","Scope 1","General","2.1","tonnes CO2e","annualreport_Annual_Report_2024_1761268283694.pdf"
"Various Companies","Recent","Total","Direct Emissions","34","tonnes CO2e","annualreport_Annual_Report_2024_1761268283694.pdf"
"Various Companies","Recent","Total","General","2450","tonnes CO2e","annualreport_Annual_Report_2024_1761268283694.pdf"
"Various Companies","2026","Scope 1","General","1","tonnes CO2e","annualreport_Annual_Report_2024_1761268283694.pdf"
"Various Companies","Recent","Scope 1","Energy","2","tonnes CO2e","annualreport_Annual_Report_2024_1761268283694.pdf"
"Various Companies","2024","Scope 2","Energy","2024","tonnes CO2e","annualreport_Annual_Report_2024_1761268283694.pdf"
"Various Companies","Recent","Scope 2","General","100","tonnes CO2e","annualreport_Annual_Report_2024_1761268283694.pdf"
"Various Companies","Recent","Scope 2","Direct Emissions","71","tonnes CO2e","annualreport_Annual_Report_2024_1761268283694.pdf"
"Various Companies","2030","Scope 3","General","15","tonnes CO2e","annualreport_Annual_Report_2024_1761268283694.pdf"
"Various Companies","2024","Scope 3","General","15","tonnes CO2e","annualreport_Annual_Report_2024_1761268283694.pdf"
"Various Companies","Recent","Scope 3","Direct Emissions","15","tonnes CO2e","annualreport_Annual_Report_2024_1761268283694.pdf"
"Apple","2015","Total","General","60","tonnes CO2e","Apple_Environmental_Progress_Report_2025.pdf"
"Apple","Recent","Total","General","60","tonnes CO2e","Apple_Environmental_Progress_Report_2025.pdf"
"Apple","Recent","Scope 1","General","3","tonnes CO2e","Apple_Environmental_Progress_Report_2025.pdf"
"Apple","2015","Total","General","2050","tonnes CO2e","Apple_Environmental_Progress_Report_2025.pdf"
"Apple","2030","Total","General","75","tonnes CO2e","Apple_Environmental_Progress_Report_2025.pdf"
"Apple","2015","Total","General","76","tonnes CO2e","Apple_Environmental_Progress_Report_2025.pdf"
"Apple","2024","Total","Energy","4","tonnes CO2e","Apple_Environmental_Progress_Report_2025.pdf"
"Apple","2023","Scope 1","General","100","tonnes CO2e","Apple_Environmental_Progress_Report_2025.pdf"
"Apple","2025","Total","Direct Emissions","100","tonnes CO2e","Apple_Environmental_Progress_Report_2025.pdf"
"Apple","2015","Total","General","90","tonnes CO2e","Apple_Environmental_Progress_Report_2025.pdf"
"Apple","Recent","Total","General","30000","tonnes CO2e","Apple_Environmental_Progress_Report_2025.pdf"
"Apple","2030","Total","General","468","tonnes CO2e","Apple_Environmental_Progress_Report_2025.pdf"
"Apple","Recent","Total","General","42","tonnes CO2e","Apple_Environmental_Progress_Report_2025.pdf"
"Apple","2030","Total","General","2050","tonnes CO2e","Apple_Environmental_Progress_Report_2025.pdf"
"Apple","Recent","Scope 2","General","2","tonnes CO2e","Apple_Environmental_Progress_Report_2025.pdf"
"Apple","Recent","Scope 3","Transportation","3","tonnes CO2e","Apple_Environmental_Progress_Report_2025.pdf"
"Apple","Recent","Scope 3","Purchased Goods","3","tonnes CO2e","Apple_Environmental_Progress_Report_2025.pdf"
"Apple","Recent","Total","General","500000","tonnes CO2e","Apple_Environmental_Progress_Report_2025.pdf"
"Apple","Recent","Scope 1","Direct Emissions","2","tonnes CO2e","Apple_Environmental_Progress_Report_2025.pdf"
"Apple","2022","Scope 3","General","2","tonnes CO2e","Apple_Environmental_Progress_Report_2025.pdf"
"Apple","2021","Scope 2","General","2","tonnes CO2e","Apple_Environmental_Progress_Report_2025.pdf"
"Apple","2020","Total","General","5","tonnes CO2e","Apple_Environmental_Progress_Report_2025.pdf"
"Apple","Recent","Scope 1","General","1","tonnes CO2e","Apple_Environmental_Progress_Report_2025.pdf"
"Apple","Recent","Total","General","471400","tonnes CO2e","Apple_Environmental_Progress_Report_2025.pdf"
"Apple","Recent","Total","General","167000","tonnes CO2e","Apple_Environmental_Progress_Report_2025.pdf"
"Apple","Recent","Total","General","53000","tonnes CO2e","Apple_Environmental_Progress_Report_2025.pdf"
"Apple","2021","Total","Direct Emissions","13","tonnes CO2e","Apple_Environmental_Progress_Report_2025.pdf"
"Apple","2025","Total","General","9","tonnes CO2e","Apple_Environmental_Progress_Report_2025.pdf"
"Apple","2030","Total","Direct Emissions","75","tonnes CO2e","Apple_Environmental_Progress_Report_2025.pdf"
"Apple","Recent","Total","General","2","tonnes CO2e","Apple_Environmental_Progress_Report_2025.pdf"
"Apple","2024","Total","General","3300","tonnes CO2e","Apple_Environmental_Progress_Report_2025.pdf"
"Apple","2024","Total","General","117800","tonnes CO2e","Apple_Environmental_Progress_Report_2025.pdf"
"Apple","2024","Total","General","72000","tonnes CO2e","Apple_Environmental_Progress_Report_2025.pdf"
"Apple","2024","Total","General","187700","tonnes CO2e","Apple_Environmental_Progress_Report_2025.pdf"
"Apple","2024","Total","General","155400","tonnes CO2e","Apple_Environmental_Progress_Report_2025.pdf"
"Apple","2024","Total","General","34500","tonnes CO2e","Apple_Environmental_Progress_Report_2025.pdf"
"Apple","2024","Total","General","126800","tonnes CO2e","Apple_Environmental_Progress_Report_2025.pdf"
"Apple","Recent","Scope 1","General","55200","tonnes CO2e","Apple_Environmental_Progress_Report_2025.pdf"
"Apple","Recent","Scope 1","General","4.68","tonnes CO2e","Apple_Environmental_Progress_Report_2025.pdf"
"Apple","Recent","Total","General","29.03","tonnes CO2e","Apple_Environmental_Progress_Report_2025.pdf"
"Apple","Recent","Total","Energy","3","tonnes CO2e","Apple_Environmental_Progress_Report_2025.pdf"
"Apple","Recent","Scope 3","General","35.73","tonnes CO2e","Apple_Environmental_Progress_Report_2025.pdf"
"Apple","Recent","Scope 3","General","3","tonnes CO2e","Apple_Environmental_Progress_Report_2025.pdf"
"Apple","2015","Scope 3","General","3","tonnes CO2e","Apple_Environmental_Progress_Report_2025.pdf"
"Apple","2030","Total","Energy","100","tonnes CO2e","Apple_Environmental_Progress_Report_2025.pdf"
"Apple","2030","Total","General","6","tonnes CO2e","Apple_Environmental_Progress_Report_2025.pdf"
"Apple","Recent","Scope 1","General","2","tonnes CO2e","Apple_Environmental_Progress_Report_2025.pdf"
"Apple","Recent","Total","Transportation","50","tonnes CO2e","Apple_Environmental_Progress_Report_2025.pdf"
"Apple","2019","Total","General","33.4","tonnes CO2e","Apple_Environmental_Progress_Report_2025.pdf"
"Apple","2024","Total","Energy","41","tonnes CO2e","Apple_Environmental_Progress_Report_2025.pdf"
"Apple","2025","Total","General","1700","tonnes CO2e","Apple_Environmental_Progress_Report_2025.pdf"
"Apple","Recent","Total","Energy","18000","tonnes CO2e","Apple_Environmental_Progress_Report_2025.pdf"
"Apple","2024","Total","Energy","93000","tonnes CO2e","Apple_Environmental_Progress_Report_2025.pdf"
"Apple","2023","Total","Energy","2","tonnes CO2e","Apple_Environmental_Progress_Report_2025.pdf"
"Apple","2023","Total","Energy","21.8","tonnes CO2e","Apple_Environmental_Progress_Report_2025.pdf"
"Apple","2023","Total","General","1","tonnes CO2e","Apple_Environmental_Progress_Report_2025.pdf"
"Apple","2022","Total","General","8.5","tonnes CO2e","Apple_Environmental_Progress_Report_2025.pdf"
"Apple","2024","Total","Direct Emissions","40000","tonnes CO2e","Apple_Environmental_Progress_Report_2025.pdf"
"Apple","2024","Total","Waste","3.6","tonnes CO2e","Apple_Environmental_Progress_Report_2025.pdf"
"Apple","2024","Total","Direct Emissions","18700","tonnes CO2e","Apple_Environmental_Progress_Report_2025.pdf"
"Apple","2024","Total","Waste","22500","tonnes CO2e","Apple_Environmental_Progress_Report_2025.pdf"
"Apple","2024","Total","General","840","tonnes CO2e","Apple_Environmental_Progress_Report_2025.pdf"
"Apple","2024","Total","Waste","60","tonnes CO2e","Apple_Environmental_Progress_Report_2025.pdf"
"Apple","2024","Total","Direct Emissions","600000","tonnes CO2e","Apple_Environmental_Progress_Report_2025.pdf"
"Apple","2024","Total","Direct Emissions","3.6","tonnes CO2e","Apple_Environmental_Progress_Report_2025.pdf"
"Apple","Recent","Total","Waste","350000","tonnes CO2e","Apple_Environmental_Progress_Report_2025.pdf"
"Apple","2024","Total","Transportation","33000","tonnes CO2e","Apple_Environmental_Progress_Report_2025.pdf"
"Apple","2024","Total","Waste","36000","tonnes CO2e","Apple_Environmental_Progress_Report_2025.pdf"
"Apple","2024","Total","Waste","1800","tonnes CO2e","Apple_Environmental_Progress_Report_2025.pdf"
"Apple","Recent","Total","General","580000","tonnes CO2e","Apple_Environmental_Progress_Report_2025.pdf"
"Apple","2023","Total","General","471400","tonnes CO2e","Apple_Environmental_Progress_Report_2025.pdf"
"Apple","2022","Total","General","324100","tonnes CO2e","Apple_Environmental_Progress_Report_2025.pdf"
"Apple","2021","Total","General","167000","tonnes CO2e","Apple_Environmental_Progress_Report_2025.pdf"
"Apple","2021","Total","Direct Emissions","500000","tonnes CO2e","Apple_Environmental_Progress_Report_2025.pdf"
"Apple","2024","Total","General","7.3","tonnes CO2e","Apple_Environmental_Progress_Report_2025.pdf"
"Apple","2024","Total","Energy","3300","tonnes CO2e","Apple_Environmental_Progress_Report_2025.pdf"
"Apple","Recent","Total","General","18800","tonnes CO2e","Apple_Environmental_Progress_Report_2025.pdf"
"Apple","Recent","Total","Waste","1200","tonnes CO2e","Apple_Environmental_Progress_Report_2025.pdf"
"Apple","Recent","Total","General","36500","tonnes CO2e","Apple_Environmental_Progress_Report_2025.pdf"
"Apple","Recent","Total","General","4100","tonnes CO2e","Apple_Environmental_Progress_Report_2025.pdf"
"Apple","Recent","Total","Energy","1000","tonnes CO2e","Apple_Environmental_Progress_Report_2025.pdf"
"Apple","Recent","Total","General","5200","tonnes CO2e","Apple_Environmental_Progress_Report_2025.pdf"
"Apple","Recent","Total","General","22500","tonnes CO2e","Apple_Environmental_Progress_Report_2025.pdf"
"Apple","Recent","Total","General","1700","tonnes CO2e","Apple_Environmental_Progress_Report_2025.pdf"
"Apple","Recent","Scope 1","General","0.31","tonnes CO2e","Apple_Environmental_Progress_Report_2025.pdf"
"Apple","Recent","Scope 1","Transportation","29.03","tonnes CO2e","Apple_Environmental_Progress_Report_2025.pdf"
"Apple","Recent","Total","Transportation","20.83","tonnes CO2e","Apple_Environmental_Progress_Report_2025.pdf"
"Apple","Recent","Total","General","21.8","tonnes CO2e","Apple_Environmental_Progress_Report_2025.pdf"
"Apple","2024","Total","General","1.97","tonnes CO2e","Apple_Environmental_Progress_Report_2025.pdf"
"Apple","Recent","Total","General","8407304","tonnes CO2e","Apple_Environmental_Progress_Report_2025.pdf"
"Apple","2015","Scope 1","General","2","tonnes CO2e","Apple_Environmental_Progress_Report_2025.pdf"
"Apple","2030","Scope 1","General","2","tonnes CO2e","Apple_Environmental_Progress_Report_2025.pdf"
"Apple","Recent","Scope 1","Energy","55200","tonnes CO2e","Apple_Environmental_Progress_Report_2025.pdf"
"Apple","Recent","Scope 1","Energy","2","tonnes CO2e","Apple_Environmental_Progress_Report_2025.pdf"
"Apple","Recent","Scope 3","Energy","35.73","tonnes CO2e","Apple_Environmental_Progress_Report_2025.pdf"
"NASDAQ Dubai","Recent","Total","General","160","tonnes CO2e","CB-Annual_Report_2024_-_EN.pdf"
"NASDAQ Dubai","2024","Total","General","200","tonnes CO2e","CB-Annual_Report_2024_-_EN.pdf"
"NASDAQ Dubai","2024","Total","General","59.62","tonnes CO2e","CB-Annual_Report_2024_-_EN.pdf"
"NASDAQ Dubai","2015","Total","General","9001","tonnes CO2e","CB-Annual_Report_2024_-_EN.pdf"
"NASDAQ Dubai","2024","Total","Direct Emissions","3.3","tonnes CO2e","CB-Annual_Report_2024_-_EN.pdf"
"NASDAQ Dubai","2024","Total","General","100","tonnes CO2e","CB-Annual_Report_2024_-_EN.pdf"
"NASDAQ Dubai","2024","Total","General","5.6","tonnes CO2e","CB-Annual_Report_2024_-_EN.pdf"
"NASDAQ Dubai","2024","Total","General","997.1","tonnes CO2e","CB-Annual_Report_2024_-_EN.pdf"
"NASDAQ Dubai","2024","Total","General","9746.6","tonnes CO2e","CB-Annual_Report_2024_-_EN.pdf"
"NASDAQ Dubai","Recent","Total","General","7.1","tonnes CO2e","CB-Annual_Report_2024_-_EN.pdf"
"NASDAQ Dubai","Recent","Total","General","0.25","tonnes CO2e","CB-Annual_Report_2024_-_EN.pdf"
"NASDAQ Dubai","2024","Total","General","619","tonnes CO2e","CB-Annual_Report_2024_-_EN.pdf"
"NASDAQ Dubai","2024","Total","General","50","tonnes CO2e","CB-Annual_Report_2024_-_EN.pdf"
"NASDAQ Dubai","Recent","Total","General","2","tonnes CO2e","CB-Annual_Report_2024_-_EN.pdf"
"NASDAQ Dubai","2024","Total","General","6.1","tonnes CO2e","CB-Annual_Report_2024_-_EN.pdf"
"NASDAQ Dubai","Recent","Total","General","8","tonnes CO2e","CB-Annual_Report_2024_-_EN.pdf"
"NASDAQ Dubai","Recent","Total","General","14555400","tonnes CO2e","CB-Annual_Report_2024_-_EN.pdf"
"NASDAQ Dubai","2020","Total","General","5","tonnes CO2e","CB-Annual_Report_2024_-_EN.pdf"
"NASDAQ Dubai","Recent","Total","General","27303999","tonnes CO2e","CB-Annual_Report_2024_-_EN.pdf"
"NASDAQ Dubai","Recent","Total","General","70343","tonnes CO2e","CB-Annual_Report_2024_-_EN.pdf"
"NASDAQ Dubai","Recent","Total","General","68949","tonnes CO2e","CB-Annual_Report_2024_-_EN.pdf"
"NASDAQ Dubai","Recent","Total","General","210083","tonnes CO2e","CB-Annual_Report_2024_-_EN.pdf"
"NASDAQ Dubai","Recent","Total","General","14517998","tonnes CO2e","CB-Annual_Report_2024_-_EN.pdf"
"NASDAQ Dubai","Recent","Total","General","10801981","tonnes CO2e","CB-Annual_Report_2024_-_EN.pdf"
"NASDAQ Dubai","Recent","Total","General","7018898","tonnes CO2e","CB-Annual_Report_2024_-_EN.pdf"
"NASDAQ Dubai","Recent","Total","General","1519","tonnes CO2e","CB-Annual_Report_2024_-_EN.pdf"
"NASDAQ Dubai","Recent","Total","Direct Emissions","8.89","tonnes CO2e","CB-Annual_Report_2024_-_EN.pdf"
"NASDAQ Dubai","2023","Total","Direct Emissions","6.14","tonnes CO2e","CB-Annual_Report_2024_-_EN.pdf"
"NASDAQ Dubai","2024","Total","Direct Emissions","31","tonnes CO2e","CB-Annual_Report_2024_-_EN.pdf"
"NASDAQ Dubai","2023","Total","Direct Emissions","4.94","tonnes CO2e","CB-Annual_Report_2024_-_EN.pdf"
"NASDAQ Dubai","Recent","Total","General","41490327","tonnes CO2e","CB-Annual_Report_2024_-_EN.pdf"
"NASDAQ Dubai","Recent","Total","General","41795131","tonnes CO2e","CB-Annual_Report_2024_-_EN.pdf"
"NASDAQ Dubai","Recent","Total","General","41666375","tonnes CO2e","CB-Annual_Report_2024_-_EN.pdf"
"NASDAQ Dubai","Recent","Total","General","43093370","tonnes CO2e","CB-Annual_Report_2024_-_EN.pdf"
"NASDAQ Dubai","Recent","Total","General","40436124","tonnes CO2e","CB-Annual_Report_2024_-_EN.pdf"
"NASDAQ Dubai","Recent","Total","General","43431897","tonnes CO2e","CB-Annual_Report_2024_-_EN.pdf"
"NASDAQ Dubai","Recent","Total","General","1621371","tonnes CO2e","CB-Annual_Report_2024_-_EN.pdf"
"NASDAQ Dubai","Recent","Total","General","46513820","tonnes CO2e","CB-Annual_Report_2024_-_EN.pdf"
"NASDAQ Dubai","Recent","Total","General","28786109","tonnes CO2e","CB-Annual_Report_2024_-_EN.pdf"
"NASDAQ Dubai","Recent","Total","General","34259888","tonnes CO2e","CB-Annual_Report_2024_-_EN.pdf"
"NASDAQ Dubai","Recent","Total","General","13537204","tonnes CO2e","CB-Annual_Report_2024_-_EN.pdf"
"NASDAQ Dubai","Recent","Total","General","12303636","tonnes CO2e","CB-Annual_Report_2024_-_EN.pdf"
"NASDAQ Dubai","Recent","Total","General","87507","tonnes CO2e","CB-Annual_Report_2024_-_EN.pdf"
"NASDAQ Dubai","Recent","Total","Direct Emissions","64682","tonnes CO2e","CB-Annual_Report_2024_-_EN.pdf"
"NASDAQ Dubai","Recent","Total","General","45756852","tonnes CO2e","CB-Annual_Report_2024_-_EN.pdf"
"NASDAQ Dubai","Recent","Total","General","46798200","tonnes CO2e","CB-Annual_Report_2024_-_EN.pdf"
"NASDAQ Dubai","Recent","Total","General","9855932","tonnes CO2e","CB-Annual_Report_2024_-_EN.pdf"
"NASDAQ Dubai","Recent","Total","General","10548023","tonnes CO2e","CB-Annual_Report_2024_-_EN.pdf"
"NASDAQ Dubai","Recent","Total","General","6660000","tonnes CO2e","CB-Annual_Report_2024_-_EN.pdf"
"NASDAQ Dubai","Recent","Total","General","2290102","tonnes CO2e","CB-Annual_Report_2024_-_EN.pdf"
"NASDAQ Dubai","Recent","Total","General","2119757","tonnes CO2e","CB-Annual_Report_2024_-_EN.pdf"
"NASDAQ Dubai","Recent","Total","General","927425","tonnes CO2e","CB-Annual_Report_2024_-_EN.pdf"
"NASDAQ Dubai","Recent","Total","General","28108255","tonnes CO2e","CB-Annual_Report_2024_-_EN.pdf"
"NASDAQ Dubai","Recent","Total","General","20678873","tonnes CO2e","CB-Annual_Report_2024_-_EN.pdf"
"NASDAQ Dubai","Recent","Total","General","351829","tonnes CO2e","CB-Annual_Report_2024_-_EN.pdf"
"NASDAQ Dubai","Recent","Total","General","47096","tonnes CO2e","CB-Annual_Report_2024_-_EN.pdf"
"NASDAQ Dubai","2024","Total","General","14.05","tonnes CO2e","CB-Annual_Report_2024_-_EN.pdf"
"NASDAQ Dubai","2023","Total","General","31","tonnes CO2e","CB-Annual_Report_2024_-_EN.pdf"
"NASDAQ Dubai","Recent","Total","General","36.84","tonnes CO2e","CB-Annual_Report_2024_-_EN.pdf"
"NASDAQ Dubai","2024","Total","General","31","tonnes CO2e","CB-Annual_Report_2024_-_EN.pdf"
"NASDAQ Dubai","Recent","Total","General","71794","tonnes CO2e","CB-Annual_Report_2024_-_EN.pdf"
"NASDAQ Dubai","Recent","Total","General","17566480","tonnes CO2e","CB-Annual_Report_2024_-_EN.pdf"
"NASDAQ Dubai","Recent","Total","General","17428553","tonnes CO2e","CB-Annual_Report_2024_-_EN.pdf"
"NASDAQ Dubai","2028","Total","General","32765199","tonnes CO2e","CB-Annual_Report_2024_-_EN.pdf"
"NASDAQ Dubai","Recent","Total","General","857987","tonnes CO2e","CB-Annual_Report_2024_-_EN.pdf"
"NASDAQ Dubai","Recent","Total","General","1195345","tonnes CO2e","CB-Annual_Report_2024_-_EN.pdf"
"NASDAQ Dubai","Recent","Total","General","3674761","tonnes CO2e","CB-Annual_Report_2024_-_EN.pdf"
"NASDAQ Dubai","Recent","Total","General","651218","tonnes CO2e","CB-Annual_Report_2024_-_EN.pdf"
"NASDAQ Dubai","2022","Total","General","7","tonnes CO2e","CB-Annual_Report_2024_-_EN.pdf"
"NASDAQ Dubai","Recent","Total","General","1000","tonnes CO2e","CB-Annual_Report_2024_-_EN.pdf"
"NASDAQ Dubai","Recent","Total","General","470828","tonnes CO2e","CB-Annual_Report_2024_-_EN.pdf"
"NASDAQ Dubai","Recent","Total","General","492182","tonnes CO2e","CB-Annual_Report_2024_-_EN.pdf"
"NASDAQ Dubai","Recent","Total","General","522069","tonnes CO2e","CB-Annual_Report_2024_-_EN.pdf"
"NASDAQ Dubai","Recent","Total","General","723255","tonnes CO2e","CB-Annual_Report_2024_-_EN.pdf"
"NASDAQ Dubai","Recent","Total","General","675716","tonnes CO2e","CB-Annual_Report_2024_-_EN.pdf"
"NASDAQ Dubai","Recent","Total","General","10444966","tonnes CO2e","CB-Annual_Report_2024_-_EN.pdf"
"NASDAQ Dubai","Recent","Total","General","14240964","tonnes CO2e","CB-Annual_Report_2024_-_EN.pdf"
"NASDAQ Dubai","Recent","Total","General","860774","tonnes CO2e","CB-Annual_Report_2024_-_EN.pdf"
"NASDAQ Dubai","Recent","Total","General","599052","tonnes CO2e","CB-Annual_Report_2024_-_EN.pdf"
"NASDAQ Dubai","Recent","Total","Direct Emissions","9105001","tonnes CO2e","CB-Annual_Report_2024_-_EN.pdf"
"NASDAQ Dubai","Recent","Total","General","44241302","tonnes CO2e","CB-Annual_Report_2024_-_EN.pdf"
"NASDAQ Dubai","Recent","Total","General","22853712","tonnes CO2e","CB-Annual_Report_2024_-_EN.pdf"
"NASDAQ Dubai","Recent","Total","General","29","tonnes CO2e","CB-Annual_Report_2024_-_EN.pdf"
"NASDAQ Dubai","Recent","Total","General","50","tonnes CO2e","CB-Annual_Report_2024_-_EN.pdf"
"NASDAQ Dubai","Recent","Total","General","28","tonnes CO2e","CB-Annual_Report_2024_-_EN.pdf"
"NASDAQ Dubai","Recent","Total","General","32","tonnes CO2e","CB-Annual_Report_2024_-_EN.pdf"
"NASDAQ Dubai","Recent","Total","General","3519640","tonnes CO2e","CB-Annual_Report_2024_-_EN.pdf"
"NASDAQ Dubai","Recent","Total","General","1530098","tonnes CO2e","CB-Annual_Report_2024_-_EN.pdf"
"NASDAQ Dubai","Recent","Total","Direct Emissions","20459311","tonnes CO2e","CB-Annual_Report_2024_-_EN.pdf"
"NASDAQ Dubai","Recent","Total","General","89936","tonnes CO2e","CB-Annual_Report_2024_-_EN.pdf"
"NASDAQ Dubai","Recent","Total","General","953845","tonnes CO2e","CB-Annual_Report_2024_-_EN.pdf"
"NASDAQ Dubai","Recent","Total","General","4388724","tonnes CO2e","CB-Annual_Report_2024_-_EN.pdf"
"NASDAQ Dubai","Recent","Total","General","45465928","tonnes CO2e","CB-Annual_Report_2024_-_EN.pdf"
"NASDAQ Dubai","Recent","Total","General","20068274","tonnes CO2e","CB-Annual_Report_2024_-_EN.pdf"
"NASDAQ Dubai","Recent","Total","General","1063500","tonnes CO2e","CB-Annual_Report_2024_-_EN.pdf"
"NASDAQ Dubai","Recent","Total","General","1772217","tonnes CO2e","CB-Annual_Report_2024_-_EN.pdf"
"NASDAQ Dubai","Recent","Total","General","3718839","tonnes CO2e","CB-Annual_Report_2024_-_EN.pdf"
"NASDAQ Dubai","Recent","Total","General","3067346","tonnes CO2e","CB-Annual_Report_2024_-_EN.pdf"
"NASDAQ Dubai","Recent","Total","General","13800597","tonnes CO2e","CB-Annual_Report_2024_-_EN.pdf"
"NASDAQ Dubai","Recent","Total","General","8052376","tonnes CO2e","CB-Annual_Report_2024_-_EN.pdf"
"NASDAQ Dubai","Recent","Total","General","4663035","tonnes CO2e","CB-Annual_Report_2024_-_EN.pdf"
"NASDAQ Dubai","Recent","Total","General","4822635","tonnes CO2e","CB-Annual_Report_2024_-_EN.pdf"
"NASDAQ Dubai","Recent","Total","General","260765","tonnes CO2e","CB-Annual_Report_2024_-_EN.pdf"
"NASDAQ Dubai","Recent","Total","General","44628","tonnes CO2e","CB-Annual_Report_2024_-_EN.pdf"
"NASDAQ Dubai","Recent","Total","General","1135328","tonnes CO2e","CB-Annual_Report_2024_-_EN.pdf"
"NASDAQ Dubai","Recent","Total","Direct Emissions","1434451","tonnes CO2e","CB-Annual_Report_2024_-_EN.pdf"
"NASDAQ Dubai","Recent","Total","General","35492","tonnes CO2e","CB-Annual_Report_2024_-_EN.pdf"
"NASDAQ Dubai","Recent","Total","General","26525","tonnes CO2e","CB-Annual_Report_2024_-_EN.pdf"
"NASDAQ Dubai","Recent","Total","General","665747","tonnes CO2e","CB-Annual_Report_2024_-_EN.pdf"
"NASDAQ Dubai","Recent","Total","General","437334","tonnes CO2e","CB-Annual_Report_2024_-_EN.pdf"
"NASDAQ Dubai","Recent","Total","General","14899589","tonnes CO2e","CB-Annual_Report_2024_-_EN.pdf"
"NASDAQ Dubai","Recent","Total","Direct Emissions","8078901","tonnes CO2e","CB-Annual_Report_2024_-_EN.pdf"
"NASDAQ Dubai","Recent","Total","General","8078901","tonnes CO2e","CB-Annual_Report_2024_-_EN.pdf"
"NASDAQ Dubai","Recent","Total","General","10182949","tonnes CO2e","CB-Annual_Report_2024_-_EN.pdf"
"NASDAQ Dubai","Recent","Total","General","9761766","tonnes CO2e","CB-Annual_Report_2024_-_EN.pdf"
"NASDAQ Dubai","2024","Total","Direct Emissions","824","tonnes CO2e","CB-Annual_Report_2024_-_EN.pdf"
"NASDAQ Dubai","2024","Total","Direct Emissions","196907","tonnes CO2e","CB-Annual_Report_2024_-_EN.pdf"
"NASDAQ Dubai","2024","Total","Transportation","10","tonnes CO2e","CB-Annual_Report_2024_-_EN.pdf"
"Various Companies","Recent","Scope 1","General","2","tonnes CO2e","DE_Royal-Avebe-integrierter-Geschaftsbericht-2022_2023.pdf"
"Various Companies","Recent","Scope 2","General","2","tonnes CO2e","DE_Royal-Avebe-integrierter-Geschaftsbericht-2022_2023.pdf"
"Various Companies","Recent","Scope 1","General","3","tonnes CO2e","DFX_SUSTAIN_REPORT_DE.pdf"
"Various Companies","Recent","Scope 1","Direct Emissions","2","tonnes CO2e","DFX_SUSTAIN_REPORT_EN.pdf"
"Various Companies","2022","Total","General","1","tonnes CO2e","DFX_SUSTAIN_REPORT_EN.pdf"
"Various Companies","Recent","Scope 1","General","3","tonnes CO2e","DFX_SUSTAIN_REPORT_EN.pdf"
"Various Companies","2022","Total","General","1","tonnes CO2e","DFX_SUSTAIN_REPORT_FR.pdf"
"Various Companies","Recent","Total","General","500","tonnes CO2e","DFX_SUSTAIN_REPORT_FR.pdf"
"Various Companies","Recent","Total","General","3","tonnes CO2e","DFX_SUSTAIN_REPORT_FR.pdf"
"Various Companies","Recent","Scope 1","Direct Emissions","3","tonnes CO2e","DFX_SUSTAIN_REPORT_NL.pdf"
"Various Companies","Recent","Scope 1","General","3","tonnes CO2e","DFX_SUSTAIN_REPORT_NL.pdf"
"Various Companies","Recent","Total","General","5.7","tonnes CO2e","EN_Royal-Avebe-integrated-annual-report-2022_2023.pdf"
"Various Companies","Recent","Total","General","14","tonnes CO2e","EN_Royal-Avebe-integrated-annual-report-2022_2023.pdf"
"Various Companies","Recent","Scope 1","General","2","tonnes CO2e","EN_Royal-Avebe-integrated-annual-report-2022_2023.pdf"
"Various Companies","2018","Total","General","11.5","tonnes CO2e","EN_Royal-Avebe-integrated-annual-report-2022_2023.pdf"
"Various Companies","2023","Total","General","31","tonnes CO2e","EN_Royal-Avebe-integrated-annual-report-2022_2023.pdf"
"Various Companies","Recent","Total","General","3","tonnes CO2e","EN_Royal-Avebe-integrated-annual-report-2022_2023.pdf"
"Various Companies","Recent","Total","General","9.5","tonnes CO2e","EN_Royal-Avebe-integrated-annual-report-2022_2023.pdf"
"Various Companies","Recent","Total","General","294","tonnes CO2e","EN_Royal-Avebe-integrated-annual-report-2022_2023.pdf"
"Various Companies","Recent","Total","General","7","tonnes CO2e","EN_Royal-Avebe-integrated-annual-report-2022_2023.pdf"
"Various Companies","Recent","Total","General","677390","tonnes CO2e","EN_Royal-Avebe-integrated-annual-report-2022_2023.pdf"
"Various Companies","Recent","Scope 1","Direct Emissions","1","tonnes CO2e","EN_Royal-Avebe-integrated-annual-report-2022_2023.pdf"
"Various Companies","Recent","Scope 2","Direct Emissions","2","tonnes CO2e","EN_Royal-Avebe-integrated-annual-report-2022_2023.pdf"
"Various Companies","Recent","Total","General","43","tonnes CO2e","EN_Royal-Avebe-integrated-annual-report-2022_2023.pdf"
"Various Companies","Recent","Total","General","5","tonnes CO2e","EN_Royal-Avebe-integrated-annual-report-2022_2023.pdf"
"Various Companies","Recent","Total","General","0.175","kt CO2e","EN_Royal-Avebe-integrated-annual-report-2022_2023.pdf"
"Various Companies","Recent","Total","General","103000","tonnes CO2e","EN_Royal-Avebe-integrated-annual-report-2022_2023.pdf"
"Various Companies","Recent","Total","Energy","225","tonnes CO2e","EN_Royal-Avebe-integrated-annual-report-2022_2023.pdf"
"Various Companies","Recent","Total","General","10000","tonnes CO2e","EN_Royal-Avebe-integrated-annual-report-2022_2023.pdf"
"PwC","Recent","Scope 1","Direct Emissions","66","tonnes CO2e","esg-report-2024-en-v2.pdf"
"PwC","Recent","Scope 1","Direct Emissions","67","tonnes CO2e","esg-report-2024-en-v2.pdf"
"PwC","Recent","Scope 2","Direct Emissions","69","tonnes CO2e","esg-report-2024-en-v2.pdf"
"PwC","Recent","Total","Energy","50","tonnes CO2e","esg-report-2024-en-v2.pdf"
"PwC","2023","Total","General","3","tonnes CO2e","esg-report-2024-en-v2.pdf"
"PwC","Recent","Total","General","3","tonnes CO2e","esg-report-2024-en-v2.pdf"
"PwC","Recent","Scope 1","General","3","tonnes CO2e","esg-report-2024-en-v2.pdf"
"PwC","2024","Total","General","37","tonnes CO2e","esg-report-2024-en-v2.pdf"
"PwC","2019","Total","Energy","43","tonnes CO2e","esg-report-2024-en-v2.pdf"
"PwC","2024","Total","Direct Emissions","1","tonnes CO2e","esg-report-2024-en-v2.pdf"
"PwC","Recent","Total","Direct Emissions","2","tonnes CO2e","esg-report-2024-en-v2.pdf"
"PwC","2022","Total","General","3","tonnes CO2e","esg-report-2024-en-v2.pdf"
"PwC","Recent","Total","General","50","tonnes CO2e","esg-report-2024-en-v2.pdf"
"PwC","2019","Total","General","47","tonnes CO2e","esg-report-2024-en-v2.pdf"
"PwC","Recent","Scope 1","Direct Emissions","1","tonnes CO2e","esg-report-2024-en-v2.pdf"
"PwC","Recent","Scope 2","Direct Emissions","2","tonnes CO2e","esg-report-2024-en-v2.pdf"
"PwC","Recent","Scope 3","Direct Emissions","3","tonnes CO2e","esg-report-2024-en-v2.pdf"
"PwC","2021","Total","General","26.14","tonnes CO2e","esg-report-2024-en-v2.pdf"
"PwC","Recent","Total","General","359","tonnes CO2e","esg-report-2024-en-v2.pdf"
"PwC","2023","Total","General","2786","tonnes CO2e","esg-report-2024-en-v2.pdf"
"PwC","2016","Total","Energy","305","tonnes CO2e","esg-report-2024-en-v2.pdf"
"PwC","Recent","Scope 1","Direct Emissions","305","tonnes CO2e","esg-report-2024-en-v2.pdf"
"PwC","Recent","Scope 2","Direct Emissions","305","tonnes CO2e","esg-report-2024-en-v2.pdf"
"PwC","Recent","Scope 3","Direct Emissions","305","tonnes CO2e","esg-report-2024-en-v2.pdf"
"Google","2019","Total","General","13","tonnes CO2e","google-2020-environmental-report.pdf"
"Google","Recent","Total","Energy","7","tonnes CO2e","google-2020-environmental-report.pdf"
"Google","Recent","Scope 1","General","2","tonnes CO2e","google-2020-environmental-report.pdf"
"Google","2020","Total","Energy","7","tonnes CO2e","google-2020-environmental-report.pdf"
"Google","2020","Total","General","14","tonnes CO2e","google-2020-environmental-report.pdf"
"Google","Recent","Total","Energy","1.7","tonnes CO2e","google-2020-environmental-report.pdf"
"Google","2030","Total","Energy","7","tonnes CO2e","google-2020-environmental-report.pdf"
"Google","2019","Scope 1","General","2","tonnes CO2e","google-2020-environmental-report.pdf"
"Google","Recent","Scope 1","Energy","2","tonnes CO2e","google-2020-environmental-report.pdf"
"Google","Recent","Scope 1","Energy","860000","tonnes CO2e","google-2020-environmental-report.pdf"
"Google","Recent","Scope 1","Transportation","3","tonnes CO2e","google-2020-environmental-report.pdf"
"Google","Recent","Total","General","1","tonnes CO2e","google-2020-environmental-report.pdf"
"Google","Recent","Total","General","11","tonnes CO2e","google-2020-environmental-report.pdf"
"Google","Recent","Total","Energy","83","tonnes CO2e","google-2020-environmental-report.pdf"
"Google","Recent","Total","General","12","tonnes CO2e","google-2020-environmental-report.pdf"
"Google","Recent","Total","Energy","13","tonnes CO2e","google-2020-environmental-report.pdf"
"Google","Recent","Total","Energy","2","tonnes CO2e","google-2020-environmental-report.pdf"
"Google","Recent","Total","General","20","tonnes CO2e","google-2020-environmental-report.pdf"
"Google","2017","Total","General","10","tonnes CO2e","google-2020-environmental-report.pdf"
"Google","2030","Total","General","7","tonnes CO2e","google-2020-environmental-report.pdf"
"Google","Recent","Total","General","7","tonnes CO2e","google-2020-environmental-report.pdf"
"Google","Recent","Scope 1","General","1","tonnes CO2e","google-2020-environmental-report.pdf"
"Google","2030","Scope 1","General","2","tonnes CO2e","google-2020-environmental-report.pdf"
"Google","Recent","Total","Transportation","95","tonnes CO2e","google-2020-environmental-report.pdf"
"Google","2016","Total","General","25","tonnes CO2e","google-2020-environmental-report.pdf"
"Google","2030","Total","General","1","tonnes CO2e","google-2020-environmental-report.pdf"
"Google","Recent","Scope 1","General","3","tonnes CO2e","google-2020-environmental-report.pdf"
"Google","Recent","Scope 2","Energy","2","tonnes CO2e","google-2020-environmental-report.pdf"
"Google","2025","Total","General","45","tonnes CO2e","google-2020-environmental-report.pdf"
"Google","2015","Total","Energy","2012","tonnes CO2e","google-2020-environmental-report.pdf"
"Google","2015","Scope 2","Energy","2","tonnes CO2e","google-2020-environmental-report.pdf"
"Google","Recent","Scope 3","General","3","tonnes CO2e","google-2020-environmental-report.pdf"
"Google","2018","Scope 1","General","3","tonnes CO2e","google-2020-environmental-report.pdf"
"Google","Recent","Scope 1","Transportation","16","tonnes CO2e","google-2020-environmental-report.pdf"
"Google","2017","Scope 1","Transportation","3","tonnes CO2e","google-2020-environmental-report.pdf"
"Google","2016","Scope 1","Energy","74","tonnes CO2e","google-2020-environmental-report.pdf"
"Google","2016","Total","General","76","tonnes CO2e","google-2020-environmental-report.pdf"
"Google","2019","Scope 1","General","5.2","tonnes CO2e","google-2020-environmental-report.pdf"
"Google","Recent","Scope 1","Energy","4.3","tonnes CO2e","google-2020-environmental-report.pdf"
"Google","2019","Scope 1","Energy","83","tonnes CO2e","google-2020-environmental-report.pdf"
"Google","2017","Scope 1","Transportation","2017","tonnes CO2e","google-2020-environmental-report.pdf"
"Google","2019","Scope 2","Energy","83","tonnes CO2e","google-2020-environmental-report.pdf"
"Google","2019","Scope 2","General","2030","tonnes CO2e","google-2020-environmental-report.pdf"
"Google","2017","Scope 2","Transportation","2017","tonnes CO2e","google-2020-environmental-report.pdf"
"Google","2020","Scope 3","General","2018","tonnes CO2e","google-2020-environmental-report.pdf"
"Google","2017","Scope 3","Transportation","2017","tonnes CO2e","google-2020-environmental-report.pdf"
"Various Companies","Recent","Total","General","2040","tonnes CO2e","h20195_2024_Sustainable_Impact_Report_1761270229520.pdf"
"Various Companies","2019","Total","General","41","tonnes CO2e","h20195_2024_Sustainable_Impact_Report_1761270229520.pdf"
"Various Companies","2019","Scope 1","Energy","41","tonnes CO2e","h20195_2024_Sustainable_Impact_Report_1761270229520.pdf"
"Various Companies","Recent","Total","General","4880026","tonnes CO2e","h20195_2024_Sustainable_Impact_Report_1761270229520.pdf"
"Various Companies","2024","Total","General","50","tonnes CO2e","h20195_2024_Sustainable_Impact_Report_1761270229520.pdf"
"Various Companies","Recent","Scope 1","General","1","tonnes CO2e","h20195_2024_Sustainable_Impact_Report_1761270229520.pdf"
"Various Companies","2024","Scope 1","General","13","tonnes CO2e","h20195_2024_Sustainable_Impact_Report_1761270229520.pdf"
"Various Companies","Recent","Scope 1","General","2","tonnes CO2e","h20195_2024_Sustainable_Impact_Report_1761270229520.pdf"
"Various Companies","2024","Total","General","17757000","tonnes CO2e","h20195_2024_Sustainable_Impact_Report_1761270229520.pdf"
"Various Companies","2019","Total","Energy","16","tonnes CO2e","h20195_2024_Sustainable_Impact_Report_1761270229520.pdf"
"Various Companies","Recent","Scope 1","Transportation","3","tonnes CO2e","h20195_2024_Sustainable_Impact_Report_1761270229520.pdf"
"Various Companies","2024","Scope 1","Supply Chain","3","tonnes CO2e","h20195_2024_Sustainable_Impact_Report_1761270229520.pdf"
"Various Companies","Recent","Scope 1","General","50","tonnes CO2e","h20195_2024_Sustainable_Impact_Report_1761270229520.pdf"
"Various Companies","Recent","Scope 1","General","90","tonnes CO2e","h20195_2024_Sustainable_Impact_Report_1761270229520.pdf"
"Various Companies","Recent","Scope 1","Supply Chain","3","tonnes CO2e","h20195_2024_Sustainable_Impact_Report_1761270229520.pdf"
"Various Companies","Recent","Scope 1","General","13","tonnes CO2e","h20195_2024_Sustainable_Impact_Report_1761270229520.pdf"
"Various Companies","2024","Total","Energy","297846","tonnes CO2e","h20195_2024_Sustainable_Impact_Report_1761270229520.pdf"
"Various Companies","Recent","Total","General","2.1","tonnes CO2e","h20195_2024_Sustainable_Impact_Report_1761270229520.pdf"
"Various Companies","Recent","Total","Transportation","57079","tonnes CO2e","h20195_2024_Sustainable_Impact_Report_1761270229520.pdf"
"Various Companies","2025","Total","General","2010","tonnes CO2e","h20195_2024_Sustainable_Impact_Report_1761270229520.pdf"
"Various Companies","Recent","Total","General","123017","tonnes CO2e","h20195_2024_Sustainable_Impact_Report_1761270229520.pdf"
"Various Companies","Recent","Total","General","3","tonnes CO2e","h20195_2024_Sustainable_Impact_Report_1761270229520.pdf"
"Various Companies","Recent","Scope 2","General","2","tonnes CO2e","h20195_2024_Sustainable_Impact_Report_1761270229520.pdf"
"Various Companies","Recent","Scope 3","General","3","tonnes CO2e","h20195_2024_Sustainable_Impact_Report_1761270229520.pdf"
"Various Companies","Recent","Scope 1","General","3","tonnes CO2e","h20195_2024_Sustainable_Impact_Report_1761270229520.pdf"
"Various Companies","Recent","Scope 3","Transportation","3","tonnes CO2e","h20195_2024_Sustainable_Impact_Report_1761270229520.pdf"
"Various Companies","2024","Scope 3","General","1","tonnes CO2e","h20195_2024_Sustainable_Impact_Report_1761270229520.pdf"
"Various Companies","2024","Scope 3","Energy","3","tonnes CO2e","h20195_2024_Sustainable_Impact_Report_1761270229520.pdf"
"Various Companies","Recent","Scope 3","Energy","0.5","tonnes CO2e","h20195_2024_Sustainable_Impact_Report_1761270229520.pdf"
"Various Companies","Recent","Scope 3","Waste","3","tonnes CO2e","h20195_2024_Sustainable_Impact_Report_1761270229520.pdf"
"Various Companies","Recent","Scope 1","Direct Emissions","1","tonnes CO2e","h20195_2024_Sustainable_Impact_Report_1761270229520.pdf"
"Various Companies","Recent","Scope 2","Direct Emissions","2","tonnes CO2e","h20195_2024_Sustainable_Impact_Report_1761270229520.pdf"
"Various Companies","Recent","Total","General","1","tonnes CO2e","h20195_2024_Sustainable_Impact_Report_1761270229520.pdf"
"Various Companies","Recent","Total","General","1000","tonnes CO2e","h20195_2024_Sustainable_Impact_Report_1761270229520.pdf"
"Various Companies","Recent","Total","General","10.9","tonnes CO2e","h20195_2024_Sustainable_Impact_Report_1761270229520.pdf"
"Various Companies","2024","Total","General","147","tonnes CO2e","h20195_2024_Sustainable_Impact_Report_1761270229520.pdf"
"Various Companies","2024","Total","General","668","tonnes CO2e","h20195_2024_Sustainable_Impact_Report_1761270229520.pdf"
"Various Companies","Recent","Total","General","1.56","tonnes CO2e","h20195_2024_Sustainable_Impact_Report_1761270229520.pdf"
"Various Companies","Recent","Total","General","61","tonnes CO2e","h20195_2024_Sustainable_Impact_Report_1761270229520.pdf"
"Various Companies","Recent","Total","General","0.12","tonnes CO2e","h20195_2024_Sustainable_Impact_Report_1761270229520.pdf"
"Various Companies","Recent","Total","General","54447","tonnes CO2e","h20195_2024_Sustainable_Impact_Report_1761270229520.pdf"
"Various Companies","Recent","Total","General","345","tonnes CO2e","h20195_2024_Sustainable_Impact_Report_1761270229520.pdf"
"Various Companies","Recent","Scope 1","Direct Emissions","2","tonnes CO2e","h20195_2024_Sustainable_Impact_Report_1761270229520.pdf"
"Various Companies","Recent","Scope 3","Direct Emissions","3","tonnes CO2e","h20195_2024_Sustainable_Impact_Report_1761270229520.pdf"
"Various Companies","Recent","Total","General","15","tonnes CO2e","h20195_2024_Sustainable_Impact_Report_1761270229520.pdf"
"Various Companies","Recent","Total","General","142","tonnes CO2e","h20195_2024_Sustainable_Impact_Report_1761270229520.pdf"
"Various Companies","2016","Total","General","305","tonnes CO2e","h20195_2024_Sustainable_Impact_Report_1761270229520.pdf"
"Various Companies","Recent","Total","General","4","tonnes CO2e","h20195_2024_Sustainable_Impact_Report_1761270229520.pdf"
"Various Companies","Recent","Total","General","5","tonnes CO2e","h20195_2024_Sustainable_Impact_Report_1761270229520.pdf"
"Various Companies","Recent","Total","General","84","tonnes CO2e","h20195_2024_Sustainable_Impact_Report_1761270229520.pdf"
"Various Companies","Recent","Total","General","18","tonnes CO2e","h20195_2024_Sustainable_Impact_Report_1761270229520.pdf"
"Various Companies","Recent","Total","General","72","tonnes CO2e","h20195_2024_Sustainable_Impact_Report_1761270229520.pdf"
"Various Companies","2024","Total","General","116","tonnes CO2e","h20195_2024_Sustainable_Impact_Report_1761270229520.pdf"
"Various Companies","Recent","Total","General","14044","tonnes CO2e","h20195_2024_Sustainable_Impact_Report_1761270229520.pdf"
"Various Companies","Recent","Scope 1","General","2040","tonnes CO2e","h20195_2024_Sustainable_Impact_Report_1761270229520.pdf"
"Various Companies","Recent","Total","General","97","tonnes CO2e","h20195_2024_Sustainable_Impact_Report_1761270229520.pdf"
"Various Companies","Recent","Total","General","8","tonnes CO2e","h20195_2024_Sustainable_Impact_Report_1761270229520.pdf"
"Various Companies","2024","Total","Energy","4.36","tonnes CO2e","h20195_2024_Sustainable_Impact_Report_1761270229520.pdf"
"Various Companies","2019","Scope 1","Energy","127600","tonnes CO2e","h20195_2024_Sustainable_Impact_Report_1761270229520.pdf"
"Various Companies","2016","Total","General","1.2","tonnes CO2e","h20195_2024_Sustainable_Impact_Report_1761270229520.pdf"
"Various Companies","2025","Total","General","48840","tonnes CO2e","h20195_2024_Sustainable_Impact_Report_1761270229520.pdf"
"Various Companies","2024","Total","General","839800","tonnes CO2e","h20195_2024_Sustainable_Impact_Report_1761270229520.pdf"
"Various Companies","Recent","Total","Waste","23","tonnes CO2e","h20195_2024_Sustainable_Impact_Report_1761270229520.pdf"
"Various Companies","2024","Total","General","48840","tonnes CO2e","h20195_2024_Sustainable_Impact_Report_1761270229520.pdf"
"Various Companies","Recent","Total","General","2876","tonnes CO2e","h20195_2024_Sustainable_Impact_Report_1761270229520.pdf"
"Various Companies","Recent","Total","General","154000","tonnes CO2e","h20195_2024_Sustainable_Impact_Report_1761270229520.pdf"
"Various Companies","2023","Total","General","1106","tonnes CO2e","h20195_2024_Sustainable_Impact_Report_1761270229520.pdf"
"Various Companies","2024","Total","General","99000","tonnes CO2e","h20195_2024_Sustainable_Impact_Report_1761270229520.pdf"
"Various Companies","2024","Total","General","110900","tonnes CO2e","h20195_2024_Sustainable_Impact_Report_1761270229520.pdf"
"Various Companies","Recent","Total","General","9200","tonnes CO2e","h20195_2024_Sustainable_Impact_Report_1761270229520.pdf"
"Various Companies","Recent","Total","General","1100","tonnes CO2e","h20195_2024_Sustainable_Impact_Report_1761270229520.pdf"
"Various Companies","2025","Total","General","1500","tonnes CO2e","h20195_2024_Sustainable_Impact_Report_1761270229520.pdf"
"Various Companies","2023","Total","Waste","23000","tonnes CO2e","h20195_2024_Sustainable_Impact_Report_1761270229520.pdf"
"Various Companies","2023","Total","Waste","1100","tonnes CO2e","h20195_2024_Sustainable_Impact_Report_1761270229520.pdf"
"Various Companies","2024","Total","Energy","7050","tonnes CO2e","h20195_2024_Sustainable_Impact_Report_1761270229520.pdf"
"Various Companies","2022","Total","Waste","209400","tonnes CO2e","h20195_2024_Sustainable_Impact_Report_1761270229520.pdf"
"Various Companies","2023","Total","Waste","50600","tonnes CO2e","h20195_2024_Sustainable_Impact_Report_1761270229520.pdf"
"Various Companies","2015","Total","Energy","1497500","tonnes CO2e","h20195_2024_Sustainable_Impact_Report_1761270229520.pdf"
"Various Companies","2023","Scope 1","General","127600","tonnes CO2e","h20195_2024_Sustainable_Impact_Report_1761270229520.pdf"
"Various Companies","2024","Scope 1","General","127600","tonnes CO2e","h20195_2024_Sustainable_Impact_Report_1761270229520.pdf"
"Various Companies","2023","Total","General","2.4","tonnes CO2e","h20195_2024_Sustainable_Impact_Report_1761270229520.pdf"
"Various Companies","2030","Total","General","17700","tonnes CO2e","h20195_2024_Sustainable_Impact_Report_1761270229520.pdf"
"Various Companies","2024","Total","Transportation","5480","tonnes CO2e","h20195_2024_Sustainable_Impact_Report_1761270229520.pdf"
"Various Companies","2025","Total","General","2","tonnes CO2e","h20195_2024_Sustainable_Impact_Report_1761270229520.pdf"
"Various Companies","2025","Total","General","2.17","tonnes CO2e","h20195_2024_Sustainable_Impact_Report_1761270229520.pdf"
"Various Companies","2024","Total","Waste","830","tonnes CO2e","h20195_2024_Sustainable_Impact_Report_1761270229520.pdf"
"Various Companies","2024","Total","Direct Emissions","19145","tonnes CO2e","h20195_2024_Sustainable_Impact_Report_1761270229520.pdf"
"Various Companies","Recent","Scope 1","Transportation","2","tonnes CO2e","h20195_2024_Sustainable_Impact_Report_1761270229520.pdf"
"Various Companies","2024","Scope 1","Supply Chain","2","tonnes CO2e","h20195_2024_Sustainable_Impact_Report_1761270229520.pdf"
"Various Companies","Recent","Scope 1","Supply Chain","2","tonnes CO2e","h20195_2024_Sustainable_Impact_Report_1761270229520.pdf"
"Various Companies","2024","Scope 1","General","2","tonnes CO2e","h20195_2024_Sustainable_Impact_Report_1761270229520.pdf"
"Various Companies","Recent","Scope 1","Energy","2","tonnes CO2e","h20195_2024_Sustainable_Impact_Report_1761270229520.pdf"
"Various Companies","2023","Scope 2","General","2024","tonnes CO2e","h20195_2024_Sustainable_Impact_Report_1761270229520.pdf"
"Various Companies","2024","Scope 2","General","2024","tonnes CO2e","h20195_2024_Sustainable_Impact_Report_1761270229520.pdf"
"Various Companies","2023","Scope 2","General","13","tonnes CO2e","h20195_2024_Sustainable_Impact_Report_1761270229520.pdf"
"Various Companies","Recent","Scope 2","Transportation","2","tonnes CO2e","h20195_2024_Sustainable_Impact_Report_1761270229520.pdf"
"Various Companies","2024","Scope 3","Supply Chain","1","tonnes CO2e","h20195_2024_Sustainable_Impact_Report_1761270229520.pdf"
"Various Companies","2024","Scope 3","Energy","2024","tonnes CO2e","h20195_2024_Sustainable_Impact_Report_1761270229520.pdf"
"Various Companies","2030","Scope 1","General","2","tonnes CO2e","heineken_n_v_annual_report_2024_final_20feb2025.pdf"
"Various Companies","Recent","Scope 1","General","39","tonnes CO2e","heineken_n_v_annual_report_2024_final_20feb2025.pdf"
"Various Companies","Recent","Scope 1","General","34","tonnes CO2e","heineken_n_v_annual_report_2024_final_20feb2025.pdf"
"Various Companies","2022","Scope 1","General","2","tonnes CO2e","heineken_n_v_annual_report_2024_final_20feb2025.pdf"
"Various Companies","Recent","Scope 1","Direct Emissions","3","tonnes CO2e","heineken_n_v_annual_report_2024_final_20feb2025.pdf"
"Various Companies","Recent","Scope 1","General","2040","tonnes CO2e","heineken_n_v_annual_report_2024_final_20feb2025.pdf"
"Various Companies","Recent","Scope 1","General","2","tonnes CO2e","heineken_n_v_annual_report_2024_final_20feb2025.pdf"
"Various Companies","Recent","Scope 3","General","3","tonnes CO2e","heineken_n_v_annual_report_2024_final_20feb2025.pdf"
"Various Companies","2024","Scope 3","Energy","14","tonnes CO2e","heineken_n_v_annual_report_2024_final_20feb2025.pdf"
"Various Companies","Recent","Total","Energy","11","tonnes CO2e","heineken_n_v_annual_report_2024_final_20feb2025.pdf"
"Various Companies","Recent","Scope 1","General","10","tonnes CO2e","heineken_n_v_annual_report_2024_final_20feb2025.pdf"
"Various Companies","2030","Scope 1","General","10","tonnes CO2e","heineken_n_v_annual_report_2024_final_20feb2025.pdf"
"Various Companies","2024","Total","General","100","tonnes CO2e","heineken_n_v_annual_report_2024_final_20feb2025.pdf"
"Various Companies","Recent","Total","General","4.4","tonnes CO2e","heineken_n_v_annual_report_2024_final_20feb2025.pdf"
"Various Companies","2023","Total","General","1.2","tonnes CO2e","heineken_n_v_annual_report_2024_final_20feb2025.pdf"
"Various Companies","2023","Total","General","27133","tonnes CO2e","heineken_n_v_annual_report_2024_final_20feb2025.pdf"
"Various Companies","Recent","Total","Energy","12028","tonnes CO2e","heineken_n_v_annual_report_2024_final_20feb2025.pdf"
"Various Companies","2024","Total","General","846","tonnes CO2e","heineken_n_v_annual_report_2024_final_20feb2025.pdf"
"Various Companies","2023","Total","General","136","tonnes CO2e","heineken_n_v_annual_report_2024_final_20feb2025.pdf"
"Various Companies","Recent","Total","General","146","tonnes CO2e","heineken_n_v_annual_report_2024_final_20feb2025.pdf"
"Various Companies","Recent","Total","General","41","tonnes CO2e","heineken_n_v_annual_report_2024_final_20feb2025.pdf"
"Various Companies","Recent","Total","General","33","tonnes CO2e","heineken_n_v_annual_report_2024_final_20feb2025.pdf"
"Various Companies","Recent","Total","General","100","tonnes CO2e","heineken_n_v_annual_report_2024_final_20feb2025.pdf"
"Various Companies","2023","Total","General","14651","tonnes CO2e","heineken_n_v_annual_report_2024_final_20feb2025.pdf"
"Various Companies","2024","Total","General","40","tonnes CO2e","heineken_n_v_annual_report_2024_final_20feb2025.pdf"
"Various Companies","Recent","Total","General","22","tonnes CO2e","heineken_n_v_annual_report_2024_final_20feb2025.pdf"
"Various Companies","2022","Scope 1","General","50","tonnes CO2e","heineken_n_v_annual_report_2024_final_20feb2025.pdf"
"Various Companies","Recent","Total","General","157","tonnes CO2e","heineken_n_v_annual_report_2024_final_20feb2025.pdf"
"Various Companies","Recent","Total","General","17","tonnes CO2e","heineken_n_v_annual_report_2024_final_20feb2025.pdf"
"Various Companies","Recent","Total","General","161","tonnes CO2e","heineken_n_v_annual_report_2024_final_20feb2025.pdf"
"Various Companies","2024","Total","General","93","tonnes CO2e","heineken_n_v_annual_report_2024_final_20feb2025.pdf"
"Various Companies","2023","Total","General","46476","tonnes CO2e","heineken_n_v_annual_report_2024_final_20feb2025.pdf"
"Various Companies","Recent","Total","General","13.3","tonnes CO2e","heineken_n_v_annual_report_2024_final_20feb2025.pdf"
"Various Companies","Recent","Total","General","27526","tonnes CO2e","heineken_n_v_annual_report_2024_final_20feb2025.pdf"
"Various Companies","Recent","Total","General","1942","tonnes CO2e","heineken_n_v_annual_report_2024_final_20feb2025.pdf"
"Various Companies","Recent","Total","General","22789","tonnes CO2e","heineken_n_v_annual_report_2024_final_20feb2025.pdf"
"Various Companies","Recent","Total","General","43754","tonnes CO2e","heineken_n_v_annual_report_2024_final_20feb2025.pdf"
"Various Companies","Recent","Total","General","17539","tonnes CO2e","heineken_n_v_annual_report_2024_final_20feb2025.pdf"
"Various Companies","Recent","Total","General","332","tonnes CO2e","heineken_n_v_annual_report_2024_final_20feb2025.pdf"
"Various Companies","Recent","Total","General","14825","tonnes CO2e","heineken_n_v_annual_report_2024_final_20feb2025.pdf"
"Various Companies","Recent","Total","General","55153","tonnes CO2e","heineken_n_v_annual_report_2024_final_20feb2025.pdf"
"Various Companies","Recent","Total","General","3576","tonnes CO2e","heineken_n_v_annual_report_2024_final_20feb2025.pdf"
"Various Companies","Recent","Total","General","786","tonnes CO2e","heineken_n_v_annual_report_2024_final_20feb2025.pdf"
"Various Companies","Recent","Total","General","53446","tonnes CO2e","heineken_n_v_annual_report_2024_final_20feb2025.pdf"
"Various Companies","2023","Total","General","4341","tonnes CO2e","heineken_n_v_annual_report_2024_final_20feb2025.pdf"
"Various Companies","2023","Total","General","31","tonnes CO2e","heineken_n_v_annual_report_2024_final_20feb2025.pdf"
"Various Companies","Recent","Total","General","120","tonnes CO2e","heineken_n_v_annual_report_2024_final_20feb2025.pdf"
"Various Companies","2023","Total","General","12238","tonnes CO2e","heineken_n_v_annual_report_2024_final_20feb2025.pdf"
"Various Companies","Recent","Total","General","8360","tonnes CO2e","heineken_n_v_annual_report_2024_final_20feb2025.pdf"
"Various Companies","2024","Total","General","1","tonnes CO2e","heineken_n_v_annual_report_2024_final_20feb2025.pdf"
"Various Companies","2023","Total","General","100","tonnes CO2e","heineken_n_v_annual_report_2024_final_20feb2025.pdf"
"Various Companies","2023","Total","Direct Emissions","330","tonnes CO2e","heineken_n_v_annual_report_2024_final_20feb2025.pdf"
"Various Companies","2024","Total","General","5","tonnes CO2e","heineken_n_v_annual_report_2024_final_20feb2025.pdf"
"Various Companies","2023","Total","General","5","tonnes CO2e","heineken_n_v_annual_report_2024_final_20feb2025.pdf"
"Various Companies","2023","Total","General","143","tonnes CO2e","heineken_n_v_annual_report_2024_final_20feb2025.pdf"
"Various Companies","Recent","Total","General","155","tonnes CO2e","heineken_n_v_annual_report_2024_final_20feb2025.pdf"
"Various Companies","Recent","Total","General","18238","tonnes CO2e","heineken_n_v_annual_report_2024_final_20feb2025.pdf"
"Various Companies","Recent","Total","General","1080","tonnes CO2e","heineken_n_v_annual_report_2024_final_20feb2025.pdf"
"Various Companies","2023","Total","General","1.73","tonnes CO2e","heineken_n_v_annual_report_2024_final_20feb2025.pdf"
"Various Companies","2023","Total","General","2733","tonnes CO2e","heineken_n_v_annual_report_2024_final_20feb2025.pdf"
"Various Companies","Recent","Total","General","9734","tonnes CO2e","heineken_n_v_annual_report_2024_final_20feb2025.pdf"
"Various Companies","Recent","Total","General","9630","tonnes CO2e","heineken_n_v_annual_report_2024_final_20feb2025.pdf"
"Various Companies","Recent","Total","General","121","tonnes CO2e","heineken_n_v_annual_report_2024_final_20feb2025.pdf"
"Various Companies","2023","Total","General","226","tonnes CO2e","heineken_n_v_annual_report_2024_final_20feb2025.pdf"
"Various Companies","2024","Total","General","161","tonnes CO2e","heineken_n_v_annual_report_2024_final_20feb2025.pdf"
"Various Companies","2023","Total","General","168","tonnes CO2e","heineken_n_v_annual_report_2024_final_20feb2025.pdf"
"Various Companies","2024","Total","General","847","tonnes CO2e","heineken_n_v_annual_report_2024_final_20feb2025.pdf"
"Various Companies","Recent","Total","General","6781","tonnes CO2e","heineken_n_v_annual_report_2024_final_20feb2025.pdf"
"Various Companies","Recent","Total","General","34","tonnes CO2e","heineken_n_v_annual_report_2024_final_20feb2025.pdf"
"Various Companies","Recent","Total","General","8","tonnes CO2e","heineken_n_v_annual_report_2024_final_20feb2025.pdf"
"Various Companies","Recent","Total","General","35210","tonnes CO2e","heineken_n_v_annual_report_2024_final_20feb2025.pdf"
"Various Companies","Recent","Total","General","45","tonnes CO2e","heineken_n_v_annual_report_2024_final_20feb2025.pdf"
"Various Companies","Recent","Total","General","35255","tonnes CO2e","heineken_n_v_annual_report_2024_final_20feb2025.pdf"
"Various Companies","Recent","Total","General","20056","tonnes CO2e","heineken_n_v_annual_report_2024_final_20feb2025.pdf"
"Various Companies","Recent","Total","General","12759","tonnes CO2e","heineken_n_v_annual_report_2024_final_20feb2025.pdf"
"Various Companies","Recent","Total","General","2440","tonnes CO2e","heineken_n_v_annual_report_2024_final_20feb2025.pdf"
"Various Companies","Recent","Total","General","15199","tonnes CO2e","heineken_n_v_annual_report_2024_final_20feb2025.pdf"
"Various Companies","Recent","Total","General","506","tonnes CO2e","heineken_n_v_annual_report_2024_final_20feb2025.pdf"
"Various Companies","Recent","Total","General","14706","tonnes CO2e","heineken_n_v_annual_report_2024_final_20feb2025.pdf"
"Various Companies","Recent","Total","General","13.9","tonnes CO2e","heineken_n_v_annual_report_2024_final_20feb2025.pdf"
"Various Companies","2022","Scope 1","General","3","tonnes CO2e","heineken_n_v_annual_report_2024_final_20feb2025.pdf"
"Various Companies","2022","Scope 3","General","3","tonnes CO2e","heineken_n_v_annual_report_2024_final_20feb2025.pdf"
"Various Companies","Recent","Total","General","2040","tonnes CO2e","heineken_n_v_annual_report_2024_final_20feb2025.pdf"
"Various Companies","Recent","Scope 1","General","90","tonnes CO2e","heineken_n_v_annual_report_2024_final_20feb2025.pdf"
"Various Companies","Recent","Scope 1","General","26","tonnes CO2e","heineken_n_v_annual_report_2024_final_20feb2025.pdf"
"Various Companies","2030","Scope 1","General","3","tonnes CO2e","heineken_n_v_annual_report_2024_final_20feb2025.pdf"
"Various Companies","2030","Scope 1","Energy","2","tonnes CO2e","heineken_n_v_annual_report_2024_final_20feb2025.pdf"
"Various Companies","Recent","Scope 1","General","3","tonnes CO2e","heineken_n_v_annual_report_2024_final_20feb2025.pdf"
"Various Companies","Recent","Scope 1","Energy","2","tonnes CO2e","heineken_n_v_annual_report_2024_final_20feb2025.pdf"
"Various Companies","Recent","Scope 1","Energy","3","tonnes CO2e","heineken_n_v_annual_report_2024_final_20feb2025.pdf"
"Various Companies","2024","Scope 1","General","15.9","tonnes CO2e","heineken_n_v_annual_report_2024_final_20feb2025.pdf"
"Various Companies","Recent","Scope 1","General","22030","tonnes CO2e","heineken_n_v_annual_report_2024_final_20feb2025.pdf"
"Various Companies","2030","Scope 3","General","26","tonnes CO2e","heineken_n_v_annual_report_2024_final_20feb2025.pdf"
"Various Companies","2030","Scope 3","General","3","tonnes CO2e","heineken_n_v_annual_report_2024_final_20feb2025.pdf"
"Various Companies","2024","Scope 1","General","3","tonnes CO2e","heineken_n_v_annual_report_2024_final_20feb2025.pdf"
"Various Companies","2023","Scope 1","General","3","tonnes CO2e","heineken_n_v_annual_report_2024_final_20feb2025.pdf"
"Various Companies","2022","Scope 1","General","34","tonnes CO2e","heineken_n_v_annual_report_2024_final_20feb2025.pdf"
"Various Companies","2022","Scope 3","Energy","11","tonnes CO2e","heineken_n_v_annual_report_2024_final_20feb2025.pdf"
"Various Companies","2024","Total","Energy","100","tonnes CO2e","heineken_n_v_annual_report_2024_final_20feb2025.pdf"
"Various Companies","Recent","Scope 1","Transportation","2","tonnes CO2e","heineken_n_v_annual_report_2024_final_20feb2025.pdf"
"Various Companies","Recent","Scope 1","General","1","tonnes CO2e","heineken_n_v_annual_report_2024_final_20feb2025.pdf"
"Various Companies","Recent","Scope 3","Purchased Goods","3","tonnes CO2e","heineken_n_v_annual_report_2024_final_20feb2025.pdf"
"Various Companies","2022","Total","General","2","tonnes CO2e","heineken_n_v_annual_report_2024_final_20feb2025.pdf"
"Various Companies","2024","Scope 1","General","525","tonnes CO2e","heineken_n_v_annual_report_2024_final_20feb2025.pdf"
"Various Companies","2024","Total","General","29","tonnes CO2e","heineken_n_v_annual_report_2024_final_20feb2025.pdf"
"Various Companies","2024","Total","General","1.15","tonnes CO2e","heineken_n_v_annual_report_2024_final_20feb2025.pdf"
"Various Companies","Recent","Total","General","47","tonnes CO2e","heineken_n_v_annual_report_2024_final_20feb2025.pdf"
"Various Companies","2024","Total","Waste","3","tonnes CO2e","heineken_n_v_annual_report_2024_final_20feb2025.pdf"
"Various Companies","Recent","Total","General","19313","tonnes CO2e","heineken_n_v_annual_report_2024_final_20feb2025.pdf"
"Various Companies","Recent","Total","General","6.6","tonnes CO2e","heineken_n_v_annual_report_2024_final_20feb2025.pdf"
"Various Companies","Recent","Total","General","7.2","tonnes CO2e","heineken_n_v_annual_report_2024_final_20feb2025.pdf"
"Various Companies","2024","Total","General","14","tonnes CO2e","heineken_n_v_annual_report_2024_final_20feb2025.pdf"
"Various Companies","2024","Total","General","28.4","tonnes CO2e","heineken_n_v_annual_report_2024_final_20feb2025.pdf"
"Various Companies","2024","Total","General","7171143","tonnes CO2e","heineken_n_v_annual_report_2024_final_20feb2025.pdf"
"Various Companies","Recent","Total","General","200000","tonnes CO2e","heineken_n_v_annual_report_2024_final_20feb2025.pdf"
"Various Companies","Recent","Total","General","0.91","tonnes CO2e","heineken_n_v_annual_report_2024_final_20feb2025.pdf"
"Various Companies","2024","Total","General","10","tonnes CO2e","heineken_n_v_annual_report_2024_final_20feb2025.pdf"
"Various Companies","2024","Total","Direct Emissions","91","tonnes CO2e","heineken_n_v_annual_report_2024_final_20feb2025.pdf"
"Various Companies","2024","Total","General","53","tonnes CO2e","heineken_n_v_annual_report_2024_final_20feb2025.pdf"
"Various Companies","Recent","Total","General","2","tonnes CO2e","heineken_n_v_annual_report_2024_final_20feb2025.pdf"
"Various Companies","Recent","Scope 1","General","55","tonnes CO2e","heineken_n_v_annual_report_2024_final_20feb2025.pdf"
"Various Companies","Recent","Total","General","222","tonnes CO2e","heineken_n_v_annual_report_2024_final_20feb2025.pdf"
"Various Companies","Recent","Scope 2","General","2","tonnes CO2e","heineken_n_v_annual_report_2024_final_20feb2025.pdf"
"Various Companies","Recent","Scope 1","General","2004","tonnes CO2e","heineken_n_v_annual_report_2024_final_20feb2025.pdf"
"Various Companies","2015","Scope 1","Energy","2","tonnes CO2e","heineken_n_v_annual_report_2024_final_20feb2025.pdf"
"Various Companies","2022","Scope 1","Direct Emissions","2","tonnes CO2e","heineken_n_v_annual_report_2024_final_20feb2025.pdf"
"Various Companies","Recent","Scope 1","Energy","1","tonnes CO2e","heineken_n_v_annual_report_2024_final_20feb2025.pdf"
"Various Companies","Recent","Scope 3","General","13","tonnes CO2e","heineken_n_v_annual_report_2024_final_20feb2025.pdf"
"Various Companies","Recent","Scope 3","General","2","tonnes CO2e","heineken_n_v_annual_report_2024_final_20feb2025.pdf"
"Various Companies","Recent","Total","General","80","tonnes CO2e","heineken_n_v_annual_report_2024_final_20feb2025.pdf"
"Various Companies","Recent","Scope 1","Energy","181","tonnes CO2e","heineken_n_v_annual_report_2024_final_20feb2025.pdf"
"Various Companies","Recent","Total","General","811","tonnes CO2e","heineken_n_v_annual_report_2024_final_20feb2025.pdf"
"Various Companies","Recent","Total","General","14392","tonnes CO2e","heineken_n_v_annual_report_2024_final_20feb2025.pdf"
"Various Companies","Recent","Total","General","42632","tonnes CO2e","heineken_n_v_annual_report_2024_final_20feb2025.pdf"
"Various Companies","Recent","Total","General","0.47","tonnes CO2e","heineken_n_v_annual_report_2024_final_20feb2025.pdf"
"Various Companies","Recent","Total","General","33612","tonnes CO2e","heineken_n_v_annual_report_2024_final_20feb2025.pdf"
"Various Companies","Recent","Total","General","9020","tonnes CO2e","heineken_n_v_annual_report_2024_final_20feb2025.pdf"
"Various Companies","Recent","Total","General","0.43","tonnes CO2e","heineken_n_v_annual_report_2024_final_20feb2025.pdf"
"Various Companies","Recent","Total","General","6.3","tonnes CO2e","heineken_n_v_annual_report_2024_final_20feb2025.pdf"
"Various Companies","Recent","Total","General","8.5","tonnes CO2e","heineken_n_v_annual_report_2024_final_20feb2025.pdf"
"Various Companies","2022","Scope 3","General","2030","tonnes CO2e","heineken_n_v_annual_report_2024_final_20feb2025.pdf"
"Various Companies","2018","Scope 1","General","2022","tonnes CO2e","heineken_n_v_annual_report_2024_final_20feb2025.pdf"
"Various Companies","2030","Scope 1","General","2040","tonnes CO2e","heineken_n_v_annual_report_2024_final_20feb2025.pdf"
"Various Companies","2023","Scope 1","General","34","tonnes CO2e","heineken_n_v_annual_report_2024_final_20feb2025.pdf"
"Various Companies","2026","Scope 1","General","2022","tonnes CO2e","heineken_n_v_annual_report_2024_final_20feb2025.pdf"
"Various Companies","2030","Scope 1","General","2030","tonnes CO2e","heineken_n_v_annual_report_2024_final_20feb2025.pdf"
"Various Companies","2022","Scope 1","General","2030","tonnes CO2e","heineken_n_v_annual_report_2024_final_20feb2025.pdf"
"Various Companies","2030","Scope 1","General","90","tonnes CO2e","heineken_n_v_annual_report_2024_final_20feb2025.pdf"
"Various Companies","2030","Scope 1","General","26","tonnes CO2e","heineken_n_v_annual_report_2024_final_20feb2025.pdf"
"Various Companies","2030","Scope 1","Energy","2030","tonnes CO2e","heineken_n_v_annual_report_2024_final_20feb2025.pdf"
"Various Companies","2025","Scope 1","General","2","tonnes CO2e","heineken_n_v_annual_report_2024_final_20feb2025.pdf"
"Various Companies","2024","Scope 1","General","2024","tonnes CO2e","heineken_n_v_annual_report_2024_final_20feb2025.pdf"
"Various Companies","2030","Scope 1","General","22030","tonnes CO2e","heineken_n_v_annual_report_2024_final_20feb2025.pdf"
"Various Companies","2023","Scope 1","General","2","tonnes CO2e","heineken_n_v_annual_report_2024_final_20feb2025.pdf"
"Various Companies","2024","Scope 1","General","16","tonnes CO2e","heineken_n_v_annual_report_2024_final_20feb2025.pdf"
"Various Companies","2023","Scope 1","General","2024","tonnes CO2e","heineken_n_v_annual_report_2024_final_20feb2025.pdf"
"Various Companies","2024","Scope 1","Energy","2024","tonnes CO2e","heineken_n_v_annual_report_2024_final_20feb2025.pdf"
"Various Companies","2015","Scope 1","Energy","2004","tonnes CO2e","heineken_n_v_annual_report_2024_final_20feb2025.pdf"
"Various Companies","2022","Scope 1","General","2022","tonnes CO2e","heineken_n_v_annual_report_2024_final_20feb2025.pdf"
"Various Companies","2015","Scope 2","Energy","2015","tonnes CO2e","heineken_n_v_annual_report_2024_final_20feb2025.pdf"
"Various Companies","2022","Scope 2","General","1","tonnes CO2e","heineken_n_v_annual_report_2024_final_20feb2025.pdf"
"Various Companies","2024","Scope 3","General","14","tonnes CO2e","heineken_n_v_annual_report_2024_final_20feb2025.pdf"
"Various Companies","2022","Scope 3","Energy","14","tonnes CO2e","heineken_n_v_annual_report_2024_final_20feb2025.pdf"
"Various Companies","2024","Scope 3","General","2022","tonnes CO2e","heineken_n_v_annual_report_2024_final_20feb2025.pdf"
"Various Companies","2030","Scope 3","General","2030","tonnes CO2e","heineken_n_v_annual_report_2024_final_20feb2025.pdf"
"Various Companies","2030","Scope 3","General","2040","tonnes CO2e","heineken_n_v_annual_report_2024_final_20feb2025.pdf"
"Various Companies","2023","Scope 3","General","2030","tonnes CO2e","heineken_n_v_annual_report_2024_final_20feb2025.pdf"
"Various Companies","2023","Scope 3","General","2023","tonnes CO2e","heineken_n_v_annual_report_2024_final_20feb2025.pdf"
"Various Companies","Recent","Scope 3","Direct Emissions","2011","tonnes CO2e","heineken_n_v_annual_report_2024_final_20feb2025.pdf"
"Various Companies","2023","Scope 3","General","10","tonnes CO2e","heineken_n_v_annual_report_2024_final_20feb2025.pdf"
"Various Companies","Recent","Total","General","100","tonnes CO2e","HEMA_sustainability_report_2020.pdf"
"Various Companies","2019","Total","General","47","tonnes CO2e","HEMA_sustainability_report_2020.pdf"
"Various Companies","2020","Total","General","401","tonnes CO2e","HEMA_sustainability_report_2020.pdf"
"Various Companies","2020","Total","General","86","tonnes CO2e","HEMA_sustainability_report_2020.pdf"
"Various Companies","2023","Total","Waste","4","tonnes CO2e","impact-report-2023-final.pdf"
"Various Companies","2023","Total","General","20011","tonnes CO2e","impact-report-2023-final.pdf"
"Various Companies","2022","Total","General","12","tonnes CO2e","impact-report-2023-final.pdf"
"Various Companies","Recent","Total","General","3.1","tonnes CO2e","impact-report-2023-final.pdf"
"Various Companies","Recent","Total","Energy","2","tonnes CO2e","impact-report-2023-final.pdf"
"Various Companies","2023","Total","General","10913.01","tonnes CO2e","impact-report-2023-final.pdf"
"Various Companies","Recent","Scope 1","General","3","tonnes CO2e","impact-report-2023-final.pdf"
"Various Companies","Recent","Total","General","2","tonnes CO2e","impact-report-2023-final.pdf"
"Various Companies","Recent","Total","Waste","3","tonnes CO2e","impact-report-2023-final.pdf"
"Various Companies","Recent","Total","General","0.075","tonnes CO2e","impact-report-2023-final.pdf"
"Various Companies","2023","Total","Waste","92","tonnes CO2e","impact-report-2023-final.pdf"
"Various Companies","2023","Scope 1","General","10931.3","tonnes CO2e","impact-report-2023-final.pdf"
"Various Companies","2023","Total","Energy","0.075","kg CO2","impact-report-2023-final.pdf"
"Various Companies","2023","Scope 1","General","2","tonnes CO2e","impact-report-2023-final.pdf"
"Various Companies","Recent","Scope 1","General","2","tonnes CO2e","Impact-Report-2024.pdf"
"Various Companies","2024","Total","Energy","5","tonnes CO2e","Impact-Report-2024.pdf"
"Various Companies","Recent","Total","General","73","tonnes CO2e","Impact-Report-2024.pdf"
"Various Companies","Recent","Scope 3","General","15","tonnes CO2e","Impact-Report-2024.pdf"
"Various Companies","Recent","Total","Transportation","19","tonnes CO2e","Impact-Report-2024.pdf"
"Various Companies","Recent","Total","General","2.4","tonnes CO2e","Impact-Report-2024.pdf"
"Various Companies","Recent","Total","General","0.6","tonnes CO2e","Impact-Report-2024.pdf"
"Various Companies","Recent","Total","General","3","tonnes CO2e","Impact-Report-2024.pdf"
"Various Companies","Recent","Total","General","44.2","tonnes CO2e","Impact-Report-2024.pdf"
"Various Companies","Recent","Scope 1","General","17","tonnes CO2e","Impact-Report-2024.pdf"
"Various Companies","2022","Total","General","0.7","tonnes CO2e","Impact-Report-2024.pdf"
"Various Companies","Recent","Total","General","4","tonnes CO2e","Impact-Report-2024.pdf"
"Various Companies","Recent","Total","General","130","tonnes CO2e","Impact-Report-2024.pdf"
"Various Companies","2022","Total","General","10","tonnes CO2e","Impact-Report-2024.pdf"
"Various Companies","Recent","Total","General","2050","tonnes CO2e","Impact-Report-2024.pdf"
"Various Companies","Recent","Total","General","5","tonnes CO2e","Impact-Report-2024.pdf"
"Various Companies","Recent","Total","General","2","tonnes CO2e","Impact-Report-2024.pdf"
"Various Companies","Recent","Scope 1","General","3","tonnes CO2e","Impact-Report-2024.pdf"
"Various Companies","Recent","Total","General","1.6","tonnes CO2e","Impact-Report-2024.pdf"
"Various Companies","Recent","Total","Transportation","0.4","tonnes CO2e","Impact-Report-2024.pdf"
"Various Companies","2030","Scope 1","General","17","Mt","Impact-Report-2024.pdf"
"Various Companies","2022","Scope 3","Energy","13","tonnes CO2e","Impact-Report-2024.pdf"
"Various Companies","Recent","Scope 1","General","2","tonnes CO2e","Impactrapport-2024.pdf"
"Various Companies","Recent","Total","General","55","tonnes CO2e","Impactrapport-2024.pdf"
"Various Companies","Recent","Total","General","73","tonnes CO2e","Impactrapport-2024.pdf"
"Various Companies","Recent","Scope 3","General","15","tonnes CO2e","Impactrapport-2024.pdf"
"Various Companies","Recent","Scope 1","General","17","tonnes CO2e","Impactrapport-2024.pdf"
"Various Companies","2022","Total","General","96","tonnes CO2e","Impactrapport-2024.pdf"
"Various Companies","Recent","Total","General","32","tonnes CO2e","Impactrapport-2024.pdf"
"Various Companies","Recent","Total","General","36","tonnes CO2e","Impactrapport-2024.pdf"
"Various Companies","Recent","Scope 1","General","3","tonnes CO2e","Impactrapport-2024.pdf"
"Various Companies","2024","Total","General","14","tonnes CO2e","Impactrapport-2024.pdf"
"Various Companies","Recent","Total","General","1.6","tonnes CO2e","Impactrapport-2024.pdf"
"Various Companies","Recent","Total","Transportation","0.4","tonnes CO2e","Impactrapport-2024.pdf"
"Various Companies","2030","Scope 1","General","17","Mt","Impactrapport-2024.pdf"
"Various Companies","2023","Scope 3","General","13","tonnes CO2e","Impactrapport-2024.pdf"
"Various Companies","2023","Total","General","96","tonnes CO2e","ing_Annual_Report_2024_1761270292451.pdf"
"Various Companies","2024","Scope 1","Transportation","27","kt CO2e","ing_Annual_Report_2024_1761270292451.pdf"
"Various Companies","2024","Total","General","67","tonnes CO2e","ing_Annual_Report_2024_1761270292451.pdf"
"Various Companies","2023","Total","General","63","tonnes CO2e","ing_Annual_Report_2024_1761270292451.pdf"
"Various Companies","Recent","Total","General","19","tonnes CO2e","ing_Annual_Report_2024_1761270292451.pdf"
"Various Companies","Recent","Total","General","1.8","tonnes CO2e","ing_Annual_Report_2024_1761270292451.pdf"
"Various Companies","Recent","Total","General","15023","tonnes CO2e","ing_Annual_Report_2024_1761270292451.pdf"
"Various Companies","Recent","Total","General","3584","tonnes CO2e","ing_Annual_Report_2024_1761270292451.pdf"
"Various Companies","Recent","Total","General","5","tonnes CO2e","ing_Annual_Report_2024_1761270292451.pdf"
"Various Companies","Recent","Total","General","11","tonnes CO2e","ing_Annual_Report_2024_1761270292451.pdf"
"Various Companies","Recent","Total","General","1113","tonnes CO2e","ing_Annual_Report_2024_1761270292451.pdf"
"Various Companies","Recent","Total","General","3817","tonnes CO2e","ing_Annual_Report_2024_1761270292451.pdf"
"Various Companies","Recent","Total","General","36","tonnes CO2e","ing_Annual_Report_2024_1761270292451.pdf"
"Various Companies","Recent","Total","General","1","tonnes CO2e","ing_Annual_Report_2024_1761270292451.pdf"
"Various Companies","2024","Total","General","6981","tonnes CO2e","ing_Annual_Report_2024_1761270292451.pdf"
"Various Companies","Recent","Total","General","3278","tonnes CO2e","ing_Annual_Report_2024_1761270292451.pdf"
"Various Companies","Recent","Total","General","3558","tonnes CO2e","ing_Annual_Report_2024_1761270292451.pdf"
"Various Companies","2024","Total","General","98","tonnes CO2e","ing_Annual_Report_2024_1761270292451.pdf"
"Various Companies","2024","Total","General","7302","tonnes CO2e","ing_Annual_Report_2024_1761270292451.pdf"
"Various Companies","Recent","Total","General","40","tonnes CO2e","ing_Annual_Report_2024_1761270292451.pdf"
"Various Companies","Recent","Total","General","88","tonnes CO2e","ing_Annual_Report_2024_1761270292451.pdf"
"Various Companies","Recent","Total","General","14.4","tonnes CO2e","ing_Annual_Report_2024_1761270292451.pdf"
"Various Companies","2024","Total","Direct Emissions","85","tonnes CO2e","ing_Annual_Report_2024_1761270292451.pdf"
"Various Companies","Recent","Total","General","495000","tonnes CO2e","ing_Annual_Report_2024_1761270292451.pdf"
"Various Companies","Recent","Total","General","100","tonnes CO2e","ing_Annual_Report_2024_1761270292451.pdf"
"Various Companies","Recent","Total","General","25","tonnes CO2e","ing_Annual_Report_2024_1761270292451.pdf"
"Various Companies","2023","Total","General","514.9","tonnes CO2e","ing_Annual_Report_2024_1761270292451.pdf"
"Various Companies","2024","Total","General","22","tonnes CO2e","ing_Annual_Report_2024_1761270292451.pdf"
"Various Companies","Recent","Scope 1","Energy","2","tonnes CO2e","ing_Annual_Report_2024_1761270292451.pdf"
"Various Companies","Recent","Scope 1","General","2","tonnes CO2e","ing_Annual_Report_2024_1761270292451.pdf"
"Various Companies","Recent","Scope 1","General","1","tonnes CO2e","ing_Annual_Report_2024_1761270292451.pdf"
"Various Companies","2030","Total","Energy","2050","tonnes CO2e","ing_Annual_Report_2024_1761270292451.pdf"
"Various Companies","2024","Total","General","13","tonnes CO2e","ing_Annual_Report_2024_1761270292451.pdf"
"Various Companies","Recent","Scope 1","General","75","tonnes CO2e","ing_Annual_Report_2024_1761270292451.pdf"
"Various Companies","Recent","Scope 1","General","18","tonnes CO2e","ing_Annual_Report_2024_1761270292451.pdf"
"Various Companies","Recent","Scope 1","Direct Emissions","3","tonnes CO2e","ing_Annual_Report_2024_1761270292451.pdf"
"Various Companies","2023","Scope 1","Direct Emissions","15","tonnes CO2e","ing_Annual_Report_2024_1761270292451.pdf"
"Various Companies","Recent","Scope 2","Direct Emissions","2","tonnes CO2e","ing_Annual_Report_2024_1761270292451.pdf"
"Various Companies","Recent","Scope 1","General","3","tonnes CO2e","ing_Annual_Report_2024_1761270292451.pdf"
"Various Companies","2023","Scope 1","General","3","tonnes CO2e","ing_Annual_Report_2024_1761270292451.pdf"
"Various Companies","Recent","Total","General","250","tonnes CO2e","ing_Annual_Report_2024_1761270292451.pdf"
"Various Companies","2024","Total","General","9","tonnes CO2e","ing_Annual_Report_2024_1761270292451.pdf"
"Various Companies","2024","Total","General","32","tonnes CO2e","ing_Annual_Report_2024_1761270292451.pdf"
"Various Companies","2024","Total","General","194","tonnes CO2e","ing_Annual_Report_2024_1761270292451.pdf"
"Various Companies","Recent","Total","General","2","tonnes CO2e","ing_Annual_Report_2024_1761270292451.pdf"
"Various Companies","Recent","Total","General","19.8","tonnes CO2e","ing_Annual_Report_2024_1761270292451.pdf"
"Various Companies","Recent","Total","General","16","tonnes CO2e","ing_Annual_Report_2024_1761270292451.pdf"
"Various Companies","2024","Total","General","50.5","tonnes CO2e","ing_Annual_Report_2024_1761270292451.pdf"
"Various Companies","Recent","Total","General","8","tonnes CO2e","ing_Annual_Report_2024_1761270292451.pdf"
"Various Companies","Recent","Total","General","14.98","tonnes CO2e","ing_Annual_Report_2024_1761270292451.pdf"
"Various Companies","Recent","Total","General","0.6","tonnes CO2e","ing_Annual_Report_2024_1761270292451.pdf"
"Various Companies","2024","Total","General","18.4","tonnes CO2e","ing_Annual_Report_2024_1761270292451.pdf"
"Various Companies","Recent","Total","General","931552","tonnes CO2e","ing_Annual_Report_2024_1761270292451.pdf"
"Various Companies","2023","Total","General","12.4","tonnes CO2e","ing_Annual_Report_2024_1761270292451.pdf"
"Various Companies","Recent","Total","General","961863","tonnes CO2e","ing_Annual_Report_2024_1761270292451.pdf"
"Various Companies","Recent","Total","General","55.9","tonnes CO2e","ing_Annual_Report_2024_1761270292451.pdf"
"Various Companies","Recent","Total","General","55","tonnes CO2e","ing_Annual_Report_2024_1761270292451.pdf"
"Various Companies","2023","Total","General","38.7","tonnes CO2e","ing_Annual_Report_2024_1761270292451.pdf"
"Various Companies","2023","Total","General","39.1","tonnes CO2e","ing_Annual_Report_2024_1761270292451.pdf"
"Various Companies","Recent","Total","General","817266","tonnes CO2e","ing_Annual_Report_2024_1761270292451.pdf"
"Various Companies","Recent","Total","General","90","tonnes CO2e","ing_Annual_Report_2024_1761270292451.pdf"
"Various Companies","Recent","Total","General","846","tonnes CO2e","ing_Annual_Report_2024_1761270292451.pdf"
"Various Companies","Recent","Total","General","8825","tonnes CO2e","ing_Annual_Report_2024_1761270292451.pdf"
"Various Companies","Recent","Total","General","1.5","tonnes CO2e","ing_Annual_Report_2024_1761270292451.pdf"
"Various Companies","2024","Total","General","31","tonnes CO2e","ing_Annual_Report_2024_1761270292451.pdf"
"Various Companies","2023","Total","General","1.8","tonnes CO2e","ing_Annual_Report_2024_1761270292451.pdf"
"Various Companies","Recent","Total","General","2144","tonnes CO2e","ing_Annual_Report_2024_1761270292451.pdf"
"Various Companies","2023","Total","General","26.7","tonnes CO2e","ing_Annual_Report_2024_1761270292451.pdf"
"Various Companies","Recent","Total","General","2898","tonnes CO2e","ing_Annual_Report_2024_1761270292451.pdf"
"Various Companies","2023","Total","General","45.4","tonnes CO2e","ing_Annual_Report_2024_1761270292451.pdf"
"Various Companies","2023","Total","General","18.6","tonnes CO2e","ing_Annual_Report_2024_1761270292451.pdf"
"Various Companies","Recent","Total","General","11653","tonnes CO2e","ing_Annual_Report_2024_1761270292451.pdf"
"Various Companies","Recent","Total","General","13295","tonnes CO2e","ing_Annual_Report_2024_1761270292451.pdf"
"Various Companies","Recent","Total","General","836869","tonnes CO2e","ing_Annual_Report_2024_1761270292451.pdf"
"Various Companies","Recent","Total","General","5839","tonnes CO2e","ing_Annual_Report_2024_1761270292451.pdf"
"Various Companies","2023","Total","General","91.5","tonnes CO2e","ing_Annual_Report_2024_1761270292451.pdf"
"Various Companies","Recent","Total","General","3","tonnes CO2e","ing_Annual_Report_2024_1761270292451.pdf"
"Various Companies","Recent","Total","General","577","tonnes CO2e","ing_Annual_Report_2024_1761270292451.pdf"
"Various Companies","2023","Total","General","50","tonnes CO2e","ing_Annual_Report_2024_1761270292451.pdf"
"Various Companies","2024","Total","General","38","tonnes CO2e","ing_Annual_Report_2024_1761270292451.pdf"
"Various Companies","Recent","Total","General","2856","tonnes CO2e","ing_Annual_Report_2024_1761270292451.pdf"
"Various Companies","Recent","Total","General","236","tonnes CO2e","ing_Annual_Report_2024_1761270292451.pdf"
"Various Companies","Recent","Total","General","969","tonnes CO2e","ing_Annual_Report_2024_1761270292451.pdf"
"Various Companies","Recent","Total","General","1544","tonnes CO2e","ing_Annual_Report_2024_1761270292451.pdf"
"Various Companies","Recent","Total","General","1030","tonnes CO2e","ing_Annual_Report_2024_1761270292451.pdf"
"Various Companies","Recent","Total","General","77388","tonnes CO2e","ing_Annual_Report_2024_1761270292451.pdf"
"Various Companies","Recent","Total","General","16849","tonnes CO2e","ing_Annual_Report_2024_1761270292451.pdf"
"Various Companies","Recent","Total","General","1152","tonnes CO2e","ing_Annual_Report_2024_1761270292451.pdf"
"Various Companies","Recent","Total","General","756","tonnes CO2e","ing_Annual_Report_2024_1761270292451.pdf"
"Various Companies","Recent","Total","General","65","tonnes CO2e","ing_Annual_Report_2024_1761270292451.pdf"
"Various Companies","Recent","Total","General","22","tonnes CO2e","ing_Annual_Report_2024_1761270292451.pdf"
"Various Companies","Recent","Total","General","114.7","tonnes CO2e","ing_Annual_Report_2024_1761270292451.pdf"
"Various Companies","Recent","Total","General","97.4","tonnes CO2e","ing_Annual_Report_2024_1761270292451.pdf"
"Various Companies","Recent","Total","General","13060","tonnes CO2e","ing_Annual_Report_2024_1761270292451.pdf"
"Various Companies","Recent","Total","General","14714","tonnes CO2e","ing_Annual_Report_2024_1761270292451.pdf"
"Various Companies","Recent","Total","General","8003","tonnes CO2e","ing_Annual_Report_2024_1761270292451.pdf"
"Various Companies","Recent","Total","General","8507","tonnes CO2e","ing_Annual_Report_2024_1761270292451.pdf"
"Various Companies","Recent","Total","General","636","tonnes CO2e","ing_Annual_Report_2024_1761270292451.pdf"
"Various Companies","2023","Total","General","160","tonnes CO2e","ing_Annual_Report_2024_1761270292451.pdf"
"Various Companies","2023","Total","General","290","tonnes CO2e","ing_Annual_Report_2024_1761270292451.pdf"
"Various Companies","Recent","Total","General","101645","tonnes CO2e","ing_Annual_Report_2024_1761270292451.pdf"
"Various Companies","Recent","Total","General","23025","tonnes CO2e","ing_Annual_Report_2024_1761270292451.pdf"
"Various Companies","Recent","Total","General","124670","tonnes CO2e","ing_Annual_Report_2024_1761270292451.pdf"
"Various Companies","Recent","Total","General","50413","tonnes CO2e","ing_Annual_Report_2024_1761270292451.pdf"
"Various Companies","2024","Total","General","195","tonnes CO2e","ing_Annual_Report_2024_1761270292451.pdf"
"Various Companies","2024","Total","General","3","tonnes CO2e","ing_Annual_Report_2024_1761270292451.pdf"
"Various Companies","Recent","Total","General","43","tonnes CO2e","ing_Annual_Report_2024_1761270292451.pdf"
"Various Companies","2024","Total","General","156","tonnes CO2e","ing_Annual_Report_2024_1761270292451.pdf"
"Various Companies","2024","Total","General","50","tonnes CO2e","ing_Annual_Report_2024_1761270292451.pdf"
"Various Companies","Recent","Total","General","10952","tonnes CO2e","ing_Annual_Report_2024_1761270292451.pdf"
"Various Companies","Recent","Total","General","98","tonnes CO2e","ing_Annual_Report_2024_1761270292451.pdf"
"Various Companies","Recent","Total","General","3762","tonnes CO2e","ing_Annual_Report_2024_1761270292451.pdf"
"Various Companies","Recent","Total","General","5085","tonnes CO2e","ing_Annual_Report_2024_1761270292451.pdf"
"Various Companies","Recent","Total","General","1499","tonnes CO2e","ing_Annual_Report_2024_1761270292451.pdf"
"Various Companies","2024","Total","General","25","tonnes CO2e","ing_Annual_Report_2024_1761270292451.pdf"
"Various Companies","Recent","Total","General","2044","tonnes CO2e","ing_Annual_Report_2024_1761270292451.pdf"
"Various Companies","Recent","Total","General","3757","tonnes CO2e","ing_Annual_Report_2024_1761270292451.pdf"
"Various Companies","Recent","Total","General","3274","tonnes CO2e","ing_Annual_Report_2024_1761270292451.pdf"
"Various Companies","2024","Total","General","1.106","tonnes CO2e","ing_Annual_Report_2024_1761270292451.pdf"
"Various Companies","Recent","Total","General","1219","tonnes CO2e","ing_Annual_Report_2024_1761270292451.pdf"
"Various Companies","Recent","Total","General","18561","tonnes CO2e","ing_Annual_Report_2024_1761270292451.pdf"
"Various Companies","Recent","Total","General","1474","tonnes CO2e","ing_Annual_Report_2024_1761270292451.pdf"
"Various Companies","Recent","Total","General","4","tonnes CO2e","ing_Annual_Report_2024_1761270292451.pdf"
"Various Companies","Recent","Total","General","85","tonnes CO2e","ing_Annual_Report_2024_1761270292451.pdf"
"Various Companies","2029","Total","General","768","tonnes CO2e","ing_Annual_Report_2024_1761270292451.pdf"
"Various Companies","Recent","Total","General","781","tonnes CO2e","ing_Annual_Report_2024_1761270292451.pdf"
"Various Companies","Recent","Total","General","1096","tonnes CO2e","ing_Annual_Report_2024_1761270292451.pdf"
"Various Companies","Recent","Total","General","1870","tonnes CO2e","ing_Annual_Report_2024_1761270292451.pdf"
"Various Companies","Recent","Total","General","907","tonnes CO2e","ing_Annual_Report_2024_1761270292451.pdf"
"Various Companies","Recent","Total","General","385","tonnes CO2e","ing_Annual_Report_2024_1761270292451.pdf"
"Various Companies","2024","Total","General","11","tonnes CO2e","ing_Annual_Report_2024_1761270292451.pdf"
"Various Companies","2024","Total","General","0.8","tonnes CO2e","ing_Annual_Report_2024_1761270292451.pdf"
"Various Companies","Recent","Total","General","729","tonnes CO2e","ing_Annual_Report_2024_1761270292451.pdf"
"Various Companies","2023","Total","General","316","tonnes CO2e","ing_Annual_Report_2024_1761270292451.pdf"
"Various Companies","Recent","Total","General","1020545","tonnes CO2e","ing_Annual_Report_2024_1761270292451.pdf"
"Various Companies","Recent","Total","General","975583","tonnes CO2e","ing_Annual_Report_2024_1761270292451.pdf"
"Various Companies","Recent","Total","General","969236","tonnes CO2e","ing_Annual_Report_2024_1761270292451.pdf"
"Various Companies","Recent","Total","General","923400","tonnes CO2e","ing_Annual_Report_2024_1761270292451.pdf"
"Various Companies","2024","Total","General","10992","tonnes CO2e","ing_Annual_Report_2024_1761270292451.pdf"
"Various Companies","2024","Total","General","2410","tonnes CO2e","ing_Annual_Report_2024_1761270292451.pdf"
"Various Companies","2023","Total","General","11458","tonnes CO2e","ing_Annual_Report_2024_1761270292451.pdf"
"Various Companies","2023","Total","General","1616","tonnes CO2e","ing_Annual_Report_2024_1761270292451.pdf"
"Various Companies","2024","Total","General","16690","tonnes CO2e","ing_Annual_Report_2024_1761270292451.pdf"
"Various Companies","2024","Total","General","16817","tonnes CO2e","ing_Annual_Report_2024_1761270292451.pdf"
"Various Companies","Recent","Total","General","98905","tonnes CO2e","ing_Annual_Report_2024_1761270292451.pdf"
"Various Companies","2023","Total","General","21193","tonnes CO2e","ing_Annual_Report_2024_1761270292451.pdf"
"Various Companies","2023","Total","General","15116","tonnes CO2e","ing_Annual_Report_2024_1761270292451.pdf"
"Various Companies","2023","Total","General","319","tonnes CO2e","ing_Annual_Report_2024_1761270292451.pdf"
"Various Companies","Recent","Total","General","14513","tonnes CO2e","ing_Annual_Report_2024_1761270292451.pdf"
"Various Companies","Recent","Total","General","15782","tonnes CO2e","ing_Annual_Report_2024_1761270292451.pdf"
"Various Companies","Recent","Total","General","18008","tonnes CO2e","ing_Annual_Report_2024_1761270292451.pdf"
"Various Companies","Recent","Total","General","1048","tonnes CO2e","ing_Annual_Report_2024_1761270292451.pdf"
"Various Companies","2023","Total","General","138","tonnes CO2e","ing_Annual_Report_2024_1761270292451.pdf"
"Various Companies","2024","Total","General","324","tonnes CO2e","ing_Annual_Report_2024_1761270292451.pdf"
"Various Companies","Recent","Total","General","31451240","tonnes CO2e","ing_Annual_Report_2024_1761270292451.pdf"
"Various Companies","Recent","Total","General","553110","tonnes CO2e","ing_Annual_Report_2024_1761270292451.pdf"
"Various Companies","Recent","Total","General","359280","tonnes CO2e","ing_Annual_Report_2024_1761270292451.pdf"
"Various Companies","2023","Scope 1","General","1","tonnes CO2e","ing_Annual_Report_2024_1761270292451.pdf"
"Various Companies","2030","Total","General","24","tonnes CO2e","ing_Annual_Report_2024_1761270292451.pdf"
"Various Companies","Recent","Scope 3","General","11","tonnes CO2e","ing_Annual_Report_2024_1761270292451.pdf"
"Various Companies","Recent","Scope 1","General","13","tonnes CO2e","ing_Annual_Report_2024_1761270292451.pdf"
"Various Companies","2023","Total","General","2.02","tonnes CO2e","ing_Annual_Report_2024_1761270292451.pdf"
"Various Companies","2023","Scope 1","General","2","tonnes CO2e","ing_Annual_Report_2024_1761270292451.pdf"
"Various Companies","2022","Total","General","23","tonnes CO2e","ing_Annual_Report_2024_1761270292451.pdf"
"Various Companies","Recent","Total","General","50","tonnes CO2e","ing_Annual_Report_2024_1761270292451.pdf"
"Various Companies","Recent","Total","General","53","tonnes CO2e","ing_Annual_Report_2024_1761270292451.pdf"
"Various Companies","Recent","Total","General","1089","tonnes CO2e","ing_Annual_Report_2024_1761270292451.pdf"
"Various Companies","Recent","Total","General","172","tonnes CO2e","ing_Annual_Report_2024_1761270292451.pdf"
"Various Companies","Recent","Total","General","1916","tonnes CO2e","ing_Annual_Report_2024_1761270292451.pdf"
"Various Companies","Recent","Total","General","387","tonnes CO2e","ing_Annual_Report_2024_1761270292451.pdf"
"Various Companies","Recent","Total","General","81.61","tonnes CO2e","ing_Annual_Report_2024_1761270292451.pdf"
"Various Companies","Recent","Total","General","78.9","tonnes CO2e","ing_Annual_Report_2024_1761270292451.pdf"
"Various Companies","Recent","Total","General","78.91","tonnes CO2e","ing_Annual_Report_2024_1761270292451.pdf"
"Various Companies","Recent","Total","General","69.92","tonnes CO2e","ing_Annual_Report_2024_1761270292451.pdf"
"Various Companies","Recent","Total","General","0.02","tonnes CO2e","ing_Annual_Report_2024_1761270292451.pdf"
"Various Companies","2023","Scope 1","Transportation","27","tonnes CO2e","ing_Annual_Report_2024_1761270292451.pdf"
"Various Companies","2024","Scope 1","General","2","tonnes CO2e","ing_Annual_Report_2024_1761270292451.pdf"
"Various Companies","Recent","Scope 1","Energy","18","tonnes CO2e","ing_Annual_Report_2024_1761270292451.pdf"
"Various Companies","2023","Scope 1","General","2024","tonnes CO2e","ing_Annual_Report_2024_1761270292451.pdf"
"Various Companies","2024","Scope 1","General","13","tonnes CO2e","ing_Annual_Report_2024_1761270292451.pdf"
"Various Companies","2022","Scope 1","General","2","tonnes CO2e","ing_Annual_Report_2024_1761270292451.pdf"
"Various Companies","2023","Scope 3","Transportation","27","tonnes CO2e","ing_Annual_Report_2024_1761270292451.pdf"
"Various Companies","2023","Scope 3","Direct Emissions","15","tonnes CO2e","ing_Annual_Report_2024_1761270292451.pdf"
"Various Companies","Recent","Scope 3","Energy","11","tonnes CO2e","ing_Annual_Report_2024_1761270292451.pdf"
"Various Companies","2024","Scope 3","General","13","tonnes CO2e","ing_Annual_Report_2024_1761270292451.pdf"
"Various Companies","2030","Total","General","50","tonnes CO2e","IOC-Sustainability-Report-2021.pdf"
"Various Companies","2024","Total","General","50","tonnes CO2e","IOC-Sustainability-Report-2021.pdf"
"Various Companies","2019","Total","General","26969","tonnes CO2e","IOC-Sustainability-Report-2021.pdf"
"Various Companies","Recent","Total","General","3","tonnes CO2e","IOC-Sustainability-Report-2021.pdf"
"Various Companies","2020","Total","Transportation","9820","tonnes CO2e","IOC-Sustainability-Report-2021.pdf"
"Various Companies","2020","Total","General","200","tonnes CO2e","IOC-Sustainability-Report-2021.pdf"
"Various Companies","Recent","Total","General","5","tonnes CO2e","IOC-Sustainability-Report-2021.pdf"
"Various Companies","2021","Total","General","17","tonnes CO2e","IOC-Sustainability-Report-2021.pdf"
"Various Companies","2020","Total","Transportation","2","tonnes CO2e","IOC-Sustainability-Report-2021.pdf"
"Various Companies","Recent","Total","General","200000","tonnes CO2e","IOC-Sustainability-Report-2021.pdf"
"Various Companies","2030","Total","Direct Emissions","200000","tonnes CO2e","IOC-Sustainability-Report-2021.pdf"
"Various Companies","Recent","Scope 1","General","2","tonnes CO2e","Jaarverslag-2024.pdf"
"Various Companies","2024","Scope 3","General","3","tonnes CO2e","Jaarverslag-2024.pdf"
"Various Companies","Recent","Scope 1","General","3","tonnes CO2e","Jaarverslag-2024.pdf"
"Various Companies","Recent","Scope 1","General","1","tonnes CO2e","Jaarverslag-2024.pdf"
"Various Companies","Recent","Scope 1","General","58","tonnes CO2e","Jaarverslag-2024.pdf"
"Various Companies","Recent","Total","General","71","tonnes CO2e","Jaarverslag-2024.pdf"
"Various Companies","Recent","Total","General","57","tonnes CO2e","Jaarverslag-2024.pdf"
"Various Companies","Recent","Total","General","127","tonnes CO2e","Jaarverslag-2024.pdf"
"Various Companies","Recent","Total","General","12","tonnes CO2e","Jaarverslag-2024.pdf"
"Various Companies","Recent","Total","General","77","tonnes CO2e","Jaarverslag-2024.pdf"
"Various Companies","Recent","Total","General","1093","tonnes CO2e","Jaarverslag-2024.pdf"
"Various Companies","Recent","Total","General","21","tonnes CO2e","Jaarverslag-2024.pdf"
"Various Companies","Recent","Total","General","3","tonnes CO2e","Jaarverslag-2024.pdf"
"Various Companies","Recent","Total","General","4","tonnes CO2e","Jaarverslag-2024.pdf"
"Various Companies","Recent","Scope 1","Direct Emissions","1","tonnes CO2e","Jaarverslag-2024.pdf"
"Various Companies","Recent","Scope 1","Direct Emissions","2","tonnes CO2e","Jaarverslag-2024.pdf"
"Various Companies","Recent","Scope 3","Direct Emissions","3","tonnes CO2e","Jaarverslag-2024.pdf"
"Various Companies","Recent","Total","General","5","tonnes CO2e","Jaarverslag-2024.pdf"
"Various Companies","Recent","Scope 2","Direct Emissions","2","tonnes CO2e","Jaarverslag-2024.pdf"
"Various Companies","Recent","Scope 1","General","168.545","tonnes CO2e","Jaarverslag-2024.pdf"
"Various Companies","Recent","Total","General","400.768","tonnes CO2e","Jaarverslag-2024.pdf"
"Various Companies","2024","Scope 3","General","2024","tonnes CO2e","Jaarverslag-2024.pdf"
"Various Companies","2023","Total","General","3","tonnes CO2e","KPN-integrated-annual-report-2024_2025-02-21-143127_spyv.pdf"
"Various Companies","Recent","Total","Energy","2","tonnes CO2e","KPN-integrated-annual-report-2024_2025-02-21-143127_spyv.pdf"
"Various Companies","2025","Scope 1","General","6100","tonnes CO2e","KPN-integrated-annual-report-2024_2025-02-21-143127_spyv.pdf"
"Various Companies","2025","Scope 2","General","116000","tonnes CO2e","KPN-integrated-annual-report-2024_2025-02-21-143127_spyv.pdf"
"Various Companies","Recent","Scope 3","General","101750","tonnes CO2e","KPN-integrated-annual-report-2024_2025-02-21-143127_spyv.pdf"
"Various Companies","2024","Scope 1","General","6208","tonnes CO2e","KPN-integrated-annual-report-2024_2025-02-21-143127_spyv.pdf"
"Various Companies","2024","Scope 2","General","118356","tonnes CO2e","KPN-integrated-annual-report-2024_2025-02-21-143127_spyv.pdf"
"Various Companies","2024","Scope 3","General","813481","tonnes CO2e","KPN-integrated-annual-report-2024_2025-02-21-143127_spyv.pdf"
"Various Companies","Recent","Scope 1","Direct Emissions","3","tonnes CO2e","KPN-integrated-annual-report-2024_2025-02-21-143127_spyv.pdf"
"Various Companies","Recent","Total","General","59","tonnes CO2e","KPN-integrated-annual-report-2024_2025-02-21-143127_spyv.pdf"
"Various Companies","Recent","Total","General","100","tonnes CO2e","KPN-integrated-annual-report-2024_2025-02-21-143127_spyv.pdf"
"Various Companies","Recent","Scope 3","Transportation","9","tonnes CO2e","KPN-integrated-annual-report-2024_2025-02-21-143127_spyv.pdf"
"Various Companies","Recent","Scope 3","Transportation","13","tonnes CO2e","KPN-integrated-annual-report-2024_2025-02-21-143127_spyv.pdf"
"Various Companies","Recent","Scope 2","General","3","tonnes CO2e","KPN-integrated-annual-report-2024_2025-02-21-143127_spyv.pdf"
"Various Companies","Recent","Total","General","30","tonnes CO2e","KPN-integrated-annual-report-2024_2025-02-21-143127_spyv.pdf"
"Various Companies","Recent","Scope 1","General","2","tonnes CO2e","KPN-integrated-annual-report-2024_2025-02-21-143127_spyv.pdf"
"Various Companies","2025","Scope 3","General","3","tonnes CO2e","KPN-integrated-annual-report-2024_2025-02-21-143127_spyv.pdf"
"Various Companies","Recent","Scope 3","General","15","tonnes CO2e","KPN-integrated-annual-report-2024_2025-02-21-143127_spyv.pdf"
"Various Companies","2024","Scope 3","General","3","tonnes CO2e","KPN-integrated-annual-report-2024_2025-02-21-143127_spyv.pdf"
"Various Companies","Recent","Scope 1","General","3","tonnes CO2e","KPN-integrated-annual-report-2024_2025-02-21-143127_spyv.pdf"
"Various Companies","Recent","Scope 1","General","90","tonnes CO2e","KPN-integrated-annual-report-2024_2025-02-21-143127_spyv.pdf"
"Various Companies","Recent","Scope 1","Energy","1","tonnes CO2e","KPN-integrated-annual-report-2024_2025-02-21-143127_spyv.pdf"
"Various Companies","2030","Scope 3","General","3","tonnes CO2e","KPN-integrated-annual-report-2024_2025-02-21-143127_spyv.pdf"
"Various Companies","Recent","Scope 1","General","1.5","tonnes CO2e","KPN-integrated-annual-report-2024_2025-02-21-143127_spyv.pdf"
"Various Companies","2024","Scope 3","General","20","tonnes CO2e","KPN-integrated-annual-report-2024_2025-02-21-143127_spyv.pdf"
"Various Companies","Recent","Scope 1","Direct Emissions","1","tonnes CO2e","KPN-integrated-annual-report-2024_2025-02-21-143127_spyv.pdf"
"Various Companies","Recent","Scope 1","Direct Emissions","100","tonnes CO2e","KPN-integrated-annual-report-2024_2025-02-21-143127_spyv.pdf"
"Various Companies","Recent","Scope 3","General","3","tonnes CO2e","KPN-integrated-annual-report-2024_2025-02-21-143127_spyv.pdf"
"Various Companies","Recent","Scope 3","Energy","3","tonnes CO2e","KPN-integrated-annual-report-2024_2025-02-21-143127_spyv.pdf"
"Various Companies","Recent","Scope 3","Transportation","3","tonnes CO2e","KPN-integrated-annual-report-2024_2025-02-21-143127_spyv.pdf"
"Various Companies","2023","Scope 3","General","3","tonnes CO2e","KPN-integrated-annual-report-2024_2025-02-21-143127_spyv.pdf"
"Various Companies","Recent","Total","General","1.075","tonnes CO2e","KPN-integrated-annual-report-2024_2025-02-21-143127_spyv.pdf"
"Various Companies","Recent","Scope 1","Energy","3","tonnes CO2e","KPN-integrated-annual-report-2024_2025-02-21-143127_spyv.pdf"
"Various Companies","2024","Scope 3","General","99","tonnes CO2e","KPN-integrated-annual-report-2024_2025-02-21-143127_spyv.pdf"
"Various Companies","2024","Scope 3","Purchased Goods","77","tonnes CO2e","KPN-integrated-annual-report-2024_2025-02-21-143127_spyv.pdf"
"Various Companies","Recent","Scope 3","Purchased Goods","1","tonnes CO2e","KPN-integrated-annual-report-2024_2025-02-21-143127_spyv.pdf"
"Various Companies","2030","Scope 1","General","3","tonnes CO2e","KPN-integrated-annual-report-2024_2025-02-21-143127_spyv.pdf"
"Various Companies","Recent","Scope 1","General","1","tonnes CO2e","KPN-integrated-annual-report-2024_2025-02-21-143127_spyv.pdf"
"Various Companies","Recent","Scope 1","Energy","2","tonnes CO2e","KPN-integrated-annual-report-2024_2025-02-21-143127_spyv.pdf"
"Various Companies","2022","Scope 3","General","3","tonnes CO2e","KPN-integrated-annual-report-2024_2025-02-21-143127_spyv.pdf"
"Various Companies","2023","Scope 2","General","2","tonnes CO2e","KPN-integrated-annual-report-2024_2025-02-21-143127_spyv.pdf"
"Various Companies","2015","Scope 2","General","2","tonnes CO2e","KPN-integrated-annual-report-2024_2025-02-21-143127_spyv.pdf"
"Various Companies","Recent","Total","General","11","tonnes CO2e","KPN-integrated-annual-report-2024_2025-02-21-143127_spyv.pdf"
"Various Companies","Recent","Total","General","13","tonnes CO2e","KPN-integrated-annual-report-2024_2025-02-21-143127_spyv.pdf"
"Various Companies","Recent","Total","General","9","tonnes CO2e","KPN-integrated-annual-report-2024_2025-02-21-143127_spyv.pdf"
"Various Companies","Recent","Total","General","4.7","tonnes CO2e","KPN-integrated-annual-report-2024_2025-02-21-143127_spyv.pdf"
"Various Companies","Recent","Scope 3","General","50","tonnes CO2e","KPN-integrated-annual-report-2024_2025-02-21-143127_spyv.pdf"
"Various Companies","Recent","Scope 3","Supply Chain","3","tonnes CO2e","KPN-integrated-annual-report-2024_2025-02-21-143127_spyv.pdf"
"Various Companies","Recent","Scope 2","Energy","2","tonnes CO2e","KPN-integrated-annual-report-2024_2025-02-21-143127_spyv.pdf"
"Various Companies","Recent","Scope 3","General","2","tonnes CO2e","KPN-integrated-annual-report-2024_2025-02-21-143127_spyv.pdf"
"Various Companies","Recent","Scope 3","Transportation","4","tonnes CO2e","KPN-integrated-annual-report-2024_2025-02-21-143127_spyv.pdf"
"Various Companies","Recent","Total","Transportation","2","tonnes CO2e","KPN-integrated-annual-report-2024_2025-02-21-143127_spyv.pdf"
"Various Companies","Recent","Scope 3","Waste","5","tonnes CO2e","KPN-integrated-annual-report-2024_2025-02-21-143127_spyv.pdf"
"Various Companies","Recent","Scope 1","Transportation","6","tonnes CO2e","KPN-integrated-annual-report-2024_2025-02-21-143127_spyv.pdf"
"Various Companies","Recent","Scope 1","Transportation","2","tonnes CO2e","KPN-integrated-annual-report-2024_2025-02-21-143127_spyv.pdf"
"Various Companies","Recent","Scope 1","General","7","tonnes CO2e","KPN-integrated-annual-report-2024_2025-02-21-143127_spyv.pdf"
"Various Companies","Recent","Scope 3","General","8","tonnes CO2e","KPN-integrated-annual-report-2024_2025-02-21-143127_spyv.pdf"
"Various Companies","Recent","Scope 1","Transportation","9","tonnes CO2e","KPN-integrated-annual-report-2024_2025-02-21-143127_spyv.pdf"
"Various Companies","Recent","Scope 3","General","10","tonnes CO2e","KPN-integrated-annual-report-2024_2025-02-21-143127_spyv.pdf"
"Various Companies","Recent","Scope 3","Direct Emissions","11","tonnes CO2e","KPN-integrated-annual-report-2024_2025-02-21-143127_spyv.pdf"
"Various Companies","2023","Total","General","4","tonnes CO2e","KPN-integrated-annual-report-2024_2025-02-21-143127_spyv.pdf"
"Various Companies","Recent","Scope 3","Direct Emissions","12","tonnes CO2e","KPN-integrated-annual-report-2024_2025-02-21-143127_spyv.pdf"
"Various Companies","Recent","Scope 1","Waste","13","tonnes CO2e","KPN-integrated-annual-report-2024_2025-02-21-143127_spyv.pdf"
"Various Companies","Recent","Scope 3","General","14","tonnes CO2e","KPN-integrated-annual-report-2024_2025-02-21-143127_spyv.pdf"
"Various Companies","Recent","Scope 1","General","15","tonnes CO2e","KPN-integrated-annual-report-2024_2025-02-21-143127_spyv.pdf"
"Various Companies","Recent","Total","Direct Emissions","15","tonnes CO2e","KPN-integrated-annual-report-2024_2025-02-21-143127_spyv.pdf"
"Various Companies","2024","Scope 1","General","1","tonnes CO2e","KPN-integrated-annual-report-2024_2025-02-21-143127_spyv.pdf"
"Various Companies","Recent","Scope 1","Energy","100","tonnes CO2e","KPN-integrated-annual-report-2024_2025-02-21-143127_spyv.pdf"
"Various Companies","2015","Scope 1","General","2040","tonnes CO2e","KPN-integrated-annual-report-2024_2025-02-21-143127_spyv.pdf"
"Various Companies","Recent","Total","Waste","12737","tonnes CO2e","KPN-integrated-annual-report-2024_2025-02-21-143127_spyv.pdf"
"Various Companies","Recent","Total","Waste","13111","tonnes CO2e","KPN-integrated-annual-report-2024_2025-02-21-143127_spyv.pdf"
"Various Companies","Recent","Total","General","9664","tonnes CO2e","KPN-integrated-annual-report-2024_2025-02-21-143127_spyv.pdf"
"Various Companies","Recent","Total","General","10333","tonnes CO2e","KPN-integrated-annual-report-2024_2025-02-21-143127_spyv.pdf"
"Various Companies","2015","Total","General","9664","tonnes CO2e","KPN-integrated-annual-report-2024_2025-02-21-143127_spyv.pdf"
"Various Companies","Recent","Total","General","1115","tonnes CO2e","KPN-integrated-annual-report-2024_2025-02-21-143127_spyv.pdf"
"Various Companies","Recent","Total","General","89","tonnes CO2e","KPN-integrated-annual-report-2024_2025-02-21-143127_spyv.pdf"
"Various Companies","2023","Total","General","40","tonnes CO2e","KPN-integrated-annual-report-2024_2025-02-21-143127_spyv.pdf"
"Various Companies","Recent","Total","General","35333561","tonnes CO2e","KPN-integrated-annual-report-2024_2025-02-21-143127_spyv.pdf"
"Various Companies","Recent","Total","General","4","tonnes CO2e","KPN-integrated-annual-report-2024_2025-02-21-143127_spyv.pdf"
"Various Companies","Recent","Total","General","13.1","tonnes CO2e","KPN-integrated-annual-report-2024_2025-02-21-143127_spyv.pdf"
"Various Companies","2024","Total","General","30","tonnes CO2e","KPN-integrated-annual-report-2024_2025-02-21-143127_spyv.pdf"
"Various Companies","Recent","Total","General","246","tonnes CO2e","KPN-integrated-annual-report-2024_2025-02-21-143127_spyv.pdf"
"Various Companies","2023","Total","General","0.06","tonnes CO2e","KPN-integrated-annual-report-2024_2025-02-21-143127_spyv.pdf"
"Various Companies","Recent","Total","General","31","tonnes CO2e","KPN-integrated-annual-report-2024_2025-02-21-143127_spyv.pdf"
"Various Companies","Recent","Total","General","1941","tonnes CO2e","KPN-integrated-annual-report-2024_2025-02-21-143127_spyv.pdf"
"Various Companies","Recent","Total","General","2001","tonnes CO2e","KPN-integrated-annual-report-2024_2025-02-21-143127_spyv.pdf"
"Various Companies","2024","Total","General","31","tonnes CO2e","KPN-integrated-annual-report-2024_2025-02-21-143127_spyv.pdf"
"Various Companies","Recent","Total","General","184","tonnes CO2e","KPN-integrated-annual-report-2024_2025-02-21-143127_spyv.pdf"
"Various Companies","Recent","Total","General","61","tonnes CO2e","KPN-integrated-annual-report-2024_2025-02-21-143127_spyv.pdf"
"Various Companies","Recent","Total","General","90","tonnes CO2e","KPN-integrated-annual-report-2024_2025-02-21-143127_spyv.pdf"
"Various Companies","Recent","Total","General","153","tonnes CO2e","KPN-integrated-annual-report-2024_2025-02-21-143127_spyv.pdf"
"Various Companies","Recent","Total","General","110669","tonnes CO2e","KPN-integrated-annual-report-2024_2025-02-21-143127_spyv.pdf"
"Various Companies","Recent","Total","Energy","125609","tonnes CO2e","KPN-integrated-annual-report-2024_2025-02-21-143127_spyv.pdf"
"Various Companies","Recent","Total","General","110130","tonnes CO2e","KPN-integrated-annual-report-2024_2025-02-21-143127_spyv.pdf"
"Various Companies","Recent","Total","General","125209","tonnes CO2e","KPN-integrated-annual-report-2024_2025-02-21-143127_spyv.pdf"
"Various Companies","2024","Total","General","17","tonnes CO2e","KPN-integrated-annual-report-2024_2025-02-21-143127_spyv.pdf"
"Various Companies","2023","Total","General","9","tonnes CO2e","KPN-integrated-annual-report-2024_2025-02-21-143127_spyv.pdf"
"Various Companies","2023","Total","General","15","tonnes CO2e","KPN-integrated-annual-report-2024_2025-02-21-143127_spyv.pdf"
"Various Companies","Recent","Total","General","2","tonnes CO2e","KPN-integrated-annual-report-2024_2025-02-21-143127_spyv.pdf"
"Various Companies","Recent","Total","General","5","tonnes CO2e","KPN-integrated-annual-report-2024_2025-02-21-143127_spyv.pdf"
"Various Companies","Recent","Total","General","145","tonnes CO2e","KPN-integrated-annual-report-2024_2025-02-21-143127_spyv.pdf"
"Various Companies","2023","Total","General","31","tonnes CO2e","KPN-integrated-annual-report-2024_2025-02-21-143127_spyv.pdf"
"Various Companies","2025","Total","General","21","tonnes CO2e","KPN-integrated-annual-report-2024_2025-02-21-143127_spyv.pdf"
"Various Companies","Recent","Total","General","323","tonnes CO2e","KPN-integrated-annual-report-2024_2025-02-21-143127_spyv.pdf"
"Various Companies","Recent","Total","General","2781782","tonnes CO2e","KPN-integrated-annual-report-2024_2025-02-21-143127_spyv.pdf"
"Various Companies","Recent","Total","General","3907","tonnes CO2e","KPN-integrated-annual-report-2024_2025-02-21-143127_spyv.pdf"
"Various Companies","Recent","Total","General","95","tonnes CO2e","KPN-integrated-annual-report-2024_2025-02-21-143127_spyv.pdf"
"Various Companies","Recent","Total","General","2931","tonnes CO2e","KPN-integrated-annual-report-2024_2025-02-21-143127_spyv.pdf"
"Various Companies","Recent","Scope 1","General","6100","tonnes CO2e","KPN-integrated-annual-report-2024_2025-02-21-143127_spyv.pdf"
"Various Companies","2025","Scope 1","General","141000","tonnes CO2e","KPN-integrated-annual-report-2024_2025-02-21-143127_spyv.pdf"
"Various Companies","2030","Scope 3","General","59900","tonnes CO2e","KPN-integrated-annual-report-2024_2025-02-21-143127_spyv.pdf"
"Various Companies","Recent","Scope 2","General","20238686","tonnes CO2e","KPN-integrated-annual-report-2024_2025-02-21-143127_spyv.pdf"
"Various Companies","Recent","Scope 3","General","132326","tonnes CO2e","KPN-integrated-annual-report-2024_2025-02-21-143127_spyv.pdf"
"Various Companies","Recent","Total","General","795061","tonnes CO2e","KPN-integrated-annual-report-2024_2025-02-21-143127_spyv.pdf"
"Various Companies","Recent","Total","General","20246208","tonnes CO2e","KPN-integrated-annual-report-2024_2025-02-21-143127_spyv.pdf"
"Various Companies","Recent","Total","General","118356","tonnes CO2e","KPN-integrated-annual-report-2024_2025-02-21-143127_spyv.pdf"
"Various Companies","Recent","Total","General","813481","tonnes CO2e","KPN-integrated-annual-report-2024_2025-02-21-143127_spyv.pdf"
"Various Companies","Recent","Total","General","20248500","tonnes CO2e","KPN-integrated-annual-report-2024_2025-02-21-143127_spyv.pdf"
"Various Companies","Recent","Total","General","150000","tonnes CO2e","KPN-integrated-annual-report-2024_2025-02-21-143127_spyv.pdf"
"Various Companies","Recent","Total","General","759000","tonnes CO2e","KPN-integrated-annual-report-2024_2025-02-21-143127_spyv.pdf"
"Various Companies","Recent","Total","General","20256100","tonnes CO2e","KPN-integrated-annual-report-2024_2025-02-21-143127_spyv.pdf"
"Various Companies","Recent","Total","General","116000","tonnes CO2e","KPN-integrated-annual-report-2024_2025-02-21-143127_spyv.pdf"
"Various Companies","Recent","Total","General","794000","tonnes CO2e","KPN-integrated-annual-report-2024_2025-02-21-143127_spyv.pdf"
"Various Companies","2015","Total","General","37500","tonnes CO2e","KPN-integrated-annual-report-2024_2025-02-21-143127_spyv.pdf"
"Various Companies","2015","Total","General","271600","tonnes CO2e","KPN-integrated-annual-report-2024_2025-02-21-143127_spyv.pdf"
"Various Companies","Recent","Total","General","1017501","tonnes CO2e","KPN-integrated-annual-report-2024_2025-02-21-143127_spyv.pdf"
"Various Companies","2030","Total","General","6000","tonnes CO2e","KPN-integrated-annual-report-2024_2025-02-21-143127_spyv.pdf"
"Various Companies","2030","Total","General","3750","tonnes CO2e","KPN-integrated-annual-report-2024_2025-02-21-143127_spyv.pdf"
"Various Companies","2030","Total","General","110000","tonnes CO2e","KPN-integrated-annual-report-2024_2025-02-21-143127_spyv.pdf"
"Various Companies","2030","Total","General","100000","tonnes CO2e","KPN-integrated-annual-report-2024_2025-02-21-143127_spyv.pdf"
"Various Companies","2030","Total","General","599000","tonnes CO2e","KPN-integrated-annual-report-2024_2025-02-21-143127_spyv.pdf"
"Various Companies","2030","Total","General","248270","tonnes CO2e","KPN-integrated-annual-report-2024_2025-02-21-143127_spyv.pdf"
"Various Companies","Recent","Total","General","101750","tonnes CO2e","KPN-integrated-annual-report-2024_2025-02-21-143127_spyv.pdf"
"Various Companies","Recent","Total","General","437199","tonnes CO2e","KPN-integrated-annual-report-2024_2025-02-21-143127_spyv.pdf"
"Various Companies","Recent","Total","General","76","tonnes CO2e","KPN-integrated-annual-report-2024_2025-02-21-143127_spyv.pdf"
"Various Companies","Recent","Total","General","591751","tonnes CO2e","KPN-integrated-annual-report-2024_2025-02-21-143127_spyv.pdf"
"Various Companies","Recent","Total","General","126","tonnes CO2e","KPN-integrated-annual-report-2024_2025-02-21-143127_spyv.pdf"
"Various Companies","2023","Total","Energy","383041","tonnes CO2e","KPN-integrated-annual-report-2024_2025-02-21-143127_spyv.pdf"
"Various Companies","2030","Scope 1","General","2030","tonnes CO2e","KPN-integrated-annual-report-2024_2025-02-21-143127_spyv.pdf"
"Various Companies","2023","Scope 2","General","21304","tonnes CO2e","KPN-integrated-annual-report-2024_2025-02-21-143127_spyv.pdf"
"Various Companies","2015","Scope 2","General","153567","tonnes CO2e","KPN-integrated-annual-report-2024_2025-02-21-143127_spyv.pdf"
"Various Companies","2023","Total","Direct Emissions","2569","tonnes CO2e","KPN-integrated-annual-report-2024_2025-02-21-143127_spyv.pdf"
"Various Companies","Recent","Total","Waste","10","tonnes CO2e","KPN-integrated-annual-report-2024_2025-02-21-143127_spyv.pdf"
"Various Companies","Recent","Total","General","3124","tonnes CO2e","KPN-integrated-annual-report-2024_2025-02-21-143127_spyv.pdf"
"Various Companies","Recent","Total","General","506","tonnes CO2e","KPN-integrated-annual-report-2024_2025-02-21-143127_spyv.pdf"
"Various Companies","Recent","Total","General","288","tonnes CO2e","KPN-integrated-annual-report-2024_2025-02-21-143127_spyv.pdf"
"Various Companies","2015","Scope 1","General","90","tonnes CO2e","KPN-integrated-annual-report-2024_2025-02-21-143127_spyv.pdf"
"Various Companies","2024","Scope 1","General","2","tonnes CO2e","KPN-integrated-annual-report-2024_2025-02-21-143127_spyv.pdf"
"Various Companies","2030","Scope 1","General","2","tonnes CO2e","KPN-integrated-annual-report-2024_2025-02-21-143127_spyv.pdf"
"Various Companies","Recent","Scope 1","General","50","tonnes CO2e","KPN-integrated-annual-report-2024_2025-02-21-143127_spyv.pdf"
"Various Companies","2015","Scope 1","General","2","tonnes CO2e","KPN-integrated-annual-report-2024_2025-02-21-143127_spyv.pdf"
"Various Companies","2024","Scope 1","General","2024","tonnes CO2e","KPN-integrated-annual-report-2024_2025-02-21-143127_spyv.pdf"
"Various Companies","2027","Scope 1","Energy","7000","tonnes CO2e","KPN-integrated-annual-report-2024_2025-02-21-143127_spyv.pdf"
"Various Companies","2022","Scope 1","General","2","tonnes CO2e","KPN-integrated-annual-report-2024_2025-02-21-143127_spyv.pdf"
"Various Companies","Recent","Scope 2","General","1.5","tonnes CO2e","KPN-integrated-annual-report-2024_2025-02-21-143127_spyv.pdf"
"Various Companies","Recent","Scope 2","Direct Emissions","100","tonnes CO2e","KPN-integrated-annual-report-2024_2025-02-21-143127_spyv.pdf"
"Various Companies","2023","Scope 2","General","2023","tonnes CO2e","KPN-integrated-annual-report-2024_2025-02-21-143127_spyv.pdf"
"Various Companies","2027","Scope 2","Energy","100","tonnes CO2e","KPN-integrated-annual-report-2024_2025-02-21-143127_spyv.pdf"
"Various Companies","2024","Scope 3","General","101750","tonnes CO2e","KPN-integrated-annual-report-2024_2025-02-21-143127_spyv.pdf"
"Various Companies","2024","Scope 3","General","15","tonnes CO2e","KPN-integrated-annual-report-2024_2025-02-21-143127_spyv.pdf"
"Various Companies","2024","Scope 3","General","2022","tonnes CO2e","KPN-integrated-annual-report-2024_2025-02-21-143127_spyv.pdf"
"Various Companies","2015","Scope 3","General","90","tonnes CO2e","KPN-integrated-annual-report-2024_2025-02-21-143127_spyv.pdf"
"Various Companies","2024","Scope 3","Energy","2024","tonnes CO2e","KPN-integrated-annual-report-2024_2025-02-21-143127_spyv.pdf"
"Various Companies","2023","Scope 3","General","2023","tonnes CO2e","KPN-integrated-annual-report-2024_2025-02-21-143127_spyv.pdf"
"Various Companies","2030","Scope 3","General","2030","tonnes CO2e","KPN-integrated-annual-report-2024_2025-02-21-143127_spyv.pdf"
"Various Companies","2024","Scope 3","Purchased Goods","2024","tonnes CO2e","KPN-integrated-annual-report-2024_2025-02-21-143127_spyv.pdf"
"Various Companies","2022","Scope 3","General","2022","tonnes CO2e","KPN-integrated-annual-report-2024_2025-02-21-143127_spyv.pdf"
"Various Companies","Recent","Scope 3","Supply Chain","10","tonnes CO2e","KPN-integrated-annual-report-2024_2025-02-21-143127_spyv.pdf"
"Various Companies","Recent","Scope 3","Energy","13","tonnes CO2e","KPN-integrated-annual-report-2024_2025-02-21-143127_spyv.pdf"
"LSEG","2024","Scope 3","General","3","tonnes CO2e","lseg-sustainability-report.pdf"
"LSEG","2019","Scope 1","General","83","tonnes CO2e","lseg-sustainability-report.pdf"
"LSEG","Recent","Scope 3","Purchased Goods","3","tonnes CO2e","lseg-sustainability-report.pdf"
"LSEG","2021","Total","General","1900","tonnes CO2e","lseg-sustainability-report.pdf"
"LSEG","Recent","Total","General","3","tonnes CO2e","lseg-sustainability-report.pdf"
"LSEG","Recent","Total","General","2.6","tonnes CO2e","lseg-sustainability-report.pdf"
"LSEG","2025","Total","General","2040","tonnes CO2e","lseg-sustainability-report.pdf"
"LSEG","Recent","Scope 1","Transportation","3","tonnes CO2e","lseg-sustainability-report.pdf"
"LSEG","Recent","Scope 1","General","2","tonnes CO2e","lseg-sustainability-report.pdf"
"LSEG","2030","Scope 1","General","50","tonnes CO2e","lseg-sustainability-report.pdf"
"LSEG","2024","Scope 1","General","2","tonnes CO2e","lseg-sustainability-report.pdf"
"LSEG","Recent","Scope 1","General","3","tonnes CO2e","lseg-sustainability-report.pdf"
"LSEG","Recent","Scope 3","Purchased Goods","1","tonnes CO2e","lseg-sustainability-report.pdf"
"LSEG","Recent","Scope 3","General","2","tonnes CO2e","lseg-sustainability-report.pdf"
"LSEG","Recent","Scope 3","Transportation","6","tonnes CO2e","lseg-sustainability-report.pdf"
"LSEG","Recent","Scope 3","General","7","tonnes CO2e","lseg-sustainability-report.pdf"
"LSEG","Recent","Scope 3","General","8","tonnes CO2e","lseg-sustainability-report.pdf"
"LSEG","Recent","Scope 3","General","15","tonnes CO2e","lseg-sustainability-report.pdf"
"LSEG","Recent","Scope 1","Direct Emissions","3","tonnes CO2e","lseg-sustainability-report.pdf"
"LSEG","Recent","Scope 1","Energy","2","tonnes CO2e","lseg-sustainability-report.pdf"
"LSEG","Recent","Scope 3","Energy","7","tonnes CO2e","lseg-sustainability-report.pdf"
"LSEG","Recent","Scope 3","Purchased Goods","2","tonnes CO2e","lseg-sustainability-report.pdf"
"LSEG","2023","Total","General","47","tonnes CO2e","lseg-sustainability-report.pdf"
"LSEG","2024","Scope 1","General","72","tonnes CO2e","lseg-sustainability-report.pdf"
"LSEG","Recent","Scope 3","General","3","tonnes CO2e","lseg-sustainability-report.pdf"
"LSEG","2024","Scope 1","Energy","3","tonnes CO2e","lseg-sustainability-report.pdf"
"LSEG","2023","Scope 3","Energy","107","tonnes CO2e","lseg-sustainability-report.pdf"
"LSEG","Recent","Scope 3","Energy","3","tonnes CO2e","lseg-sustainability-report.pdf"
"LSEG","2024","Total","General","72","tonnes CO2e","lseg-sustainability-report.pdf"
"LSEG","2030","Total","Transportation","50","tonnes CO2e","lseg-sustainability-report.pdf"
"LSEG","2024","Scope 3","Transportation","25","tonnes CO2e","lseg-sustainability-report.pdf"
"LSEG","2024","Total","General","42","tonnes CO2e","lseg-sustainability-report.pdf"
"LSEG","2024","Total","General","67563","tonnes CO2e","lseg-sustainability-report.pdf"
"LSEG","2019","Scope 1","Energy","50","tonnes CO2e","lseg-sustainability-report.pdf"
"LSEG","2023","Scope 1","Purchased Goods","72","tonnes CO2e","lseg-sustainability-report.pdf"
"LSEG","2022","Scope 1","Purchased Goods","50","tonnes CO2e","lseg-sustainability-report.pdf"
"LSEG","2024","Scope 3","General","2024","tonnes CO2e","lseg-sustainability-report.pdf"
"LSEG","2023","Scope 3","Energy","2024","tonnes CO2e","lseg-sustainability-report.pdf"
"LSEG","2023","Scope 3","Transportation","2024","tonnes CO2e","lseg-sustainability-report.pdf"
"Various Companies","Recent","Scope 1","General","2","tonnes CO2e","NL_Royal-Avebe-geintegreerd-jaarverslag-2022_2023.pdf"
"Various Companies","Recent","Total","General","95","tonnes CO2e","NL_Royal-Avebe-geintegreerd-jaarverslag-2022_2023.pdf"
"Various Companies","Recent","Scope 1","Direct Emissions","1","tonnes CO2e","NL_Royal-Avebe-geintegreerd-jaarverslag-2022_2023.pdf"
"Various Companies","Recent","Scope 2","Direct Emissions","43","tonnes CO2e","NL_Royal-Avebe-geintegreerd-jaarverslag-2022_2023.pdf"
"Various Companies","Recent","Total","General","2016305","tonnes CO2e","NL_Royal-Avebe-geintegreerd-jaarverslag-2022_2023.pdf"
"Various Companies","Recent","Total","General","175","kt CO2e","NL_Royal-Avebe-geintegreerd-jaarverslag-2022_2023.pdf"
"Various Companies","Recent","Total","General","103","tonnes CO2e","NL_Royal-Avebe-geintegreerd-jaarverslag-2022_2023.pdf"
"Various Companies","Recent","Total","General","225","tonnes CO2e","NL_Royal-Avebe-geintegreerd-jaarverslag-2022_2023.pdf"
"Various Companies","Recent","Total","General","10","tonnes CO2e","NL_Royal-Avebe-geintegreerd-jaarverslag-2022_2023.pdf"
"Various Companies","2024","Total","General","2.16","tonnes CO2e","nn-group_Annual_Report_2024_1761270844314.pdf"
"Various Companies","Recent","Total","General","1.3","tonnes CO2e","nn-group_Annual_Report_2024_1761270844314.pdf"
"Various Companies","2025","Total","General","35","tonnes CO2e","nn-group_Annual_Report_2024_1761270844314.pdf"
"Various Companies","Recent","Total","Direct Emissions","394","tonnes CO2e","nn-group_Annual_Report_2024_1761270844314.pdf"
"Various Companies","Recent","Total","Direct Emissions","1538760","tonnes CO2e","nn-group_Annual_Report_2024_1761270844314.pdf"
"Various Companies","2024","Total","General","102","tonnes CO2e","nn-group_Annual_Report_2024_1761270844314.pdf"
"Various Companies","Recent","Scope 1","General","3","tonnes CO2e","nn-group_Annual_Report_2024_1761270844314.pdf"
"Various Companies","Recent","Scope 3","Transportation","3","tonnes CO2e","nn-group_Annual_Report_2024_1761270844314.pdf"
"Various Companies","2030","Scope 3","Transportation","1","tonnes CO2e","nn-group_Annual_Report_2024_1761270844314.pdf"
"Various Companies","Recent","Scope 1","General","2","tonnes CO2e","nn-group_Annual_Report_2024_1761270844314.pdf"
"Various Companies","Recent","Scope 3","Transportation","50","tonnes CO2e","nn-group_Annual_Report_2024_1761270844314.pdf"
"Various Companies","Recent","Scope 1","General","25","tonnes CO2e","nn-group_Annual_Report_2024_1761270844314.pdf"
"Various Companies","Recent","Scope 1","General","1","tonnes CO2e","nn-group_Annual_Report_2024_1761270844314.pdf"
"Various Companies","Recent","Scope 3","General","3","tonnes CO2e","nn-group_Annual_Report_2024_1761270844314.pdf"
"Various Companies","Recent","Total","General","2","tonnes CO2e","nn-group_Annual_Report_2024_1761270844314.pdf"
"Various Companies","2019","Scope 1","Transportation","3","tonnes CO2e","nn-group_Annual_Report_2024_1761270844314.pdf"
"Various Companies","Recent","Total","Transportation","2","tonnes CO2e","nn-group_Annual_Report_2024_1761270844314.pdf"
"Various Companies","Recent","Scope 1","General","1785","tonnes CO2e","nn-group_Annual_Report_2024_1761270844314.pdf"
"Various Companies","2024","Scope 2","General","2","tonnes CO2e","nn-group_Annual_Report_2024_1761270844314.pdf"
"Various Companies","2019","Scope 1","General","1","tonnes CO2e","nn-group_Annual_Report_2024_1761270844314.pdf"
"Various Companies","2019","Scope 2","General","2","tonnes CO2e","nn-group_Annual_Report_2024_1761270844314.pdf"
"Various Companies","Recent","Scope 2","General","8","tonnes CO2e","nn-group_Annual_Report_2024_1761270844314.pdf"
"Various Companies","Recent","Scope 3","General","16","tonnes CO2e","nn-group_Annual_Report_2024_1761270844314.pdf"
"Various Companies","Recent","Scope 1","General","238192","tonnes CO2e","nn-group_Annual_Report_2024_1761270844314.pdf"
"Various Companies","Recent","Scope 1","General","238","tonnes CO2e","nn-group_Annual_Report_2024_1761270844314.pdf"
"Various Companies","Recent","Scope 3","Transportation","6","tonnes CO2e","nn-group_Annual_Report_2024_1761270844314.pdf"
"Various Companies","2019","Scope 3","Transportation","3","tonnes CO2e","nn-group_Annual_Report_2024_1761270844314.pdf"
"Various Companies","Recent","Scope 1","Energy","2","tonnes CO2e","nn-group_Annual_Report_2024_1761270844314.pdf"
"Various Companies","Recent","Total","General","3.3","tonnes CO2e","nn-group_Annual_Report_2024_1761270844314.pdf"
"Various Companies","2025","Scope 1","General","25","tonnes CO2e","nn-group_Annual_Report_2024_1761270844314.pdf"
"Various Companies","2030","Scope 1","General","45","tonnes CO2e","nn-group_Annual_Report_2024_1761270844314.pdf"
"Various Companies","2025","Total","General","45","tonnes CO2e","nn-group_Annual_Report_2024_1761270844314.pdf"
"Various Companies","Recent","Scope 3","Energy","3","tonnes CO2e","nn-group_Annual_Report_2024_1761270844314.pdf"
"Various Companies","Recent","Scope 1","Direct Emissions","2","tonnes CO2e","nn-group_Annual_Report_2024_1761270844314.pdf"
"Various Companies","2024","Total","General","12.8","tonnes CO2e","nn-group_Annual_Report_2024_1761270844314.pdf"
"Various Companies","2024","Total","General","22.9","tonnes CO2e","nn-group_Annual_Report_2024_1761270844314.pdf"
"Various Companies","Recent","Total","General","200844","tonnes CO2e","nn-group_Annual_Report_2024_1761270844314.pdf"
"Various Companies","Recent","Total","General","8.5","tonnes CO2e","nn-group_Annual_Report_2024_1761270844314.pdf"
"Various Companies","Recent","Total","General","100","tonnes CO2e","nn-group_Annual_Report_2024_1761270844314.pdf"
"Various Companies","2030","Total","General","2035","tonnes CO2e","nn-group_Annual_Report_2024_1761270844314.pdf"
"Various Companies","Recent","Total","General","16439100","tonnes CO2e","nn-group_Annual_Report_2024_1761270844314.pdf"
"Various Companies","Recent","Total","General","16400100","tonnes CO2e","nn-group_Annual_Report_2024_1761270844314.pdf"
"Various Companies","Recent","Total","General","91","tonnes CO2e","nn-group_Annual_Report_2024_1761270844314.pdf"
"Various Companies","Recent","Total","General","16654100","tonnes CO2e","nn-group_Annual_Report_2024_1761270844314.pdf"
"Various Companies","Recent","Total","General","182100","tonnes CO2e","nn-group_Annual_Report_2024_1761270844314.pdf"
"Various Companies","2024","Total","General","364904","tonnes CO2e","nn-group_Annual_Report_2024_1761270844314.pdf"
"Various Companies","Recent","Scope 1","General","55","tonnes CO2e","nn-group_Annual_Report_2024_1761270844314.pdf"
"Various Companies","Recent","Total","Direct Emissions","47","tonnes CO2e","nn-group_Annual_Report_2024_1761270844314.pdf"
"Various Companies","Recent","Total","General","2967","tonnes CO2e","nn-group_Annual_Report_2024_1761270844314.pdf"
"Various Companies","Recent","Total","Direct Emissions","34","tonnes CO2e","nn-group_Annual_Report_2024_1761270844314.pdf"
"Various Companies","Recent","Total","General","1","tonnes CO2e","nn-group_Annual_Report_2024_1761270844314.pdf"
"Various Companies","Recent","Total","General","312","tonnes CO2e","nn-group_Annual_Report_2024_1761270844314.pdf"
"Various Companies","Recent","Total","General","1496","tonnes CO2e","nn-group_Annual_Report_2024_1761270844314.pdf"
"Various Companies","2024","Total","General","529","tonnes CO2e","nn-group_Annual_Report_2024_1761270844314.pdf"
"Various Companies","2023","Total","General","632","tonnes CO2e","nn-group_Annual_Report_2024_1761270844314.pdf"
"Various Companies","2023","Total","General","1.12","tonnes CO2e","nn-group_Annual_Report_2024_1761270844314.pdf"
"Various Companies","2023","Total","General","3.2","tonnes CO2e","nn-group_Annual_Report_2024_1761270844314.pdf"
"Various Companies","2024","Total","General","3","tonnes CO2e","nn-group_Annual_Report_2024_1761270844314.pdf"
"Various Companies","Recent","Total","General","1082574","tonnes CO2e","nn-group_Annual_Report_2024_1761270844314.pdf"
"Various Companies","Recent","Total","General","1182528","tonnes CO2e","nn-group_Annual_Report_2024_1761270844314.pdf"
"Various Companies","2023","Total","General","24","tonnes CO2e","nn-group_Annual_Report_2024_1761270844314.pdf"
"Various Companies","Recent","Total","General","147245","tonnes CO2e","nn-group_Annual_Report_2024_1761270844314.pdf"
"Various Companies","Recent","Total","General","13263","tonnes CO2e","nn-group_Annual_Report_2024_1761270844314.pdf"
"Various Companies","Recent","Total","General","354751","tonnes CO2e","nn-group_Annual_Report_2024_1761270844314.pdf"
"Various Companies","Recent","Total","General","5207173","tonnes CO2e","nn-group_Annual_Report_2024_1761270844314.pdf"
"Various Companies","2024","Total","General","166511","tonnes CO2e","nn-group_Annual_Report_2024_1761270844314.pdf"
"Various Companies","2023","Total","General","160574","tonnes CO2e","nn-group_Annual_Report_2024_1761270844314.pdf"
"Various Companies","Recent","Total","General","362100","tonnes CO2e","nn-group_Annual_Report_2024_1761270844314.pdf"
"Various Companies","2023","Total","General","161.4","tonnes CO2e","nn-group_Annual_Report_2024_1761270844314.pdf"
"Various Companies","2024","Total","General","3030","tonnes CO2e","nn-group_Annual_Report_2024_1761270844314.pdf"
"Various Companies","2023","Total","General","3030","tonnes CO2e","nn-group_Annual_Report_2024_1761270844314.pdf"
"Various Companies","Recent","Total","General","19","tonnes CO2e","nn-group_Annual_Report_2024_1761270844314.pdf"
"Various Companies","Recent","Total","General","3.7","tonnes CO2e","nn-group_Annual_Report_2024_1761270844314.pdf"
"Various Companies","2023","Total","General","8554","tonnes CO2e","nn-group_Annual_Report_2024_1761270844314.pdf"
"Various Companies","Recent","Total","General","8","tonnes CO2e","nn-group_Annual_Report_2024_1761270844314.pdf"
"Various Companies","2024","Total","General","347","tonnes CO2e","nn-group_Annual_Report_2024_1761270844314.pdf"
"Various Companies","2024","Total","General","1.28","tonnes CO2e","nn-group_Annual_Report_2024_1761270844314.pdf"
"Various Companies","Recent","Total","General","30","tonnes CO2e","nn-group_Annual_Report_2024_1761270844314.pdf"
"Various Companies","2024","Total","General","532","tonnes CO2e","nn-group_Annual_Report_2024_1761270844314.pdf"
"Various Companies","2025","Total","General","1952675","tonnes CO2e","nn-group_Annual_Report_2024_1761270844314.pdf"
"Various Companies","Recent","Total","Direct Emissions","105","tonnes CO2e","nn-group_Annual_Report_2024_1761270844314.pdf"
"Various Companies","Recent","Total","General","88","tonnes CO2e","nn-group_Annual_Report_2024_1761270844314.pdf"
"Various Companies","2024","Total","General","72","tonnes CO2e","nn-group_Annual_Report_2024_1761270844314.pdf"
"Various Companies","Recent","Scope 1","General","6.3","kt CO2e","nn-group_Annual_Report_2024_1761270844314.pdf"
"Various Companies","Recent","Scope 3","Transportation","3.6","kt CO2e","nn-group_Annual_Report_2024_1761270844314.pdf"
"Various Companies","2024","Total","General","154","tonnes CO2e","nn-group_Annual_Report_2024_1761270844314.pdf"
"Various Companies","2030","Total","General","6","tonnes CO2e","nn-group_Annual_Report_2024_1761270844314.pdf"
"Various Companies","2019","Scope 2","Purchased Goods","3","tonnes CO2e","nn-group_Annual_Report_2024_1761270844314.pdf"
"Various Companies","Recent","Scope 1","Energy","3","tonnes CO2e","nn-group_Annual_Report_2024_1761270844314.pdf"
"Various Companies","Recent","Scope 1","Direct Emissions","3","tonnes CO2e","nn-group_Annual_Report_2024_1761270844314.pdf"
"Various Companies","Recent","Total","General","15","tonnes CO2e","nn-group_Annual_Report_2024_1761270844314.pdf"
"Various Companies","Recent","Total","Energy","1471","tonnes CO2e","nn-group_Annual_Report_2024_1761270844314.pdf"
"Various Companies","2021","Total","General","125","tonnes CO2e","nn-group_Annual_Report_2024_1761270844314.pdf"
"Various Companies","2024","Total","General","86","tonnes CO2e","nn-group_Annual_Report_2024_1761270844314.pdf"
"Various Companies","2019","Scope 1","General","25","tonnes CO2e","nn-group_Annual_Report_2024_1761270844314.pdf"
"Various Companies","2019","Scope 1","Transportation","2019","tonnes CO2e","nn-group_Annual_Report_2024_1761270844314.pdf"
"Various Companies","2024","Scope 1","General","1785","tonnes CO2e","nn-group_Annual_Report_2024_1761270844314.pdf"
"Various Companies","2019","Scope 1","General","2019","tonnes CO2e","nn-group_Annual_Report_2024_1761270844314.pdf"
"Various Companies","2019","Scope 1","General","2","tonnes CO2e","nn-group_Annual_Report_2024_1761270844314.pdf"
"Various Companies","2030","Scope 1","General","25","tonnes CO2e","nn-group_Annual_Report_2024_1761270844314.pdf"
"Various Companies","2024","Scope 1","Transportation","6.3","tonnes CO2e","nn-group_Annual_Report_2024_1761270844314.pdf"
"Various Companies","2019","Scope 1","Energy","12141183","tonnes CO2e","nn-group_Annual_Report_2024_1761270844314.pdf"
"Various Companies","2019","Scope 2","General","2019","tonnes CO2e","nn-group_Annual_Report_2024_1761270844314.pdf"
"Various Companies","2024","Scope 2","Transportation","6.3","tonnes CO2e","nn-group_Annual_Report_2024_1761270844314.pdf"
"Various Companies","2019","Scope 2","Energy","12141183","tonnes CO2e","nn-group_Annual_Report_2024_1761270844314.pdf"
"Various Companies","2030","Scope 3","Transportation","25","tonnes CO2e","nn-group_Annual_Report_2024_1761270844314.pdf"
"Various Companies","2030","Scope 3","Transportation","50","tonnes CO2e","nn-group_Annual_Report_2024_1761270844314.pdf"
"Various Companies","2024","Scope 3","Transportation","3.6","tonnes CO2e","nn-group_Annual_Report_2024_1761270844314.pdf"
"Various Companies","2019","Scope 3","Energy","2019","tonnes CO2e","nn-group_Annual_Report_2024_1761270844314.pdf"
"Various Companies","Recent","Total","General","40","tonnes CO2e","PhilipsFullAnnualReport2024-English.pdf"
"Various Companies","2024","Total","General","691","tonnes CO2e","PhilipsFullAnnualReport2024-English.pdf"
"Various Companies","2023","Total","General","1162","tonnes CO2e","PhilipsFullAnnualReport2024-English.pdf"
"Various Companies","2023","Total","General","53","tonnes CO2e","PhilipsFullAnnualReport2024-English.pdf"
"Various Companies","2024","Total","General","7689","tonnes CO2e","PhilipsFullAnnualReport2024-English.pdf"
"Various Companies","2023","Total","General","50","tonnes CO2e","PhilipsFullAnnualReport2024-English.pdf"
"Various Companies","2022","Total","General","512","tonnes CO2e","PhilipsFullAnnualReport2024-English.pdf"
"Various Companies","2024","Total","General","93","tonnes CO2e","PhilipsFullAnnualReport2024-English.pdf"
"Various Companies","2024","Total","General","700","tonnes CO2e","PhilipsFullAnnualReport2024-English.pdf"
"Various Companies","Recent","Total","General","50","tonnes CO2e","PhilipsFullAnnualReport2024-English.pdf"
"Various Companies","2024","Total","Direct Emissions","7","tonnes CO2e","PhilipsFullAnnualReport2024-English.pdf"
"Various Companies","Recent","Total","General","45","tonnes CO2e","PhilipsFullAnnualReport2024-English.pdf"
"Various Companies","2020","Scope 1","Transportation","3","tonnes CO2e","PhilipsFullAnnualReport2024-English.pdf"
"Various Companies","2024","Total","General","596769","tonnes CO2e","PhilipsFullAnnualReport2024-English.pdf"
"Various Companies","2020","Scope 3","Energy","3","tonnes CO2e","PhilipsFullAnnualReport2024-English.pdf"
"Various Companies","2024","Total","General","805","tonnes CO2e","PhilipsFullAnnualReport2024-English.pdf"
"Various Companies","Recent","Total","General","764","tonnes CO2e","PhilipsFullAnnualReport2024-English.pdf"
"Various Companies","Recent","Total","General","39.7","tonnes CO2e","PhilipsFullAnnualReport2024-English.pdf"
"Various Companies","Recent","Total","General","1","tonnes CO2e","PhilipsFullAnnualReport2024-English.pdf"
"Various Companies","Recent","Total","General","33","tonnes CO2e","PhilipsFullAnnualReport2024-English.pdf"
"Various Companies","Recent","Total","General","782","tonnes CO2e","PhilipsFullAnnualReport2024-English.pdf"
"Various Companies","Recent","Total","General","1100","tonnes CO2e","PhilipsFullAnnualReport2024-English.pdf"
"Various Companies","Recent","Total","General","27633","tonnes CO2e","PhilipsFullAnnualReport2024-English.pdf"
"Various Companies","2023","Total","General","234","tonnes CO2e","PhilipsFullAnnualReport2024-English.pdf"
"Various Companies","Recent","Total","General","1019","tonnes CO2e","PhilipsFullAnnualReport2024-English.pdf"
"Various Companies","2023","Total","General","31","tonnes CO2e","PhilipsFullAnnualReport2024-English.pdf"
"Various Companies","Recent","Total","General","32","tonnes CO2e","PhilipsFullAnnualReport2024-English.pdf"
"Various Companies","Recent","Total","General","154","tonnes CO2e","PhilipsFullAnnualReport2024-English.pdf"
"Various Companies","Recent","Total","General","507","tonnes CO2e","PhilipsFullAnnualReport2024-English.pdf"
"Various Companies","Recent","Total","General","208","tonnes CO2e","PhilipsFullAnnualReport2024-English.pdf"
"Various Companies","Recent","Total","General","335","tonnes CO2e","PhilipsFullAnnualReport2024-English.pdf"
"Various Companies","2023","Total","General","500","tonnes CO2e","PhilipsFullAnnualReport2024-English.pdf"
"Various Companies","Recent","Total","General","411","tonnes CO2e","PhilipsFullAnnualReport2024-English.pdf"
"Various Companies","2024","Total","General","3.1","tonnes CO2e","PhilipsFullAnnualReport2024-English.pdf"
"Various Companies","2023","Total","General","4.3","tonnes CO2e","PhilipsFullAnnualReport2024-English.pdf"
"Various Companies","2021","Total","General","31","tonnes CO2e","PhilipsFullAnnualReport2024-English.pdf"
"Various Companies","2024","Total","General","0.85","tonnes CO2e","PhilipsFullAnnualReport2024-English.pdf"
"Various Companies","2023","Total","General","0.85","tonnes CO2e","PhilipsFullAnnualReport2024-English.pdf"
"Various Companies","2022","Total","General","0.85","tonnes CO2e","PhilipsFullAnnualReport2024-English.pdf"
"Various Companies","2023","Total","General","138","tonnes CO2e","PhilipsFullAnnualReport2024-English.pdf"
"Various Companies","Recent","Total","General","16474","tonnes CO2e","PhilipsFullAnnualReport2024-English.pdf"
"Various Companies","Recent","Total","General","24","tonnes CO2e","PhilipsFullAnnualReport2024-English.pdf"
"Various Companies","2024","Total","General","38","tonnes CO2e","PhilipsFullAnnualReport2024-English.pdf"
"Various Companies","2024","Total","General","128","tonnes CO2e","PhilipsFullAnnualReport2024-English.pdf"
"Various Companies","2024","Total","General","73","tonnes CO2e","PhilipsFullAnnualReport2024-English.pdf"
"Various Companies","2024","Total","General","15475","tonnes CO2e","PhilipsFullAnnualReport2024-English.pdf"
"Various Companies","Recent","Total","General","89562","tonnes CO2e","PhilipsFullAnnualReport2024-English.pdf"
"Various Companies","2024","Total","General","2","tonnes CO2e","PhilipsFullAnnualReport2024-English.pdf"
"Various Companies","2024","Total","General","15","tonnes CO2e","PhilipsFullAnnualReport2024-English.pdf"
"Various Companies","2022","Total","General","8.5","tonnes CO2e","PhilipsFullAnnualReport2024-English.pdf"
"Various Companies","Recent","Total","General","9728","tonnes CO2e","PhilipsFullAnnualReport2024-English.pdf"
"Various Companies","Recent","Total","General","1543","tonnes CO2e","PhilipsFullAnnualReport2024-English.pdf"
"Various Companies","Recent","Total","General","1173","tonnes CO2e","PhilipsFullAnnualReport2024-English.pdf"
"Various Companies","2024","Total","General","31","tonnes CO2e","PhilipsFullAnnualReport2024-English.pdf"
"Various Companies","2023","Total","General","2","tonnes CO2e","PhilipsFullAnnualReport2024-English.pdf"
"Various Companies","2023","Total","General","1869","tonnes CO2e","PhilipsFullAnnualReport2024-English.pdf"
"Various Companies","2023","Total","General","7035","tonnes CO2e","PhilipsFullAnnualReport2024-English.pdf"
"Various Companies","Recent","Total","General","89","tonnes CO2e","PhilipsFullAnnualReport2024-English.pdf"
"Various Companies","2023","Total","General","328","tonnes CO2e","PhilipsFullAnnualReport2024-English.pdf"
"Various Companies","Recent","Scope 1","General","2","tonnes CO2e","PhilipsFullAnnualReport2024-English.pdf"
"Various Companies","Recent","Total","General","3","tonnes CO2e","PhilipsFullAnnualReport2024-English.pdf"
"Various Companies","2017","Scope 1","General","2","tonnes CO2e","PhilipsFullAnnualReport2024-English.pdf"
"Various Companies","Recent","Scope 1","General","3","tonnes CO2e","PhilipsFullAnnualReport2024-English.pdf"
"Various Companies","Recent","Scope 1","Direct Emissions","2","tonnes CO2e","PhilipsFullAnnualReport2024-English.pdf"
"Various Companies","2024","Scope 1","General","2","tonnes CO2e","PhilipsFullAnnualReport2024-English.pdf"
"Various Companies","2020","Scope 3","General","3","tonnes CO2e","PhilipsFullAnnualReport2024-English.pdf"
"Various Companies","Recent","Scope 1","Energy","3","tonnes CO2e","PhilipsFullAnnualReport2024-English.pdf"
"Various Companies","2023","Total","Energy","2","tonnes CO2e","PhilipsFullAnnualReport2024-English.pdf"
"Various Companies","Recent","Total","Energy","18021","tonnes CO2e","PhilipsFullAnnualReport2024-English.pdf"
"Various Companies","2023","Total","Energy","25.18","tonnes CO2e","PhilipsFullAnnualReport2024-English.pdf"
"Various Companies","Recent","Scope 3","Transportation","9","tonnes CO2e","PhilipsFullAnnualReport2024-English.pdf"
"Various Companies","Recent","Total","General","2040","kt CO2e","PhilipsFullAnnualReport2024-English.pdf"
"Various Companies","Recent","Total","General","6","kt CO2e","PhilipsFullAnnualReport2024-English.pdf"
"Various Companies","2015","Scope 1","General","2","tonnes CO2e","PhilipsFullAnnualReport2024-English.pdf"
"Various Companies","Recent","Scope 1","General","1","tonnes CO2e","PhilipsFullAnnualReport2024-English.pdf"
"Various Companies","2015","Scope 2","General","2","tonnes CO2e","PhilipsFullAnnualReport2024-English.pdf"
"Various Companies","2020","Scope 3","Purchased Goods","3","tonnes CO2e","PhilipsFullAnnualReport2024-English.pdf"
"Various Companies","Recent","Scope 2","General","2","tonnes CO2e","PhilipsFullAnnualReport2024-English.pdf"
"Various Companies","2023","Scope 1","Direct Emissions","1","tonnes CO2e","PhilipsFullAnnualReport2024-English.pdf"
"Various Companies","Recent","Scope 1","General","1.5","tonnes CO2e","PhilipsFullAnnualReport2024-English.pdf"
"Various Companies","Recent","Scope 1","Energy","2","tonnes CO2e","PhilipsFullAnnualReport2024-English.pdf"
"Various Companies","Recent","Scope 2","General","21182160","tonnes CO2e","PhilipsFullAnnualReport2024-English.pdf"
"Various Companies","Recent","Scope 3","Purchased Goods","1","kt CO2e","PhilipsFullAnnualReport2024-English.pdf"
"Various Companies","Recent","Scope 3","Transportation","6","tonnes CO2e","PhilipsFullAnnualReport2024-English.pdf"
"Various Companies","2023","Scope 3","Transportation","27","tonnes CO2e","PhilipsFullAnnualReport2024-English.pdf"
"Various Companies","Recent","Scope 3","General","11","kt CO2e","PhilipsFullAnnualReport2024-English.pdf"
"Various Companies","2024","Scope 3","General","2529","kt CO2e","PhilipsFullAnnualReport2024-English.pdf"
"Various Companies","Recent","Total","General","450","kt CO2e","PhilipsFullAnnualReport2024-English.pdf"
"Various Companies","Recent","Scope 1","General","96","tonnes CO2e","PhilipsFullAnnualReport2024-English.pdf"
"Various Companies","Recent","Total","General","98","tonnes CO2e","PhilipsFullAnnualReport2024-English.pdf"
"Various Companies","Recent","Total","General","148","tonnes CO2e","PhilipsFullAnnualReport2024-English.pdf"
"Various Companies","Recent","Total","General","9","tonnes CO2e","PhilipsFullAnnualReport2024-English.pdf"
"Various Companies","Recent","Total","General","67","tonnes CO2e","PhilipsFullAnnualReport2024-English.pdf"
"Various Companies","2015","Scope 1","General","2040","tonnes CO2e","PhilipsFullAnnualReport2024-English.pdf"
"Various Companies","2015","Scope 1","General","85","tonnes CO2e","PhilipsFullAnnualReport2024-English.pdf"
"Various Companies","Recent","Scope 3","Transportation","4","tonnes CO2e","PhilipsFullAnnualReport2024-English.pdf"
"Various Companies","2023","Total","General","1","tonnes CO2e","PhilipsFullAnnualReport2024-English.pdf"
"Various Companies","2024","Total","Waste","60","kt CO2e","PhilipsFullAnnualReport2024-English.pdf"
"Various Companies","Recent","Total","Waste","114","kt CO2e","PhilipsFullAnnualReport2024-English.pdf"
"Various Companies","2024","Total","Waste","4.8","kt CO2e","PhilipsFullAnnualReport2024-English.pdf"
"Various Companies","2024","Total","Waste","9","tonnes CO2e","PhilipsFullAnnualReport2024-English.pdf"
"Various Companies","Recent","Total","Waste","92","tonnes CO2e","PhilipsFullAnnualReport2024-English.pdf"
"Various Companies","Recent","Total","Waste","8","tonnes CO2e","PhilipsFullAnnualReport2024-English.pdf"
"Various Companies","Recent","Total","Waste","2528","tonnes CO2e","PhilipsFullAnnualReport2024-English.pdf"
"Various Companies","2024","Total","General","672608","tonnes CO2e","PhilipsFullAnnualReport2024-English.pdf"
"Various Companies","2024","Total","General","5","tonnes CO2e","PhilipsFullAnnualReport2024-English.pdf"
"Various Companies","2023","Total","General","74","tonnes CO2e","PhilipsFullAnnualReport2024-English.pdf"
"Various Companies","Recent","Total","Waste","24","tonnes CO2e","PhilipsFullAnnualReport2024-English.pdf"
"Various Companies","Recent","Total","General","12","tonnes CO2e","PhilipsFullAnnualReport2024-English.pdf"
"Various Companies","2024","Total","Energy","0.3","tonnes CO2e","PhilipsFullAnnualReport2024-English.pdf"
"Various Companies","Recent","Total","General","14.3","tonnes CO2e","PhilipsFullAnnualReport2024-English.pdf"
"Various Companies","Recent","Total","General","100","tonnes CO2e","PhilipsFullAnnualReport2024-English.pdf"
"Various Companies","Recent","Total","General","3164130","tonnes CO2e","PhilipsFullAnnualReport2024-English.pdf"
"Various Companies","2024","Total","General","60","tonnes CO2e","PhilipsFullAnnualReport2024-English.pdf"
"Various Companies","Recent","Total","General","45001","tonnes CO2e","PhilipsFullAnnualReport2024-English.pdf"
"Various Companies","2024","Total","General","11","tonnes CO2e","PhilipsFullAnnualReport2024-English.pdf"
"Various Companies","2024","Total","General","69656","tonnes CO2e","PhilipsFullAnnualReport2024-English.pdf"
"Various Companies","2023","Total","General","2978","tonnes CO2e","PhilipsFullAnnualReport2024-English.pdf"
"Various Companies","2024","Total","General","48","tonnes CO2e","PhilipsFullAnnualReport2024-English.pdf"
"Various Companies","2024","Total","General","14","tonnes CO2e","PhilipsFullAnnualReport2024-English.pdf"
"Various Companies","2023","Total","General","60","tonnes CO2e","PhilipsFullAnnualReport2024-English.pdf"
"Various Companies","2023","Total","General","18","tonnes CO2e","PhilipsFullAnnualReport2024-English.pdf"
"Various Companies","2024","Total","General","212","tonnes CO2e","PhilipsFullAnnualReport2024-English.pdf"
"Various Companies","2024","Total","General","16","tonnes CO2e","PhilipsFullAnnualReport2024-English.pdf"
"Various Companies","Recent","Total","General","1916","tonnes CO2e","PhilipsFullAnnualReport2024-English.pdf"
"Various Companies","2024","Scope 3","General","3","tonnes CO2e","PhilipsFullAnnualReport2024-English.pdf"
"Various Companies","Recent","Total","General","1.8","tonnes CO2e","PhilipsFullAnnualReport2024-English.pdf"
"Various Companies","2024","Total","General","40","tonnes CO2e","PhilipsFullAnnualReport2024-English.pdf"
"Various Companies","Recent","Total","General","685","tonnes CO2e","PhilipsFullAnnualReport2024-English.pdf"
"Various Companies","2024","Total","Purchased Goods","596769","tonnes CO2e","PhilipsFullAnnualReport2024-English.pdf"
"Various Companies","2020","Scope 3","Energy","2994720","tonnes CO2e","PhilipsFullAnnualReport2024-English.pdf"
"Various Companies","Recent","Total","General","685.1","tonnes CO2e","PhilipsFullAnnualReport2024-English.pdf"
"Various Companies","2024","Total","General","26","tonnes CO2e","PhilipsFullAnnualReport2024-English.pdf"
"Various Companies","2021","Total","Waste","18485","tonnes CO2e","PhilipsFullAnnualReport2024-English.pdf"
"Various Companies","Recent","Total","Waste","1672","tonnes CO2e","PhilipsFullAnnualReport2024-English.pdf"
"Various Companies","2024","Total","Waste","2528","tonnes CO2e","PhilipsFullAnnualReport2024-English.pdf"
"Various Companies","2024","Total","Waste","2314","tonnes CO2e","PhilipsFullAnnualReport2024-English.pdf"
"Various Companies","Recent","Total","Waste","1.1","tonnes CO2e","PhilipsFullAnnualReport2024-English.pdf"
"Various Companies","Recent","Total","Waste","198","tonnes CO2e","PhilipsFullAnnualReport2024-English.pdf"
"Various Companies","2024","Total","Waste","2.7","tonnes CO2e","PhilipsFullAnnualReport2024-English.pdf"
"Various Companies","Recent","Total","General","79","tonnes CO2e","PhilipsFullAnnualReport2024-English.pdf"
"Various Companies","Recent","Total","General","69","tonnes CO2e","PhilipsFullAnnualReport2024-English.pdf"
"Various Companies","2024","Total","General","7","tonnes CO2e","PhilipsFullAnnualReport2024-English.pdf"
"Various Companies","2023","Total","Waste","69","tonnes CO2e","PhilipsFullAnnualReport2024-English.pdf"
"Various Companies","2023","Total","Waste","74","tonnes CO2e","PhilipsFullAnnualReport2024-English.pdf"
"Various Companies","2024","Total","General","37","tonnes CO2e","PhilipsFullAnnualReport2024-English.pdf"
"Various Companies","Recent","Total","General","508","tonnes CO2e","PhilipsFullAnnualReport2024-English.pdf"
"Various Companies","Recent","Total","General","177","tonnes CO2e","PhilipsFullAnnualReport2024-English.pdf"
"Various Companies","2024","Total","Energy","9200","tonnes CO2e","PhilipsFullAnnualReport2024-English.pdf"
"Various Companies","Recent","Total","Waste","20157","kt CO2e","PhilipsFullAnnualReport2024-English.pdf"
"Various Companies","2020","Scope 1","Transportation","2","tonnes CO2e","PhilipsFullAnnualReport2024-English.pdf"
"Various Companies","2024","Scope 1","Direct Emissions","74","tonnes CO2e","PhilipsFullAnnualReport2024-English.pdf"
"Various Companies","2024","Scope 1","General","11","tonnes CO2e","PhilipsFullAnnualReport2024-English.pdf"
"Various Companies","2023","Scope 1","Energy","2","tonnes CO2e","PhilipsFullAnnualReport2024-English.pdf"
"Various Companies","Recent","Scope 1","Transportation","85","tonnes CO2e","PhilipsFullAnnualReport2024-English.pdf"
"Various Companies","2015","Scope 1","General","2015","tonnes CO2e","PhilipsFullAnnualReport2024-English.pdf"
"Various Companies","Recent","Scope 1","Energy","1.5","tonnes CO2e","PhilipsFullAnnualReport2024-English.pdf"
"Various Companies","Recent","Scope 1","General","95","tonnes CO2e","PhilipsFullAnnualReport2024-English.pdf"
"Various Companies","2015","Scope 1","Energy","85","tonnes CO2e","PhilipsFullAnnualReport2024-English.pdf"
"Various Companies","Recent","Scope 1","Direct Emissions","6","tonnes CO2e","PhilipsFullAnnualReport2024-English.pdf"
"Various Companies","2024","Scope 2","Direct Emissions","2024","tonnes CO2e","PhilipsFullAnnualReport2024-English.pdf"
"Various Companies","2020","Scope 2","General","2015","tonnes CO2e","PhilipsFullAnnualReport2024-English.pdf"
"Various Companies","Recent","Scope 2","Purchased Goods","21182160","tonnes CO2e","PhilipsFullAnnualReport2024-English.pdf"
"Various Companies","Recent","Scope 3","General","12","tonnes CO2e","PhilipsFullAnnualReport2024-English.pdf"
"Various Companies","2020","Scope 3","Transportation","2020","tonnes CO2e","PhilipsFullAnnualReport2024-English.pdf"
"Various Companies","2020","Scope 3","Transportation","11","tonnes CO2e","PhilipsFullAnnualReport2024-English.pdf"
"Various Companies","Recent","Scope 3","General","96","tonnes CO2e","PhilipsFullAnnualReport2024-English.pdf"
"Various Companies","2022","Scope 3","Energy","11","tonnes CO2e","PhilipsFullAnnualReport2024-English.pdf"
"Various Companies","2024","Scope 3","General","2024","tonnes CO2e","PhilipsFullAnnualReport2024-English.pdf"
"Various Companies","Recent","Total","General","20","tonnes CO2e","ReNew-Annual-Integrated-Report-FY-2023-24.pdf"
"Various Companies","2023","Total","Energy","24","tonnes CO2e","ReNew-Annual-Integrated-Report-FY-2023-24.pdf"
"Various Companies","2023","Scope 1","General","24","tonnes CO2e","ReNew-Annual-Integrated-Report-FY-2023-24.pdf"
"Various Companies","Recent","Scope 1","General","2","tonnes CO2e","ReNew-Annual-Integrated-Report-FY-2023-24.pdf"
"Various Companies","Recent","Scope 1","General","3","tonnes CO2e","ReNew-Annual-Integrated-Report-FY-2023-24.pdf"
"Various Companies","2022","Scope 1","General","29.4","tonnes CO2e","ReNew-Annual-Integrated-Report-FY-2023-24.pdf"
"Various Companies","2022","Scope 1","General","2040","tonnes CO2e","ReNew-Annual-Integrated-Report-FY-2023-24.pdf"
"Various Companies","2024","Total","General","15.6","tonnes CO2e","ReNew-Annual-Integrated-Report-FY-2023-24.pdf"
"Various Companies","Recent","Total","General","16","tonnes CO2e","ReNew-Annual-Integrated-Report-FY-2023-24.pdf"
"Various Companies","Recent","Total","General","2","tonnes CO2e","ReNew-Annual-Integrated-Report-FY-2023-24.pdf"
"Various Companies","Recent","Total","Energy","10.5","tonnes CO2e","ReNew-Annual-Integrated-Report-FY-2023-24.pdf"
"Various Companies","2023","Total","General","24","tonnes CO2e","ReNew-Annual-Integrated-Report-FY-2023-24.pdf"
"Various Companies","2021","Scope 1","Energy","22","tonnes CO2e","ReNew-Annual-Integrated-Report-FY-2023-24.pdf"
"Various Companies","2023","Total","General","0.79","tonnes CO2e","ReNew-Annual-Integrated-Report-FY-2023-24.pdf"
"Various Companies","Recent","Scope 1","General","35334","tonnes CO2e","ReNew-Annual-Integrated-Report-FY-2023-24.pdf"
"Various Companies","Recent","Scope 1","General","32176","tonnes CO2e","ReNew-Annual-Integrated-Report-FY-2023-24.pdf"
"Various Companies","Recent","Scope 1","General","2798928","tonnes CO2e","ReNew-Annual-Integrated-Report-FY-2023-24.pdf"
"Various Companies","Recent","Scope 3","General","1","tonnes CO2e","ReNew-Annual-Integrated-Report-FY-2023-24.pdf"
"Various Companies","Recent","Scope 1","Energy","2","tonnes CO2e","ReNew-Annual-Integrated-Report-FY-2023-24.pdf"
"Various Companies","Recent","Scope 1","Energy","1.97","tonnes CO2e","ReNew-Annual-Integrated-Report-FY-2023-24.pdf"
"Various Companies","2023","Scope 3","Transportation","24","tonnes CO2e","ReNew-Annual-Integrated-Report-FY-2023-24.pdf"
"Various Companies","2023","Total","Energy","36","tonnes CO2e","ReNew-Annual-Integrated-Report-FY-2023-24.pdf"
"Various Companies","Recent","Scope 2","General","2","tonnes CO2e","ReNew-Annual-Integrated-Report-FY-2023-24.pdf"
"Various Companies","Recent","Total","General","68","tonnes CO2e","ReNew-Annual-Integrated-Report-FY-2023-24.pdf"
"Various Companies","2024","Total","Energy","84","tonnes CO2e","ReNew-Annual-Integrated-Report-FY-2023-24.pdf"
"Various Companies","2023","Total","General","8.08","tonnes CO2e","ReNew-Annual-Integrated-Report-FY-2023-24.pdf"
"Various Companies","2024","Total","General","31","tonnes CO2e","ReNew-Annual-Integrated-Report-FY-2023-24.pdf"
"Various Companies","2024","Scope 1","General","3","tonnes CO2e","ReNew-Annual-Integrated-Report-FY-2023-24.pdf"
"Various Companies","2024","Scope 1","General","31","tonnes CO2e","ReNew-Annual-Integrated-Report-FY-2023-24.pdf"
"Various Companies","Recent","Scope 1","General","1","tonnes CO2e","ReNew-Annual-Integrated-Report-FY-2023-24.pdf"
"Various Companies","Recent","Scope 3","General","3","tonnes CO2e","ReNew-Annual-Integrated-Report-FY-2023-24.pdf"
"Various Companies","Recent","Total","General","860651.19","tonnes CO2e","ReNew-Annual-Integrated-Report-FY-2023-24.pdf"
"Various Companies","Recent","Total","General","686308.37","tonnes CO2e","ReNew-Annual-Integrated-Report-FY-2023-24.pdf"
"Various Companies","Recent","Total","General","1114728.81","tonnes CO2e","ReNew-Annual-Integrated-Report-FY-2023-24.pdf"
"Various Companies","Recent","Total","General","19492","tonnes CO2e","ReNew-Annual-Integrated-Report-FY-2023-24.pdf"
"Various Companies","Recent","Total","General","8836","tonnes CO2e","ReNew-Annual-Integrated-Report-FY-2023-24.pdf"
"Various Companies","Recent","Total","General","10261","tonnes CO2e","ReNew-Annual-Integrated-Report-FY-2023-24.pdf"
"Various Companies","Recent","Total","General","394","tonnes CO2e","ReNew-Annual-Integrated-Report-FY-2023-24.pdf"
"Various Companies","Recent","Total","General","9.52","tonnes CO2e","ReNew-Annual-Integrated-Report-FY-2023-24.pdf"
"Various Companies","Recent","Total","Energy","276428","tonnes CO2e","ReNew-Annual-Integrated-Report-FY-2023-24.pdf"
"Various Companies","2023","Scope 3","Purchased Goods","24","tonnes CO2e","ReNew-Annual-Integrated-Report-FY-2023-24.pdf"
"Various Companies","Recent","Scope 3","Purchased Goods","169975","tonnes CO2e","ReNew-Annual-Integrated-Report-FY-2023-24.pdf"
"Various Companies","Recent","Total","Energy","216463","tonnes CO2e","ReNew-Annual-Integrated-Report-FY-2023-24.pdf"
"Various Companies","Recent","Total","Energy","7300","tonnes CO2e","ReNew-Annual-Integrated-Report-FY-2023-24.pdf"
"Various Companies","Recent","Total","Waste","34424","tonnes CO2e","ReNew-Annual-Integrated-Report-FY-2023-24.pdf"
"Various Companies","Recent","Total","Transportation","13.7241","tonnes CO2e","ReNew-Annual-Integrated-Report-FY-2023-24.pdf"
"Various Companies","Recent","Total","Transportation","28724338","tonnes CO2e","ReNew-Annual-Integrated-Report-FY-2023-24.pdf"
"Various Companies","Recent","Scope 3","Transportation","93","tonnes CO2e","ReNew-Annual-Integrated-Report-FY-2023-24.pdf"
"Various Companies","Recent","Scope 3","General","2766752","tonnes CO2e","ReNew-Annual-Integrated-Report-FY-2023-24.pdf"
"Various Companies","2023","Scope 3","General","24","tonnes CO2e","ReNew-Annual-Integrated-Report-FY-2023-24.pdf"
"Various Companies","Recent","Total","General","615116","tonnes CO2e","ReNew-Annual-Integrated-Report-FY-2023-24.pdf"
"Various Companies","Recent","Total","General","50943","tonnes CO2e","ReNew-Annual-Integrated-Report-FY-2023-24.pdf"
"Various Companies","Recent","Total","General","294036","tonnes CO2e","ReNew-Annual-Integrated-Report-FY-2023-24.pdf"
"Various Companies","Recent","Total","General","60144","tonnes CO2e","ReNew-Annual-Integrated-Report-FY-2023-24.pdf"
"Various Companies","Recent","Total","General","3380","tonnes CO2e","ReNew-Annual-Integrated-Report-FY-2023-24.pdf"
"Various Companies","Recent","Total","General","1.65","tonnes CO2e","ReNew-Annual-Integrated-Report-FY-2023-24.pdf"
"Various Companies","Recent","Total","General","33000","tonnes CO2e","ReNew-Annual-Integrated-Report-FY-2023-24.pdf"
"Various Companies","Recent","Total","Waste","90.61","tonnes CO2e","ReNew-Annual-Integrated-Report-FY-2023-24.pdf"
"Various Companies","Recent","Total","Waste","3160","tonnes CO2e","ReNew-Annual-Integrated-Report-FY-2023-24.pdf"
"Various Companies","Recent","Total","General","349","tonnes CO2e","ReNew-Annual-Integrated-Report-FY-2023-24.pdf"
"Various Companies","Recent","Total","General","6038","tonnes CO2e","ReNew-Annual-Integrated-Report-FY-2023-24.pdf"
"Various Companies","Recent","Total","General","6034","tonnes CO2e","ReNew-Annual-Integrated-Report-FY-2023-24.pdf"
"Various Companies","Recent","Total","General","31504112","tonnes CO2e","ReNew-Annual-Integrated-Report-FY-2023-24.pdf"
"Various Companies","Recent","Total","General","1451544","tonnes CO2e","ReNew-Annual-Integrated-Report-FY-2023-24.pdf"
"Various Companies","Recent","Total","General","11571233","tonnes CO2e","ReNew-Annual-Integrated-Report-FY-2023-24.pdf"
"Various Companies","Recent","Total","General","697110","tonnes CO2e","ReNew-Annual-Integrated-Report-FY-2023-24.pdf"
"Various Companies","Recent","Total","General","35854","tonnes CO2e","ReNew-Annual-Integrated-Report-FY-2023-24.pdf"
"Various Companies","Recent","Total","General","242961","tonnes CO2e","ReNew-Annual-Integrated-Report-FY-2023-24.pdf"
"Various Companies","Recent","Total","General","412","tonnes CO2e","ReNew-Annual-Integrated-Report-FY-2023-24.pdf"
"Various Companies","Recent","Total","General","14","tonnes CO2e","ReNew-Annual-Integrated-Report-FY-2023-24.pdf"
"Various Companies","Recent","Scope 1","Direct Emissions","1","tonnes CO2e","ReNew-Annual-Integrated-Report-FY-2023-24.pdf"
"Various Companies","Recent","Total","Direct Emissions","2","tonnes CO2e","ReNew-Annual-Integrated-Report-FY-2023-24.pdf"
"Various Companies","Recent","Scope 3","Direct Emissions","3","tonnes CO2e","ReNew-Annual-Integrated-Report-FY-2023-24.pdf"
"Various Companies","Recent","Total","General","4","tonnes CO2e","ReNew-Annual-Integrated-Report-FY-2023-24.pdf"
"Various Companies","Recent","Total","General","5","tonnes CO2e","ReNew-Annual-Integrated-Report-FY-2023-24.pdf"
"Various Companies","Recent","Total","Energy","2","tonnes CO2e","ReNew-Annual-Integrated-Report-FY-2023-24.pdf"
"Various Companies","Recent","Total","Energy","88373","tonnes CO2e","ReNew-Annual-Integrated-Report-FY-2023-24.pdf"
"Various Companies","Recent","Total","General","34","tonnes CO2e","ReNew-Annual-Integrated-Report-FY-2023-24.pdf"
"Various Companies","Recent","Total","General","647316","tonnes CO2e","ReNew-Annual-Integrated-Report-FY-2023-24.pdf"
"Various Companies","Recent","Total","General","444260","tonnes CO2e","ReNew-Annual-Integrated-Report-FY-2023-24.pdf"
"Various Companies","Recent","Total","General","62","tonnes CO2e","ReNew-Annual-Integrated-Report-FY-2023-24.pdf"
"Various Companies","Recent","Total","General","18","tonnes CO2e","ReNew-Annual-Integrated-Report-FY-2023-24.pdf"
"Various Companies","Recent","Total","General","68671","tonnes CO2e","ReNew-Annual-Integrated-Report-FY-2023-24.pdf"
"Various Companies","Recent","Total","General","26","tonnes CO2e","ReNew-Annual-Integrated-Report-FY-2023-24.pdf"
"Various Companies","Recent","Total","Energy","20","tonnes CO2e","ReNew-Annual-Integrated-Report-FY-2023-24.pdf"
"Various Companies","2022","Total","General","220000","tonnes CO2e","ReNew-Annual-Integrated-Report-FY-2023-24.pdf"
"Various Companies","2030","Total","General","100000","tonnes CO2e","ReNew-Annual-Integrated-Report-FY-2023-24.pdf"
"Various Companies","2030","Total","General","220000","tonnes CO2e","ReNew-Annual-Integrated-Report-FY-2023-24.pdf"
"Various Companies","Recent","Total","Energy","150","tonnes CO2e","ReNew-Annual-Integrated-Report-FY-2023-24.pdf"
"Various Companies","Recent","Total","General","41","tonnes CO2e","ReNew-Annual-Integrated-Report-FY-2023-24.pdf"
"Various Companies","Recent","Total","General","25","tonnes CO2e","ReNew-Annual-Integrated-Report-FY-2023-24.pdf"
"Various Companies","2030","Total","General","5","tonnes CO2e","ReNew-Annual-Integrated-Report-FY-2023-24.pdf"
"Various Companies","Recent","Total","General","220000","tonnes CO2e","ReNew-Annual-Integrated-Report-FY-2023-24.pdf"
"Various Companies","Recent","Total","Waste","16","tonnes CO2e","ReNew-Annual-Integrated-Report-FY-2023-24.pdf"
"Various Companies","2024","Total","Energy","270","tonnes CO2e","ReNew-Annual-Integrated-Report-FY-2023-24.pdf"
"Various Companies","2024","Total","General","6","tonnes CO2e","ReNew-Annual-Integrated-Report-FY-2023-24.pdf"
"Various Companies","Recent","Total","Energy","16","tonnes CO2e","ReNew-Annual-Integrated-Report-FY-2023-24.pdf"
"Various Companies","2023","Scope 3","Transportation","3","tCO2e","ReNew-Annual-Integrated-Report-FY-2023-24.pdf"
"Various Companies","2021","Scope 1","General","2023","tonnes CO2e","ReNew-Annual-Integrated-Report-FY-2023-24.pdf"
"Various Companies","2022","Scope 1","General","2","tonnes CO2e","ReNew-Annual-Integrated-Report-FY-2023-24.pdf"
"Various Companies","2023","Scope 1","General","2","tonnes CO2e","ReNew-Annual-Integrated-Report-FY-2023-24.pdf"
"Various Companies","2021","Scope 1","Energy","2","tonnes CO2e","ReNew-Annual-Integrated-Report-FY-2023-24.pdf"
"Various Companies","2021","Scope 1","Energy","2020","tonnes CO2e","ReNew-Annual-Integrated-Report-FY-2023-24.pdf"
"Various Companies","2023","Scope 1","General","32176","tonnes CO2e","ReNew-Annual-Integrated-Report-FY-2023-24.pdf"
"Various Companies","2024","Scope 1","General","2024","tonnes CO2e","ReNew-Annual-Integrated-Report-FY-2023-24.pdf"
"Various Companies","2024","Scope 1","General","305","tonnes CO2e","ReNew-Annual-Integrated-Report-FY-2023-24.pdf"
"Various Companies","2023","Scope 1","Transportation","2","tonnes CO2e","ReNew-Annual-Integrated-Report-FY-2023-24.pdf"
"Various Companies","2023","Scope 1","General","2020","tonnes CO2e","ReNew-Annual-Integrated-Report-FY-2023-24.pdf"
"Various Companies","2023","Scope 1","General","468262","tonnes CO2e","ReNew-Annual-Integrated-Report-FY-2023-24.pdf"
"Various Companies","2023","Scope 1","General","39131","tonnes CO2e","ReNew-Annual-Integrated-Report-FY-2023-24.pdf"
"Various Companies","2023","Scope 2","Transportation","35334","tonnes CO2e","ReNew-Annual-Integrated-Report-FY-2023-24.pdf"
"Various Companies","2023","Scope 2","General","32176","tonnes CO2e","ReNew-Annual-Integrated-Report-FY-2023-24.pdf"
"Various Companies","Recent","Scope 2","General","305","tonnes CO2e","ReNew-Annual-Integrated-Report-FY-2023-24.pdf"
"Various Companies","Recent","Scope 3","Direct Emissions","305","tonnes CO2e","ReNew-Annual-Integrated-Report-FY-2023-24.pdf"
"Various Companies","2023","Scope 3","Energy","2020","tonnes CO2e","ReNew-Annual-Integrated-Report-FY-2023-24.pdf"
"Various Companies","2023","Scope 3","Transportation","432300","tonnes CO2e","ReNew-Annual-Integrated-Report-FY-2023-24.pdf"
"Various Companies","Recent","Total","General","17","tonnes CO2e","signify-annual-report-2018.pdf"
"Various Companies","Recent","Total","General","4.4","tonnes CO2e","signify-annual-report-2018.pdf"
"Various Companies","Recent","Total","General","79","tonnes CO2e","signify-annual-report-2018.pdf"
"Various Companies","Recent","Total","Waste","82","tonnes CO2e","signify-annual-report-2018.pdf"
"Various Companies","Recent","Total","General","3","tonnes CO2e","signify-annual-report-2018.pdf"
"Various Companies","Recent","Total","General","9","tonnes CO2e","signify-annual-report-2018.pdf"
"Various Companies","Recent","Total","General","81","tonnes CO2e","signify-annual-report-2018.pdf"
"Various Companies","Recent","Total","General","51","tonnes CO2e","signify-annual-report-2018.pdf"
"Various Companies","Recent","Total","General","303","tonnes CO2e","signify-annual-report-2018.pdf"
"Various Companies","Recent","Total","General","3211","tonnes CO2e","signify-annual-report-2018.pdf"
"Various Companies","Recent","Total","General","86181","tonnes CO2e","signify-annual-report-2018.pdf"
"Various Companies","Recent","Total","General","2119","tonnes CO2e","signify-annual-report-2018.pdf"
"Various Companies","Recent","Total","General","1","tonnes CO2e","signify-annual-report-2018.pdf"
"Various Companies","Recent","Total","General","197","tonnes CO2e","signify-annual-report-2018.pdf"
"Various Companies","Recent","Total","General","6181","tonnes CO2e","signify-annual-report-2018.pdf"
"Various Companies","Recent","Total","General","10","tonnes CO2e","signify-annual-report-2018.pdf"
"Various Companies","Recent","Total","General","571","tonnes CO2e","signify-annual-report-2018.pdf"
"Various Companies","Recent","Total","General","5","tonnes CO2e","signify-annual-report-2018.pdf"
"Various Companies","Recent","Total","General","8","tonnes CO2e","signify-annual-report-2018.pdf"
"Various Companies","2017","Total","General","97","tonnes CO2e","signify-annual-report-2018.pdf"
"Various Companies","Recent","Total","General","231","tonnes CO2e","signify-annual-report-2018.pdf"
"Various Companies","Recent","Total","General","4","tonnes CO2e","signify-annual-report-2018.pdf"
"Various Companies","Recent","Total","General","48","tonnes CO2e","signify-annual-report-2018.pdf"
"Various Companies","Recent","Total","General","58","tonnes CO2e","signify-annual-report-2018.pdf"
"Various Companies","Recent","Total","General","380","tonnes CO2e","signify-annual-report-2018.pdf"
"Various Companies","Recent","Total","General","413","tonnes CO2e","signify-annual-report-2018.pdf"
"Various Companies","2018","Total","General","14","tonnes CO2e","signify-annual-report-2018.pdf"
"Various Companies","Recent","Total","General","60","tonnes CO2e","signify-annual-report-2018.pdf"
"Various Companies","Recent","Total","General","74","tonnes CO2e","signify-annual-report-2018.pdf"
"Various Companies","Recent","Total","General","77","tonnes CO2e","signify-annual-report-2018.pdf"
"Various Companies","2017","Total","General","31","tonnes CO2e","signify-annual-report-2018.pdf"
"Various Companies","Recent","Total","General","206","tonnes CO2e","signify-annual-report-2018.pdf"
"Various Companies","Recent","Total","General","70","tonnes CO2e","signify-annual-report-2018.pdf"
"Various Companies","Recent","Total","General","878","tonnes CO2e","signify-annual-report-2018.pdf"
"Various Companies","Recent","Total","General","2800000","tonnes CO2e","signify-annual-report-2018.pdf"
"Various Companies","Recent","Total","General","90","tonnes CO2e","signify-annual-report-2018.pdf"
"Various Companies","2018","Total","General","1853","tonnes CO2e","signify-annual-report-2018.pdf"
"Various Companies","Recent","Total","General","65","tonnes CO2e","signify-annual-report-2018.pdf"
"Various Companies","2017","Total","General","26","tonnes CO2e","signify-annual-report-2018.pdf"
"Various Companies","Recent","Total","General","22","tonnes CO2e","signify-annual-report-2018.pdf"
"Various Companies","Recent","Total","General","78","tonnes CO2e","signify-annual-report-2018.pdf"
"Various Companies","Recent","Total","General","91265","tonnes CO2e","signify-annual-report-2018.pdf"
"Various Companies","Recent","Total","General","168","tonnes CO2e","signify-annual-report-2018.pdf"
"Various Companies","2018","Total","General","54","tonnes CO2e","signify-annual-report-2018.pdf"
"Various Companies","Recent","Total","General","288","tonnes CO2e","signify-annual-report-2018.pdf"
"Various Companies","Recent","Total","General","444","tonnes CO2e","signify-annual-report-2018.pdf"
"Various Companies","Recent","Total","General","18","tonnes CO2e","signify-annual-report-2018.pdf"
"Various Companies","2023","Total","General","20212022","tonnes CO2e","signify-annual-report-2018.pdf"
"Various Companies","2018","Total","General","2","tonnes CO2e","signify-annual-report-2018.pdf"
"Various Companies","2018","Total","General","1","tonnes CO2e","signify-annual-report-2018.pdf"
"Various Companies","Recent","Total","General","4175","tonnes CO2e","signify-annual-report-2018.pdf"
"Various Companies","2017","Total","General","67","tonnes CO2e","signify-annual-report-2018.pdf"
"Various Companies","2017","Total","General","2","tonnes CO2e","signify-annual-report-2018.pdf"
"Various Companies","Recent","Total","General","752","tonnes CO2e","signify-annual-report-2018.pdf"
"Various Companies","2018","Total","General","31","tonnes CO2e","signify-annual-report-2018.pdf"
"Various Companies","Recent","Total","General","19","tonnes CO2e","signify-annual-report-2018.pdf"
"Various Companies","Recent","Total","General","32","tonnes CO2e","signify-annual-report-2018.pdf"
"Various Companies","Recent","Total","General","7","tonnes CO2e","signify-annual-report-2018.pdf"
"Various Companies","Recent","Total","General","956","tonnes CO2e","signify-annual-report-2018.pdf"
"Various Companies","Recent","Scope 1","General","2201570","tonnes CO2e","signify-annual-report-2018.pdf"
"Various Companies","Recent","Scope 1","General","201530","tonnes CO2e","signify-annual-report-2018.pdf"
"Various Companies","Recent","Total","General","37","tonnes CO2e","signify-annual-report-2018.pdf"
"Various Companies","2018","Total","General","15","tonnes CO2e","signify-annual-report-2018.pdf"
"Various Companies","Recent","Total","General","169","tonnes CO2e","signify-annual-report-2018.pdf"
"Various Companies","Recent","Scope 1","Direct Emissions","2","tonnes CO2e","signify-annual-report-2018.pdf"
"Various Companies","2018","Scope 1","General","2","tonnes CO2e","signify-annual-report-2018.pdf"
"Various Companies","2018","Total","General","360","tonnes CO2e","signify-annual-report-2018.pdf"
"Various Companies","Recent","Scope 1","General","80","tonnes CO2e","signify-annual-report-2018.pdf"
"Various Companies","Recent","Scope 1","General","62","tonnes CO2e","signify-annual-report-2018.pdf"
"Various Companies","Recent","Scope 1","General","71","tonnes CO2e","signify-annual-report-2018.pdf"
"Various Companies","2020","Total","General","24","tonnes CO2e","signify-annual-report-2018.pdf"
"Various Companies","Recent","Scope 1","General","2","tonnes CO2e","signify-annual-report-2018.pdf"
"Various Companies","2018","Total","General","3","tonnes CO2e","signify-annual-report-2018.pdf"
"Various Companies","Recent","Total","Waste","6","tonnes CO2e","signify-annual-report-2018.pdf"
"Various Companies","Recent","Total","Waste","0.8","kt CO2e","signify-annual-report-2018.pdf"
"Various Companies","2018","Total","Waste","41","kt CO2e","signify-annual-report-2018.pdf"
"Various Companies","2018","Total","General","1266","tonnes CO2e","signify-annual-report-2018.pdf"
"Various Companies","2018","Total","General","4","tonnes CO2e","signify-annual-report-2018.pdf"
"Various Companies","Recent","Total","General","8.7","tonnes CO2e","signify-annual-report-2018.pdf"
"Various Companies","2018","Total","General","9","tonnes CO2e","signify-annual-report-2018.pdf"
"Various Companies","2018","Total","General","5","tonnes CO2e","signify-annual-report-2018.pdf"
"Various Companies","2018","Scope 1","Waste","2201570","tonnes CO2e","signify-annual-report-2018.pdf"
"Various Companies","Recent","Scope 1","General","70","tonnes CO2e","signify-annual-report-2018.pdf"
"Various Companies","Recent","Scope 1","General","257","tonnes CO2e","signify-annual-report-2018.pdf"
"Various Companies","2018","Scope 2","Supply Chain","201570","tonnes CO2e","signify-annual-report-2018.pdf"
"Various Companies","2018","Scope 2","General","2018","tonnes CO2e","signify-annual-report-2018.pdf"
"Various Companies","Recent","Scope 2","General","56","tonnes CO2e","signify-annual-report-2018.pdf"
"Various Companies","2018","Scope 3","Supply Chain","201530","tonnes CO2e","signify-annual-report-2018.pdf"
"Various Companies","Recent","Total","General","2","tonnes CO2e","STG_SR24_English.-compressed.pdf"
"Various Companies","Recent","Total","General","5","tonnes CO2e","STG_SR24_English.-compressed.pdf"
"Various Companies","Recent","Scope 3","General","3","tonnes CO2e","STG_SR24_English.-compressed.pdf"
"Various Companies","Recent","Scope 1","General","1","tonnes CO2e","STG_SR24_English.-compressed.pdf"
"Various Companies","Recent","Total","General","21","tonnes CO2e","STG_SR24_English.-compressed.pdf"
"Various Companies","Recent","Total","General","131","tonnes CO2e","STG_SR24_English.-compressed.pdf"
"Various Companies","Recent","Scope 1","Direct Emissions","1","tonnes CO2e","STG_SR24_English.-compressed.pdf"
"Various Companies","Recent","Scope 2","Direct Emissions","2","tonnes CO2e","STG_SR24_English.-compressed.pdf"
"Various Companies","Recent","Scope 3","Direct Emissions","3","tonnes CO2e","STG_SR24_English.-compressed.pdf"
"Various Companies","Recent","Total","Direct Emissions","4","tonnes CO2e","STG_SR24_English.-compressed.pdf"
"Various Companies","Recent","Total","General","128","tonnes CO2e","STG_SR24_English.-compressed.pdf"
"Various Companies","Recent","Total","General","6","tonnes CO2e","STG_SR24_English.-compressed.pdf"
"Various Companies","Recent","Total","Waste","131","tonnes CO2e","STG_SR24_English.-compressed.pdf"
"Various Companies","Recent","Total","General","135","tonnes CO2e","STG_SR24_English.-compressed.pdf"
"Various Companies","2024","Total","General","2.5","tonnes CO2e","STG_SR24_English.-compressed.pdf"
"Various Companies","Recent","Scope 3","Energy","2024","tonnes CO2e","STG_SR24_English.-compressed.pdf"
"Various Companies","Recent","Total","General","84","tonnes CO2e","sustainabilityreport2022_en.pdf"
"Various Companies","Recent","Total","General","16","tonnes CO2e","sustainabilityreport2022_en.pdf"
"Various Companies","Recent","Total","General","67","tonnes CO2e","sustainabilityreport2022_en.pdf"
"Various Companies","Recent","Total","General","33","tonnes CO2e","sustainabilityreport2022_en.pdf"
"Various Companies","Recent","Total","General","16552297","tonnes CO2e","sustainabilityreport2022_en.pdf"
"Various Companies","2021","Total","General","1.5","tonnes CO2e","sustainabilityreport2022_en.pdf"
"Various Companies","2021","Total","Direct Emissions","12","tonnes CO2e","sustainabilityreport2022_en.pdf"
"Various Companies","2021","Total","Direct Emissions","14","tonnes CO2e","sustainabilityreport2022_en.pdf"
"Various Companies","2021","Total","General","600","tonnes CO2e","sustainabilityreport2022_en.pdf"
"Various Companies","Recent","Total","General","233","tonnes CO2e","sustainabilityreport2022_en.pdf"
"Various Companies","Recent","Total","General","98","tonnes CO2e","sustainabilityreport2022_en.pdf"
"Various Companies","Recent","Scope 1","Direct Emissions","1","tonnes CO2e","sustainabilityreport2022_en.pdf"
"Various Companies","2021","Total","Direct Emissions","1053000","tonnes CO2e","sustainabilityreport2022_en.pdf"
"Various Companies","2022","Total","Direct Emissions","11000","tonnes CO2e","sustainabilityreport2022_en.pdf"
"Various Companies","Recent","Total","Energy","2040","tonnes CO2e","sustainabilityreport2022_en.pdf"
"Various Companies","2019","Total","Direct Emissions","3","tonnes CO2e","sustainabilityreport2022_en.pdf"
"Various Companies","Recent","Total","General","50","tonnes CO2e","sustainabilityreport2022_en.pdf"
"Various Companies","2022","Total","General","11000","tonnes CO2e","sustainabilityreport2022_en.pdf"
"Various Companies","Recent","Total","General","11000","tonnes CO2e","sustainabilityreport2022_en.pdf"
"Various Companies","Recent","Total","General","1053000","tonnes CO2e","sustainabilityreport2022_en.pdf"
"Various Companies","2030","Total","General","11000","tonnes CO2e","sustainabilityreport2022_en.pdf"
"Various Companies","Recent","Total","General","11","tonnes CO2e","sustainabilityreport2022_en.pdf"
"Various Companies","Recent","Total","General","2050","tonnes CO2e","sustainabilityreport2022_en.pdf"
"Various Companies","2021","Total","Energy","2","tonnes CO2e","sustainabilityreport2022_en.pdf"
"Various Companies","Recent","Scope 1","General","2","tonnes CO2e","sustainabilityreport2022_en.pdf"
"Various Companies","Recent","Total","General","633","tonnes CO2e","sustainabilityreport2022_en.pdf"
"Various Companies","Recent","Total","General","420","tonnes CO2e","sustainabilityreport2022_en.pdf"
"Various Companies","Recent","Total","General","494","tonnes CO2e","sustainabilityreport2022_en.pdf"
"Various Companies","2021","Scope 1","General","2","tonnes CO2e","sustainabilityreport2022_en.pdf"
"Various Companies","Recent","Scope 3","General","3","tonnes CO2e","sustainabilityreport2022_en.pdf"
"Various Companies","Recent","Total","General","23601113","tonnes CO2e","sustainabilityreport2022_en.pdf"
"Various Companies","Recent","Total","General","907","tonnes CO2e","sustainabilityreport2022_en.pdf"
"Various Companies","Recent","Total","General","373","tonnes CO2e","sustainabilityreport2022_en.pdf"
"Various Companies","Recent","Total","General","10563","tonnes CO2e","sustainabilityreport2022_en.pdf"
"Various Companies","Recent","Total","General","54","tonnes CO2e","sustainabilityreport2022_en.pdf"
"Various Companies","Recent","Total","General","9425","tonnes CO2e","sustainabilityreport2022_en.pdf"
"Various Companies","Recent","Total","General","976","tonnes CO2e","sustainabilityreport2022_en.pdf"
"Various Companies","Recent","Total","General","22531","tonnes CO2e","sustainabilityreport2022_en.pdf"
"Various Companies","Recent","Total","General","8","tonnes CO2e","sustainabilityreport2022_en.pdf"
"Various Companies","Recent","Total","General","86600","tonnes CO2e","sustainabilityreport2022_en.pdf"
"Various Companies","Recent","Total","General","40","tonnes CO2e","sustainabilityreport2022_en.pdf"
"Various Companies","Recent","Total","General","15500149","tonnes CO2e","sustainabilityreport2022_en.pdf"
"Various Companies","Recent","Total","General","112.614","tonnes CO2e","sustainabilityreport2022_en.pdf"
"Various Companies","Recent","Total","General","13.33","tonnes CO2e","sustainabilityreport2022_en.pdf"
"Various Companies","Recent","Total","General","816.314","tonnes CO2e","sustainabilityreport2022_en.pdf"
"Various Companies","Recent","Total","General","5","tonnes CO2e","sustainabilityreport2022_en.pdf"
"Various Companies","Recent","Total","General","92.35","tonnes CO2e","sustainabilityreport2022_en.pdf"
"Various Companies","Recent","Total","General","9.179","tonnes CO2e","sustainabilityreport2022_en.pdf"
"Various Companies","Recent","Total","General","2.121","tonnes CO2e","sustainabilityreport2022_en.pdf"
"Various Companies","2018","Total","General","1","tonnes CO2e","sustainabilityreport2022_en.pdf"
"Various Companies","Recent","Total","General","1.7","tonnes CO2e","sustainabilityreport2022_en.pdf"
"Various Companies","Recent","Total","Direct Emissions","36896","tonnes CO2e","sustainabilityreport2022_en.pdf"
"Various Companies","2021","Total","General","34","tonnes CO2e","sustainabilityreport2022_en.pdf"
"Various Companies","2021","Total","General","5.1","tonnes CO2e","sustainabilityreport2022_en.pdf"
"Various Companies","Recent","Total","General","7432893","tonnes CO2e","sustainabilityreport2022_en.pdf"
"Various Companies","Recent","Total","General","10","tonnes CO2e","sustainabilityreport2022_en.pdf"
"Various Companies","2022","Total","General","0.02","tonnes CO2e","sustainabilityreport2022_en.pdf"
"Various Companies","Recent","Total","General","9809","tonnes CO2e","sustainabilityreport2022_en.pdf"
"Various Companies","2022","Total","General","75.13","tonnes CO2e","sustainabilityreport2022_en.pdf"
"Various Companies","Recent","Total","General","4","tonnes CO2e","sustainabilityreport2022_en.pdf"
"Various Companies","Recent","Total","Transportation","90","tonnes CO2e","sustainabilityreport2022_en.pdf"
"Various Companies","Recent","Total","General","90","tonnes CO2e","sustainabilityreport2022_en.pdf"
"Various Companies","Recent","Total","Waste","76.1","kt CO2e","sustainabilityreport2022_en.pdf"
"Various Companies","Recent","Total","General","14.8","kt CO2e","sustainabilityreport2022_en.pdf"
"Various Companies","Recent","Total","General","269","kt CO2e","sustainabilityreport2022_en.pdf"
"Various Companies","Recent","Total","General","5.52","kt CO2e","sustainabilityreport2022_en.pdf"
"Various Companies","Recent","Total","General","36.8","tonnes CO2e","sustainabilityreport2022_en.pdf"
"Various Companies","Recent","Total","General","20.9","tonnes CO2e","sustainabilityreport2022_en.pdf"
"Various Companies","Recent","Total","General","48","tonnes CO2e","sustainabilityreport2022_en.pdf"
"Various Companies","Recent","Total","General","194","tonnes CO2e","sustainabilityreport2022_en.pdf"
"Various Companies","Recent","Total","General","1.95","tonnes CO2e","sustainabilityreport2022_en.pdf"
"Various Companies","Recent","Total","General","43.4","tonnes CO2e","sustainabilityreport2022_en.pdf"
"Various Companies","2022","Total","Direct Emissions","1053000","tonnes CO2e","sustainabilityreport2022_en.pdf"
"Various Companies","2022","Total","General","1053000","tonnes CO2e","sustainabilityreport2022_en.pdf"
"Various Companies","2030","Total","General","1053000","tonnes CO2e","sustainabilityreport2022_en.pdf"
"Various Companies","2030","Total","General","542000","tonnes CO2e","sustainabilityreport2022_en.pdf"
"Various Companies","2022","Total","General","90","tonnes CO2e","sustainabilityreport2022_en.pdf"
"Various Companies","Recent","Total","General","24.5","tonnes CO2e","sustainabilityreport2022_en.pdf"
"Various Companies","Recent","Scope 1","General","3.7","tonnes CO2e","sustainabilityreport2022_en.pdf"
"Various Companies","2021","Scope 2","General","2021","tonnes CO2e","sustainabilityreport2022_en.pdf"
"Various Companies","Recent","Total","General","2","tonnes CO2e","Sustainability_in_motion_-_Nexio_Projects_Impact_Report_2024.pdf"
"Various Companies","Recent","Scope 1","General","2","tonnes CO2e","Sustainability_in_motion_-_Nexio_Projects_Impact_Report_2024.pdf"
"Various Companies","2024","Total","General","1","tonnes CO2e","Sustainability_in_motion_-_Nexio_Projects_Impact_Report_2024.pdf"
"Various Companies","2024","Scope 1","General","11","tonnes CO2e","Sustainability_in_motion_-_Nexio_Projects_Impact_Report_2024.pdf"
"Various Companies","2024","Scope 1","General","1","tonnes CO2e","Sustainability_in_motion_-_Nexio_Projects_Impact_Report_2024.pdf"
"Various Companies","2024","Total","General","2.06","tonnes CO2e","Sustainability_in_motion_-_Nexio_Projects_Impact_Report_2024.pdf"
"Various Companies","2024","Total","General","2","tonnes CO2e","Sustainability_in_motion_-_Nexio_Projects_Impact_Report_2024.pdf"
"Various Companies","2024","Total","General","3","tonnes CO2e","Sustainability_in_motion_-_Nexio_Projects_Impact_Report_2024.pdf"
"Various Companies","2024","Total","Energy","237.35","tonnes CO2e","Sustainability_in_motion_-_Nexio_Projects_Impact_Report_2024.pdf"
"Various Companies","Recent","Total","Energy","1274.25","tonnes CO2e","Sustainability_in_motion_-_Nexio_Projects_Impact_Report_2024.pdf"
"Various Companies","Recent","Total","General","100","tonnes CO2e","Sustainability_in_motion_-_Nexio_Projects_Impact_Report_2024.pdf"
"Various Companies","2024","Total","General","17","tonnes CO2e","Sustainability_in_motion_-_Nexio_Projects_Impact_Report_2024.pdf"
"Various Companies","Recent","Scope 2","General","3","tonnes CO2e","Sustainability_in_motion_-_Nexio_Projects_Impact_Report_2024.pdf"
"Various Companies","Recent","Scope 3","General","118.98","tonnes CO2e","Sustainability_in_motion_-_Nexio_Projects_Impact_Report_2024.pdf"
"Various Companies","2023","Total","General","121.02","tonnes CO2e","Sustainability_in_motion_-_Nexio_Projects_Impact_Report_2024.pdf"
"Various Companies","2024","Scope 1","General","121.02","tCO2e","Sustainability_in_motion_-_Nexio_Projects_Impact_Report_2024.pdf"
"Various Companies","2024","Total","General","94.85","tCO2e","Sustainability_in_motion_-_Nexio_Projects_Impact_Report_2024.pdf"
"Various Companies","2024","Total","Purchased Goods","2.06","tCO2e","Sustainability_in_motion_-_Nexio_Projects_Impact_Report_2024.pdf"
"Various Companies","2023","Scope 2","General","26.37","tCO2e","Sustainability_in_motion_-_Nexio_Projects_Impact_Report_2024.pdf"
"Various Companies","2023","Scope 2","General","2.04","tCO2e","Sustainability_in_motion_-_Nexio_Projects_Impact_Report_2024.pdf"
"Various Companies","2023","Scope 2","General","110.3","tCO2e","Sustainability_in_motion_-_Nexio_Projects_Impact_Report_2024.pdf"
"Various Companies","2023","Scope 2","General","118.98","tCO2e","Sustainability_in_motion_-_Nexio_Projects_Impact_Report_2024.pdf"
"Various Companies","2023","Scope 1","Transportation","2024","tonnes CO2e","Sustainability_in_motion_-_Nexio_Projects_Impact_Report_2024.pdf"
"Various Companies","Recent","Total","General","3.4","tonnes CO2e","Sustainability_Report_2023.pdf"
"Various Companies","Recent","Scope 1","General","2","tonnes CO2e","Sustainability_Report_2023.pdf"
"Various Companies","2023","Total","General","51","tonnes CO2e","Sustainability_Report_2023.pdf"
"Various Companies","2023","Total","Direct Emissions","51","tonnes CO2e","Sustainability_Report_2023.pdf"
"Various Companies","2023","Total","General","35","tonnes CO2e","Sustainability_Report_2023.pdf"
"Various Companies","2023","Total","General","161","tonnes CO2e","Sustainability_Report_2023.pdf"
"Various Companies","Recent","Scope 1","General","23","tonnes CO2e","Sustainability_Report_2023.pdf"
"Various Companies","Recent","Scope 1","General","1","tonnes CO2e","Sustainability_Report_2023.pdf"
"Various Companies","Recent","Scope 2","General","2","tonnes CO2e","Sustainability_Report_2023.pdf"
"Various Companies","Recent","Scope 1","General","9139658.4149258","tonnes CO2e","Sustainability_Report_2023.pdf"
"Various Companies","Recent","Total","General","2","tonnes CO2e","Sustainability_Report_2023.pdf"
"Various Companies","Recent","Total","Energy","1","tonnes CO2e","Sustainability_Report_2023.pdf"
"Various Companies","Recent","Total","Energy","2","tonnes CO2e","Sustainability_Report_2023.pdf"
"Various Companies","Recent","Total","Energy","3","tonnes CO2e","Sustainability_Report_2023.pdf"
"Various Companies","Recent","Total","Energy","4","tonnes CO2e","Sustainability_Report_2023.pdf"
"Various Companies","Recent","Total","Energy","5","tonnes CO2e","Sustainability_Report_2023.pdf"
"Various Companies","Recent","Scope 1","Direct Emissions","1","tonnes CO2e","Sustainability_Report_2023.pdf"
"Various Companies","Recent","Scope 1","Direct Emissions","2","tonnes CO2e","Sustainability_Report_2023.pdf"
"Various Companies","Recent","Scope 2","Direct Emissions","4","tonnes CO2e","Sustainability_Report_2023.pdf"
"Various Companies","Recent","Total","General","5","tonnes CO2e","Sustainability_Report_2023.pdf"
"Various Companies","Recent","Total","General","6","tonnes CO2e","Sustainability_Report_2023.pdf"
"Various Companies","Recent","Total","Waste","7","tonnes CO2e","Sustainability_Report_2023.pdf"
"Various Companies","2023","Total","General","2.2","tonnes CO2e","Sustainability_Report_2023.pdf"
"Various Companies","2022","Total","General","1.4","tonnes CO2e","Sustainability_Report_2023.pdf"
"Various Companies","2023","Total","Waste","75.5","tonnes CO2e","Sustainability_Report_2023.pdf"
"Various Companies","2023","Total","Waste","72.6","tonnes CO2e","Sustainability_Report_2023.pdf"
"Various Companies","2023","Scope 1","General","7.9139658","tonnes CO2e","Sustainability_Report_2023.pdf"
"Various Companies","Recent","Scope 1","Waste","3","tonnes CO2e","tarkett-urd-2024-en-published-on-03-31-18h52.pdf"
"Various Companies","Recent","Scope 1","Purchased Goods","3","tonnes CO2e","tarkett-urd-2024-en-published-on-03-31-18h52.pdf"
"Various Companies","Recent","Scope 1","Energy","3","tonnes CO2e","tarkett-urd-2024-en-published-on-03-31-18h52.pdf"
"Various Companies","Recent","Scope 1","General","2","tonnes CO2e","tarkett-urd-2024-en-published-on-03-31-18h52.pdf"
"Various Companies","Recent","Scope 1","General","3","tonnes CO2e","tarkett-urd-2024-en-published-on-03-31-18h52.pdf"
"Various Companies","2019","Scope 1","Energy","34","tonnes CO2e","tarkett-urd-2024-en-published-on-03-31-18h52.pdf"
"Various Companies","2019","Scope 1","Energy","3","tonnes CO2e","tarkett-urd-2024-en-published-on-03-31-18h52.pdf"
"Various Companies","2024","Total","General","5","tonnes CO2e","tarkett-urd-2024-en-published-on-03-31-18h52.pdf"
"Various Companies","Recent","Total","General","9","tonnes CO2e","tarkett-urd-2024-en-published-on-03-31-18h52.pdf"
"Various Companies","Recent","Total","General","166","tonnes CO2e","tarkett-urd-2024-en-published-on-03-31-18h52.pdf"
"Various Companies","2021","Total","General","16","tonnes CO2e","tarkett-urd-2024-en-published-on-03-31-18h52.pdf"
"Various Companies","2024","Total","General","1","tonnes CO2e","tarkett-urd-2024-en-published-on-03-31-18h52.pdf"
"Various Companies","2024","Total","General","79.37","tonnes CO2e","tarkett-urd-2024-en-published-on-03-31-18h52.pdf"
"Various Companies","2019","Total","General","2","tonnes CO2e","tarkett-urd-2024-en-published-on-03-31-18h52.pdf"
"Various Companies","2024","Total","General","1365136","tonnes CO2e","tarkett-urd-2024-en-published-on-03-31-18h52.pdf"
"Various Companies","Recent","Total","General","16","tonnes CO2e","tarkett-urd-2024-en-published-on-03-31-18h52.pdf"
"Various Companies","Recent","Scope 3","General","12","tonnes CO2e","tarkett-urd-2024-en-published-on-03-31-18h52.pdf"
"Various Companies","Recent","Scope 3","General","3","tonnes CO2e","tarkett-urd-2024-en-published-on-03-31-18h52.pdf"
"Various Companies","Recent","Scope 1","Energy","2","tonnes CO2e","tarkett-urd-2024-en-published-on-03-31-18h52.pdf"
"Various Companies","2023","Scope 2","General","2","tonnes CO2e","tarkett-urd-2024-en-published-on-03-31-18h52.pdf"
"Various Companies","2023","Total","General","0.5","tonnes CO2e","tarkett-urd-2024-en-published-on-03-31-18h52.pdf"
"Various Companies","Recent","Total","General","41983","tonnes CO2e","tarkett-urd-2024-en-published-on-03-31-18h52.pdf"
"Various Companies","2016","Scope 1","Direct Emissions","305","tonnes CO2e","tarkett-urd-2024-en-published-on-03-31-18h52.pdf"
"Various Companies","Recent","Scope 1","Direct Emissions","2.1","tonnes CO2e","tarkett-urd-2024-en-published-on-03-31-18h52.pdf"
"Various Companies","Recent","Scope 2","Direct Emissions","2.1","tonnes CO2e","tarkett-urd-2024-en-published-on-03-31-18h52.pdf"
"Various Companies","Recent","Scope 3","Direct Emissions","2.1","tonnes CO2e","tarkett-urd-2024-en-published-on-03-31-18h52.pdf"
"Various Companies","Recent","Total","General","5","tonnes CO2e","tarkett-urd-2024-en-published-on-03-31-18h52.pdf"
"Various Companies","Recent","Total","General","240","tonnes CO2e","tarkett-urd-2024-en-published-on-03-31-18h52.pdf"
"Various Companies","2024","Total","General","5.1","tonnes CO2e","tarkett-urd-2024-en-published-on-03-31-18h52.pdf"
"Various Companies","2019","Scope 1","Purchased Goods","50","tonnes CO2e","tarkett-urd-2024-en-published-on-03-31-18h52.pdf"
"Various Companies","Recent","Total","General","4.5","tonnes CO2e","tarkett-urd-2024-en-published-on-03-31-18h52.pdf"
"Various Companies","2021","Total","General","4","tonnes CO2e","tarkett-urd-2024-en-published-on-03-31-18h52.pdf"
"Various Companies","Recent","Total","General","17","tonnes CO2e","tarkett-urd-2024-en-published-on-03-31-18h52.pdf"
"Various Companies","2019","Scope 1","General","2","tonnes CO2e","tarkett-urd-2024-en-published-on-03-31-18h52.pdf"
"Various Companies","Recent","Total","Energy","2.1","tonnes CO2e","tarkett-urd-2024-en-published-on-03-31-18h52.pdf"
"Various Companies","Recent","Total","General","2.1","tonnes CO2e","tarkett-urd-2024-en-published-on-03-31-18h52.pdf"
"Various Companies","Recent","Total","General","55","tonnes CO2e","tarkett-urd-2024-en-published-on-03-31-18h52.pdf"
"Various Companies","Recent","Total","General","56","tonnes CO2e","tarkett-urd-2024-en-published-on-03-31-18h52.pdf"
"Various Companies","Recent","Total","General","28","tonnes CO2e","tarkett-urd-2024-en-published-on-03-31-18h52.pdf"
"Various Companies","Recent","Total","General","29","tonnes CO2e","tarkett-urd-2024-en-published-on-03-31-18h52.pdf"
"Various Companies","2030","Scope 1","General","3","tonnes CO2e","tarkett-urd-2024-en-published-on-03-31-18h52.pdf"
"Various Companies","Recent","Total","Energy","83","tonnes CO2e","tarkett-urd-2024-en-published-on-03-31-18h52.pdf"
"Various Companies","Recent","Total","General","650","tonnes CO2e","tarkett-urd-2024-en-published-on-03-31-18h52.pdf"
"Various Companies","2024","Scope 1","General","2","tonnes CO2e","tarkett-urd-2024-en-published-on-03-31-18h52.pdf"
"Various Companies","Recent","Scope 1","General","1","tonnes CO2e","tarkett-urd-2024-en-published-on-03-31-18h52.pdf"
"Various Companies","2026","Total","General","900","tonnes CO2e","tarkett-urd-2024-en-published-on-03-31-18h52.pdf"
"Various Companies","2024","Scope 1","General","1","tonnes CO2e","tarkett-urd-2024-en-published-on-03-31-18h52.pdf"
"Various Companies","2021","Scope 1","Purchased Goods","1","tonnes CO2e","tarkett-urd-2024-en-published-on-03-31-18h52.pdf"
"Various Companies","Recent","Scope 1","Purchased Goods","12","tonnes CO2e","tarkett-urd-2024-en-published-on-03-31-18h52.pdf"
"Various Companies","2030","Scope 1","General","50","tonnes CO2e","tarkett-urd-2024-en-published-on-03-31-18h52.pdf"
"Various Companies","Recent","Scope 1","Energy","100","tonnes CO2e","tarkett-urd-2024-en-published-on-03-31-18h52.pdf"
"Various Companies","2019","Scope 3","General","3","tonnes CO2e","tarkett-urd-2024-en-published-on-03-31-18h52.pdf"
"Various Companies","2019","Scope 3","General","73","tonnes CO2e","tarkett-urd-2024-en-published-on-03-31-18h52.pdf"
"Various Companies","Recent","Scope 3","Energy","3","tonnes CO2e","tarkett-urd-2024-en-published-on-03-31-18h52.pdf"
"Various Companies","2019","Scope 3","General","12","tonnes CO2e","tarkett-urd-2024-en-published-on-03-31-18h52.pdf"
"Various Companies","2030","Scope 1","General","2","tonnes CO2e","tarkett-urd-2024-en-published-on-03-31-18h52.pdf"
"Various Companies","2024","Scope 1","General","3.2","tonnes CO2e","tarkett-urd-2024-en-published-on-03-31-18h52.pdf"
"Various Companies","Recent","Scope 2","General","3","tonnes CO2e","tarkett-urd-2024-en-published-on-03-31-18h52.pdf"
"Various Companies","Recent","Total","Energy","52.6","tonnes CO2e","tarkett-urd-2024-en-published-on-03-31-18h52.pdf"
"Various Companies","Recent","Total","Energy","8.5","tonnes CO2e","tarkett-urd-2024-en-published-on-03-31-18h52.pdf"
"Various Companies","Recent","Total","Energy","38.9","tonnes CO2e","tarkett-urd-2024-en-published-on-03-31-18h52.pdf"
"Various Companies","2023","Total","Energy","44","tonnes CO2e","tarkett-urd-2024-en-published-on-03-31-18h52.pdf"
"Various Companies","2024","Total","Energy","1","tonnes CO2e","tarkett-urd-2024-en-published-on-03-31-18h52.pdf"
"Various Companies","Recent","Total","General","6","tonnes CO2e","tarkett-urd-2024-en-published-on-03-31-18h52.pdf"
"Various Companies","Recent","Scope 1","Energy","1","tonnes CO2e","tarkett-urd-2024-en-published-on-03-31-18h52.pdf"
"Various Companies","2024","Scope 2","General","3","tonnes CO2e","tarkett-urd-2024-en-published-on-03-31-18h52.pdf"
"Various Companies","Recent","Scope 3","Transportation","3","tonnes CO2e","tarkett-urd-2024-en-published-on-03-31-18h52.pdf"
"Various Companies","Recent","Scope 3","Purchased Goods","357","tonnes CO2e","tarkett-urd-2024-en-published-on-03-31-18h52.pdf"
"Various Companies","Recent","Scope 2","General","2","tonnes CO2e","tarkett-urd-2024-en-published-on-03-31-18h52.pdf"
"Various Companies","Recent","Scope 1","General","10","tonnes CO2e","tarkett-urd-2024-en-published-on-03-31-18h52.pdf"
"Various Companies","Recent","Scope 3","General","1","tonnes CO2e","tarkett-urd-2024-en-published-on-03-31-18h52.pdf"
"Various Companies","2024","Scope 1","Energy","2","tonnes CO2e","tarkett-urd-2024-en-published-on-03-31-18h52.pdf"
"Various Companies","2023","Scope 1","Energy","2","tonnes CO2e","tarkett-urd-2024-en-published-on-03-31-18h52.pdf"
"Various Companies","2024","Scope 2","General","12","tonnes CO2e","tarkett-urd-2024-en-published-on-03-31-18h52.pdf"
"Various Companies","Recent","Scope 1","General","12","tonnes CO2e","tarkett-urd-2024-en-published-on-03-31-18h52.pdf"
"Various Companies","Recent","Total","General","8","tonnes CO2e","tarkett-urd-2024-en-published-on-03-31-18h52.pdf"
"Various Companies","Recent","Total","Energy","2","tonnes CO2e","tarkett-urd-2024-en-published-on-03-31-18h52.pdf"
"Various Companies","Recent","Total","General","8952","tonnes CO2e","tarkett-urd-2024-en-published-on-03-31-18h52.pdf"
"Various Companies","Recent","Total","General","40","tonnes CO2e","tarkett-urd-2024-en-published-on-03-31-18h52.pdf"
"Various Companies","Recent","Total","General","700","tonnes CO2e","tarkett-urd-2024-en-published-on-03-31-18h52.pdf"
"Various Companies","2024","Total","General","3","tonnes CO2e","tarkett-urd-2024-en-published-on-03-31-18h52.pdf"
"Various Companies","Recent","Total","General","100","tonnes CO2e","tarkett-urd-2024-en-published-on-03-31-18h52.pdf"
"Various Companies","Recent","Total","General","96100","tonnes CO2e","tarkett-urd-2024-en-published-on-03-31-18h52.pdf"
"Various Companies","Recent","Total","General","9.11","tonnes CO2e","tarkett-urd-2024-en-published-on-03-31-18h52.pdf"
"Various Companies","2024","Total","General","7.5","tonnes CO2e","tarkett-urd-2024-en-published-on-03-31-18h52.pdf"
"Various Companies","2024","Total","General","11635","tonnes CO2e","tarkett-urd-2024-en-published-on-03-31-18h52.pdf"
"Various Companies","Recent","Total","General","12","tonnes CO2e","tarkett-urd-2024-en-published-on-03-31-18h52.pdf"
"Various Companies","2024","Total","General","2","tonnes CO2e","tarkett-urd-2024-en-published-on-03-31-18h52.pdf"
"Various Companies","2023","Total","General","1","tonnes CO2e","tarkett-urd-2024-en-published-on-03-31-18h52.pdf"
"Various Companies","Recent","Total","General","3","tonnes CO2e","tarkett-urd-2024-en-published-on-03-31-18h52.pdf"
"Various Companies","2023","Total","General","0.1","tonnes CO2e","tarkett-urd-2024-en-published-on-03-31-18h52.pdf"
"Various Companies","Recent","Total","General","4","tonnes CO2e","tarkett-urd-2024-en-published-on-03-31-18h52.pdf"
"Various Companies","Recent","Total","General","31.5","tonnes CO2e","tarkett-urd-2024-en-published-on-03-31-18h52.pdf"
"Various Companies","Recent","Total","General","24.6","tonnes CO2e","tarkett-urd-2024-en-published-on-03-31-18h52.pdf"
"Various Companies","2024","Total","General","74","tonnes CO2e","tarkett-urd-2024-en-published-on-03-31-18h52.pdf"
"Various Companies","Recent","Total","General","0.4","tonnes CO2e","tarkett-urd-2024-en-published-on-03-31-18h52.pdf"
"Various Companies","Recent","Total","General","35.4","tonnes CO2e","tarkett-urd-2024-en-published-on-03-31-18h52.pdf"
"Various Companies","Recent","Total","General","49.9","tonnes CO2e","tarkett-urd-2024-en-published-on-03-31-18h52.pdf"
"Various Companies","Recent","Total","General","46.8","tonnes CO2e","tarkett-urd-2024-en-published-on-03-31-18h52.pdf"
"Various Companies","Recent","Total","General","9.8","tonnes CO2e","tarkett-urd-2024-en-published-on-03-31-18h52.pdf"
"Various Companies","2024","Total","General","0.7","tonnes CO2e","tarkett-urd-2024-en-published-on-03-31-18h52.pdf"
"Various Companies","2019","Scope 1","General","30","tonnes CO2e","tarkett-urd-2024-en-published-on-03-31-18h52.pdf"
"Various Companies","2019","Scope 1","General","50","tonnes CO2e","tarkett-urd-2024-en-published-on-03-31-18h52.pdf"
"Various Companies","Recent","Total","General","86","tonnes CO2e","tarkett-urd-2024-en-published-on-03-31-18h52.pdf"
"Various Companies","Recent","Total","General","3363.11","tonnes CO2e","tarkett-urd-2024-en-published-on-03-31-18h52.pdf"
"Various Companies","Recent","Total","General","2.6","tonnes CO2e","tarkett-urd-2024-en-published-on-03-31-18h52.pdf"
"Various Companies","Recent","Total","General","71.2","tonnes CO2e","tarkett-urd-2024-en-published-on-03-31-18h52.pdf"
"Various Companies","2024","Total","General","31","tonnes CO2e","tarkett-urd-2024-en-published-on-03-31-18h52.pdf"
"Various Companies","2023","Total","General","179.2","tonnes CO2e","tarkett-urd-2024-en-published-on-03-31-18h52.pdf"
"Various Companies","2023","Total","General","4.9","tonnes CO2e","tarkett-urd-2024-en-published-on-03-31-18h52.pdf"
"Various Companies","Recent","Total","General","3.2","tonnes CO2e","tarkett-urd-2024-en-published-on-03-31-18h52.pdf"
"Various Companies","Recent","Total","General","0.1","tonnes CO2e","tarkett-urd-2024-en-published-on-03-31-18h52.pdf"
"Various Companies","Recent","Total","General","810.8","tonnes CO2e","tarkett-urd-2024-en-published-on-03-31-18h52.pdf"
"Various Companies","Recent","Total","General","0.01","tonnes CO2e","tarkett-urd-2024-en-published-on-03-31-18h52.pdf"
"Various Companies","Recent","Total","General","1.954","tonnes CO2e","tarkett-urd-2024-en-published-on-03-31-18h52.pdf"
"Various Companies","Recent","Total","General","28.9","tonnes CO2e","tarkett-urd-2024-en-published-on-03-31-18h52.pdf"
"Various Companies","Recent","Total","General","36.3","tonnes CO2e","tarkett-urd-2024-en-published-on-03-31-18h52.pdf"
"Various Companies","Recent","Total","General","76.4","tonnes CO2e","tarkett-urd-2024-en-published-on-03-31-18h52.pdf"
"Various Companies","Recent","Total","General","0.2","tonnes CO2e","tarkett-urd-2024-en-published-on-03-31-18h52.pdf"
"Various Companies","Recent","Total","General","0.6","tonnes CO2e","tarkett-urd-2024-en-published-on-03-31-18h52.pdf"
"Various Companies","2024","Total","General","10","tonnes CO2e","tarkett-urd-2024-en-published-on-03-31-18h52.pdf"
"Various Companies","Recent","Total","General","147.9","tonnes CO2e","tarkett-urd-2024-en-published-on-03-31-18h52.pdf"
"Various Companies","Recent","Total","General","6544720.4","tonnes CO2e","tarkett-urd-2024-en-published-on-03-31-18h52.pdf"
"Various Companies","Recent","Total","General","6555020.4","tonnes CO2e","tarkett-urd-2024-en-published-on-03-31-18h52.pdf"
"Various Companies","2024","Total","General","300000","tonnes CO2e","tarkett-urd-2024-en-published-on-03-31-18h52.pdf"
"Various Companies","2024","Total","General","55000","tonnes CO2e","tarkett-urd-2024-en-published-on-03-31-18h52.pdf"
"Various Companies","Recent","Total","General","131","tonnes CO2e","tarkett-urd-2024-en-published-on-03-31-18h52.pdf"
"Various Companies","Recent","Total","General","7","tonnes CO2e","tarkett-urd-2024-en-published-on-03-31-18h52.pdf"
"Various Companies","Recent","Total","General","267292","tonnes CO2e","tarkett-urd-2024-en-published-on-03-31-18h52.pdf"
"Various Companies","2024","Total","General","12","tonnes CO2e","tarkett-urd-2024-en-published-on-03-31-18h52.pdf"
"Various Companies","Recent","Total","General","2799","tonnes CO2e","tarkett-urd-2024-en-published-on-03-31-18h52.pdf"
"Various Companies","Recent","Total","General","136463","tonnes CO2e","tarkett-urd-2024-en-published-on-03-31-18h52.pdf"
"Various Companies","Recent","Total","General","139262","tonnes CO2e","tarkett-urd-2024-en-published-on-03-31-18h52.pdf"
"Various Companies","Recent","Total","General","93079","tonnes CO2e","tarkett-urd-2024-en-published-on-03-31-18h52.pdf"
"Various Companies","Recent","Total","General","1887194","tonnes CO2e","tarkett-urd-2024-en-published-on-03-31-18h52.pdf"
"Various Companies","Recent","Total","General","1980273","tonnes CO2e","tarkett-urd-2024-en-published-on-03-31-18h52.pdf"
"Various Companies","Recent","Total","General","71902","tonnes CO2e","tarkett-urd-2024-en-published-on-03-31-18h52.pdf"
"Various Companies","Recent","Total","General","10425","tonnes CO2e","tarkett-urd-2024-en-published-on-03-31-18h52.pdf"
"Various Companies","Recent","Total","General","82327","tonnes CO2e","tarkett-urd-2024-en-published-on-03-31-18h52.pdf"
"Various Companies","Recent","Total","General","26","tonnes CO2e","tarkett-urd-2024-en-published-on-03-31-18h52.pdf"
"Various Companies","Recent","Total","General","1","tonnes CO2e","tarkett-urd-2024-en-published-on-03-31-18h52.pdf"
"Various Companies","Recent","Total","General","65152","tonnes CO2e","tarkett-urd-2024-en-published-on-03-31-18h52.pdf"
"Various Companies","Recent","Total","General","49054","tonnes CO2e","tarkett-urd-2024-en-published-on-03-31-18h52.pdf"
"Various Companies","Recent","Total","General","283","tonnes CO2e","tarkett-urd-2024-en-published-on-03-31-18h52.pdf"
"Various Companies","Recent","Total","General","6280","tonnes CO2e","tarkett-urd-2024-en-published-on-03-31-18h52.pdf"
"Various Companies","2024","Total","General","300","tonnes CO2e","tarkett-urd-2024-en-published-on-03-31-18h52.pdf"
"Various Companies","Recent","Total","General","1214340","tonnes CO2e","tarkett-urd-2024-en-published-on-03-31-18h52.pdf"
"Various Companies","Recent","Scope 1","Supply Chain","3","tonnes CO2e","tarkett-urd-2024-en-published-on-03-31-18h52.pdf"
"Various Companies","Recent","Total","General","5.2","tonnes CO2e","tarkett-urd-2024-en-published-on-03-31-18h52.pdf"
"Various Companies","Recent","Total","Waste","157000","tonnes CO2e","tarkett-urd-2024-en-published-on-03-31-18h52.pdf"
"Various Companies","2024","Total","Waste","124000","tonnes CO2e","tarkett-urd-2024-en-published-on-03-31-18h52.pdf"
"Various Companies","2024","Total","General","170000","tonnes CO2e","tarkett-urd-2024-en-published-on-03-31-18h52.pdf"
"Various Companies","2025","Total","General","150000","tonnes CO2e","tarkett-urd-2024-en-published-on-03-31-18h52.pdf"
"Various Companies","Recent","Total","General","100000","tonnes CO2e","tarkett-urd-2024-en-published-on-03-31-18h52.pdf"
"Various Companies","2024","Total","Waste","225","tonnes CO2e","tarkett-urd-2024-en-published-on-03-31-18h52.pdf"
"Various Companies","2024","Total","General","1650","tonnes CO2e","tarkett-urd-2024-en-published-on-03-31-18h52.pdf"
"Various Companies","2020","Total","General","700","tonnes CO2e","tarkett-urd-2024-en-published-on-03-31-18h52.pdf"
"Various Companies","2024","Total","General","160","tonnes CO2e","tarkett-urd-2024-en-published-on-03-31-18h52.pdf"
"Various Companies","2024","Total","General","30","tonnes CO2e","tarkett-urd-2024-en-published-on-03-31-18h52.pdf"
"Various Companies","2026","Total","General","38","tonnes CO2e","tarkett-urd-2024-en-published-on-03-31-18h52.pdf"
"Various Companies","Recent","Total","General","45","tonnes CO2e","tarkett-urd-2024-en-published-on-03-31-18h52.pdf"
"Various Companies","Recent","Total","General","15.5","tonnes CO2e","tarkett-urd-2024-en-published-on-03-31-18h52.pdf"
"Various Companies","2024","Total","Energy","22","tonnes CO2e","tarkett-urd-2024-en-published-on-03-31-18h52.pdf"
"Various Companies","2024","Total","General","2.8","tonnes CO2e","tarkett-urd-2024-en-published-on-03-31-18h52.pdf"
"Various Companies","2022","Total","General","30","tonnes CO2e","tarkett-urd-2024-en-published-on-03-31-18h52.pdf"
"Various Companies","2025","Total","Waste","30","tonnes CO2e","tarkett-urd-2024-en-published-on-03-31-18h52.pdf"
"Various Companies","2018","Total","General","157000","tonnes CO2e","tarkett-urd-2024-en-published-on-03-31-18h52.pdf"
"Various Companies","2024","Total","Waste","123900","tonnes CO2e","tarkett-urd-2024-en-published-on-03-31-18h52.pdf"
"Various Companies","2024","Total","Waste","5000","tonnes CO2e","tarkett-urd-2024-en-published-on-03-31-18h52.pdf"
"Various Companies","Recent","Total","General","3300","tonnes CO2e","tarkett-urd-2024-en-published-on-03-31-18h52.pdf"
"Various Companies","2024","Total","General","11707","tonnes CO2e","tarkett-urd-2024-en-published-on-03-31-18h52.pdf"
"Various Companies","2024","Scope 1","Purchased Goods","2","tonnes CO2e","tarkett-urd-2024-en-published-on-03-31-18h52.pdf"
"Various Companies","2019","Scope 1","Energy","2019","tonnes CO2e","tarkett-urd-2024-en-published-on-03-31-18h52.pdf"
"Various Companies","2016","Scope 1","Direct Emissions","3.2","tonnes CO2e","tarkett-urd-2024-en-published-on-03-31-18h52.pdf"
"Various Companies","2023","Scope 1","General","2","tonnes CO2e","tarkett-urd-2024-en-published-on-03-31-18h52.pdf"
"Various Companies","2030","Scope 1","General","2019","tonnes CO2e","tarkett-urd-2024-en-published-on-03-31-18h52.pdf"
"Various Companies","2024","Scope 1","General","2030","tonnes CO2e","tarkett-urd-2024-en-published-on-03-31-18h52.pdf"
"Various Companies","2023","Scope 1","Energy","2024","tonnes CO2e","tarkett-urd-2024-en-published-on-03-31-18h52.pdf"
"Various Companies","2024","Scope 1","General","12","tonnes CO2e","tarkett-urd-2024-en-published-on-03-31-18h52.pdf"
"Various Companies","2023","Scope 2","General","41983","tonnes CO2e","tarkett-urd-2024-en-published-on-03-31-18h52.pdf"
"Various Companies","2020","Scope 2","Direct Emissions","3.2","tonnes CO2e","tarkett-urd-2024-en-published-on-03-31-18h52.pdf"
"Various Companies","2019","Scope 2","Purchased Goods","12","tonnes CO2e","tarkett-urd-2024-en-published-on-03-31-18h52.pdf"
"Various Companies","2019","Scope 2","Purchased Goods","50","tonnes CO2e","tarkett-urd-2024-en-published-on-03-31-18h52.pdf"
"Various Companies","2030","Scope 2","General","2019","tonnes CO2e","tarkett-urd-2024-en-published-on-03-31-18h52.pdf"
"Various Companies","2024","Scope 2","General","2024","tonnes CO2e","tarkett-urd-2024-en-published-on-03-31-18h52.pdf"
"Various Companies","2023","Scope 2","General","2024","tonnes CO2e","tarkett-urd-2024-en-published-on-03-31-18h52.pdf"
"Various Companies","2024","Scope 2","Energy","2024","tonnes CO2e","tarkett-urd-2024-en-published-on-03-31-18h52.pdf"
"Various Companies","2024","Scope 2","General","2023","tonnes CO2e","tarkett-urd-2024-en-published-on-03-31-18h52.pdf"
"Various Companies","2019","Scope 2","General","50","tonnes CO2e","tarkett-urd-2024-en-published-on-03-31-18h52.pdf"
"Various Companies","2019","Scope 3","Energy","2019","tonnes CO2e","tarkett-urd-2024-en-published-on-03-31-18h52.pdf"
"Various Companies","2020","Scope 3","Direct Emissions","3.2","tonnes CO2e","tarkett-urd-2024-en-published-on-03-31-18h52.pdf"
"Various Companies","2019","Scope 3","Purchased Goods","12","tonnes CO2e","tarkett-urd-2024-en-published-on-03-31-18h52.pdf"
"Various Companies","2030","Scope 3","General","12","tonnes CO2e","tarkett-urd-2024-en-published-on-03-31-18h52.pdf"
"Various Companies","2024","Scope 3","General","12","tonnes CO2e","tarkett-urd-2024-en-published-on-03-31-18h52.pdf"
"Various Companies","2023","Scope 3","General","12","tonnes CO2e","tarkett-urd-2024-en-published-on-03-31-18h52.pdf"
"Various Companies","2023","Scope 3","General","2019","tonnes CO2e","tarkett-urd-2024-en-published-on-03-31-18h52.pdf"
"Various Companies","2019","Scope 3","General","30","tonnes CO2e","tarkett-urd-2024-en-published-on-03-31-18h52.pdf"
"Various Companies","Recent","Scope 1","General","2","tonnes CO2e","trivium-packaging-sustainability-report-2021.pdf"
"Various Companies","Recent","Scope 3","General","3","tonnes CO2e","trivium-packaging-sustainability-report-2021.pdf"
"Various Companies","2025","Total","General","0.85","tonnes CO2e","trivium-packaging-sustainability-report-2021.pdf"
"Various Companies","Recent","Total","General","37","tonnes CO2e","trivium-packaging-sustainability-report-2021.pdf"
"Various Companies","Recent","Total","General","2","tonnes CO2e","trivium-packaging-sustainability-report-2021.pdf"
"Various Companies","2020","Scope 1","General","2","tonnes CO2e","trivium-packaging-sustainability-report-2021.pdf"
"Various Companies","Recent","Scope 1","General","25","tonnes CO2e","trivium-packaging-sustainability-report-2021.pdf"
"Various Companies","2020","Scope 1","General","0.7","tonnes CO2e","trivium-packaging-sustainability-report-2021.pdf"
"Various Companies","Recent","Scope 2","Energy","2","tonnes CO2e","trivium-packaging-sustainability-report-2021.pdf"
"Various Companies","2021","Total","General","48","tonnes CO2e","trivium-packaging-sustainability-report-2021.pdf"
"Various Companies","Recent","Scope 3","General","25","tonnes CO2e","trivium-packaging-sustainability-report-2021.pdf"
"Various Companies","2020","Scope 3","General","9.8","tonnes CO2e","trivium-packaging-sustainability-report-2021.pdf"
"Various Companies","Recent","Total","General","42","tonnes CO2e","trivium-packaging-sustainability-report-2021.pdf"
"Various Companies","Recent","Total","General","20","tonnes CO2e","trivium-packaging-sustainability-report-2021.pdf"
"Various Companies","2020","Scope 1","General","1","tonnes CO2e","trivium-packaging-sustainability-report-2021.pdf"
"Various Companies","2020","Scope 3","General","2932377","tonnes CO2e","trivium-packaging-sustainability-report-2021.pdf"
"Various Companies","Recent","Scope 1","Direct Emissions","1","tonnes CO2e","trivium-packaging-sustainability-report-2021.pdf"
"Various Companies","Recent","Scope 2","Direct Emissions","2","tonnes CO2e","trivium-packaging-sustainability-report-2021.pdf"
"Various Companies","Recent","Scope 3","Direct Emissions","3","tonnes CO2e","trivium-packaging-sustainability-report-2021.pdf"
"Various Companies","Recent","Total","General","753","tonnes CO2e","trivium-packaging-sustainability-report-2021.pdf"
"Various Companies","Recent","Total","Energy","191","tonnes CO2e","trivium-packaging-sustainability-report-2021.pdf"
"Various Companies","Recent","Total","General","191","tonnes CO2e","trivium-packaging-sustainability-report-2021.pdf"
"Various Companies","2020","Scope 1","General","2030","tonnes CO2e","trivium-packaging-sustainability-report-2021.pdf"
"Various Companies","2020","Scope 1","General","2020","tonnes CO2e","trivium-packaging-sustainability-report-2021.pdf"
"Various Companies","2030","Scope 3","General","25","tonnes CO2e","trivium-packaging-sustainability-report-2021.pdf"
"Various Companies","2021","Scope 3","General","25","tonnes CO2e","trivium-packaging-sustainability-report-2021.pdf"
"Various Companies","2020","Scope 3","General","2020","tonnes CO2e","trivium-packaging-sustainability-report-2021.pdf"
"Various Companies","2023","Total","General","42","tonnes CO2e","vanlanschotkempen_Annual_Report_2023_1761275151347.pdf"
"Various Companies","2022","Total","General","1.75","tonnes CO2e","vanlanschotkempen_Annual_Report_2023_1761275151347.pdf"
"Various Companies","Recent","Total","General","85","tonnes CO2e","vanlanschotkempen_Annual_Report_2023_1761275151347.pdf"
"Various Companies","2019","Total","General","9","tonnes CO2e","vanlanschotkempen_Annual_Report_2023_1761275151347.pdf"
"Various Companies","2019","Total","General","7","tonnes CO2e","vanlanschotkempen_Annual_Report_2023_1761275151347.pdf"
"Various Companies","Recent","Total","General","1281","tonnes CO2e","vanlanschotkempen_Annual_Report_2023_1761275151347.pdf"
"Various Companies","Recent","Total","Direct Emissions","60","tonnes CO2e","vanlanschotkempen_Annual_Report_2023_1761275151347.pdf"
"Various Companies","Recent","Total","Direct Emissions","8.7","tonnes CO2e","vanlanschotkempen_Annual_Report_2023_1761275151347.pdf"
"Various Companies","Recent","Scope 1","General","4","tonnes CO2e","vanlanschotkempen_Annual_Report_2023_1761275151347.pdf"
"Various Companies","Recent","Total","General","50","tonnes CO2e","vanlanschotkempen_Annual_Report_2023_1761275151347.pdf"
"Various Companies","Recent","Total","General","2","tonnes CO2e","vanlanschotkempen_Annual_Report_2023_1761275151347.pdf"
"Various Companies","Recent","Scope 1","General","3","tonnes CO2e","vanlanschotkempen_Annual_Report_2023_1761275151347.pdf"
"Various Companies","Recent","Total","General","468.6","tonnes CO2e","vanlanschotkempen_Annual_Report_2023_1761275151347.pdf"
"Various Companies","2023","Total","General","769","tonnes CO2e","vanlanschotkempen_Annual_Report_2023_1761275151347.pdf"
"Various Companies","Recent","Total","General","9","tonnes CO2e","vanlanschotkempen_Annual_Report_2023_1761275151347.pdf"
"Various Companies","Recent","Total","General","3","tonnes CO2e","vanlanschotkempen_Annual_Report_2023_1761275151347.pdf"
"Various Companies","Recent","Total","General","662.8","tonnes CO2e","vanlanschotkempen_Annual_Report_2023_1761275151347.pdf"
"Various Companies","Recent","Total","General","474.8","tonnes CO2e","vanlanschotkempen_Annual_Report_2023_1761275151347.pdf"
"Various Companies","Recent","Total","General","599.7","tonnes CO2e","vanlanschotkempen_Annual_Report_2023_1761275151347.pdf"
"Various Companies","Recent","Total","General","438.2","tonnes CO2e","vanlanschotkempen_Annual_Report_2023_1761275151347.pdf"
"Various Companies","Recent","Total","General","64","tonnes CO2e","vanlanschotkempen_Annual_Report_2023_1761275151347.pdf"
"Various Companies","Recent","Total","General","236.2","tonnes CO2e","vanlanschotkempen_Annual_Report_2023_1761275151347.pdf"
"Various Companies","2023","Total","General","96","tonnes CO2e","vanlanschotkempen_Annual_Report_2023_1761275151347.pdf"
"Various Companies","Recent","Total","General","145","tonnes CO2e","vanlanschotkempen_Annual_Report_2023_1761275151347.pdf"
"Various Companies","2022","Total","General","52","tonnes CO2e","vanlanschotkempen_Annual_Report_2023_1761275151347.pdf"
"Various Companies","2022","Total","General","38","tonnes CO2e","vanlanschotkempen_Annual_Report_2023_1761275151347.pdf"
"Various Companies","2022","Total","General","9.2","tonnes CO2e","vanlanschotkempen_Annual_Report_2023_1761275151347.pdf"
"Various Companies","Recent","Total","General","1","tonnes CO2e","vanlanschotkempen_Annual_Report_2023_1761275151347.pdf"
"Various Companies","Recent","Total","General","9.2","tonnes CO2e","vanlanschotkempen_Annual_Report_2023_1761275151347.pdf"
"Various Companies","2022","Total","General","348","tonnes CO2e","vanlanschotkempen_Annual_Report_2023_1761275151347.pdf"
"Various Companies","Recent","Total","General","126","tonnes CO2e","vanlanschotkempen_Annual_Report_2023_1761275151347.pdf"
"Various Companies","Recent","Total","General","25","tonnes CO2e","vanlanschotkempen_Annual_Report_2023_1761275151347.pdf"
"Various Companies","Recent","Total","General","28","tonnes CO2e","vanlanschotkempen_Annual_Report_2023_1761275151347.pdf"
"Various Companies","Recent","Total","General","38","tonnes CO2e","vanlanschotkempen_Annual_Report_2023_1761275151347.pdf"
"Various Companies","Recent","Total","General","1128505","tonnes CO2e","vanlanschotkempen_Annual_Report_2023_1761275151347.pdf"
"Various Companies","Recent","Total","General","599477","tonnes CO2e","vanlanschotkempen_Annual_Report_2023_1761275151347.pdf"
"Various Companies","2023","Total","General","179","tonnes CO2e","vanlanschotkempen_Annual_Report_2023_1761275151347.pdf"
"Various Companies","Recent","Total","General","4","tonnes CO2e","vanlanschotkempen_Annual_Report_2023_1761275151347.pdf"
"Various Companies","2023","Total","General","6.3","tonnes CO2e","vanlanschotkempen_Annual_Report_2023_1761275151347.pdf"
"Various Companies","Recent","Total","General","0.1","tonnes CO2e","vanlanschotkempen_Annual_Report_2023_1761275151347.pdf"
"Various Companies","2016","Total","General","720","tonnes CO2e","vanlanschotkempen_Annual_Report_2023_1761275151347.pdf"
"Various Companies","Recent","Total","General","16","tonnes CO2e","vanlanschotkempen_Annual_Report_2023_1761275151347.pdf"
"Various Companies","2023","Total","General","85","tonnes CO2e","vanlanschotkempen_Annual_Report_2023_1761275151347.pdf"
"Various Companies","Recent","Total","General","314319","tonnes CO2e","vanlanschotkempen_Annual_Report_2023_1761275151347.pdf"
"Various Companies","Recent","Total","General","84","tonnes CO2e","vanlanschotkempen_Annual_Report_2023_1761275151347.pdf"
"Various Companies","2022","Total","General","1","tonnes CO2e","vanlanschotkempen_Annual_Report_2023_1761275151347.pdf"
"Various Companies","Recent","Total","General","17017913","tonnes CO2e","vanlanschotkempen_Annual_Report_2023_1761275151347.pdf"
"Various Companies","Recent","Total","General","15635540","tonnes CO2e","vanlanschotkempen_Annual_Report_2023_1761275151347.pdf"
"Various Companies","Recent","Total","General","1382372","tonnes CO2e","vanlanschotkempen_Annual_Report_2023_1761275151347.pdf"
"Various Companies","Recent","Total","General","578078","tonnes CO2e","vanlanschotkempen_Annual_Report_2023_1761275151347.pdf"
"Various Companies","Recent","Total","General","459100","tonnes CO2e","vanlanschotkempen_Annual_Report_2023_1761275151347.pdf"
"Various Companies","Recent","Total","General","21452","tonnes CO2e","vanlanschotkempen_Annual_Report_2023_1761275151347.pdf"
"Various Companies","Recent","Total","General","651","tonnes CO2e","vanlanschotkempen_Annual_Report_2023_1761275151347.pdf"
"Various Companies","Recent","Total","General","402","tonnes CO2e","vanlanschotkempen_Annual_Report_2023_1761275151347.pdf"
"Various Companies","Recent","Total","General","21204","tonnes CO2e","vanlanschotkempen_Annual_Report_2023_1761275151347.pdf"
"Various Companies","Recent","Total","General","9676","tonnes CO2e","vanlanschotkempen_Annual_Report_2023_1761275151347.pdf"
"Various Companies","Recent","Total","General","22504","tonnes CO2e","vanlanschotkempen_Annual_Report_2023_1761275151347.pdf"
"Various Companies","Recent","Total","General","1301","tonnes CO2e","vanlanschotkempen_Annual_Report_2023_1761275151347.pdf"
"Various Companies","Recent","Total","General","85602","tonnes CO2e","vanlanschotkempen_Annual_Report_2023_1761275151347.pdf"
"Various Companies","Recent","Total","General","6922","tonnes CO2e","vanlanschotkempen_Annual_Report_2023_1761275151347.pdf"
"Various Companies","Recent","Total","General","132078","tonnes CO2e","vanlanschotkempen_Annual_Report_2023_1761275151347.pdf"
"Various Companies","Recent","Total","General","29388","tonnes CO2e","vanlanschotkempen_Annual_Report_2023_1761275151347.pdf"
"Various Companies","Recent","Total","General","3.2","tonnes CO2e","vanlanschotkempen_Annual_Report_2023_1761275151347.pdf"
"Various Companies","Recent","Total","General","27667","tonnes CO2e","vanlanschotkempen_Annual_Report_2023_1761275151347.pdf"
"Various Companies","Recent","Total","General","5202","tonnes CO2e","vanlanschotkempen_Annual_Report_2023_1761275151347.pdf"
"Various Companies","Recent","Total","General","6551","tonnes CO2e","vanlanschotkempen_Annual_Report_2023_1761275151347.pdf"
"Various Companies","Recent","Total","General","9403957","tonnes CO2e","vanlanschotkempen_Annual_Report_2023_1761275151347.pdf"
"Various Companies","Recent","Total","General","887758","tonnes CO2e","vanlanschotkempen_Annual_Report_2023_1761275151347.pdf"
"Various Companies","Recent","Total","General","902111","tonnes CO2e","vanlanschotkempen_Annual_Report_2023_1761275151347.pdf"
"Various Companies","2022","Total","General","227","tonnes CO2e","vanlanschotkempen_Annual_Report_2023_1761275151347.pdf"
"Various Companies","Recent","Total","General","9363958","tonnes CO2e","vanlanschotkempen_Annual_Report_2023_1761275151347.pdf"
"Various Companies","Recent","Total","General","15808493","tonnes CO2e","vanlanschotkempen_Annual_Report_2023_1761275151347.pdf"
"Various Companies","Recent","Total","General","15786744","tonnes CO2e","vanlanschotkempen_Annual_Report_2023_1761275151347.pdf"
"Various Companies","Recent","Total","General","42532","tonnes CO2e","vanlanschotkempen_Annual_Report_2023_1761275151347.pdf"
"Various Companies","Recent","Total","General","1765","tonnes CO2e","vanlanschotkempen_Annual_Report_2023_1761275151347.pdf"
"Various Companies","Recent","Total","General","0.4","tonnes CO2e","vanlanschotkempen_Annual_Report_2023_1761275151347.pdf"
"Various Companies","Recent","Total","General","280","tonnes CO2e","vanlanschotkempen_Annual_Report_2023_1761275151347.pdf"
"Various Companies","Recent","Total","General","49","tonnes CO2e","vanlanschotkempen_Annual_Report_2023_1761275151347.pdf"
"Various Companies","Recent","Total","General","43765","tonnes CO2e","vanlanschotkempen_Annual_Report_2023_1761275151347.pdf"
"Various Companies","Recent","Total","General","42048","tonnes CO2e","vanlanschotkempen_Annual_Report_2023_1761275151347.pdf"
"Various Companies","Recent","Total","General","133","tonnes CO2e","vanlanschotkempen_Annual_Report_2023_1761275151347.pdf"
"Various Companies","Recent","Total","General","2207","tonnes CO2e","vanlanschotkempen_Annual_Report_2023_1761275151347.pdf"
"Various Companies","Recent","Total","General","2435","tonnes CO2e","vanlanschotkempen_Annual_Report_2023_1761275151347.pdf"
"Various Companies","Recent","Total","General","31","tonnes CO2e","vanlanschotkempen_Annual_Report_2023_1761275151347.pdf"
"Various Companies","Recent","Total","General","502","tonnes CO2e","vanlanschotkempen_Annual_Report_2023_1761275151347.pdf"
"Various Companies","Recent","Total","General","16265","tonnes CO2e","vanlanschotkempen_Annual_Report_2023_1761275151347.pdf"
"Various Companies","2023","Total","General","9.1","tonnes CO2e","vanlanschotkempen_Annual_Report_2023_1761275151347.pdf"
"Various Companies","Recent","Total","General","16835885","tonnes CO2e","vanlanschotkempen_Annual_Report_2023_1761275151347.pdf"
"Various Companies","Recent","Total","General","15583979","tonnes CO2e","vanlanschotkempen_Annual_Report_2023_1761275151347.pdf"
"Various Companies","Recent","Total","General","15794220","tonnes CO2e","vanlanschotkempen_Annual_Report_2023_1761275151347.pdf"
"Various Companies","Recent","Total","General","17018","tonnes CO2e","vanlanschotkempen_Annual_Report_2023_1761275151347.pdf"
"Various Companies","2022","Total","General","97","tonnes CO2e","vanlanschotkempen_Annual_Report_2023_1761275151347.pdf"
"Various Companies","2022","Total","General","1.2","tonnes CO2e","vanlanschotkempen_Annual_Report_2023_1761275151347.pdf"
"Various Companies","Recent","Total","General","12","tonnes CO2e","vanlanschotkempen_Annual_Report_2023_1761275151347.pdf"
"Various Companies","Recent","Total","General","2785633","tonnes CO2e","vanlanschotkempen_Annual_Report_2023_1761275151347.pdf"
"Various Companies","Recent","Total","General","712249","tonnes CO2e","vanlanschotkempen_Annual_Report_2023_1761275151347.pdf"
"Various Companies","Recent","Total","General","2634099","tonnes CO2e","vanlanschotkempen_Annual_Report_2023_1761275151347.pdf"
"Various Companies","Recent","Total","General","700387","tonnes CO2e","vanlanschotkempen_Annual_Report_2023_1761275151347.pdf"
"Various Companies","Recent","Total","General","10561","tonnes CO2e","vanlanschotkempen_Annual_Report_2023_1761275151347.pdf"
"Various Companies","Recent","Total","General","2800","tonnes CO2e","vanlanschotkempen_Annual_Report_2023_1761275151347.pdf"
"Various Companies","Recent","Total","General","7761","tonnes CO2e","vanlanschotkempen_Annual_Report_2023_1761275151347.pdf"
"Various Companies","Recent","Total","General","8987","tonnes CO2e","vanlanschotkempen_Annual_Report_2023_1761275151347.pdf"
"Various Companies","Recent","Total","General","60801","tonnes CO2e","vanlanschotkempen_Annual_Report_2023_1761275151347.pdf"
"Various Companies","Recent","Total","General","51813","tonnes CO2e","vanlanschotkempen_Annual_Report_2023_1761275151347.pdf"
"Various Companies","Recent","Total","General","2591","tonnes CO2e","vanlanschotkempen_Annual_Report_2023_1761275151347.pdf"
"Various Companies","Recent","Total","General","62927","tonnes CO2e","vanlanschotkempen_Annual_Report_2023_1761275151347.pdf"
"Various Companies","Recent","Total","General","3141785","tonnes CO2e","vanlanschotkempen_Annual_Report_2023_1761275151347.pdf"
"Various Companies","Recent","Total","General","220507","tonnes CO2e","vanlanschotkempen_Annual_Report_2023_1761275151347.pdf"
"Various Companies","Recent","Total","General","108186","tonnes CO2e","vanlanschotkempen_Annual_Report_2023_1761275151347.pdf"
"Various Companies","Recent","Total","General","7732684","tonnes CO2e","vanlanschotkempen_Annual_Report_2023_1761275151347.pdf"
"Various Companies","Recent","Total","General","505325","tonnes CO2e","vanlanschotkempen_Annual_Report_2023_1761275151347.pdf"
"Various Companies","Recent","Total","General","6142285","tonnes CO2e","vanlanschotkempen_Annual_Report_2023_1761275151347.pdf"
"Various Companies","Recent","Total","General","1085074","tonnes CO2e","vanlanschotkempen_Annual_Report_2023_1761275151347.pdf"
"Various Companies","Recent","Total","General","6228097","tonnes CO2e","vanlanschotkempen_Annual_Report_2023_1761275151347.pdf"
"Various Companies","Recent","Total","General","431005","tonnes CO2e","vanlanschotkempen_Annual_Report_2023_1761275151347.pdf"
"Various Companies","Recent","Total","General","4682528","tonnes CO2e","vanlanschotkempen_Annual_Report_2023_1761275151347.pdf"
"Various Companies","Recent","Total","General","1114564","tonnes CO2e","vanlanschotkempen_Annual_Report_2023_1761275151347.pdf"
"Various Companies","Recent","Total","General","9346","tonnes CO2e","vanlanschotkempen_Annual_Report_2023_1761275151347.pdf"
"Various Companies","Recent","Total","General","379518","tonnes CO2e","vanlanschotkempen_Annual_Report_2023_1761275151347.pdf"
"Various Companies","Recent","Total","General","344422","tonnes CO2e","vanlanschotkempen_Annual_Report_2023_1761275151347.pdf"
"Various Companies","Recent","Total","General","35096","tonnes CO2e","vanlanschotkempen_Annual_Report_2023_1761275151347.pdf"
"Various Companies","Recent","Total","General","1817086","tonnes CO2e","vanlanschotkempen_Annual_Report_2023_1761275151347.pdf"
"Various Companies","Recent","Total","General","39999","tonnes CO2e","vanlanschotkempen_Annual_Report_2023_1761275151347.pdf"
"Various Companies","Recent","Total","General","1110081","tonnes CO2e","vanlanschotkempen_Annual_Report_2023_1761275151347.pdf"
"Various Companies","Recent","Total","General","69347","tonnes CO2e","vanlanschotkempen_Annual_Report_2023_1761275151347.pdf"
"Various Companies","Recent","Total","General","306753","tonnes CO2e","vanlanschotkempen_Annual_Report_2023_1761275151347.pdf"
"Various Companies","Recent","Total","General","176761","tonnes CO2e","vanlanschotkempen_Annual_Report_2023_1761275151347.pdf"
"Various Companies","Recent","Total","General","67639","tonnes CO2e","vanlanschotkempen_Annual_Report_2023_1761275151347.pdf"
"Various Companies","Recent","Total","General","13178","tonnes CO2e","vanlanschotkempen_Annual_Report_2023_1761275151347.pdf"
"Various Companies","Recent","Total","General","22917","tonnes CO2e","vanlanschotkempen_Annual_Report_2023_1761275151347.pdf"
"Various Companies","Recent","Total","General","33646","tonnes CO2e","vanlanschotkempen_Annual_Report_2023_1761275151347.pdf"
"Various Companies","Recent","Total","General","26288","tonnes CO2e","vanlanschotkempen_Annual_Report_2023_1761275151347.pdf"
"Various Companies","Recent","Total","General","36695","tonnes CO2e","vanlanschotkempen_Annual_Report_2023_1761275151347.pdf"
"Various Companies","Recent","Total","General","9649","tonnes CO2e","vanlanschotkempen_Annual_Report_2023_1761275151347.pdf"
"Various Companies","Recent","Total","General","188984","tonnes CO2e","vanlanschotkempen_Annual_Report_2023_1761275151347.pdf"
"Various Companies","Recent","Total","General","387063","tonnes CO2e","vanlanschotkempen_Annual_Report_2023_1761275151347.pdf"
"Various Companies","Recent","Total","General","12726194","tonnes CO2e","vanlanschotkempen_Annual_Report_2023_1761275151347.pdf"
"Various Companies","Recent","Total","General","473883","tonnes CO2e","vanlanschotkempen_Annual_Report_2023_1761275151347.pdf"
"Various Companies","Recent","Total","General","473881","tonnes CO2e","vanlanschotkempen_Annual_Report_2023_1761275151347.pdf"
"Various Companies","Recent","Total","General","1342131","tonnes CO2e","vanlanschotkempen_Annual_Report_2023_1761275151347.pdf"
"Various Companies","Recent","Total","General","1473639","tonnes CO2e","vanlanschotkempen_Annual_Report_2023_1761275151347.pdf"
"Various Companies","Recent","Total","General","32293","tonnes CO2e","vanlanschotkempen_Annual_Report_2023_1761275151347.pdf"
"Various Companies","Recent","Total","General","195","tonnes CO2e","vanlanschotkempen_Annual_Report_2023_1761275151347.pdf"
"Various Companies","Recent","Total","General","29646","tonnes CO2e","vanlanschotkempen_Annual_Report_2023_1761275151347.pdf"
"Various Companies","Recent","Total","General","246945","tonnes CO2e","vanlanschotkempen_Annual_Report_2023_1761275151347.pdf"
"Various Companies","Recent","Total","General","725","tonnes CO2e","vanlanschotkempen_Annual_Report_2023_1761275151347.pdf"
"Various Companies","Recent","Total","General","170882","tonnes CO2e","vanlanschotkempen_Annual_Report_2023_1761275151347.pdf"
"Various Companies","Recent","Total","General","170238","tonnes CO2e","vanlanschotkempen_Annual_Report_2023_1761275151347.pdf"
"Various Companies","2022","Total","General","12","tonnes CO2e","vanlanschotkempen_Annual_Report_2023_1761275151347.pdf"
"Various Companies","Recent","Total","General","1280539","tonnes CO2e","vanlanschotkempen_Annual_Report_2023_1761275151347.pdf"
"Various Companies","Recent","Total","General","101688","tonnes CO2e","vanlanschotkempen_Annual_Report_2023_1761275151347.pdf"
"Various Companies","Recent","Total","General","146","tonnes CO2e","vanlanschotkempen_Annual_Report_2023_1761275151347.pdf"
"Various Companies","Recent","Total","General","1141437","tonnes CO2e","vanlanschotkempen_Annual_Report_2023_1761275151347.pdf"
"Various Companies","Recent","Total","General","1154003","tonnes CO2e","vanlanschotkempen_Annual_Report_2023_1761275151347.pdf"
"Various Companies","Recent","Total","General","254167","tonnes CO2e","vanlanschotkempen_Annual_Report_2023_1761275151347.pdf"
"Various Companies","Recent","Total","General","102545","tonnes CO2e","vanlanschotkempen_Annual_Report_2023_1761275151347.pdf"
"Various Companies","Recent","Total","General","7830","tonnes CO2e","vanlanschotkempen_Annual_Report_2023_1761275151347.pdf"
"Various Companies","Recent","Total","General","407662","tonnes CO2e","vanlanschotkempen_Annual_Report_2023_1761275151347.pdf"
"Various Companies","Recent","Total","General","3633","tonnes CO2e","vanlanschotkempen_Annual_Report_2023_1761275151347.pdf"
"Various Companies","Recent","Total","General","7332","tonnes CO2e","vanlanschotkempen_Annual_Report_2023_1761275151347.pdf"
"Various Companies","Recent","Total","General","310631","tonnes CO2e","vanlanschotkempen_Annual_Report_2023_1761275151347.pdf"
"Various Companies","2022","Total","General","3.3","tonnes CO2e","vanlanschotkempen_Annual_Report_2023_1761275151347.pdf"
"Various Companies","2022","Total","General","2","tonnes CO2e","vanlanschotkempen_Annual_Report_2023_1761275151347.pdf"
"Various Companies","Recent","Total","General","123460","tonnes CO2e","vanlanschotkempen_Annual_Report_2023_1761275151347.pdf"
"Various Companies","Recent","Total","General","4610","tonnes CO2e","vanlanschotkempen_Annual_Report_2023_1761275151347.pdf"
"Various Companies","Recent","Total","General","4314","tonnes CO2e","vanlanschotkempen_Annual_Report_2023_1761275151347.pdf"
"Various Companies","Recent","Total","General","31543","tonnes CO2e","vanlanschotkempen_Annual_Report_2023_1761275151347.pdf"
"Various Companies","2027","Total","General","6534","tonnes CO2e","vanlanschotkempen_Annual_Report_2023_1761275151347.pdf"
"Various Companies","Recent","Total","General","118979","tonnes CO2e","vanlanschotkempen_Annual_Report_2023_1761275151347.pdf"
"Various Companies","Recent","Total","General","34678","tonnes CO2e","vanlanschotkempen_Annual_Report_2023_1761275151347.pdf"
"Various Companies","Recent","Total","General","3982","tonnes CO2e","vanlanschotkempen_Annual_Report_2023_1761275151347.pdf"
"Various Companies","Recent","Total","General","4640","tonnes CO2e","vanlanschotkempen_Annual_Report_2023_1761275151347.pdf"
"Various Companies","Recent","Total","General","6089","tonnes CO2e","vanlanschotkempen_Annual_Report_2023_1761275151347.pdf"
"Various Companies","Recent","Total","General","7599","tonnes CO2e","vanlanschotkempen_Annual_Report_2023_1761275151347.pdf"
"Various Companies","Recent","Total","General","7890","tonnes CO2e","vanlanschotkempen_Annual_Report_2023_1761275151347.pdf"
"Various Companies","Recent","Total","General","2296648","tonnes CO2e","vanlanschotkempen_Annual_Report_2023_1761275151347.pdf"
"Various Companies","Recent","Total","General","289729","tonnes CO2e","vanlanschotkempen_Annual_Report_2023_1761275151347.pdf"
"Various Companies","Recent","Total","General","280686","tonnes CO2e","vanlanschotkempen_Annual_Report_2023_1761275151347.pdf"
"Various Companies","Recent","Total","General","191","tonnes CO2e","vanlanschotkempen_Annual_Report_2023_1761275151347.pdf"
"Various Companies","Recent","Total","General","18","tonnes CO2e","vanlanschotkempen_Annual_Report_2023_1761275151347.pdf"
"Various Companies","Recent","Total","General","215","tonnes CO2e","vanlanschotkempen_Annual_Report_2023_1761275151347.pdf"
"Various Companies","Recent","Total","General","33","tonnes CO2e","vanlanschotkempen_Annual_Report_2023_1761275151347.pdf"
"Various Companies","Recent","Total","General","95573","tonnes CO2e","vanlanschotkempen_Annual_Report_2023_1761275151347.pdf"
"Various Companies","Recent","Total","General","28452","tonnes CO2e","vanlanschotkempen_Annual_Report_2023_1761275151347.pdf"
"Various Companies","Recent","Total","General","96176","tonnes CO2e","vanlanschotkempen_Annual_Report_2023_1761275151347.pdf"
"Various Companies","Recent","Total","General","669.4","tonnes CO2e","vanlanschotkempen_Annual_Report_2023_1761275151347.pdf"
"Various Companies","Recent","Total","General","505.2","tonnes CO2e","vanlanschotkempen_Annual_Report_2023_1761275151347.pdf"
"Various Companies","Recent","Total","General","578.1","tonnes CO2e","vanlanschotkempen_Annual_Report_2023_1761275151347.pdf"
"Various Companies","Recent","Total","General","459.1","tonnes CO2e","vanlanschotkempen_Annual_Report_2023_1761275151347.pdf"
"Various Companies","Recent","Total","General","39","tonnes CO2e","vanlanschotkempen_Annual_Report_2023_1761275151347.pdf"
"Various Companies","Recent","Total","General","34.7","tonnes CO2e","vanlanschotkempen_Annual_Report_2023_1761275151347.pdf"
"Various Companies","Recent","Total","General","77405","tonnes CO2e","vanlanschotkempen_Annual_Report_2023_1761275151347.pdf"
"Various Companies","Recent","Total","General","606","tonnes CO2e","vanlanschotkempen_Annual_Report_2023_1761275151347.pdf"
"Various Companies","Recent","Total","General","16848450","tonnes CO2e","vanlanschotkempen_Annual_Report_2023_1761275151347.pdf"
"Various Companies","Recent","Total","General","15465934","tonnes CO2e","vanlanschotkempen_Annual_Report_2023_1761275151347.pdf"
"Various Companies","Recent","Total","General","1382517","tonnes CO2e","vanlanschotkempen_Annual_Report_2023_1761275151347.pdf"
"Various Companies","Recent","Total","General","421318","tonnes CO2e","vanlanschotkempen_Annual_Report_2023_1761275151347.pdf"
"Various Companies","Recent","Total","General","317464","tonnes CO2e","vanlanschotkempen_Annual_Report_2023_1761275151347.pdf"
"Various Companies","Recent","Total","General","132118","tonnes CO2e","vanlanschotkempen_Annual_Report_2023_1761275151347.pdf"
"Various Companies","Recent","Total","General","86476","tonnes CO2e","vanlanschotkempen_Annual_Report_2023_1761275151347.pdf"
"Various Companies","Recent","Total","General","3032415","tonnes CO2e","vanlanschotkempen_Annual_Report_2023_1761275151347.pdf"
"Various Companies","Recent","Total","General","419176","tonnes CO2e","vanlanschotkempen_Annual_Report_2023_1761275151347.pdf"
"Various Companies","Recent","Total","General","210186","tonnes CO2e","vanlanschotkempen_Annual_Report_2023_1761275151347.pdf"
"Various Companies","Recent","Total","General","9193697","tonnes CO2e","vanlanschotkempen_Annual_Report_2023_1761275151347.pdf"
"Various Companies","Recent","Total","General","2818379","tonnes CO2e","vanlanschotkempen_Annual_Report_2023_1761275151347.pdf"
"Various Companies","Recent","Total","General","14638","tonnes CO2e","vanlanschotkempen_Annual_Report_2023_1761275151347.pdf"
"Various Companies","Recent","Total","General","328841","tonnes CO2e","vanlanschotkempen_Annual_Report_2023_1761275151347.pdf"
"Various Companies","Recent","Total","General","63091","tonnes CO2e","vanlanschotkempen_Annual_Report_2023_1761275151347.pdf"
"Various Companies","Recent","Total","General","210673","tonnes CO2e","vanlanschotkempen_Annual_Report_2023_1761275151347.pdf"
"Various Companies","Recent","Total","General","67328","tonnes CO2e","vanlanschotkempen_Annual_Report_2023_1761275151347.pdf"
"Various Companies","Recent","Total","General","7696011","tonnes CO2e","vanlanschotkempen_Annual_Report_2023_1761275151347.pdf"
"Various Companies","Recent","Total","General","6159689","tonnes CO2e","vanlanschotkempen_Annual_Report_2023_1761275151347.pdf"
"Various Companies","Recent","Total","General","947170","tonnes CO2e","vanlanschotkempen_Annual_Report_2023_1761275151347.pdf"
"Various Companies","Recent","Total","General","12051519","tonnes CO2e","vanlanschotkempen_Annual_Report_2023_1761275151347.pdf"
"Various Companies","Recent","Total","General","2597050","tonnes CO2e","vanlanschotkempen_Annual_Report_2023_1761275151347.pdf"
"Various Companies","Recent","Total","General","9454470","tonnes CO2e","vanlanschotkempen_Annual_Report_2023_1761275151347.pdf"
"Various Companies","Recent","Total","General","1816014","tonnes CO2e","vanlanschotkempen_Annual_Report_2023_1761275151347.pdf"
"Various Companies","Recent","Total","General","30319","tonnes CO2e","vanlanschotkempen_Annual_Report_2023_1761275151347.pdf"
"Various Companies","Recent","Total","General","1280829","tonnes CO2e","vanlanschotkempen_Annual_Report_2023_1761275151347.pdf"
"Various Companies","Recent","Total","General","1180733","tonnes CO2e","vanlanschotkempen_Annual_Report_2023_1761275151347.pdf"
"Various Companies","Recent","Total","General","1411597","tonnes CO2e","vanlanschotkempen_Annual_Report_2023_1761275151347.pdf"
"Various Companies","Recent","Total","General","9239739","tonnes CO2e","vanlanschotkempen_Annual_Report_2023_1761275151347.pdf"
"Various Companies","Recent","Total","General","14974847","tonnes CO2e","vanlanschotkempen_Annual_Report_2023_1761275151347.pdf"
"Various Companies","Recent","Total","General","9403884","tonnes CO2e","vanlanschotkempen_Annual_Report_2023_1761275151347.pdf"
"Various Companies","Recent","Total","General","14985586","tonnes CO2e","vanlanschotkempen_Annual_Report_2023_1761275151347.pdf"
"Various Companies","Recent","Total","General","2698080","tonnes CO2e","vanlanschotkempen_Annual_Report_2023_1761275151347.pdf"
"Various Companies","Recent","Total","General","709334","tonnes CO2e","vanlanschotkempen_Annual_Report_2023_1761275151347.pdf"
"Various Companies","Recent","Total","General","2503498","tonnes CO2e","vanlanschotkempen_Annual_Report_2023_1761275151347.pdf"
"Various Companies","Recent","Total","General","695359","tonnes CO2e","vanlanschotkempen_Annual_Report_2023_1761275151347.pdf"
"Various Companies","Recent","Total","General","121753","tonnes CO2e","vanlanschotkempen_Annual_Report_2023_1761275151347.pdf"
"Various Companies","Recent","Total","General","10492242","tonnes CO2e","vanlanschotkempen_Annual_Report_2023_1761275151347.pdf"
"Various Companies","Recent","Total","General","14511703","tonnes CO2e","vanlanschotkempen_Annual_Report_2023_1761275151347.pdf"
"Various Companies","Recent","Total","General","244421","tonnes CO2e","vanlanschotkempen_Annual_Report_2023_1761275151347.pdf"
"Various Companies","Recent","Total","General","107051","tonnes CO2e","vanlanschotkempen_Annual_Report_2023_1761275151347.pdf"
"Various Companies","2022","Total","General","15.5","tonnes CO2e","vanlanschotkempen_Annual_Report_2023_1761275151347.pdf"
"Various Companies","Recent","Total","General","232601","tonnes CO2e","vanlanschotkempen_Annual_Report_2023_1761275151347.pdf"
"Various Companies","Recent","Total","General","7325","tonnes CO2e","vanlanschotkempen_Annual_Report_2023_1761275151347.pdf"
"Various Companies","Recent","Total","General","239675","tonnes CO2e","vanlanschotkempen_Annual_Report_2023_1761275151347.pdf"
"Various Companies","Recent","Total","General","19305","tonnes CO2e","vanlanschotkempen_Annual_Report_2023_1761275151347.pdf"
"Various Companies","Recent","Total","General","553222","tonnes CO2e","vanlanschotkempen_Annual_Report_2023_1761275151347.pdf"
"Various Companies","Recent","Total","General","14318853","tonnes CO2e","vanlanschotkempen_Annual_Report_2023_1761275151347.pdf"
"Various Companies","Recent","Total","General","566187","tonnes CO2e","vanlanschotkempen_Annual_Report_2023_1761275151347.pdf"
"Various Companies","2023","Total","Direct Emissions","1.8","tonnes CO2e","vanlanschotkempen_Annual_Report_2023_1761275151347.pdf"
"Various Companies","2023","Total","General","1.38","tonnes CO2e","vanlanschotkempen_Annual_Report_2023_1761275151347.pdf"
"Various Companies","2019","Total","General","1.45","tonnes CO2e","vanlanschotkempen_Annual_Report_2023_1761275151347.pdf"
"Various Companies","2019","Total","General","1.38","tonnes CO2e","vanlanschotkempen_Annual_Report_2023_1761275151347.pdf"
"Various Companies","2023","Scope 1","General","4","tonnes CO2e","vanlanschotkempen_Annual_Report_2023_1761275151347.pdf"
"Various Companies","2023","Total","General","2789","tonnes CO2e","vanlanschotkempen_Annual_Report_2023_1761275151347.pdf"
"Various Companies","2022","Total","General","1.38","tonnes CO2e","vanlanschotkempen_Annual_Report_2023_1761275151347.pdf"
"Various Companies","2022","Total","General","2775","tonnes CO2e","vanlanschotkempen_Annual_Report_2023_1761275151347.pdf"
"Various Companies","2022","Total","General","1.45","tonnes CO2e","vanlanschotkempen_Annual_Report_2023_1761275151347.pdf"
"Various Companies","Recent","Scope 1","General","2","tonnes CO2e","vanlanschotkempen_Annual_Report_2023_1761275151347.pdf"
"Various Companies","Recent","Scope 1","General","2","tonnes CO2e","VodafoneZiggo_Integrated_Annual_Report_2024.pdf"
"Various Companies","Recent","Scope 1","General","3","tonnes CO2e","VodafoneZiggo_Integrated_Annual_Report_2024.pdf"
"Various Companies","2018","Scope 1","General","3","tonnes CO2e","VodafoneZiggo_Integrated_Annual_Report_2024.pdf"
"Various Companies","2024","Total","General","2.2","tonnes CO2e","VodafoneZiggo_Integrated_Annual_Report_2024.pdf"
"Various Companies","2018","Scope 1","General","16","tonnes CO2e","VodafoneZiggo_Integrated_Annual_Report_2024.pdf"
"Various Companies","2024","Scope 1","General","2","tonnes CO2e","VodafoneZiggo_Integrated_Annual_Report_2024.pdf"
"Various Companies","2024","Total","General","4200","tonnes CO2e","VodafoneZiggo_Integrated_Annual_Report_2024.pdf"
"Various Companies","Recent","Total","Energy","99","tonnes CO2e","VodafoneZiggo_Integrated_Annual_Report_2024.pdf"
"Various Companies","Recent","Total","Energy","5258462.62","tonnes CO2e","VodafoneZiggo_Integrated_Annual_Report_2024.pdf"
"Various Companies","2024","Total","General","47","tonnes CO2e","VodafoneZiggo_Integrated_Annual_Report_2024.pdf"
"Various Companies","2024","Total","General","17.9","tonnes CO2e","VodafoneZiggo_Integrated_Annual_Report_2024.pdf"
"Various Companies","2024","Total","General","31","tonnes CO2e","VodafoneZiggo_Integrated_Annual_Report_2024.pdf"
"Various Companies","Recent","Scope 3","General","3","tonnes CO2e","VodafoneZiggo_Integrated_Annual_Report_2024.pdf"
"Various Companies","Recent","Total","General","50","tonnes CO2e","VodafoneZiggo_Integrated_Annual_Report_2024.pdf"
"Various Companies","2025","Scope 3","General","3","tonnes CO2e","VodafoneZiggo_Integrated_Annual_Report_2024.pdf"
"Various Companies","Recent","Scope 3","General","64","tonnes CO2e","VodafoneZiggo_Integrated_Annual_Report_2024.pdf"
"Various Companies","Recent","Scope 3","General","52","tonnes CO2e","VodafoneZiggo_Integrated_Annual_Report_2024.pdf"
"Various Companies","Recent","Total","General","476.6","tonnes CO2e","VodafoneZiggo_Integrated_Annual_Report_2024.pdf"
"Various Companies","Recent","Total","General","241.9","tonnes CO2e","VodafoneZiggo_Integrated_Annual_Report_2024.pdf"
"Various Companies","Recent","Total","General","1002.8","tonnes CO2e","VodafoneZiggo_Integrated_Annual_Report_2024.pdf"
"Various Companies","Recent","Total","General","599.6","tonnes CO2e","VodafoneZiggo_Integrated_Annual_Report_2024.pdf"
"Various Companies","Recent","Total","General","584.4","tonnes CO2e","VodafoneZiggo_Integrated_Annual_Report_2024.pdf"
"Various Companies","Recent","Total","General","45.9","tonnes CO2e","VodafoneZiggo_Integrated_Annual_Report_2024.pdf"
"Various Companies","Recent","Total","General","57.8","tonnes CO2e","VodafoneZiggo_Integrated_Annual_Report_2024.pdf"
"Various Companies","Recent","Total","General","11908.511467","tonnes CO2e","VodafoneZiggo_Integrated_Annual_Report_2024.pdf"
"Various Companies","Recent","Total","General","13724.313283","tonnes CO2e","VodafoneZiggo_Integrated_Annual_Report_2024.pdf"
"Various Companies","2029","Total","General","725","tonnes CO2e","VodafoneZiggo_Integrated_Annual_Report_2024.pdf"
"Various Companies","Recent","Total","General","84.451","tonnes CO2e","VodafoneZiggo_Integrated_Annual_Report_2024.pdf"
"Various Companies","Recent","Total","General","84.6105","tonnes CO2e","VodafoneZiggo_Integrated_Annual_Report_2024.pdf"
"Various Companies","Recent","Total","General","102.2","tonnes CO2e","VodafoneZiggo_Integrated_Annual_Report_2024.pdf"
"Various Companies","Recent","Total","General","104.5","tonnes CO2e","VodafoneZiggo_Integrated_Annual_Report_2024.pdf"
"Various Companies","Recent","Total","General","206.7","tonnes CO2e","VodafoneZiggo_Integrated_Annual_Report_2024.pdf"
"Various Companies","2023","Total","General","200","tonnes CO2e","VodafoneZiggo_Integrated_Annual_Report_2024.pdf"
"Various Companies","2018","Scope 1","General","2","tonnes CO2e","VodafoneZiggo_Integrated_Annual_Report_2024.pdf"
"Various Companies","2018","Scope 3","General","3","tonnes CO2e","VodafoneZiggo_Integrated_Annual_Report_2024.pdf"
"Various Companies","2024","Total","General","1.8","tonnes CO2e","VodafoneZiggo_Integrated_Annual_Report_2024.pdf"
"Various Companies","Recent","Scope 1","General","100","tonnes CO2e","VodafoneZiggo_Integrated_Annual_Report_2024.pdf"
"Various Companies","Recent","Total","General","130526","tonnes CO2e","VodafoneZiggo_Integrated_Annual_Report_2024.pdf"
"Various Companies","Recent","Scope 1","General","10493122","tonnes CO2e","VodafoneZiggo_Integrated_Annual_Report_2024.pdf"
"Various Companies","Recent","Scope 1","General","247488","tonnes CO2e","VodafoneZiggo_Integrated_Annual_Report_2024.pdf"
"Various Companies","Recent","Scope 1","General","23888498","tonnes CO2e","VodafoneZiggo_Integrated_Annual_Report_2024.pdf"
"Various Companies","Recent","Scope 1","Energy","26105044","tonnes CO2e","VodafoneZiggo_Integrated_Annual_Report_2024.pdf"
"Various Companies","Recent","Scope 1","Energy","2","tonnes CO2e","VodafoneZiggo_Integrated_Annual_Report_2024.pdf"
"Various Companies","Recent","Total","General","10","tonnes CO2e","VodafoneZiggo_Integrated_Annual_Report_2024.pdf"
"Various Companies","2025","Total","General","3","tonnes CO2e","VodafoneZiggo_Integrated_Annual_Report_2024.pdf"
"Various Companies","2023","Scope 1","General","4800","tonnes CO2e","VodafoneZiggo_Integrated_Annual_Report_2024.pdf"
"Various Companies","2023","Total","General","4200","tonnes CO2e","VodafoneZiggo_Integrated_Annual_Report_2024.pdf"
"Various Companies","2018","Scope 1","General","2018","tonnes CO2e","VodafoneZiggo_Integrated_Annual_Report_2024.pdf"
"Various Companies","2022","Scope 1","General","75","tonnes CO2e","VodafoneZiggo_Integrated_Annual_Report_2024.pdf"
"Various Companies","Recent","Scope 1","Transportation","100","tonnes CO2e","VodafoneZiggo_Integrated_Annual_Report_2024.pdf"
"Various Companies","Recent","Scope 1","General","3684283","tonnes CO2e","VodafoneZiggo_Integrated_Annual_Report_2024.pdf"
"Various Companies","Recent","Scope 1","Purchased Goods","100","tonnes CO2e","VodafoneZiggo_Integrated_Annual_Report_2024.pdf"
"Various Companies","Recent","Scope 2","Transportation","100","tonnes CO2e","VodafoneZiggo_Integrated_Annual_Report_2024.pdf"
"Various Companies","Recent","Scope 2","General","204215","tonnes CO2e","VodafoneZiggo_Integrated_Annual_Report_2024.pdf"
"Various Companies","2024","Scope 3","General","2025","tonnes CO2e","VodafoneZiggo_Integrated_Annual_Report_2024.pdf"
"Various Companies","2024","Scope 3","General","52","tonnes CO2e","VodafoneZiggo_Integrated_Annual_Report_2024.pdf"
"Various Companies","2018","Scope 3","General","2018","tonnes CO2e","VodafoneZiggo_Integrated_Annual_Report_2024.pdf"
"Various Companies","Recent","Scope 1","General","2","tonnes CO2e","VodafoneZiggo_Jaarverslag_2024.pdf"
"Various Companies","Recent","Scope 1","General","3","tonnes CO2e","VodafoneZiggo_Jaarverslag_2024.pdf"
"Various Companies","2018","Scope 1","General","3","tonnes CO2e","VodafoneZiggo_Jaarverslag_2024.pdf"
"Various Companies","2024","Total","General","22","tonnes CO2e","VodafoneZiggo_Jaarverslag_2024.pdf"
"Various Companies","Recent","Scope 1","General","1","tonnes CO2e","VodafoneZiggo_Jaarverslag_2024.pdf"
"Various Companies","Recent","Scope 1","General","75","tonnes CO2e","VodafoneZiggo_Jaarverslag_2024.pdf"
"Various Companies","2022","Scope 1","General","3","tonnes CO2e","VodafoneZiggo_Jaarverslag_2024.pdf"
"Various Companies","2025","Scope 1","General","3","tonnes CO2e","VodafoneZiggo_Jaarverslag_2024.pdf"
"Various Companies","2024","Scope 1","General","2","tonnes CO2e","VodafoneZiggo_Jaarverslag_2024.pdf"
"Various Companies","2023","Total","General","4.8","tonnes CO2e","VodafoneZiggo_Jaarverslag_2024.pdf"
"Various Companies","2023","Total","General","4.2","tonnes CO2e","VodafoneZiggo_Jaarverslag_2024.pdf"
"Various Companies","2022","Scope 1","General","75","tonnes CO2e","VodafoneZiggo_Jaarverslag_2024.pdf"
"Various Companies","2025","Scope 1","General","2025","tonnes CO2e","VodafoneZiggo_Jaarverslag_2024.pdf"
"Various Companies","2022","Scope 3","General","2022","tonnes CO2e","VodafoneZiggo_Jaarverslag_2024.pdf"
